disease_area,disease,start_year,trial_count
Neoplastic disease,Brain Tumors,1966,1
Disorder of endocrine system,Hypoparathyroidism,1976,1
Cardiovascular disease,Coronary Artery Disease,1982,1
Disorder of skin,Wound Healing,1984,1
Mental illness,Smoking Cessation,1984,1
Disorder of endocrine system,Growth Hormone Deficiency,1985,1
Respiratory disease,Cystic Fibrosis,1986,1
Disorder of endocrine system,Type 2 Diabetes,1988,1
Disorder of endocrine system,Metabolic Syndrome,1989,1
Neurological disorder,Spinal Cord Injury,1989,1
Neurological disorder,Stroke,1989,1
Cardiovascular disease,Hypertension,1990,1
Disorder of digestive system,Short Bowel Syndrome,1990,1
Infection,HIV/AIDS,1990,2
Neoplastic disease,Hodgkin Lymphoma,1990,2
Neoplastic disease,Neuroendocrine Tumors,1990,1
Neoplastic disease,Sarcoma,1990,1
Cardiovascular disease,Hypertension,1991,2
Disorder of endocrine system,Gestational Diabetes,1991,1
Disorder of endocrine system,Growth Hormone Deficiency,1991,1
Disorder of endocrine system,Hypoparathyroidism,1991,1
Disorder of labour / delivery,Preterm Labor,1991,1
Mental illness,Generalized Anxiety Disorder,1991,1
Musculoskeletal disorder,Osteoporosis,1991,1
Neoplastic disease,Neuroendocrine Tumors,1991,1
Respiratory disease,Asthma,1991,1
Cardiovascular disease,Coronary Artery Disease,1992,1
Cardiovascular disease,Hypertension,1992,1
Congenital disease,Lysosomal Storage Disorders,1992,1
Disorder of endocrine system,Metabolic Syndrome,1992,1
Disorder of the genitourinary system,Erectile Dysfunction,1992,1
Infection,HIV/AIDS,1992,1
Mental illness,Postpartum Depression,1992,1
Disorder of endocrine system,Growth Hormone Deficiency,1993,1
Disorder of endocrine system,Hyperparathyroidism,1993,1
Neoplastic disease,Colorectal Cancer,1993,1
Neoplastic disease,Diffuse Large B-Cell Lymphoma,1993,1
Neoplastic disease,Ovarian Cancer,1993,2
Neoplastic disease,Prostate Cancer,1993,1
Neoplastic disease,Small Cell Lung Cancer,1993,1
Respiratory disease,Allergic Rhinitis,1993,1
Respiratory disease,Asthma,1993,1
Disorder of eye,Glaucoma,1994,1
Disorder of the genitourinary system,Endometriosis,1994,1
Infection,HIV/AIDS,1994,1
Mental illness,Major Depressive Disorder,1994,1
Neoplastic disease,Chronic Myeloid Leukemia,1994,1
Neoplastic disease,Colorectal Cancer,1994,1
Neoplastic disease,Glioblastoma,1994,1
Neoplastic disease,Locally Advanced Cancer,1994,1
Neoplastic disease,Prostate Cancer,1994,2
Neoplastic disease,Sarcoma,1994,1
Neurological disorder,Multiple Sclerosis,1994,1
Respiratory disease,Allergic Rhinitis,1994,2
Situation with explicit context,Healthy Volunteers,1994,1
Cardiovascular disease,Hypertension,1995,1
Disorder of endocrine system,Cushing's Syndrome,1995,1
Disorder of endocrine system,Diabetic Nephropathy,1995,1
Disorder of endocrine system,Type 2 Diabetes,1995,1
Disorder of eye,Cataracts,1995,1
Infection,HIV/AIDS,1995,1
Infection,Herpes Zoster,1995,1
Injury,Burns,1995,2
Neoplastic disease,Brain Tumors,1995,1
Neoplastic disease,Breast Cancer,1995,1
Neoplastic disease,Glioblastoma,1995,1
Neoplastic disease,Hodgkin Lymphoma,1995,3
Neoplastic disease,Prostate Cancer,1995,1
Neoplastic disease,Waldenstrom Macroglobulinemia,1995,1
Neurological disorder,Alzheimer's Disease,1995,1
Neurological disorder,Migraine,1995,5
Respiratory disease,Allergic Rhinitis,1995,1
Respiratory disease,Asthma,1995,1
Cardiovascular disease,Heart Failure,1996,1
Disorder of endocrine system,Gestational Diabetes,1996,1
Disorder of immune function,Organ Transplant Rejection,1996,1
Mental illness,Postpartum Depression,1996,1
Mental illness,Schizophrenia,1996,1
Neoplastic disease,Brain Tumors,1996,9
Neoplastic disease,Chronic Myeloid Leukemia,1996,1
Neoplastic disease,Esophageal Cancer,1996,1
Neoplastic disease,Follicular Lymphoma,1996,1
Neoplastic disease,Glioblastoma,1996,5
Neoplastic disease,Hepatocellular Carcinoma,1996,1
Neoplastic disease,Hodgkin Lymphoma,1996,3
Neoplastic disease,Locally Advanced Cancer,1996,1
Neoplastic disease,Melanoma,1996,2
Neoplastic disease,Mesothelioma,1996,1
Neoplastic disease,Metastatic Disease,1996,4
Neoplastic disease,Multiple Myeloma,1996,1
Neoplastic disease,Sarcoma,1996,1
Neurological disorder,Spinal Cord Injury,1996,1
Respiratory disease,Allergic Rhinitis,1996,1
Disorder of endocrine system,Hypoparathyroidism,1997,1
Disorder of endocrine system,Type 2 Diabetes,1997,2
Disorder of haemostatic system,Deep Vein Thrombosis,1997,1
Disorder of haemostatic system,Hemophilia A,1997,1
Disorder of immune function,Graft-versus-Host Disease,1997,1
Disorder of immune function,Rheumatoid Arthritis,1997,1
Disorder of skin,Wound Healing,1997,1
Infection,Cytomegalovirus,1997,1
Infection,Hepatitis C,1997,1
Infection,Herpes Simplex Virus,1997,1
Infection,Osteomyelitis,1997,1
Injury,Burns,1997,1
Mental illness,Alcohol Use Disorder,1997,1
Mental illness,Bipolar Disorder,1997,1
Mental illness,Major Depressive Disorder,1997,1
Mental illness,Schizophrenia,1997,1
Musculoskeletal disorder,Juvenile Idiopathic Arthritis,1997,1
Musculoskeletal disorder,Low Back Pain,1997,1
Neoplastic disease,Bladder Cancer,1997,1
Neoplastic disease,Brain Tumors,1997,3
Neoplastic disease,Breast Cancer,1997,4
Neoplastic disease,Chronic Lymphocytic Leukemia,1997,1
Neoplastic disease,Endometrial Cancer,1997,1
Neoplastic disease,Hodgkin Lymphoma,1997,4
Neoplastic disease,Non-Hodgkin Lymphoma,1997,1
Neoplastic disease,Prostate Cancer,1997,2
Neoplastic disease,Renal Cell Carcinoma,1997,1
Neoplastic disease,Small Cell Lung Cancer,1997,1
Neurological disorder,Trigeminal Neuralgia,1997,1
Respiratory disease,Asthma,1997,1
Blood disease,Anemia,1998,1
Cardiovascular disease,Aortic Stenosis,1998,2
Cardiovascular disease,Atherosclerosis,1998,1
Cardiovascular disease,Coronary Artery Disease,1998,1
Disorder of endocrine system,Gestational Diabetes,1998,2
Disorder of endocrine system,Hypogonadism,1998,1
Disorder of endocrine system,Type 2 Diabetes,1998,1
Disorder of eye,Inherited Retinal Diseases,1998,1
Disorder of immune function,Organ Transplant Rejection,1998,1
Disorder of immune function,Rheumatoid Arthritis,1998,1
Infection,Cytomegalovirus,1998,1
Infection,HIV/AIDS,1998,1
Infection,Influenza,1998,1
Mental illness,Schizophrenia,1998,2
Mental illness,Social Anxiety Disorder,1998,1
Musculoskeletal disorder,Osteoarthritis,1998,1
Neoplastic disease,Acute Myeloid Leukemia,1998,1
Neoplastic disease,Breast Cancer,1998,4
Neoplastic disease,Chronic Myeloid Leukemia,1998,2
Neoplastic disease,Colorectal Cancer,1998,2
Neoplastic disease,Glioblastoma,1998,2
Neoplastic disease,Hepatocellular Carcinoma,1998,2
Neoplastic disease,Hodgkin Lymphoma,1998,10
Neoplastic disease,Locally Advanced Cancer,1998,1
Neoplastic disease,Melanoma,1998,2
Neoplastic disease,Multiple Myeloma,1998,2
Neoplastic disease,Myeloproliferative Neoplasms,1998,1
Neoplastic disease,Non-Small Cell Lung Cancer,1998,1
Neoplastic disease,Ovarian Cancer,1998,1
Neoplastic disease,Prostate Cancer,1998,3
Neoplastic disease,Renal Cell Carcinoma,1998,2
Neurological disorder,Alzheimer's Disease,1998,1
Neurological disorder,Epilepsy,1998,1
Neurological disorder,Stroke,1998,1
Situation with explicit context,Geriatric Population,1998,1
Situation with explicit context,Healthy Volunteers,1998,1
Blood disease,Myelodysplastic Syndromes,1999,2
Blood disease,Sickle Cell Disease,1999,1
Cardiovascular disease,Atherosclerosis,1999,1
Cardiovascular disease,Atrial Fibrillation,1999,1
Cardiovascular disease,Coronary Artery Disease,1999,2
Cardiovascular disease,Familial Hypercholesterolemia,1999,1
Cardiovascular disease,Myocardial Infarction,1999,1
Clinical finding,Acute Pain,1999,1
Congenital disease,Lysosomal Storage Disorders,1999,1
Disorder of digestive system,Chronic Pancreatitis,1999,1
Disorder of endocrine system,Cushing's Syndrome,1999,1
Disorder of endocrine system,Growth Hormone Deficiency,1999,1
Disorder of endocrine system,Menopause Symptoms,1999,1
Disorder of endocrine system,Type 1 Diabetes,1999,1
Disorder of eye,Glaucoma,1999,1
Disorder of haemostatic system,Hemophilia A,1999,1
Disorder of immune function,Organ Transplant Rejection,1999,1
Disorder of labour / delivery,Preterm Labor,1999,1
Infection,Cytomegalovirus,1999,1
Infection,Herpes Simplex Virus,1999,1
Infection,Respiratory Syncytial Virus,1999,1
Infection,Sexually Transmitted Infections,1999,1
Mental illness,Alcohol Use Disorder,1999,1
Mental illness,Attention Deficit Hyperactivity Disorder,1999,1
Mental illness,Panic Disorder,1999,1
Mental illness,Schizophrenia,1999,1
Mental illness,Smoking Cessation,1999,1
Musculoskeletal disorder,Fibromyalgia,1999,1
Musculoskeletal disorder,Osteoarthritis,1999,2
Musculoskeletal disorder,Osteoporosis,1999,1
Neoplastic disease,Acute Lymphoblastic Leukemia,1999,1
Neoplastic disease,Brain Tumors,1999,2
Neoplastic disease,Breast Cancer,1999,9
Neoplastic disease,Cervical Cancer,1999,3
Neoplastic disease,Chronic Myeloid Leukemia,1999,8
Neoplastic disease,Diffuse Large B-Cell Lymphoma,1999,1
Neoplastic disease,Endometrial Cancer,1999,3
Neoplastic disease,Gastric Cancer,1999,1
Neoplastic disease,Glioblastoma,1999,1
Neoplastic disease,Head and Neck Cancer,1999,1
Neoplastic disease,Hepatocellular Carcinoma,1999,1
Neoplastic disease,Hodgkin Lymphoma,1999,2
Neoplastic disease,Locally Advanced Cancer,1999,1
Neoplastic disease,Melanoma,1999,2
Neoplastic disease,Multiple Myeloma,1999,1
Neoplastic disease,Myeloproliferative Neoplasms,1999,1
Neoplastic disease,Non-Hodgkin Lymphoma,1999,2
Neoplastic disease,Non-Small Cell Lung Cancer,1999,1
Neoplastic disease,Prostate Cancer,1999,4
Neoplastic disease,Recurrent Cancer,1999,4
Neoplastic disease,Renal Cell Carcinoma,1999,1
Neoplastic disease,Small Cell Lung Cancer,1999,3
Neoplastic disease,Solid Tumors (Advanced),1999,1
Neurological disorder,Parkinson's Disease,1999,1
Neurological disorder,Stroke,1999,1
Procedure,Blood Transfusion,1999,1
Respiratory disease,Allergic Rhinitis,1999,1
Respiratory disease,Chronic Obstructive Pulmonary Disease,1999,1
Respiratory disease,Pulmonary Arterial Hypertension,1999,2
Sleep disorder,Insomnia,1999,1
Blood disease,Anemia,2000,1
Blood disease,Myelodysplastic Syndromes,2000,2
Blood disease,Sickle Cell Disease,2000,1
Cardiovascular disease,Atherosclerosis,2000,1
Cardiovascular disease,Cardiomyopathy,2000,1
Cardiovascular disease,Coronary Artery Disease,2000,3
Cardiovascular disease,Heart Failure,2000,2
Cardiovascular disease,Ventricular Arrhythmias,2000,1
Clinical finding,Acute Pain,2000,1
Congenital disease,Lysosomal Storage Disorders,2000,2
Disorder of digestive system,Acute Pancreatitis,2000,1
Disorder of digestive system,Inflammatory Bowel Disease,2000,1
Disorder of digestive system,Short Bowel Syndrome,2000,1
Disorder of digestive system,Ulcerative Colitis,2000,2
Disorder of ear,Meniere's Disease,2000,1
Disorder of endocrine system,Diabetic Neuropathy,2000,1
Disorder of endocrine system,Gestational Diabetes,2000,4
Disorder of endocrine system,Menopause Symptoms,2000,2
Disorder of endocrine system,Metabolic Syndrome,2000,1
Disorder of endocrine system,Obesity,2000,2
Disorder of endocrine system,Type 1 Diabetes,2000,4
Disorder of endocrine system,Type 2 Diabetes,2000,4
Disorder of eye,Conjunctivitis,2000,1
Disorder of eye,Dry Eye Disease,2000,1
Disorder of eye,Glaucoma,2000,1
Disorder of eye,Retinal Vein Occlusion,2000,1
Disorder of haemostatic system,Hemophilia A,2000,1
Disorder of immune function,Organ Transplant Rejection,2000,3
Disorder of immune function,Rheumatoid Arthritis,2000,4
Disorder of skin,Wound Healing,2000,1
Disorder of the genitourinary system,Chronic Kidney Disease,2000,1
Disorder of the genitourinary system,Erectile Dysfunction,2000,1
Disorder of the genitourinary system,Focal Segmental Glomerulosclerosis,2000,1
Disorder of the genitourinary system,Uterine Fibroids,2000,1
Infection,Cytomegalovirus,2000,3
Infection,Fungal Infection,2000,1
Infection,HIV/AIDS,2000,4
Infection,Hepatitis C,2000,2
Infection,Herpes Simplex Virus,2000,1
Infection,Malaria,2000,1
Infection,Respiratory Syncytial Virus,2000,1
Injury,Trauma,2000,1
Mental illness,Alcohol Use Disorder,2000,2
Mental illness,Anorexia,2000,2
Mental illness,Attention Deficit Hyperactivity Disorder,2000,1
Mental illness,Major Depressive Disorder,2000,1
Mental illness,Postpartum Depression,2000,1
Mental illness,Schizophrenia,2000,4
Musculoskeletal disorder,Juvenile Idiopathic Arthritis,2000,1
Musculoskeletal disorder,Osteoarthritis,2000,1
Musculoskeletal disorder,Osteoporosis,2000,2
Neoplastic disease,Acute Lymphoblastic Leukemia,2000,5
Neoplastic disease,Acute Myeloid Leukemia,2000,2
Neoplastic disease,Brain Tumors,2000,2
Neoplastic disease,Breast Cancer,2000,10
Neoplastic disease,Chronic Myeloid Leukemia,2000,6
Neoplastic disease,Colorectal Cancer,2000,1
Neoplastic disease,Endometrial Cancer,2000,1
Neoplastic disease,Glioblastoma,2000,1
Neoplastic disease,Head and Neck Cancer,2000,2
Neoplastic disease,Hematologic Malignancies General,2000,4
Neoplastic disease,Hodgkin Lymphoma,2000,6
Neoplastic disease,Locally Advanced Cancer,2000,4
Neoplastic disease,Mantle Cell Lymphoma,2000,3
Neoplastic disease,Melanoma,2000,2
Neoplastic disease,Metastatic Disease,2000,1
Neoplastic disease,Multiple Myeloma,2000,3
Neoplastic disease,Non-Hodgkin Lymphoma,2000,1
Neoplastic disease,Non-Small Cell Lung Cancer,2000,1
Neoplastic disease,Ovarian Cancer,2000,2
Neoplastic disease,Prostate Cancer,2000,4
Neoplastic disease,Small Cell Lung Cancer,2000,5
Neurological disorder,Alzheimer's Disease,2000,1
Neurological disorder,Chronic Pain,2000,1
Neurological disorder,Dementia,2000,1
Neurological disorder,Epilepsy,2000,3
Neurological disorder,Multiple Sclerosis,2000,1
Neurological disorder,Neuropathic Pain,2000,1
Neurological disorder,Parkinson's Disease,2000,1
Neurological disorder,Spinal Cord Injury,2000,1
Respiratory disease,Acute Respiratory Distress Syndrome,2000,1
Respiratory disease,Allergic Rhinitis,2000,2
Respiratory disease,Asthma,2000,1
Situation with explicit context,Contraception,2000,1
Situation with explicit context,Healthy Volunteers,2000,4
Blood disease,Anemia,2001,1
Blood disease,Immune Thrombocytopenia,2001,1
Cardiovascular disease,Aortic Stenosis,2001,4
Cardiovascular disease,Atrial Fibrillation,2001,1
Cardiovascular disease,Coronary Artery Disease,2001,4
Cardiovascular disease,Familial Hypercholesterolemia,2001,1
Cardiovascular disease,Heart Failure,2001,3
Cardiovascular disease,Myocardial Infarction,2001,4
Cardiovascular disease,Peripheral Artery Disease,2001,1
Clinical finding,Acute Pain,2001,1
Congenital disease,Lysosomal Storage Disorders,2001,5
Disorder of body system,Cachexia,2001,1
Disorder of digestive system,Gastroesophageal Reflux Disease,2001,1
Disorder of digestive system,Gastroparesis,2001,1
Disorder of digestive system,Irritable Bowel Syndrome,2001,1
Disorder of digestive system,Malnutrition,2001,1
Disorder of digestive system,Ulcerative Colitis,2001,1
Disorder of endocrine system,Gestational Diabetes,2001,2
Disorder of endocrine system,Hypogonadism,2001,1
Disorder of endocrine system,Metabolic Syndrome,2001,1
Disorder of endocrine system,Obesity,2001,1
Disorder of endocrine system,Type 1 Diabetes,2001,3
Disorder of endocrine system,Type 2 Diabetes,2001,2
Disorder of eye,Age-Related Macular Degeneration,2001,1
Disorder of eye,Conjunctivitis,2001,1
Disorder of eye,Diabetic Retinopathy,2001,1
Disorder of eye,Inherited Retinal Diseases,2001,1
Disorder of haemostatic system,Venous Thromboembolism,2001,1
Disorder of immune function,Graft-versus-Host Disease,2001,1
Disorder of immune function,Organ Transplant Rejection,2001,2
Disorder of immune function,Rheumatoid Arthritis,2001,1
Disorder of immune function,Sarcoidosis,2001,1
Disorder of immune function,Systemic Sclerosis,2001,1
Disorder of labour / delivery,Preterm Labor,2001,1
Disorder of skin,Alopecia Areata,2001,1
Disorder of the genitourinary system,End-Stage Renal Disease,2001,1
Disorder of the genitourinary system,Pregnancy Study,2001,1
Disorder of the genitourinary system,Urinary Incontinence,2001,1
Infection,HIV/AIDS,2001,10
Infection,Hepatitis B,2001,5
Infection,Hepatitis C,2001,3
Infection,Respiratory Syncytial Virus,2001,1
Infection,Tuberculosis,2001,1
Injury,Trauma,2001,1
Mental illness,Alcohol Use Disorder,2001,7
Mental illness,Attention Deficit Hyperactivity Disorder,2001,1
Mental illness,Bipolar Disorder,2001,1
Mental illness,Major Depressive Disorder,2001,3
Mental illness,Post-Traumatic Stress Disorder,2001,1
Mental illness,Schizophrenia,2001,5
Mental illness,Smoking Cessation,2001,1
Mental illness,Substance Use Disorder,2001,1
Musculoskeletal disorder,Bone Fracture,2001,1
Musculoskeletal disorder,Fibromyalgia,2001,1
Musculoskeletal disorder,Gout,2001,2
Musculoskeletal disorder,Juvenile Idiopathic Arthritis,2001,1
Musculoskeletal disorder,Osteoarthritis,2001,5
Musculoskeletal disorder,Osteoporosis,2001,4
Neoplastic disease,Acute Lymphoblastic Leukemia,2001,2
Neoplastic disease,Acute Myeloid Leukemia,2001,4
Neoplastic disease,Bladder Cancer,2001,3
Neoplastic disease,Brain Tumors,2001,6
Neoplastic disease,Breast Cancer,2001,16
Neoplastic disease,Cervical Cancer,2001,3
Neoplastic disease,Chronic Myeloid Leukemia,2001,9
Neoplastic disease,Colorectal Cancer,2001,4
Neoplastic disease,Endometrial Cancer,2001,3
Neoplastic disease,Esophageal Cancer,2001,1
Neoplastic disease,Follicular Lymphoma,2001,2
Neoplastic disease,Gastric Cancer,2001,1
Neoplastic disease,Head and Neck Cancer,2001,1
Neoplastic disease,Hepatocellular Carcinoma,2001,1
Neoplastic disease,Hodgkin Lymphoma,2001,4
Neoplastic disease,Locally Advanced Cancer,2001,1
Neoplastic disease,Mantle Cell Lymphoma,2001,2
Neoplastic disease,Metastatic Disease,2001,2
Neoplastic disease,Multiple Myeloma,2001,3
Neoplastic disease,Myeloproliferative Neoplasms,2001,1
Neoplastic disease,Neuroendocrine Tumors,2001,3
Neoplastic disease,Non-Hodgkin Lymphoma,2001,1
Neoplastic disease,Non-Small Cell Lung Cancer,2001,1
Neoplastic disease,Ovarian Cancer,2001,3
Neoplastic disease,Pancreatic Cancer,2001,1
Neoplastic disease,Prostate Cancer,2001,10
Neoplastic disease,Recurrent Cancer,2001,3
Neoplastic disease,Sarcoma,2001,1
Neoplastic disease,Small Cell Lung Cancer,2001,4
Neoplastic disease,Solid Tumors (Advanced),2001,3
Neoplastic disease,Thyroid Cancer,2001,2
Neurological disorder,Alzheimer's Disease,2001,1
Neurological disorder,Chronic Pain,2001,4
Neurological disorder,Epilepsy,2001,6
Neurological disorder,Essential Tremor,2001,2
Neurological disorder,Migraine,2001,1
Neurological disorder,Multiple Sclerosis,2001,4
Neurological disorder,Spinal Cord Injury,2001,1
Neurological disorder,Stroke,2001,1
Procedure,Mechanical Ventilation,2001,2
Procedure,Surgical Procedures,2001,1
Respiratory disease,Acute Respiratory Distress Syndrome,2001,1
Respiratory disease,Allergic Rhinitis,2001,4
Respiratory disease,Asthma,2001,1
Respiratory disease,Chronic Obstructive Pulmonary Disease,2001,2
Respiratory disease,Pulmonary Arterial Hypertension,2001,1
Situation with explicit context,Geriatric Population,2001,1
Situation with explicit context,Healthy Volunteers,2001,8
Blood disease,Anemia,2002,5
Blood disease,Immune Thrombocytopenia,2002,2
Blood disease,Myelodysplastic Syndromes,2002,4
Blood disease,Sickle Cell Disease,2002,2
Blood disease,Thrombotic Thrombocytopenic Purpura,2002,1
Cardiovascular disease,Aortic Stenosis,2002,4
Cardiovascular disease,Atherosclerosis,2002,2
Cardiovascular disease,Coronary Artery Disease,2002,4
Cardiovascular disease,Heart Failure,2002,2
Cardiovascular disease,Hyperlipidemia,2002,1
Cardiovascular disease,Hypertension,2002,3
Cardiovascular disease,Myocardial Infarction,2002,1
Clinical finding,Acute Pain,2002,7
Clinical finding,Fatigue,2002,1
Congenital disease,Lysosomal Storage Disorders,2002,4
Disorder of body system,Multiple Organ Failure,2002,1
Disorder of digestive system,Chronic Pancreatitis,2002,2
Disorder of digestive system,Constipation,2002,2
Disorder of digestive system,Crohn's Disease,2002,4
Disorder of digestive system,Gastroesophageal Reflux Disease,2002,1
Disorder of digestive system,Gastroparesis,2002,1
Disorder of digestive system,Irritable Bowel Syndrome,2002,1
Disorder of digestive system,Nonalcoholic Fatty Liver Disease,2002,1
Disorder of digestive system,Peptic Ulcer Disease,2002,1
Disorder of digestive system,Ulcerative Colitis,2002,2
Disorder of endocrine system,Addison's Disease,2002,1
Disorder of endocrine system,Cushing's Syndrome,2002,1
Disorder of endocrine system,Diabetic Nephropathy,2002,1
Disorder of endocrine system,Gestational Diabetes,2002,4
Disorder of endocrine system,Hyperparathyroidism,2002,1
Disorder of endocrine system,Hypoparathyroidism,2002,1
Disorder of endocrine system,Hypothyroidism,2002,1
Disorder of endocrine system,Metabolic Syndrome,2002,1
Disorder of endocrine system,Obesity,2002,2
Disorder of endocrine system,Polycystic Ovary Syndrome,2002,1
Disorder of endocrine system,Type 1 Diabetes,2002,4
Disorder of endocrine system,Type 2 Diabetes,2002,2
Disorder of eye,Glaucoma,2002,1
Disorder of eye,Inherited Retinal Diseases,2002,1
Disorder of eye,Retinal Vein Occlusion,2002,1
Disorder of haemostatic system,Deep Vein Thrombosis,2002,2
Disorder of haemostatic system,Hemophilia A,2002,1
Disorder of haemostatic system,Venous Thromboembolism,2002,1
Disorder of immune function,Graft-versus-Host Disease,2002,2
Disorder of immune function,Lupus Nephritis,2002,1
Disorder of immune function,Organ Transplant Rejection,2002,5
Disorder of immune function,Primary Immunodeficiency,2002,1
Disorder of immune function,Rheumatoid Arthritis,2002,7
Disorder of immune function,Sarcoidosis,2002,2
Disorder of labour / delivery,Preterm Labor,2002,1
Disorder of skin,Atopic Dermatitis,2002,1
Disorder of skin,Psoriasis,2002,1
Disorder of skin,Rosacea,2002,1
Disorder of skin,Wound Healing,2002,1
Disorder of the genitourinary system,Chronic Kidney Disease,2002,2
Disorder of the genitourinary system,End-Stage Renal Disease,2002,2
Disorder of the genitourinary system,Erectile Dysfunction,2002,1
Disorder of the genitourinary system,IgA Nephropathy,2002,1
Disorder of the genitourinary system,Overactive Bladder,2002,1
Disorder of the genitourinary system,Urinary Incontinence,2002,2
Infection,Fungal Infection,2002,2
Infection,HIV/AIDS,2002,8
Infection,Hepatitis B,2002,1
Infection,Hepatitis C,2002,5
Infection,Pneumonia,2002,1
Infection,Respiratory Syncytial Virus,2002,2
Infection,Tuberculosis,2002,1
Injury,Overdose,2002,1
Mental illness,Alcohol Use Disorder,2002,4
Mental illness,Anorexia,2002,2
Mental illness,Autism Spectrum Disorder,2002,2
Mental illness,Bipolar Disorder,2002,1
Mental illness,Delirium,2002,1
Mental illness,Major Depressive Disorder,2002,6
Mental illness,Opioid Use Disorder,2002,1
Mental illness,Post-Traumatic Stress Disorder,2002,1
Mental illness,Postpartum Depression,2002,1
Mental illness,Schizophrenia,2002,11
Mental illness,Smoking Cessation,2002,1
Mental illness,Social Anxiety Disorder,2002,5
Mental illness,Substance Use Disorder,2002,1
Musculoskeletal disorder,Bone Fracture,2002,1
Musculoskeletal disorder,Fibromyalgia,2002,2
Musculoskeletal disorder,Gout,2002,3
Musculoskeletal disorder,Juvenile Idiopathic Arthritis,2002,1
Musculoskeletal disorder,Low Back Pain,2002,1
Musculoskeletal disorder,Osteoarthritis,2002,9
Musculoskeletal disorder,Osteoporosis,2002,9
Musculoskeletal disorder,Psoriatic Arthritis,2002,1
Neoplastic disease,Acute Lymphoblastic Leukemia,2002,4
Neoplastic disease,Acute Myeloid Leukemia,2002,2
Neoplastic disease,Bladder Cancer,2002,1
Neoplastic disease,Brain Tumors,2002,5
Neoplastic disease,Breast Cancer,2002,25
Neoplastic disease,Cancer Immunotherapy,2002,2
Neoplastic disease,Cancer Supportive Care,2002,1
Neoplastic disease,Cervical Cancer,2002,4
Neoplastic disease,Cholangiocarcinoma,2002,3
Neoplastic disease,Chronic Lymphocytic Leukemia,2002,2
Neoplastic disease,Chronic Myeloid Leukemia,2002,6
Neoplastic disease,Colorectal Cancer,2002,2
Neoplastic disease,Endometrial Cancer,2002,1
Neoplastic disease,Esophageal Cancer,2002,3
Neoplastic disease,Follicular Lymphoma,2002,3
Neoplastic disease,Gastric Cancer,2002,1
Neoplastic disease,Glioblastoma,2002,6
Neoplastic disease,Head and Neck Cancer,2002,5
Neoplastic disease,Hematologic Malignancies General,2002,1
Neoplastic disease,Hepatocellular Carcinoma,2002,3
Neoplastic disease,Hodgkin Lymphoma,2002,11
Neoplastic disease,Melanoma,2002,4
Neoplastic disease,Metastatic Disease,2002,1
Neoplastic disease,Multiple Myeloma,2002,7
Neoplastic disease,Myeloproliferative Neoplasms,2002,1
Neoplastic disease,Neuroendocrine Tumors,2002,3
Neoplastic disease,Non-Hodgkin Lymphoma,2002,1
Neoplastic disease,Non-Small Cell Lung Cancer,2002,5
Neoplastic disease,Ovarian Cancer,2002,5
Neoplastic disease,Pancreatic Cancer,2002,3
Neoplastic disease,Prostate Cancer,2002,13
Neoplastic disease,Recurrent Cancer,2002,2
Neoplastic disease,Renal Cell Carcinoma,2002,3
Neoplastic disease,Sarcoma,2002,1
Neoplastic disease,Small Cell Lung Cancer,2002,8
Neoplastic disease,Solid Tumors (Advanced),2002,1
Neurological disorder,Alzheimer's Disease,2002,1
Neurological disorder,Chronic Pain,2002,1
Neurological disorder,Epilepsy,2002,7
Neurological disorder,Migraine,2002,1
Neurological disorder,Multiple Sclerosis,2002,7
Neurological disorder,Myasthenia Gravis,2002,2
Neurological disorder,Parkinson's Disease,2002,6
Neurological disorder,Spinal Cord Injury,2002,4
Neurological disorder,Spinal Muscular Atrophy,2002,2
Neurological disorder,Stroke,2002,5
Neurological disorder,Trigeminal Neuralgia,2002,1
Procedure,Surgical Procedures,2002,1
Respiratory disease,Allergic Asthma,2002,1
Respiratory disease,Asthma,2002,1
Respiratory disease,Chronic Obstructive Pulmonary Disease,2002,4
Respiratory disease,Neonatal Respiratory Distress,2002,1
Situation with explicit context,Contraception,2002,1
Situation with explicit context,Geriatric Population,2002,1
Situation with explicit context,Healthy Volunteers,2002,37
Sleep disorder,Insomnia,2002,1
Blood disease,Anemia,2003,11
Blood disease,Immune Thrombocytopenia,2003,2
Blood disease,Myelodysplastic Syndromes,2003,4
Blood disease,Sickle Cell Disease,2003,1
Cardiovascular disease,Aortic Stenosis,2003,3
Cardiovascular disease,Atherosclerosis,2003,3
Cardiovascular disease,Atrial Fibrillation,2003,7
Cardiovascular disease,Coronary Artery Disease,2003,6
Cardiovascular disease,Familial Hypercholesterolemia,2003,2
Cardiovascular disease,Heart Failure,2003,8
Cardiovascular disease,Hyperlipidemia,2003,1
Cardiovascular disease,Hypertension,2003,4
Cardiovascular disease,Mitral Regurgitation,2003,1
Cardiovascular disease,Myocardial Infarction,2003,6
Cardiovascular disease,Peripheral Artery Disease,2003,1
Cardiovascular disease,Shock,2003,1
Cardiovascular disease,Ventricular Arrhythmias,2003,1
Clinical finding,Acute Pain,2003,7
Clinical finding,Fever,2003,1
Congenital disease,Lysosomal Storage Disorders,2003,4
Disorder of body system,Multiple Organ Failure,2003,2
Disorder of digestive system,Acute Pancreatitis,2003,1
Disorder of digestive system,Chronic Pancreatitis,2003,2
Disorder of digestive system,Constipation,2003,1
Disorder of digestive system,Crohn's Disease,2003,1
Disorder of digestive system,Eosinophilic Esophagitis,2003,1
Disorder of digestive system,Gastroesophageal Reflux Disease,2003,2
Disorder of digestive system,Gastroparesis,2003,1
Disorder of digestive system,Nausea and Vomiting,2003,3
Disorder of digestive system,Short Bowel Syndrome,2003,4
Disorder of digestive system,Ulcerative Colitis,2003,3
Disorder of ear,Meniere's Disease,2003,1
Disorder of ear,Otitis Media,2003,1
Disorder of endocrine system,Diabetic Nephropathy,2003,1
Disorder of endocrine system,Gestational Diabetes,2003,6
Disorder of endocrine system,Growth Hormone Deficiency,2003,2
Disorder of endocrine system,Hypoparathyroidism,2003,2
Disorder of endocrine system,Menopause Symptoms,2003,1
Disorder of endocrine system,Metabolic Syndrome,2003,3
Disorder of endocrine system,Obesity,2003,7
Disorder of endocrine system,Polycystic Ovary Syndrome,2003,2
Disorder of endocrine system,Type 1 Diabetes,2003,1
Disorder of endocrine system,Type 2 Diabetes,2003,10
Disorder of eye,Cataracts,2003,1
Disorder of eye,Diabetic Retinopathy,2003,1
Disorder of eye,Glaucoma,2003,2
Disorder of eye,Inherited Retinal Diseases,2003,3
Disorder of haemostatic system,Disseminated Intravascular Coagulation,2003,3
Disorder of haemostatic system,Hemophilia A,2003,2
Disorder of haemostatic system,Von Willebrand Disease,2003,1
Disorder of immune function,Common Variable Immunodeficiency,2003,1
Disorder of immune function,Food Allergy,2003,2
Disorder of immune function,Graft-versus-Host Disease,2003,2
Disorder of immune function,Lupus Nephritis,2003,1
Disorder of immune function,Organ Transplant Rejection,2003,8
Disorder of immune function,Rheumatoid Arthritis,2003,7
Disorder of immune function,Sarcoidosis,2003,5
Disorder of immune function,Systemic Lupus Erythematosus,2003,3
Disorder of immune function,Vasculitis,2003,1
Disorder of labour / delivery,Preterm Labor,2003,3
Disorder of skin,Atopic Dermatitis,2003,2
Disorder of skin,Chronic Urticaria,2003,1
Disorder of skin,Hidradenitis Suppurativa,2003,1
Disorder of skin,Psoriasis,2003,2
Disorder of skin,Rosacea,2003,1
Disorder of the genitourinary system,Acute Kidney Injury,2003,3
Disorder of the genitourinary system,Benign Prostatic Hyperplasia,2003,2
Disorder of the genitourinary system,Chronic Kidney Disease,2003,2
Disorder of the genitourinary system,End-Stage Renal Disease,2003,2
Disorder of the genitourinary system,Endometriosis,2003,1
Disorder of the genitourinary system,Erectile Dysfunction,2003,1
Disorder of the genitourinary system,Infertility,2003,2
Disorder of the genitourinary system,Interstitial Cystitis,2003,1
Disorder of the genitourinary system,Nephrotic Syndrome,2003,2
Disorder of the genitourinary system,Preeclampsia,2003,1
Disorder of the genitourinary system,Urinary Incontinence,2003,3
Disorder of the genitourinary system,Uterine Fibroids,2003,1
Infection,Cytomegalovirus,2003,1
Infection,Fungal Infection,2003,1
Infection,HIV/AIDS,2003,14
Infection,Hepatitis B,2003,13
Infection,Hepatitis C,2003,11
Infection,Herpes Simplex Virus,2003,1
Infection,Herpes Zoster,2003,1
Infection,Influenza,2003,6
Infection,Malaria,2003,3
Infection,Osteomyelitis,2003,3
Infection,Respiratory Syncytial Virus,2003,3
Infection,Sepsis,2003,2
Infection,Skin and Soft Tissue Infection,2003,3
Injury,Trauma,2003,1
Mental illness,Alcohol Use Disorder,2003,11
Mental illness,Anorexia,2003,2
Mental illness,Attention Deficit Hyperactivity Disorder,2003,3
Mental illness,Bipolar Disorder,2003,5
Mental illness,Delirium,2003,1
Mental illness,Eating Disorders,2003,1
Mental illness,Major Depressive Disorder,2003,14
Mental illness,Obsessive-Compulsive Disorder,2003,3
Mental illness,Opioid Use Disorder,2003,1
Mental illness,Post-Traumatic Stress Disorder,2003,4
Mental illness,Postpartum Depression,2003,2
Mental illness,Schizophrenia,2003,12
Mental illness,Social Anxiety Disorder,2003,5
Mental illness,Substance Use Disorder,2003,3
Musculoskeletal disorder,Ankylosing Spondylitis,2003,3
Musculoskeletal disorder,Bone Fracture,2003,4
Musculoskeletal disorder,Fibromyalgia,2003,1
Musculoskeletal disorder,Gout,2003,2
Musculoskeletal disorder,Juvenile Idiopathic Arthritis,2003,2
Musculoskeletal disorder,Low Back Pain,2003,7
Musculoskeletal disorder,Osteoarthritis,2003,11
Musculoskeletal disorder,Osteoporosis,2003,6
Musculoskeletal disorder,Tendinopathy,2003,2
Neoplastic disease,Acute Lymphoblastic Leukemia,2003,8
Neoplastic disease,Acute Myeloid Leukemia,2003,3
Neoplastic disease,Bladder Cancer,2003,2
Neoplastic disease,Brain Tumors,2003,11
Neoplastic disease,Breast Cancer,2003,32
Neoplastic disease,Cancer Immunotherapy,2003,3
Neoplastic disease,Cervical Cancer,2003,6
Neoplastic disease,Cholangiocarcinoma,2003,4
Neoplastic disease,Chronic Lymphocytic Leukemia,2003,4
Neoplastic disease,Chronic Myeloid Leukemia,2003,10
Neoplastic disease,Colorectal Cancer,2003,10
Neoplastic disease,Diffuse Large B-Cell Lymphoma,2003,4
Neoplastic disease,Endometrial Cancer,2003,9
Neoplastic disease,Esophageal Cancer,2003,2
Neoplastic disease,Follicular Lymphoma,2003,4
Neoplastic disease,Gastric Cancer,2003,2
Neoplastic disease,Glioblastoma,2003,4
Neoplastic disease,Head and Neck Cancer,2003,9
Neoplastic disease,Hematologic Malignancies General,2003,5
Neoplastic disease,Hepatocellular Carcinoma,2003,4
Neoplastic disease,Hodgkin Lymphoma,2003,16
Neoplastic disease,Locally Advanced Cancer,2003,4
Neoplastic disease,Mantle Cell Lymphoma,2003,1
Neoplastic disease,Melanoma,2003,6
Neoplastic disease,Mesothelioma,2003,1
Neoplastic disease,Metastatic Disease,2003,1
Neoplastic disease,Multiple Myeloma,2003,9
Neoplastic disease,Myeloproliferative Neoplasms,2003,1
Neoplastic disease,Neuroendocrine Tumors,2003,5
Neoplastic disease,Non-Hodgkin Lymphoma,2003,4
Neoplastic disease,Non-Small Cell Lung Cancer,2003,8
Neoplastic disease,Ovarian Cancer,2003,10
Neoplastic disease,Pancreatic Cancer,2003,6
Neoplastic disease,Prostate Cancer,2003,19
Neoplastic disease,Recurrent Cancer,2003,4
Neoplastic disease,Renal Cell Carcinoma,2003,8
Neoplastic disease,Sarcoma,2003,4
Neoplastic disease,Small Cell Lung Cancer,2003,13
Neoplastic disease,Solid Tumors (Advanced),2003,2
Neoplastic disease,Solid Tumors General,2003,1
Neoplastic disease,Waldenstrom Macroglobulinemia,2003,2
Neurological disorder,Alzheimer's Disease,2003,3
Neurological disorder,Amyotrophic Lateral Sclerosis,2003,1
Neurological disorder,Chronic Pain,2003,1
Neurological disorder,Duchenne Muscular Dystrophy,2003,1
Neurological disorder,Epilepsy,2003,5
Neurological disorder,Essential Tremor,2003,1
Neurological disorder,Huntington's Disease,2003,1
Neurological disorder,Migraine,2003,2
Neurological disorder,Multiple Sclerosis,2003,7
Neurological disorder,Neuropathic Pain,2003,4
Neurological disorder,Parkinson's Disease,2003,4
Neurological disorder,Spinal Cord Injury,2003,3
Neurological disorder,Spinal Muscular Atrophy,2003,1
Neurological disorder,Stroke,2003,10
Neurological disorder,Traumatic Brain Injury,2003,1
Neurological disorder,Trigeminal Neuralgia,2003,2
Procedure,Blood Transfusion,2003,2
Respiratory disease,Acute Respiratory Distress Syndrome,2003,2
Respiratory disease,Allergic Asthma,2003,2
Respiratory disease,Allergic Rhinitis,2003,3
Respiratory disease,Asthma,2003,11
Respiratory disease,Bronchiectasis,2003,5
Respiratory disease,Chronic Obstructive Pulmonary Disease,2003,3
Respiratory disease,Cystic Fibrosis,2003,2
Respiratory disease,Idiopathic Pulmonary Fibrosis,2003,2
Respiratory disease,Neonatal Respiratory Distress,2003,1
Respiratory disease,Pulmonary Arterial Hypertension,2003,4
Respiratory disease,Pulmonary Embolism,2003,1
Situation with explicit context,Geriatric Population,2003,1
Situation with explicit context,Healthy Volunteers,2003,38
Situation with explicit context,Pediatric Population,2003,1
Situation with explicit context,Post-Operative Care,2003,4
Sleep disorder,Narcolepsy,2003,1
Sleep disorder,Obstructive Sleep Apnea,2003,2
Sleep disorder,Restless Legs Syndrome,2003,2
Blood disease,Anemia,2004,8
Blood disease,Hemoglobinopathies,2004,2
Blood disease,Immune Thrombocytopenia,2004,1
Blood disease,Myelodysplastic Syndromes,2004,3
Blood disease,Sickle Cell Disease,2004,7
Blood disease,Thalassemia,2004,1
Blood disease,Thrombotic Thrombocytopenic Purpura,2004,2
Cardiovascular disease,Atherosclerosis,2004,7
Cardiovascular disease,Atrial Fibrillation,2004,6
Cardiovascular disease,Cardiomyopathy,2004,3
Cardiovascular disease,Coronary Artery Disease,2004,10
Cardiovascular disease,Familial Hypercholesterolemia,2004,1
Cardiovascular disease,Heart Failure,2004,11
Cardiovascular disease,Hypertension,2004,5
Cardiovascular disease,Mitral Regurgitation,2004,1
Cardiovascular disease,Myocardial Infarction,2004,5
Cardiovascular disease,Peripheral Artery Disease,2004,5
Cardiovascular disease,Ventricular Arrhythmias,2004,8
Clinical finding,Acute Pain,2004,11
Clinical finding,Edema,2004,2
Clinical finding,Fatigue,2004,1
Clinical finding,Fever,2004,5
Congenital disease,Lysosomal Storage Disorders,2004,7
Disorder of digestive system,Acute Pancreatitis,2004,1
Disorder of digestive system,Chronic Pancreatitis,2004,3
Disorder of digestive system,Crohn's Disease,2004,5
Disorder of digestive system,Eosinophilic Esophagitis,2004,4
Disorder of digestive system,Gastroesophageal Reflux Disease,2004,3
Disorder of digestive system,Nausea and Vomiting,2004,1
Disorder of digestive system,Nonalcoholic Fatty Liver Disease,2004,1
Disorder of digestive system,Peptic Ulcer Disease,2004,3
Disorder of digestive system,Short Bowel Syndrome,2004,3
Disorder of ear,Hearing Loss,2004,2
Disorder of ear,Meniere's Disease,2004,2
Disorder of ear,Otitis Media,2004,1
Disorder of endocrine system,Acromegaly,2004,4
Disorder of endocrine system,Addison's Disease,2004,1
Disorder of endocrine system,Cushing's Syndrome,2004,1
Disorder of endocrine system,Diabetic Nephropathy,2004,1
Disorder of endocrine system,Diabetic Neuropathy,2004,4
Disorder of endocrine system,Gestational Diabetes,2004,18
Disorder of endocrine system,Growth Hormone Deficiency,2004,3
Disorder of endocrine system,Hyperparathyroidism,2004,1
Disorder of endocrine system,Hypogonadism,2004,4
Disorder of endocrine system,Hypoparathyroidism,2004,4
Disorder of endocrine system,Menopause Symptoms,2004,6
Disorder of endocrine system,Metabolic Syndrome,2004,4
Disorder of endocrine system,Obesity,2004,7
Disorder of endocrine system,Polycystic Ovary Syndrome,2004,3
Disorder of endocrine system,Type 1 Diabetes,2004,5
Disorder of endocrine system,Type 2 Diabetes,2004,18
Disorder of eye,Age-Related Macular Degeneration,2004,1
Disorder of eye,Cataracts,2004,4
Disorder of eye,Conjunctivitis,2004,3
Disorder of eye,Diabetic Macular Edema,2004,5
Disorder of eye,Diabetic Retinopathy,2004,1
Disorder of eye,Glaucoma,2004,1
Disorder of eye,Inherited Retinal Diseases,2004,3
Disorder of eye,Uveitis,2004,4
Disorder of haemostatic system,Deep Vein Thrombosis,2004,2
Disorder of haemostatic system,Disseminated Intravascular Coagulation,2004,7
Disorder of haemostatic system,Hemophilia A,2004,1
Disorder of haemostatic system,Venous Thromboembolism,2004,2
Disorder of immune function,Common Variable Immunodeficiency,2004,1
Disorder of immune function,Graft-versus-Host Disease,2004,2
Disorder of immune function,Lupus Nephritis,2004,1
Disorder of immune function,Organ Transplant Rejection,2004,6
Disorder of immune function,Primary Immunodeficiency,2004,2
Disorder of immune function,Rheumatoid Arthritis,2004,14
Disorder of immune function,Sarcoidosis,2004,2
Disorder of immune function,Sjögren's Syndrome,2004,1
Disorder of immune function,Systemic Lupus Erythematosus,2004,1
Disorder of labour / delivery,Preterm Labor,2004,8
Disorder of skin,Acne,2004,1
Disorder of skin,Atopic Dermatitis,2004,2
Disorder of skin,Chronic Urticaria,2004,1
Disorder of skin,Hidradenitis Suppurativa,2004,1
Disorder of skin,Pressure Ulcers,2004,1
Disorder of skin,Psoriasis,2004,8
Disorder of skin,Vitiligo,2004,1
Disorder of the genitourinary system,Acute Kidney Injury,2004,1
Disorder of the genitourinary system,Benign Prostatic Hyperplasia,2004,1
Disorder of the genitourinary system,Chronic Kidney Disease,2004,2
Disorder of the genitourinary system,End-Stage Renal Disease,2004,5
Disorder of the genitourinary system,Endometriosis,2004,2
Disorder of the genitourinary system,Erectile Dysfunction,2004,2
Disorder of the genitourinary system,Focal Segmental Glomerulosclerosis,2004,1
Disorder of the genitourinary system,Infertility,2004,3
Disorder of the genitourinary system,Interstitial Cystitis,2004,2
Disorder of the genitourinary system,Nephrotic Syndrome,2004,2
Disorder of the genitourinary system,Overactive Bladder,2004,3
Disorder of the genitourinary system,Preeclampsia,2004,1
Disorder of the genitourinary system,Pregnancy Study,2004,3
Disorder of the genitourinary system,Urinary Incontinence,2004,3
Infection,Clostridium Difficile Infection,2004,1
Infection,Cytomegalovirus,2004,3
Infection,Fungal Infection,2004,1
Infection,HIV/AIDS,2004,28
Infection,Hepatitis B,2004,12
Infection,Hepatitis C,2004,17
Infection,Herpes Simplex Virus,2004,2
Infection,Influenza,2004,5
Infection,Malaria,2004,1
Infection,Osteomyelitis,2004,3
Infection,Pneumonia,2004,2
Infection,Respiratory Syncytial Virus,2004,2
Infection,Sepsis,2004,3
Infection,Sexually Transmitted Infections,2004,1
Infection,Skin and Soft Tissue Infection,2004,4
Infection,Tuberculosis,2004,3
Injury,Burns,2004,1
Mental illness,Alcohol Use Disorder,2004,14
Mental illness,Anorexia,2004,3
Mental illness,Attention Deficit Hyperactivity Disorder,2004,10
Mental illness,Bipolar Disorder,2004,11
Mental illness,Eating Disorders,2004,2
Mental illness,Major Depressive Disorder,2004,18
Mental illness,Obsessive-Compulsive Disorder,2004,4
Mental illness,Opioid Use Disorder,2004,1
Mental illness,Post-Traumatic Stress Disorder,2004,8
Mental illness,Postpartum Depression,2004,2
Mental illness,Schizophrenia,2004,20
Mental illness,Smoking Cessation,2004,8
Mental illness,Social Anxiety Disorder,2004,6
Mental illness,Substance Use Disorder,2004,7
Musculoskeletal disorder,Ankylosing Spondylitis,2004,2
Musculoskeletal disorder,Bone Fracture,2004,1
Musculoskeletal disorder,Fibromyalgia,2004,3
Musculoskeletal disorder,Gout,2004,2
Musculoskeletal disorder,Low Back Pain,2004,6
Musculoskeletal disorder,Osteoarthritis,2004,16
Musculoskeletal disorder,Osteoporosis,2004,12
Musculoskeletal disorder,Psoriatic Arthritis,2004,2
Musculoskeletal disorder,Tendinopathy,2004,2
Neoplastic disease,Acute Lymphoblastic Leukemia,2004,3
Neoplastic disease,Acute Myeloid Leukemia,2004,6
Neoplastic disease,Bladder Cancer,2004,4
Neoplastic disease,Brain Tumors,2004,14
Neoplastic disease,Breast Cancer,2004,59
Neoplastic disease,Cancer Immunotherapy,2004,6
Neoplastic disease,Cervical Cancer,2004,5
Neoplastic disease,Cholangiocarcinoma,2004,1
Neoplastic disease,Chronic Lymphocytic Leukemia,2004,6
Neoplastic disease,Chronic Myeloid Leukemia,2004,21
Neoplastic disease,Colorectal Cancer,2004,12
Neoplastic disease,Diffuse Large B-Cell Lymphoma,2004,2
Neoplastic disease,Endometrial Cancer,2004,10
Neoplastic disease,Esophageal Cancer,2004,8
Neoplastic disease,Follicular Lymphoma,2004,5
Neoplastic disease,Gastric Cancer,2004,7
Neoplastic disease,Glioblastoma,2004,5
Neoplastic disease,Head and Neck Cancer,2004,8
Neoplastic disease,Hematologic Malignancies General,2004,4
Neoplastic disease,Hepatocellular Carcinoma,2004,7
Neoplastic disease,Hodgkin Lymphoma,2004,28
Neoplastic disease,Locally Advanced Cancer,2004,6
Neoplastic disease,Mantle Cell Lymphoma,2004,2
Neoplastic disease,Melanoma,2004,14
Neoplastic disease,Mesothelioma,2004,1
Neoplastic disease,Metastatic Disease,2004,6
Neoplastic disease,Multiple Myeloma,2004,23
Neoplastic disease,Myeloproliferative Neoplasms,2004,4
Neoplastic disease,Neuroendocrine Tumors,2004,5
Neoplastic disease,Non-Hodgkin Lymphoma,2004,2
Neoplastic disease,Non-Small Cell Lung Cancer,2004,14
Neoplastic disease,Ovarian Cancer,2004,9
Neoplastic disease,Pancreatic Cancer,2004,15
Neoplastic disease,Prostate Cancer,2004,19
Neoplastic disease,Recurrent Cancer,2004,13
Neoplastic disease,Renal Cell Carcinoma,2004,14
Neoplastic disease,Sarcoma,2004,8
Neoplastic disease,Small Cell Lung Cancer,2004,21
Neoplastic disease,Solid Tumors (Advanced),2004,2
Neoplastic disease,Solid Tumors General,2004,3
Neoplastic disease,Thyroid Cancer,2004,4
Neoplastic disease,Waldenstrom Macroglobulinemia,2004,2
Neurological disorder,Alzheimer's Disease,2004,8
Neurological disorder,Amyotrophic Lateral Sclerosis,2004,1
Neurological disorder,Chronic Inflammatory Demyelinating Polyneuropathy,2004,1
Neurological disorder,Chronic Pain,2004,1
Neurological disorder,Dementia,2004,2
Neurological disorder,Epilepsy,2004,12
Neurological disorder,Essential Tremor,2004,4
Neurological disorder,Migraine,2004,5
Neurological disorder,Multiple Sclerosis,2004,7
Neurological disorder,Myasthenia Gravis,2004,2
Neurological disorder,Neuropathic Pain,2004,1
Neurological disorder,Parkinson's Disease,2004,12
Neurological disorder,Spinal Cord Injury,2004,1
Neurological disorder,Stroke,2004,4
Neurological disorder,Trigeminal Neuralgia,2004,2
Procedure,Anesthesia,2004,4
Procedure,Bioequivalence Study,2004,3
Procedure,Blood Transfusion,2004,3
Procedure,Surgical Procedures,2004,1
Respiratory disease,Acute Respiratory Distress Syndrome,2004,1
Respiratory disease,Allergic Asthma,2004,2
Respiratory disease,Allergic Rhinitis,2004,1
Respiratory disease,Asthma,2004,13
Respiratory disease,Bronchiectasis,2004,2
Respiratory disease,Chronic Obstructive Pulmonary Disease,2004,5
Respiratory disease,Cystic Fibrosis,2004,2
Respiratory disease,Neonatal Respiratory Distress,2004,2
Respiratory disease,Pulmonary Arterial Hypertension,2004,4
Respiratory disease,Pulmonary Embolism,2004,3
Situation with explicit context,Contraception,2004,2
Situation with explicit context,Critical Illness,2004,1
Situation with explicit context,Drug-Drug Interaction,2004,2
Situation with explicit context,Geriatric Population,2004,2
Situation with explicit context,Healthy Volunteers,2004,48
Situation with explicit context,Pediatric Population,2004,1
Situation with explicit context,Post-Operative Care,2004,1
Situation with explicit context,Preventive Care,2004,3
Sleep disorder,Insomnia,2004,2
Sleep disorder,Narcolepsy,2004,6
Sleep disorder,Obstructive Sleep Apnea,2004,5
Blood disease,Anemia,2005,10
Blood disease,Hemoglobinopathies,2005,1
Blood disease,Immune Thrombocytopenia,2005,2
Blood disease,Myelodysplastic Syndromes,2005,17
Blood disease,Neutropenia,2005,1
Blood disease,Sickle Cell Disease,2005,4
Blood disease,Thalassemia,2005,2
Blood disease,Thrombotic Thrombocytopenic Purpura,2005,3
Cardiovascular disease,Acute Coronary Syndrome,2005,3
Cardiovascular disease,Aortic Stenosis,2005,6
Cardiovascular disease,Atherosclerosis,2005,7
Cardiovascular disease,Atrial Fibrillation,2005,9
Cardiovascular disease,Cardiomyopathy,2005,2
Cardiovascular disease,Coronary Artery Disease,2005,12
Cardiovascular disease,Familial Hypercholesterolemia,2005,17
Cardiovascular disease,Heart Failure,2005,18
Cardiovascular disease,Hyperlipidemia,2005,6
Cardiovascular disease,Hypertension,2005,15
Cardiovascular disease,Mitral Regurgitation,2005,1
Cardiovascular disease,Myocardial Infarction,2005,7
Cardiovascular disease,Peripheral Artery Disease,2005,3
Cardiovascular disease,Shock,2005,1
Cardiovascular disease,Ventricular Arrhythmias,2005,4
Clinical finding,Acute Pain,2005,12
Clinical finding,Edema,2005,2
Clinical finding,Fatigue,2005,1
Clinical finding,Fever,2005,2
Congenital disease,Lysosomal Storage Disorders,2005,4
Congenital disease,Phenylketonuria,2005,2
Disorder of body system,Multiple Organ Failure,2005,1
Disorder of digestive system,Acute Pancreatitis,2005,4
Disorder of digestive system,Celiac Disease,2005,1
Disorder of digestive system,Chronic Pancreatitis,2005,2
Disorder of digestive system,Cirrhosis,2005,7
Disorder of digestive system,Crohn's Disease,2005,4
Disorder of digestive system,Eosinophilic Esophagitis,2005,10
Disorder of digestive system,Gastroesophageal Reflux Disease,2005,10
Disorder of digestive system,Gastroparesis,2005,2
Disorder of digestive system,Irritable Bowel Syndrome,2005,3
Disorder of digestive system,Nausea and Vomiting,2005,6
Disorder of digestive system,Nonalcoholic Fatty Liver Disease,2005,4
Disorder of digestive system,Peptic Ulcer Disease,2005,1
Disorder of digestive system,Short Bowel Syndrome,2005,6
Disorder of digestive system,Ulcerative Colitis,2005,3
Disorder of ear,Hearing Loss,2005,1
Disorder of ear,Meniere's Disease,2005,1
Disorder of ear,Otitis Media,2005,4
Disorder of endocrine system,Acromegaly,2005,1
Disorder of endocrine system,Diabetic Nephropathy,2005,3
Disorder of endocrine system,Diabetic Neuropathy,2005,2
Disorder of endocrine system,Gestational Diabetes,2005,19
Disorder of endocrine system,Growth Hormone Deficiency,2005,7
Disorder of endocrine system,Hyperthyroidism,2005,2
Disorder of endocrine system,Hypogonadism,2005,2
Disorder of endocrine system,Hypoparathyroidism,2005,4
Disorder of endocrine system,Menopause Symptoms,2005,3
Disorder of endocrine system,Metabolic Syndrome,2005,9
Disorder of endocrine system,Obesity,2005,14
Disorder of endocrine system,Polycystic Ovary Syndrome,2005,4
Disorder of endocrine system,Type 1 Diabetes,2005,15
Disorder of endocrine system,Type 2 Diabetes,2005,22
Disorder of eye,Age-Related Macular Degeneration,2005,6
Disorder of eye,Cataracts,2005,1
Disorder of eye,Diabetic Macular Edema,2005,6
Disorder of eye,Diabetic Retinopathy,2005,1
Disorder of eye,Dry Eye Disease,2005,1
Disorder of eye,Glaucoma,2005,10
Disorder of eye,Inherited Retinal Diseases,2005,2
Disorder of eye,Retinal Vein Occlusion,2005,3
Disorder of eye,Uveitis,2005,3
Disorder of haemostatic system,Deep Vein Thrombosis,2005,5
Disorder of haemostatic system,Disseminated Intravascular Coagulation,2005,4
Disorder of haemostatic system,Hemophilia B,2005,2
Disorder of haemostatic system,Venous Thromboembolism,2005,1
Disorder of immune function,Graft-versus-Host Disease,2005,7
Disorder of immune function,Lupus Nephritis,2005,3
Disorder of immune function,Organ Transplant Rejection,2005,20
Disorder of immune function,Primary Immunodeficiency,2005,8
Disorder of immune function,Rheumatoid Arthritis,2005,26
Disorder of immune function,Sarcoidosis,2005,3
Disorder of immune function,Severe Combined Immunodeficiency,2005,1
Disorder of immune function,Systemic Lupus Erythematosus,2005,4
Disorder of immune function,Systemic Sclerosis,2005,2
Disorder of immune function,Vasculitis,2005,1
Disorder of labour / delivery,Preterm Labor,2005,6
Disorder of skin,Acne,2005,1
Disorder of skin,Alopecia Areata,2005,1
Disorder of skin,Atopic Dermatitis,2005,3
Disorder of skin,Chronic Urticaria,2005,8
Disorder of skin,Hidradenitis Suppurativa,2005,1
Disorder of skin,Pressure Ulcers,2005,1
Disorder of skin,Psoriasis,2005,9
Disorder of skin,Rosacea,2005,8
Disorder of skin,Vitiligo,2005,1
Disorder of skin,Wound Healing,2005,1
Disorder of the genitourinary system,Benign Prostatic Hyperplasia,2005,6
Disorder of the genitourinary system,Chronic Kidney Disease,2005,5
Disorder of the genitourinary system,End-Stage Renal Disease,2005,4
Disorder of the genitourinary system,Endometriosis,2005,5
Disorder of the genitourinary system,Erectile Dysfunction,2005,7
Disorder of the genitourinary system,Focal Segmental Glomerulosclerosis,2005,1
Disorder of the genitourinary system,IgA Nephropathy,2005,1
Disorder of the genitourinary system,Infertility,2005,3
Disorder of the genitourinary system,Interstitial Cystitis,2005,3
Disorder of the genitourinary system,Nephrotic Syndrome,2005,2
Disorder of the genitourinary system,Overactive Bladder,2005,2
Disorder of the genitourinary system,Polycystic Kidney Disease,2005,2
Disorder of the genitourinary system,Pregnancy Study,2005,3
Disorder of the genitourinary system,Urinary Incontinence,2005,6
Disorder of the genitourinary system,Uterine Fibroids,2005,1
Infection,Clostridium Difficile Infection,2005,3
Infection,Cytomegalovirus,2005,2
Infection,Fungal Infection,2005,5
Infection,HIV/AIDS,2005,44
Infection,Hepatitis B,2005,7
Infection,Hepatitis C,2005,25
Infection,Herpes Simplex Virus,2005,3
Infection,Herpes Zoster,2005,4
Infection,Influenza,2005,10
Infection,Malaria,2005,5
Infection,Osteomyelitis,2005,7
Infection,Pneumonia,2005,5
Infection,Respiratory Syncytial Virus,2005,5
Infection,Sepsis,2005,4
Infection,Sexually Transmitted Infections,2005,2
Infection,Skin and Soft Tissue Infection,2005,5
Infection,Tuberculosis,2005,1
Infection,Urinary Tract Infection,2005,1
Injury,Trauma,2005,1
Mental illness,Alcohol Use Disorder,2005,11
Mental illness,Anorexia,2005,1
Mental illness,Attention Deficit Hyperactivity Disorder,2005,13
Mental illness,Autism Spectrum Disorder,2005,3
Mental illness,Bipolar Disorder,2005,32
Mental illness,Eating Disorders,2005,4
Mental illness,Generalized Anxiety Disorder,2005,3
Mental illness,Major Depressive Disorder,2005,17
Mental illness,Obsessive-Compulsive Disorder,2005,4
Mental illness,Opioid Use Disorder,2005,7
Mental illness,Post-Traumatic Stress Disorder,2005,7
Mental illness,Postpartum Depression,2005,5
Mental illness,Schizophrenia,2005,28
Mental illness,Smoking Cessation,2005,16
Mental illness,Social Anxiety Disorder,2005,5
Mental illness,Substance Use Disorder,2005,14
Musculoskeletal disorder,Ankylosing Spondylitis,2005,3
Musculoskeletal disorder,Bone Fracture,2005,4
Musculoskeletal disorder,Fibromyalgia,2005,5
Musculoskeletal disorder,Gout,2005,2
Musculoskeletal disorder,Juvenile Idiopathic Arthritis,2005,1
Musculoskeletal disorder,Low Back Pain,2005,1
Musculoskeletal disorder,Osteoarthritis,2005,15
Musculoskeletal disorder,Osteoporosis,2005,12
Musculoskeletal disorder,Psoriatic Arthritis,2005,6
Musculoskeletal disorder,Tendinopathy,2005,2
Neoplastic disease,Acute Lymphoblastic Leukemia,2005,9
Neoplastic disease,Acute Myeloid Leukemia,2005,12
Neoplastic disease,Bladder Cancer,2005,10
Neoplastic disease,Brain Tumors,2005,17
Neoplastic disease,Breast Cancer,2005,65
Neoplastic disease,Cancer Immunotherapy,2005,15
Neoplastic disease,Cervical Cancer,2005,9
Neoplastic disease,Cholangiocarcinoma,2005,1
Neoplastic disease,Chronic Lymphocytic Leukemia,2005,7
Neoplastic disease,Chronic Myeloid Leukemia,2005,37
Neoplastic disease,Colorectal Cancer,2005,27
Neoplastic disease,Diffuse Large B-Cell Lymphoma,2005,7
Neoplastic disease,Endometrial Cancer,2005,8
Neoplastic disease,Esophageal Cancer,2005,9
Neoplastic disease,Follicular Lymphoma,2005,10
Neoplastic disease,Gastric Cancer,2005,8
Neoplastic disease,Glioblastoma,2005,10
Neoplastic disease,Head and Neck Cancer,2005,20
Neoplastic disease,Hematologic Malignancies General,2005,4
Neoplastic disease,Hepatocellular Carcinoma,2005,9
Neoplastic disease,Hodgkin Lymphoma,2005,31
Neoplastic disease,Locally Advanced Cancer,2005,8
Neoplastic disease,Mantle Cell Lymphoma,2005,4
Neoplastic disease,Melanoma,2005,23
Neoplastic disease,Mesothelioma,2005,3
Neoplastic disease,Metastatic Disease,2005,13
Neoplastic disease,Multiple Myeloma,2005,17
Neoplastic disease,Myeloproliferative Neoplasms,2005,7
Neoplastic disease,Neuroendocrine Tumors,2005,9
Neoplastic disease,Non-Hodgkin Lymphoma,2005,4
Neoplastic disease,Non-Small Cell Lung Cancer,2005,32
Neoplastic disease,Ovarian Cancer,2005,17
Neoplastic disease,Pancreatic Cancer,2005,22
Neoplastic disease,Prostate Cancer,2005,35
Neoplastic disease,Recurrent Cancer,2005,15
Neoplastic disease,Renal Cell Carcinoma,2005,17
Neoplastic disease,Sarcoma,2005,14
Neoplastic disease,Small Cell Lung Cancer,2005,21
Neoplastic disease,Solid Tumors (Advanced),2005,9
Neoplastic disease,Solid Tumors General,2005,3
Neoplastic disease,Thyroid Cancer,2005,4
Neoplastic disease,Waldenstrom Macroglobulinemia,2005,4
Neurological disorder,Alzheimer's Disease,2005,7
Neurological disorder,Amyotrophic Lateral Sclerosis,2005,2
Neurological disorder,Chronic Inflammatory Demyelinating Polyneuropathy,2005,1
Neurological disorder,Chronic Pain,2005,4
Neurological disorder,Dementia,2005,3
Neurological disorder,Duchenne Muscular Dystrophy,2005,2
Neurological disorder,Epilepsy,2005,18
Neurological disorder,Essential Tremor,2005,4
Neurological disorder,Guillain-Barré Syndrome,2005,2
Neurological disorder,Huntington's Disease,2005,4
Neurological disorder,Migraine,2005,8
Neurological disorder,Multiple Sclerosis,2005,14
Neurological disorder,Myasthenia Gravis,2005,1
Neurological disorder,Neuropathic Pain,2005,3
Neurological disorder,Parkinson's Disease,2005,11
Neurological disorder,Spinal Cord Injury,2005,4
Neurological disorder,Spinal Muscular Atrophy,2005,3
Neurological disorder,Stroke,2005,18
Neurological disorder,Traumatic Brain Injury,2005,3
Neurological disorder,Trigeminal Neuralgia,2005,2
Procedure,Anesthesia,2005,11
Procedure,Blood Transfusion,2005,3
Procedure,Medical Device Study,2005,2
Procedure,Radiation Oncology,2005,1
Procedure,Screening,2005,1
Procedure,Surgical Procedures,2005,2
Respiratory disease,Acute Respiratory Distress Syndrome,2005,1
Respiratory disease,Allergic Asthma,2005,7
Respiratory disease,Allergic Rhinitis,2005,8
Respiratory disease,Asthma,2005,21
Respiratory disease,Bronchiectasis,2005,3
Respiratory disease,Chronic Obstructive Pulmonary Disease,2005,12
Respiratory disease,Cystic Fibrosis,2005,5
Respiratory disease,Idiopathic Pulmonary Fibrosis,2005,1
Respiratory disease,Neonatal Respiratory Distress,2005,4
Respiratory disease,Pulmonary Arterial Hypertension,2005,6
Respiratory disease,Pulmonary Embolism,2005,4
Situation with explicit context,Contraception,2005,7
Situation with explicit context,Critical Illness,2005,2
Situation with explicit context,Geriatric Population,2005,2
Situation with explicit context,Healthy Volunteers,2005,37
Situation with explicit context,Pediatric Population,2005,1
Situation with explicit context,Preventive Care,2005,1
Sleep disorder,Insomnia,2005,6
Sleep disorder,Narcolepsy,2005,2
Sleep disorder,Obstructive Sleep Apnea,2005,2
Sleep disorder,Restless Legs Syndrome,2005,1
Blood disease,Anemia,2006,16
Blood disease,Hemoglobinopathies,2006,1
Blood disease,Immune Thrombocytopenia,2006,5
Blood disease,Myelodysplastic Syndromes,2006,14
Blood disease,Neutropenia,2006,1
Blood disease,Sickle Cell Disease,2006,1
Blood disease,Thalassemia,2006,2
Blood disease,Thrombotic Thrombocytopenic Purpura,2006,3
Cardiovascular disease,Acute Coronary Syndrome,2006,9
Cardiovascular disease,Aortic Stenosis,2006,11
Cardiovascular disease,Atherosclerosis,2006,16
Cardiovascular disease,Atrial Fibrillation,2006,18
Cardiovascular disease,Cardiomyopathy,2006,4
Cardiovascular disease,Coronary Artery Disease,2006,25
Cardiovascular disease,Familial Hypercholesterolemia,2006,16
Cardiovascular disease,Heart Failure,2006,31
Cardiovascular disease,Hyperlipidemia,2006,9
Cardiovascular disease,Hypertension,2006,33
Cardiovascular disease,Myocardial Infarction,2006,11
Cardiovascular disease,Peripheral Artery Disease,2006,5
Cardiovascular disease,Shock,2006,7
Cardiovascular disease,Ventricular Arrhythmias,2006,7
Clinical finding,Acute Pain,2006,25
Clinical finding,Edema,2006,3
Clinical finding,Fatigue,2006,4
Clinical finding,Fever,2006,14
Congenital disease,Lysosomal Storage Disorders,2006,11
Congenital disease,Phenylketonuria,2006,3
Disorder of digestive system,Acute Pancreatitis,2006,2
Disorder of digestive system,Celiac Disease,2006,3
Disorder of digestive system,Chronic Pancreatitis,2006,8
Disorder of digestive system,Cirrhosis,2006,4
Disorder of digestive system,Constipation,2006,6
Disorder of digestive system,Crohn's Disease,2006,14
Disorder of digestive system,Eosinophilic Esophagitis,2006,5
Disorder of digestive system,Gastroesophageal Reflux Disease,2006,18
Disorder of digestive system,Gastroparesis,2006,4
Disorder of digestive system,Inflammatory Bowel Disease,2006,2
Disorder of digestive system,Irritable Bowel Syndrome,2006,4
Disorder of digestive system,Nausea and Vomiting,2006,2
Disorder of digestive system,Nonalcoholic Fatty Liver Disease,2006,6
Disorder of digestive system,Peptic Ulcer Disease,2006,5
Disorder of digestive system,Short Bowel Syndrome,2006,8
Disorder of digestive system,Ulcerative Colitis,2006,10
Disorder of ear,Hearing Loss,2006,3
Disorder of ear,Meniere's Disease,2006,3
Disorder of ear,Otitis Media,2006,3
Disorder of ear,Tinnitus,2006,3
Disorder of endocrine system,Acromegaly,2006,4
Disorder of endocrine system,Addison's Disease,2006,1
Disorder of endocrine system,Cushing's Syndrome,2006,1
Disorder of endocrine system,Diabetic Nephropathy,2006,1
Disorder of endocrine system,Diabetic Neuropathy,2006,8
Disorder of endocrine system,Gestational Diabetes,2006,29
Disorder of endocrine system,Growth Hormone Deficiency,2006,1
Disorder of endocrine system,Hyperparathyroidism,2006,3
Disorder of endocrine system,Hypogonadism,2006,4
Disorder of endocrine system,Hypoparathyroidism,2006,6
Disorder of endocrine system,Hypothyroidism,2006,3
Disorder of endocrine system,Menopause Symptoms,2006,4
Disorder of endocrine system,Metabolic Syndrome,2006,12
Disorder of endocrine system,Obesity,2006,25
Disorder of endocrine system,Polycystic Ovary Syndrome,2006,4
Disorder of endocrine system,Type 1 Diabetes,2006,12
Disorder of endocrine system,Type 2 Diabetes,2006,42
Disorder of eye,Age-Related Macular Degeneration,2006,11
Disorder of eye,Cataracts,2006,4
Disorder of eye,Conjunctivitis,2006,5
Disorder of eye,Diabetic Macular Edema,2006,4
Disorder of eye,Diabetic Retinopathy,2006,2
Disorder of eye,Glaucoma,2006,11
Disorder of eye,Inherited Retinal Diseases,2006,4
Disorder of eye,Retinal Vein Occlusion,2006,7
Disorder of eye,Uveitis,2006,3
Disorder of haemostatic system,Deep Vein Thrombosis,2006,5
Disorder of haemostatic system,Disseminated Intravascular Coagulation,2006,7
Disorder of haemostatic system,Hemophilia A,2006,6
Disorder of haemostatic system,Hemophilia B,2006,1
Disorder of haemostatic system,Venous Thromboembolism,2006,14
Disorder of immune function,Common Variable Immunodeficiency,2006,1
Disorder of immune function,Food Allergy,2006,1
Disorder of immune function,Graft-versus-Host Disease,2006,6
Disorder of immune function,Lupus Nephritis,2006,2
Disorder of immune function,Organ Transplant Rejection,2006,20
Disorder of immune function,Primary Immunodeficiency,2006,8
Disorder of immune function,Rheumatoid Arthritis,2006,38
Disorder of immune function,Sarcoidosis,2006,8
Disorder of immune function,Severe Combined Immunodeficiency,2006,1
Disorder of immune function,Sjögren's Syndrome,2006,1
Disorder of immune function,Systemic Lupus Erythematosus,2006,3
Disorder of immune function,Systemic Sclerosis,2006,3
Disorder of labour / delivery,Preterm Labor,2006,10
Disorder of skin,Acne,2006,7
Disorder of skin,Alopecia Areata,2006,2
Disorder of skin,Atopic Dermatitis,2006,8
Disorder of skin,Chronic Urticaria,2006,3
Disorder of skin,Hidradenitis Suppurativa,2006,4
Disorder of skin,Pressure Ulcers,2006,1
Disorder of skin,Psoriasis,2006,17
Disorder of skin,Rosacea,2006,12
Disorder of skin,Vitiligo,2006,1
Disorder of skin,Wound Healing,2006,2
Disorder of the genitourinary system,Acute Kidney Injury,2006,4
Disorder of the genitourinary system,Benign Prostatic Hyperplasia,2006,8
Disorder of the genitourinary system,Chronic Kidney Disease,2006,15
Disorder of the genitourinary system,End-Stage Renal Disease,2006,5
Disorder of the genitourinary system,Endometriosis,2006,6
Disorder of the genitourinary system,Erectile Dysfunction,2006,7
Disorder of the genitourinary system,Focal Segmental Glomerulosclerosis,2006,1
Disorder of the genitourinary system,IgA Nephropathy,2006,2
Disorder of the genitourinary system,Infertility,2006,8
Disorder of the genitourinary system,Nephrotic Syndrome,2006,1
Disorder of the genitourinary system,Overactive Bladder,2006,10
Disorder of the genitourinary system,Polycystic Kidney Disease,2006,8
Disorder of the genitourinary system,Preeclampsia,2006,2
Disorder of the genitourinary system,Pregnancy Study,2006,6
Disorder of the genitourinary system,Urinary Incontinence,2006,10
Disorder of the genitourinary system,Uterine Fibroids,2006,12
Infection,Clostridium Difficile Infection,2006,5
Infection,Cytomegalovirus,2006,13
Infection,Fungal Infection,2006,12
Infection,HIV/AIDS,2006,63
Infection,Hepatitis B,2006,28
Infection,Hepatitis C,2006,12
Infection,Herpes Simplex Virus,2006,4
Infection,Herpes Zoster,2006,1
Infection,Influenza,2006,18
Infection,Malaria,2006,12
Infection,Osteomyelitis,2006,10
Infection,Pneumonia,2006,2
Infection,Respiratory Syncytial Virus,2006,11
Infection,Sepsis,2006,3
Infection,Sexually Transmitted Infections,2006,3
Infection,Skin and Soft Tissue Infection,2006,13
Infection,Tuberculosis,2006,2
Infection,Urinary Tract Infection,2006,5
Injury,Burns,2006,4
Injury,Trauma,2006,3
Mental illness,Alcohol Use Disorder,2006,17
Mental illness,Anorexia,2006,5
Mental illness,Attention Deficit Hyperactivity Disorder,2006,16
Mental illness,Autism Spectrum Disorder,2006,9
Mental illness,Bipolar Disorder,2006,25
Mental illness,Delirium,2006,4
Mental illness,Eating Disorders,2006,1
Mental illness,Generalized Anxiety Disorder,2006,3
Mental illness,Major Depressive Disorder,2006,44
Mental illness,Obsessive-Compulsive Disorder,2006,11
Mental illness,Opioid Use Disorder,2006,5
Mental illness,Panic Disorder,2006,1
Mental illness,Post-Traumatic Stress Disorder,2006,13
Mental illness,Postpartum Depression,2006,2
Mental illness,Schizophrenia,2006,38
Mental illness,Smoking Cessation,2006,13
Mental illness,Social Anxiety Disorder,2006,16
Mental illness,Substance Use Disorder,2006,23
Musculoskeletal disorder,Ankylosing Spondylitis,2006,4
Musculoskeletal disorder,Bone Fracture,2006,7
Musculoskeletal disorder,Fibromyalgia,2006,12
Musculoskeletal disorder,Gout,2006,4
Musculoskeletal disorder,Juvenile Idiopathic Arthritis,2006,1
Musculoskeletal disorder,Low Back Pain,2006,13
Musculoskeletal disorder,Osteoarthritis,2006,35
Musculoskeletal disorder,Osteoporosis,2006,36
Musculoskeletal disorder,Psoriatic Arthritis,2006,7
Musculoskeletal disorder,Tendinopathy,2006,3
Neoplastic disease,Acute Lymphoblastic Leukemia,2006,15
Neoplastic disease,Acute Myeloid Leukemia,2006,14
Neoplastic disease,Bladder Cancer,2006,16
Neoplastic disease,Brain Tumors,2006,29
Neoplastic disease,Breast Cancer,2006,98
Neoplastic disease,Cancer Immunotherapy,2006,15
Neoplastic disease,Cervical Cancer,2006,18
Neoplastic disease,Cholangiocarcinoma,2006,6
Neoplastic disease,Chronic Lymphocytic Leukemia,2006,6
Neoplastic disease,Chronic Myeloid Leukemia,2006,37
Neoplastic disease,Colorectal Cancer,2006,31
Neoplastic disease,Diffuse Large B-Cell Lymphoma,2006,6
Neoplastic disease,Endometrial Cancer,2006,12
Neoplastic disease,Esophageal Cancer,2006,13
Neoplastic disease,Follicular Lymphoma,2006,7
Neoplastic disease,Gastric Cancer,2006,11
Neoplastic disease,Glioblastoma,2006,21
Neoplastic disease,Head and Neck Cancer,2006,30
Neoplastic disease,Hematologic Malignancies General,2006,9
Neoplastic disease,Hepatocellular Carcinoma,2006,10
Neoplastic disease,Hodgkin Lymphoma,2006,40
Neoplastic disease,Locally Advanced Cancer,2006,16
Neoplastic disease,Mantle Cell Lymphoma,2006,2
Neoplastic disease,Melanoma,2006,20
Neoplastic disease,Mesothelioma,2006,5
Neoplastic disease,Metastatic Disease,2006,19
Neoplastic disease,Multiple Myeloma,2006,21
Neoplastic disease,Myeloproliferative Neoplasms,2006,5
Neoplastic disease,Neuroendocrine Tumors,2006,12
Neoplastic disease,Non-Hodgkin Lymphoma,2006,4
Neoplastic disease,Non-Small Cell Lung Cancer,2006,51
Neoplastic disease,Ovarian Cancer,2006,23
Neoplastic disease,Pancreatic Cancer,2006,32
Neoplastic disease,Prostate Cancer,2006,51
Neoplastic disease,Recurrent Cancer,2006,17
Neoplastic disease,Renal Cell Carcinoma,2006,23
Neoplastic disease,Sarcoma,2006,14
Neoplastic disease,Small Cell Lung Cancer,2006,35
Neoplastic disease,Solid Tumors (Advanced),2006,11
Neoplastic disease,Solid Tumors General,2006,5
Neoplastic disease,Thyroid Cancer,2006,8
Neoplastic disease,Waldenstrom Macroglobulinemia,2006,3
Neurological disorder,Alzheimer's Disease,2006,16
Neurological disorder,Amyotrophic Lateral Sclerosis,2006,5
Neurological disorder,Chronic Inflammatory Demyelinating Polyneuropathy,2006,1
Neurological disorder,Chronic Pain,2006,3
Neurological disorder,Dementia,2006,2
Neurological disorder,Epilepsy,2006,28
Neurological disorder,Essential Tremor,2006,4
Neurological disorder,Guillain-Barré Syndrome,2006,1
Neurological disorder,Huntington's Disease,2006,2
Neurological disorder,Migraine,2006,23
Neurological disorder,Multiple Sclerosis,2006,23
Neurological disorder,Myasthenia Gravis,2006,3
Neurological disorder,Neuropathic Pain,2006,6
Neurological disorder,Parkinson's Disease,2006,26
Neurological disorder,Spinal Cord Injury,2006,10
Neurological disorder,Stroke,2006,20
Neurological disorder,Traumatic Brain Injury,2006,2
Neurological disorder,Trigeminal Neuralgia,2006,4
Procedure,Anesthesia,2006,10
Procedure,Bioequivalence Study,2006,1
Procedure,Blood Transfusion,2006,3
Procedure,Mechanical Ventilation,2006,3
Procedure,Medical Device Study,2006,1
Procedure,Screening,2006,1
Procedure,Surgical Procedures,2006,7
Respiratory disease,Acute Respiratory Distress Syndrome,2006,4
Respiratory disease,Allergic Asthma,2006,12
Respiratory disease,Allergic Rhinitis,2006,16
Respiratory disease,Asthma,2006,42
Respiratory disease,Bronchiectasis,2006,13
Respiratory disease,Chronic Obstructive Pulmonary Disease,2006,27
Respiratory disease,Cystic Fibrosis,2006,12
Respiratory disease,Idiopathic Pulmonary Fibrosis,2006,8
Respiratory disease,Neonatal Respiratory Distress,2006,2
Respiratory disease,Pulmonary Arterial Hypertension,2006,14
Respiratory disease,Pulmonary Embolism,2006,4
Respiratory disease,Severe Asthma,2006,1
Situation with explicit context,Contraception,2006,10
Situation with explicit context,Critical Illness,2006,1
Situation with explicit context,Geriatric Population,2006,4
Situation with explicit context,Healthy Volunteers,2006,27
Situation with explicit context,Pediatric Population,2006,2
Situation with explicit context,Post-Operative Care,2006,4
Situation with explicit context,Preventive Care,2006,3
Situation with explicit context,Vaccination,2006,7
Sleep disorder,Insomnia,2006,14
Sleep disorder,Narcolepsy,2006,1
Sleep disorder,Obstructive Sleep Apnea,2006,9
Sleep disorder,Restless Legs Syndrome,2006,12
Blood disease,Anemia,2007,26
Blood disease,Hemoglobinopathies,2007,1
Blood disease,Immune Thrombocytopenia,2007,6
Blood disease,Myelodysplastic Syndromes,2007,27
Blood disease,Neutropenia,2007,1
Blood disease,Sickle Cell Disease,2007,3
Blood disease,Thalassemia,2007,1
Blood disease,Thrombotic Thrombocytopenic Purpura,2007,8
Cardiovascular disease,Acute Coronary Syndrome,2007,11
Cardiovascular disease,Aortic Stenosis,2007,16
Cardiovascular disease,Atherosclerosis,2007,11
Cardiovascular disease,Atrial Fibrillation,2007,21
Cardiovascular disease,Cardiomyopathy,2007,8
Cardiovascular disease,Coronary Artery Disease,2007,31
Cardiovascular disease,Familial Hypercholesterolemia,2007,25
Cardiovascular disease,Heart Failure,2007,25
Cardiovascular disease,Hyperlipidemia,2007,16
Cardiovascular disease,Hypertension,2007,47
Cardiovascular disease,Mitral Regurgitation,2007,3
Cardiovascular disease,Myocardial Infarction,2007,9
Cardiovascular disease,Peripheral Artery Disease,2007,3
Cardiovascular disease,Shock,2007,1
Cardiovascular disease,Ventricular Arrhythmias,2007,6
Clinical finding,Acute Pain,2007,38
Clinical finding,Edema,2007,6
Clinical finding,Fatigue,2007,2
Clinical finding,Fever,2007,10
Congenital disease,Lysosomal Storage Disorders,2007,12
Disorder of body system,Cachexia,2007,6
Disorder of digestive system,Acute Pancreatitis,2007,5
Disorder of digestive system,Chronic Pancreatitis,2007,16
Disorder of digestive system,Cirrhosis,2007,7
Disorder of digestive system,Constipation,2007,12
Disorder of digestive system,Crohn's Disease,2007,12
Disorder of digestive system,Eosinophilic Esophagitis,2007,12
Disorder of digestive system,Gastroesophageal Reflux Disease,2007,12
Disorder of digestive system,Gastroparesis,2007,2
Disorder of digestive system,Inflammatory Bowel Disease,2007,4
Disorder of digestive system,Irritable Bowel Syndrome,2007,3
Disorder of digestive system,Malnutrition,2007,1
Disorder of digestive system,Nausea and Vomiting,2007,12
Disorder of digestive system,Nonalcoholic Fatty Liver Disease,2007,3
Disorder of digestive system,Peptic Ulcer Disease,2007,16
Disorder of digestive system,Short Bowel Syndrome,2007,5
Disorder of digestive system,Ulcerative Colitis,2007,25
Disorder of ear,Hearing Loss,2007,6
Disorder of ear,Meniere's Disease,2007,3
Disorder of ear,Otitis Media,2007,7
Disorder of endocrine system,Acromegaly,2007,5
Disorder of endocrine system,Addison's Disease,2007,1
Disorder of endocrine system,Cushing's Syndrome,2007,4
Disorder of endocrine system,Diabetic Nephropathy,2007,3
Disorder of endocrine system,Diabetic Neuropathy,2007,7
Disorder of endocrine system,Gestational Diabetes,2007,40
Disorder of endocrine system,Growth Hormone Deficiency,2007,6
Disorder of endocrine system,Hyperparathyroidism,2007,8
Disorder of endocrine system,Hypogonadism,2007,9
Disorder of endocrine system,Hypoparathyroidism,2007,7
Disorder of endocrine system,Menopause Symptoms,2007,10
Disorder of endocrine system,Metabolic Syndrome,2007,18
Disorder of endocrine system,Obesity,2007,41
Disorder of endocrine system,Polycystic Ovary Syndrome,2007,5
Disorder of endocrine system,Type 1 Diabetes,2007,17
Disorder of endocrine system,Type 2 Diabetes,2007,67
Disorder of eye,Age-Related Macular Degeneration,2007,15
Disorder of eye,Cataracts,2007,21
Disorder of eye,Conjunctivitis,2007,15
Disorder of eye,Diabetic Macular Edema,2007,7
Disorder of eye,Diabetic Retinopathy,2007,5
Disorder of eye,Dry Eye Disease,2007,13
Disorder of eye,Glaucoma,2007,32
Disorder of eye,Inherited Retinal Diseases,2007,7
Disorder of eye,Retinal Vein Occlusion,2007,17
Disorder of eye,Uveitis,2007,2
Disorder of haemostatic system,Deep Vein Thrombosis,2007,12
Disorder of haemostatic system,Disseminated Intravascular Coagulation,2007,6
Disorder of haemostatic system,Hemophilia A,2007,3
Disorder of haemostatic system,Hemophilia B,2007,3
Disorder of haemostatic system,Venous Thromboembolism,2007,20
Disorder of immune function,Common Variable Immunodeficiency,2007,2
Disorder of immune function,Food Allergy,2007,2
Disorder of immune function,Graft-versus-Host Disease,2007,7
Disorder of immune function,Lupus Nephritis,2007,3
Disorder of immune function,Organ Transplant Rejection,2007,23
Disorder of immune function,Primary Immunodeficiency,2007,8
Disorder of immune function,Rheumatoid Arthritis,2007,49
Disorder of immune function,Sarcoidosis,2007,5
Disorder of immune function,Severe Combined Immunodeficiency,2007,3
Disorder of immune function,Sjögren's Syndrome,2007,3
Disorder of immune function,Systemic Lupus Erythematosus,2007,4
Disorder of immune function,Systemic Sclerosis,2007,4
Disorder of labour / delivery,Preterm Labor,2007,11
Disorder of skin,Acne,2007,14
Disorder of skin,Alopecia Areata,2007,3
Disorder of skin,Atopic Dermatitis,2007,11
Disorder of skin,Chronic Urticaria,2007,7
Disorder of skin,Hidradenitis Suppurativa,2007,2
Disorder of skin,Psoriasis,2007,37
Disorder of skin,Rosacea,2007,11
Disorder of skin,Vitiligo,2007,1
Disorder of skin,Wound Healing,2007,6
Disorder of the genitourinary system,Acute Kidney Injury,2007,2
Disorder of the genitourinary system,Benign Prostatic Hyperplasia,2007,7
Disorder of the genitourinary system,Chronic Kidney Disease,2007,19
Disorder of the genitourinary system,End-Stage Renal Disease,2007,7
Disorder of the genitourinary system,Endometriosis,2007,13
Disorder of the genitourinary system,Erectile Dysfunction,2007,11
Disorder of the genitourinary system,IgA Nephropathy,2007,1
Disorder of the genitourinary system,Infertility,2007,10
Disorder of the genitourinary system,Interstitial Cystitis,2007,3
Disorder of the genitourinary system,Nephrotic Syndrome,2007,5
Disorder of the genitourinary system,Overactive Bladder,2007,15
Disorder of the genitourinary system,Polycystic Kidney Disease,2007,2
Disorder of the genitourinary system,Pregnancy Study,2007,6
Disorder of the genitourinary system,Urinary Incontinence,2007,13
Disorder of the genitourinary system,Uterine Fibroids,2007,3
Infection,COVID-19,2007,1
Infection,Clostridium Difficile Infection,2007,1
Infection,Cytomegalovirus,2007,12
Infection,Fungal Infection,2007,20
Infection,HIV/AIDS,2007,58
Infection,Helicobacter Pylori,2007,2
Infection,Hepatitis B,2007,18
Infection,Hepatitis C,2007,40
Infection,Herpes Simplex Virus,2007,8
Infection,Herpes Zoster,2007,13
Infection,Influenza,2007,46
Infection,Malaria,2007,13
Infection,Osteomyelitis,2007,13
Infection,Pneumonia,2007,17
Infection,Respiratory Syncytial Virus,2007,20
Infection,Sepsis,2007,8
Infection,Sexually Transmitted Infections,2007,1
Infection,Skin and Soft Tissue Infection,2007,21
Infection,Tuberculosis,2007,5
Infection,Urinary Tract Infection,2007,13
Injury,Burns,2007,5
Injury,Trauma,2007,7
Mental illness,Alcohol Use Disorder,2007,17
Mental illness,Anorexia,2007,5
Mental illness,Attention Deficit Hyperactivity Disorder,2007,28
Mental illness,Autism Spectrum Disorder,2007,7
Mental illness,Bipolar Disorder,2007,28
Mental illness,Delirium,2007,1
Mental illness,Eating Disorders,2007,2
Mental illness,Generalized Anxiety Disorder,2007,1
Mental illness,Major Depressive Disorder,2007,50
Mental illness,Obsessive-Compulsive Disorder,2007,3
Mental illness,Opioid Use Disorder,2007,13
Mental illness,Panic Disorder,2007,4
Mental illness,Post-Traumatic Stress Disorder,2007,9
Mental illness,Postpartum Depression,2007,3
Mental illness,Schizophrenia,2007,47
Mental illness,Smoking Cessation,2007,21
Mental illness,Social Anxiety Disorder,2007,7
Mental illness,Substance Use Disorder,2007,22
Musculoskeletal disorder,Ankylosing Spondylitis,2007,4
Musculoskeletal disorder,Bone Fracture,2007,8
Musculoskeletal disorder,Fibromyalgia,2007,14
Musculoskeletal disorder,Gout,2007,6
Musculoskeletal disorder,Juvenile Idiopathic Arthritis,2007,3
Musculoskeletal disorder,Low Back Pain,2007,18
Musculoskeletal disorder,Osteoarthritis,2007,35
Musculoskeletal disorder,Osteoporosis,2007,32
Musculoskeletal disorder,Psoriatic Arthritis,2007,3
Musculoskeletal disorder,Tendinopathy,2007,10
Neoplastic disease,Acute Lymphoblastic Leukemia,2007,18
Neoplastic disease,Acute Myeloid Leukemia,2007,18
Neoplastic disease,Bladder Cancer,2007,15
Neoplastic disease,Brain Tumors,2007,31
Neoplastic disease,Breast Cancer,2007,102
Neoplastic disease,Cancer Immunotherapy,2007,16
Neoplastic disease,Cancer Supportive Care,2007,2
Neoplastic disease,Cervical Cancer,2007,24
Neoplastic disease,Cholangiocarcinoma,2007,4
Neoplastic disease,Chronic Lymphocytic Leukemia,2007,7
Neoplastic disease,Chronic Myeloid Leukemia,2007,34
Neoplastic disease,Colorectal Cancer,2007,34
Neoplastic disease,Diffuse Large B-Cell Lymphoma,2007,10
Neoplastic disease,Endometrial Cancer,2007,15
Neoplastic disease,Esophageal Cancer,2007,7
Neoplastic disease,Follicular Lymphoma,2007,11
Neoplastic disease,Gastric Cancer,2007,7
Neoplastic disease,Glioblastoma,2007,35
Neoplastic disease,Head and Neck Cancer,2007,29
Neoplastic disease,Hematologic Malignancies General,2007,3
Neoplastic disease,Hepatocellular Carcinoma,2007,19
Neoplastic disease,Hodgkin Lymphoma,2007,27
Neoplastic disease,Locally Advanced Cancer,2007,19
Neoplastic disease,Mantle Cell Lymphoma,2007,6
Neoplastic disease,Melanoma,2007,29
Neoplastic disease,Mesothelioma,2007,6
Neoplastic disease,Metastatic Disease,2007,21
Neoplastic disease,Multiple Myeloma,2007,36
Neoplastic disease,Myeloproliferative Neoplasms,2007,4
Neoplastic disease,Neuroendocrine Tumors,2007,12
Neoplastic disease,Non-Hodgkin Lymphoma,2007,2
Neoplastic disease,Non-Small Cell Lung Cancer,2007,51
Neoplastic disease,Ovarian Cancer,2007,25
Neoplastic disease,Pancreatic Cancer,2007,28
Neoplastic disease,Prostate Cancer,2007,57
Neoplastic disease,Recurrent Cancer,2007,23
Neoplastic disease,Renal Cell Carcinoma,2007,29
Neoplastic disease,Sarcoma,2007,14
Neoplastic disease,Small Cell Lung Cancer,2007,30
Neoplastic disease,Solid Tumors (Advanced),2007,5
Neoplastic disease,Solid Tumors General,2007,4
Neoplastic disease,Thyroid Cancer,2007,5
Neoplastic disease,Waldenstrom Macroglobulinemia,2007,3
Neurological disorder,Alzheimer's Disease,2007,37
Neurological disorder,Amyotrophic Lateral Sclerosis,2007,3
Neurological disorder,Chronic Pain,2007,4
Neurological disorder,Dementia,2007,3
Neurological disorder,Duchenne Muscular Dystrophy,2007,5
Neurological disorder,Epilepsy,2007,35
Neurological disorder,Essential Tremor,2007,6
Neurological disorder,Guillain-Barré Syndrome,2007,1
Neurological disorder,Migraine,2007,19
Neurological disorder,Multiple Sclerosis,2007,21
Neurological disorder,Myasthenia Gravis,2007,3
Neurological disorder,Neuropathic Pain,2007,2
Neurological disorder,Parkinson's Disease,2007,36
Neurological disorder,Spinal Cord Injury,2007,6
Neurological disorder,Spinal Muscular Atrophy,2007,9
Neurological disorder,Stroke,2007,17
Neurological disorder,Traumatic Brain Injury,2007,4
Neurological disorder,Trigeminal Neuralgia,2007,15
Procedure,Anesthesia,2007,5
Procedure,Blood Transfusion,2007,6
Procedure,Mechanical Ventilation,2007,6
Procedure,Medical Device Study,2007,3
Procedure,Surgical Procedures,2007,6
Respiratory disease,Acute Respiratory Distress Syndrome,2007,7
Respiratory disease,Allergic Asthma,2007,13
Respiratory disease,Allergic Rhinitis,2007,21
Respiratory disease,Asthma,2007,56
Respiratory disease,Bronchiectasis,2007,9
Respiratory disease,Chronic Obstructive Pulmonary Disease,2007,43
Respiratory disease,Cystic Fibrosis,2007,14
Respiratory disease,Idiopathic Pulmonary Fibrosis,2007,5
Respiratory disease,Neonatal Respiratory Distress,2007,6
Respiratory disease,Pulmonary Arterial Hypertension,2007,6
Respiratory disease,Pulmonary Embolism,2007,3
Respiratory disease,Severe Asthma,2007,1
Situation with explicit context,Contraception,2007,17
Situation with explicit context,Critical Illness,2007,2
Situation with explicit context,Drug-Drug Interaction,2007,8
Situation with explicit context,Geriatric Population,2007,5
Situation with explicit context,Healthy Volunteers,2007,61
Situation with explicit context,Pediatric Population,2007,1
Situation with explicit context,Post-Operative Care,2007,10
Situation with explicit context,Preventive Care,2007,2
Situation with explicit context,Vaccination,2007,8
Sleep disorder,Insomnia,2007,18
Sleep disorder,Narcolepsy,2007,2
Sleep disorder,Obstructive Sleep Apnea,2007,10
Sleep disorder,Restless Legs Syndrome,2007,8
Blood disease,Anemia,2008,29
Blood disease,Immune Thrombocytopenia,2008,3
Blood disease,Myelodysplastic Syndromes,2008,18
Blood disease,Neutropenia,2008,4
Blood disease,Sickle Cell Disease,2008,7
Blood disease,Thalassemia,2008,3
Blood disease,Thrombotic Thrombocytopenic Purpura,2008,5
Cardiovascular disease,Acute Coronary Syndrome,2008,10
Cardiovascular disease,Aortic Stenosis,2008,18
Cardiovascular disease,Atherosclerosis,2008,15
Cardiovascular disease,Atrial Fibrillation,2008,14
Cardiovascular disease,Cardiomyopathy,2008,8
Cardiovascular disease,Coronary Artery Disease,2008,34
Cardiovascular disease,Familial Hypercholesterolemia,2008,14
Cardiovascular disease,Heart Failure,2008,36
Cardiovascular disease,Hyperlipidemia,2008,14
Cardiovascular disease,Hypertension,2008,67
Cardiovascular disease,Mitral Regurgitation,2008,5
Cardiovascular disease,Myocardial Infarction,2008,13
Cardiovascular disease,Peripheral Artery Disease,2008,9
Cardiovascular disease,Shock,2008,2
Cardiovascular disease,Ventricular Arrhythmias,2008,5
Clinical finding,Acute Pain,2008,60
Clinical finding,Edema,2008,6
Clinical finding,Fatigue,2008,4
Clinical finding,Fever,2008,7
Congenital disease,Lysosomal Storage Disorders,2008,13
Congenital disease,Phenylketonuria,2008,3
Disorder of body system,Cachexia,2008,2
Disorder of digestive system,Acute Pancreatitis,2008,4
Disorder of digestive system,Celiac Disease,2008,2
Disorder of digestive system,Chronic Pancreatitis,2008,12
Disorder of digestive system,Cirrhosis,2008,5
Disorder of digestive system,Constipation,2008,10
Disorder of digestive system,Crohn's Disease,2008,13
Disorder of digestive system,Eosinophilic Esophagitis,2008,15
Disorder of digestive system,Gastroesophageal Reflux Disease,2008,15
Disorder of digestive system,Gastroparesis,2008,7
Disorder of digestive system,Inflammatory Bowel Disease,2008,8
Disorder of digestive system,Irritable Bowel Syndrome,2008,8
Disorder of digestive system,Malnutrition,2008,2
Disorder of digestive system,Nausea and Vomiting,2008,13
Disorder of digestive system,Nonalcoholic Fatty Liver Disease,2008,12
Disorder of digestive system,Peptic Ulcer Disease,2008,9
Disorder of digestive system,Short Bowel Syndrome,2008,5
Disorder of digestive system,Ulcerative Colitis,2008,16
Disorder of ear,Hearing Loss,2008,7
Disorder of ear,Meniere's Disease,2008,3
Disorder of ear,Otitis Media,2008,6
Disorder of ear,Tinnitus,2008,3
Disorder of endocrine system,Acromegaly,2008,7
Disorder of endocrine system,Cushing's Syndrome,2008,1
Disorder of endocrine system,Diabetic Nephropathy,2008,4
Disorder of endocrine system,Diabetic Neuropathy,2008,11
Disorder of endocrine system,Gestational Diabetes,2008,65
Disorder of endocrine system,Growth Hormone Deficiency,2008,3
Disorder of endocrine system,Hyperparathyroidism,2008,6
Disorder of endocrine system,Hypogonadism,2008,4
Disorder of endocrine system,Hypoparathyroidism,2008,8
Disorder of endocrine system,Hypothyroidism,2008,2
Disorder of endocrine system,Menopause Symptoms,2008,9
Disorder of endocrine system,Metabolic Syndrome,2008,14
Disorder of endocrine system,Obesity,2008,43
Disorder of endocrine system,Polycystic Ovary Syndrome,2008,6
Disorder of endocrine system,Type 1 Diabetes,2008,24
Disorder of endocrine system,Type 2 Diabetes,2008,114
Disorder of eye,Age-Related Macular Degeneration,2008,13
Disorder of eye,Cataracts,2008,20
Disorder of eye,Conjunctivitis,2008,15
Disorder of eye,Diabetic Macular Edema,2008,6
Disorder of eye,Diabetic Retinopathy,2008,11
Disorder of eye,Dry Eye Disease,2008,13
Disorder of eye,Glaucoma,2008,40
Disorder of eye,Inherited Retinal Diseases,2008,9
Disorder of eye,Retinal Vein Occlusion,2008,12
Disorder of eye,Uveitis,2008,3
Disorder of haemostatic system,Deep Vein Thrombosis,2008,5
Disorder of haemostatic system,Disseminated Intravascular Coagulation,2008,6
Disorder of haemostatic system,Hemophilia A,2008,6
Disorder of haemostatic system,Hemophilia B,2008,3
Disorder of haemostatic system,Venous Thromboembolism,2008,19
Disorder of haemostatic system,Von Willebrand Disease,2008,3
Disorder of immune function,Common Variable Immunodeficiency,2008,1
Disorder of immune function,Food Allergy,2008,3
Disorder of immune function,Graft-versus-Host Disease,2008,8
Disorder of immune function,Lupus Nephritis,2008,5
Disorder of immune function,Organ Transplant Rejection,2008,24
Disorder of immune function,Primary Immunodeficiency,2008,7
Disorder of immune function,Rheumatoid Arthritis,2008,51
Disorder of immune function,Sarcoidosis,2008,7
Disorder of immune function,Severe Combined Immunodeficiency,2008,2
Disorder of immune function,Sjögren's Syndrome,2008,2
Disorder of immune function,Systemic Lupus Erythematosus,2008,7
Disorder of immune function,Systemic Sclerosis,2008,3
Disorder of labour / delivery,Preterm Labor,2008,15
Disorder of skin,Acne,2008,19
Disorder of skin,Alopecia Areata,2008,1
Disorder of skin,Atopic Dermatitis,2008,28
Disorder of skin,Chronic Urticaria,2008,1
Disorder of skin,Hidradenitis Suppurativa,2008,4
Disorder of skin,Pressure Ulcers,2008,2
Disorder of skin,Psoriasis,2008,47
Disorder of skin,Rosacea,2008,9
Disorder of skin,Vitiligo,2008,7
Disorder of skin,Wound Healing,2008,12
Disorder of the genitourinary system,Acute Kidney Injury,2008,2
Disorder of the genitourinary system,Benign Prostatic Hyperplasia,2008,4
Disorder of the genitourinary system,Chronic Kidney Disease,2008,22
Disorder of the genitourinary system,End-Stage Renal Disease,2008,14
Disorder of the genitourinary system,Endometriosis,2008,6
Disorder of the genitourinary system,Erectile Dysfunction,2008,12
Disorder of the genitourinary system,Focal Segmental Glomerulosclerosis,2008,1
Disorder of the genitourinary system,IgA Nephropathy,2008,2
Disorder of the genitourinary system,Infertility,2008,7
Disorder of the genitourinary system,Interstitial Cystitis,2008,4
Disorder of the genitourinary system,Nephrotic Syndrome,2008,2
Disorder of the genitourinary system,Overactive Bladder,2008,16
Disorder of the genitourinary system,Polycystic Kidney Disease,2008,1
Disorder of the genitourinary system,Preeclampsia,2008,2
Disorder of the genitourinary system,Pregnancy Study,2008,6
Disorder of the genitourinary system,Urinary Incontinence,2008,22
Disorder of the genitourinary system,Uterine Fibroids,2008,7
Infection,COVID-19,2008,1
Infection,Clostridium Difficile Infection,2008,2
Infection,Cytomegalovirus,2008,9
Infection,Fungal Infection,2008,30
Infection,HIV/AIDS,2008,68
Infection,Helicobacter Pylori,2008,5
Infection,Hepatitis B,2008,13
Infection,Hepatitis C,2008,37
Infection,Herpes Simplex Virus,2008,11
Infection,Herpes Zoster,2008,3
Infection,Influenza,2008,40
Infection,Malaria,2008,4
Infection,Osteomyelitis,2008,18
Infection,Pneumonia,2008,8
Infection,Respiratory Syncytial Virus,2008,9
Infection,Sepsis,2008,8
Infection,Sexually Transmitted Infections,2008,3
Infection,Skin and Soft Tissue Infection,2008,28
Infection,Tuberculosis,2008,8
Infection,Urinary Tract Infection,2008,11
Injury,Burns,2008,1
Injury,Overdose,2008,1
Injury,Trauma,2008,5
Mental illness,Alcohol Use Disorder,2008,21
Mental illness,Anorexia,2008,2
Mental illness,Attention Deficit Hyperactivity Disorder,2008,31
Mental illness,Autism Spectrum Disorder,2008,8
Mental illness,Bipolar Disorder,2008,28
Mental illness,Delirium,2008,5
Mental illness,Eating Disorders,2008,4
Mental illness,Generalized Anxiety Disorder,2008,9
Mental illness,Major Depressive Disorder,2008,63
Mental illness,Obsessive-Compulsive Disorder,2008,8
Mental illness,Opioid Use Disorder,2008,17
Mental illness,Panic Disorder,2008,5
Mental illness,Post-Traumatic Stress Disorder,2008,23
Mental illness,Postpartum Depression,2008,6
Mental illness,Schizophrenia,2008,54
Mental illness,Smoking Cessation,2008,29
Mental illness,Social Anxiety Disorder,2008,9
Mental illness,Substance Use Disorder,2008,28
Musculoskeletal disorder,Ankylosing Spondylitis,2008,8
Musculoskeletal disorder,Bone Fracture,2008,15
Musculoskeletal disorder,Fibromyalgia,2008,10
Musculoskeletal disorder,Gout,2008,9
Musculoskeletal disorder,Juvenile Idiopathic Arthritis,2008,4
Musculoskeletal disorder,Low Back Pain,2008,21
Musculoskeletal disorder,Osteoarthritis,2008,38
Musculoskeletal disorder,Osteoporosis,2008,36
Musculoskeletal disorder,Psoriatic Arthritis,2008,2
Musculoskeletal disorder,Tendinopathy,2008,6
Neoplastic disease,Acute Lymphoblastic Leukemia,2008,18
Neoplastic disease,Acute Myeloid Leukemia,2008,21
Neoplastic disease,Bladder Cancer,2008,23
Neoplastic disease,Brain Tumors,2008,21
Neoplastic disease,Breast Cancer,2008,102
Neoplastic disease,Cancer Immunotherapy,2008,14
Neoplastic disease,Cancer Supportive Care,2008,1
Neoplastic disease,Cervical Cancer,2008,17
Neoplastic disease,Cholangiocarcinoma,2008,2
Neoplastic disease,Chronic Lymphocytic Leukemia,2008,11
Neoplastic disease,Chronic Myeloid Leukemia,2008,28
Neoplastic disease,Colorectal Cancer,2008,35
Neoplastic disease,Diffuse Large B-Cell Lymphoma,2008,2
Neoplastic disease,Endometrial Cancer,2008,13
Neoplastic disease,Esophageal Cancer,2008,12
Neoplastic disease,Follicular Lymphoma,2008,15
Neoplastic disease,Gastric Cancer,2008,7
Neoplastic disease,Glioblastoma,2008,19
Neoplastic disease,Head and Neck Cancer,2008,25
Neoplastic disease,Hematologic Malignancies General,2008,8
Neoplastic disease,Hepatocellular Carcinoma,2008,17
Neoplastic disease,Hodgkin Lymphoma,2008,30
Neoplastic disease,Locally Advanced Cancer,2008,22
Neoplastic disease,Mantle Cell Lymphoma,2008,6
Neoplastic disease,Melanoma,2008,22
Neoplastic disease,Mesothelioma,2008,4
Neoplastic disease,Metastatic Disease,2008,27
Neoplastic disease,Multiple Myeloma,2008,41
Neoplastic disease,Myeloproliferative Neoplasms,2008,8
Neoplastic disease,Neuroendocrine Tumors,2008,21
Neoplastic disease,Non-Hodgkin Lymphoma,2008,5
Neoplastic disease,Non-Small Cell Lung Cancer,2008,59
Neoplastic disease,Ovarian Cancer,2008,20
Neoplastic disease,Pancreatic Cancer,2008,27
Neoplastic disease,Prostate Cancer,2008,46
Neoplastic disease,Recurrent Cancer,2008,18
Neoplastic disease,Renal Cell Carcinoma,2008,26
Neoplastic disease,Sarcoma,2008,15
Neoplastic disease,Small Cell Lung Cancer,2008,36
Neoplastic disease,Solid Tumors (Advanced),2008,14
Neoplastic disease,Solid Tumors General,2008,4
Neoplastic disease,Thyroid Cancer,2008,9
Neoplastic disease,Waldenstrom Macroglobulinemia,2008,2
Neurological disorder,Alzheimer's Disease,2008,31
Neurological disorder,Amyotrophic Lateral Sclerosis,2008,7
Neurological disorder,Chronic Inflammatory Demyelinating Polyneuropathy,2008,1
Neurological disorder,Chronic Pain,2008,13
Neurological disorder,Dementia,2008,3
Neurological disorder,Duchenne Muscular Dystrophy,2008,5
Neurological disorder,Epilepsy,2008,32
Neurological disorder,Essential Tremor,2008,8
Neurological disorder,Guillain-Barré Syndrome,2008,2
Neurological disorder,Huntington's Disease,2008,4
Neurological disorder,Migraine,2008,20
Neurological disorder,Multiple Sclerosis,2008,23
Neurological disorder,Myasthenia Gravis,2008,7
Neurological disorder,Neuropathic Pain,2008,4
Neurological disorder,Parkinson's Disease,2008,21
Neurological disorder,Spinal Cord Injury,2008,10
Neurological disorder,Spinal Muscular Atrophy,2008,6
Neurological disorder,Stroke,2008,26
Neurological disorder,Traumatic Brain Injury,2008,14
Neurological disorder,Trigeminal Neuralgia,2008,17
Procedure,Anesthesia,2008,20
Procedure,Blood Transfusion,2008,10
Procedure,Mechanical Ventilation,2008,9
Procedure,Medical Device Study,2008,3
Procedure,Radiation Oncology,2008,4
Procedure,Screening,2008,1
Procedure,Surgical Procedures,2008,14
Respiratory disease,Acute Respiratory Distress Syndrome,2008,9
Respiratory disease,Allergic Asthma,2008,26
Respiratory disease,Allergic Rhinitis,2008,15
Respiratory disease,Asthma,2008,51
Respiratory disease,Bronchiectasis,2008,17
Respiratory disease,Chronic Obstructive Pulmonary Disease,2008,52
Respiratory disease,Cystic Fibrosis,2008,22
Respiratory disease,Idiopathic Pulmonary Fibrosis,2008,4
Respiratory disease,Neonatal Respiratory Distress,2008,8
Respiratory disease,Pulmonary Arterial Hypertension,2008,19
Respiratory disease,Pulmonary Embolism,2008,1
Respiratory disease,Severe Asthma,2008,3
Situation with explicit context,Contraception,2008,9
Situation with explicit context,Critical Illness,2008,8
Situation with explicit context,Drug-Drug Interaction,2008,21
Situation with explicit context,Geriatric Population,2008,6
Situation with explicit context,Healthy Volunteers,2008,74
Situation with explicit context,Pediatric Population,2008,4
Situation with explicit context,Post-Operative Care,2008,10
Situation with explicit context,Preventive Care,2008,7
Situation with explicit context,Vaccination,2008,3
Sleep disorder,Insomnia,2008,19
Sleep disorder,Narcolepsy,2008,5
Sleep disorder,Obstructive Sleep Apnea,2008,18
Sleep disorder,Restless Legs Syndrome,2008,7
Blood disease,Anemia,2009,18
Blood disease,Hemoglobinopathies,2009,1
Blood disease,Immune Thrombocytopenia,2009,4
Blood disease,Myelodysplastic Syndromes,2009,16
Blood disease,Neutropenia,2009,6
Blood disease,Sickle Cell Disease,2009,12
Blood disease,Thalassemia,2009,3
Blood disease,Thrombotic Thrombocytopenic Purpura,2009,9
Cardiovascular disease,Acute Coronary Syndrome,2009,13
Cardiovascular disease,Aortic Stenosis,2009,14
Cardiovascular disease,Atherosclerosis,2009,15
Cardiovascular disease,Atrial Fibrillation,2009,16
Cardiovascular disease,Cardiomyopathy,2009,4
Cardiovascular disease,Coronary Artery Disease,2009,50
Cardiovascular disease,Familial Hypercholesterolemia,2009,14
Cardiovascular disease,Heart Failure,2009,37
Cardiovascular disease,Hyperlipidemia,2009,17
Cardiovascular disease,Hypertension,2009,62
Cardiovascular disease,Mitral Regurgitation,2009,2
Cardiovascular disease,Myocardial Infarction,2009,13
Cardiovascular disease,Peripheral Artery Disease,2009,12
Cardiovascular disease,Shock,2009,2
Cardiovascular disease,Ventricular Arrhythmias,2009,13
Clinical finding,Acute Pain,2009,53
Clinical finding,Edema,2009,6
Clinical finding,Fatigue,2009,3
Clinical finding,Fever,2009,11
Congenital disease,Lysosomal Storage Disorders,2009,10
Congenital disease,Phenylketonuria,2009,2
Disorder of body system,Cachexia,2009,1
Disorder of body system,Multiple Organ Failure,2009,3
Disorder of digestive system,Acute Pancreatitis,2009,7
Disorder of digestive system,Celiac Disease,2009,5
Disorder of digestive system,Chronic Pancreatitis,2009,10
Disorder of digestive system,Cirrhosis,2009,9
Disorder of digestive system,Constipation,2009,6
Disorder of digestive system,Crohn's Disease,2009,7
Disorder of digestive system,Eosinophilic Esophagitis,2009,8
Disorder of digestive system,Gastroesophageal Reflux Disease,2009,10
Disorder of digestive system,Gastroparesis,2009,12
Disorder of digestive system,Inflammatory Bowel Disease,2009,2
Disorder of digestive system,Irritable Bowel Syndrome,2009,12
Disorder of digestive system,Malnutrition,2009,5
Disorder of digestive system,Nausea and Vomiting,2009,13
Disorder of digestive system,Nonalcoholic Fatty Liver Disease,2009,6
Disorder of digestive system,Peptic Ulcer Disease,2009,8
Disorder of digestive system,Short Bowel Syndrome,2009,13
Disorder of digestive system,Ulcerative Colitis,2009,25
Disorder of ear,Hearing Loss,2009,4
Disorder of ear,Meniere's Disease,2009,2
Disorder of ear,Otitis Media,2009,4
Disorder of ear,Tinnitus,2009,4
Disorder of endocrine system,Acromegaly,2009,1
Disorder of endocrine system,Addison's Disease,2009,1
Disorder of endocrine system,Cushing's Syndrome,2009,1
Disorder of endocrine system,Diabetic Nephropathy,2009,3
Disorder of endocrine system,Diabetic Neuropathy,2009,5
Disorder of endocrine system,Gestational Diabetes,2009,63
Disorder of endocrine system,Growth Hormone Deficiency,2009,2
Disorder of endocrine system,Hyperparathyroidism,2009,11
Disorder of endocrine system,Hypogonadism,2009,5
Disorder of endocrine system,Hypoparathyroidism,2009,9
Disorder of endocrine system,Menopause Symptoms,2009,7
Disorder of endocrine system,Metabolic Syndrome,2009,15
Disorder of endocrine system,Obesity,2009,41
Disorder of endocrine system,Polycystic Ovary Syndrome,2009,8
Disorder of endocrine system,Type 1 Diabetes,2009,22
Disorder of endocrine system,Type 2 Diabetes,2009,137
Disorder of eye,Age-Related Macular Degeneration,2009,13
Disorder of eye,Cataracts,2009,28
Disorder of eye,Conjunctivitis,2009,12
Disorder of eye,Diabetic Macular Edema,2009,5
Disorder of eye,Diabetic Retinopathy,2009,1
Disorder of eye,Dry Eye Disease,2009,18
Disorder of eye,Glaucoma,2009,47
Disorder of eye,Inherited Retinal Diseases,2009,6
Disorder of eye,Retinal Vein Occlusion,2009,17
Disorder of eye,Uveitis,2009,5
Disorder of haemostatic system,Deep Vein Thrombosis,2009,7
Disorder of haemostatic system,Disseminated Intravascular Coagulation,2009,9
Disorder of haemostatic system,Hemophilia A,2009,14
Disorder of haemostatic system,Hemophilia B,2009,10
Disorder of haemostatic system,Venous Thromboembolism,2009,21
Disorder of immune function,Common Variable Immunodeficiency,2009,3
Disorder of immune function,Food Allergy,2009,5
Disorder of immune function,Graft-versus-Host Disease,2009,7
Disorder of immune function,Lupus Nephritis,2009,3
Disorder of immune function,Organ Transplant Rejection,2009,18
Disorder of immune function,Primary Immunodeficiency,2009,5
Disorder of immune function,Rheumatoid Arthritis,2009,64
Disorder of immune function,Sarcoidosis,2009,7
Disorder of immune function,Severe Combined Immunodeficiency,2009,2
Disorder of immune function,Sjögren's Syndrome,2009,1
Disorder of immune function,Systemic Lupus Erythematosus,2009,3
Disorder of immune function,Systemic Sclerosis,2009,7
Disorder of labour / delivery,Preterm Labor,2009,8
Disorder of skin,Acne,2009,29
Disorder of skin,Alopecia Areata,2009,11
Disorder of skin,Atopic Dermatitis,2009,27
Disorder of skin,Chronic Urticaria,2009,5
Disorder of skin,Hidradenitis Suppurativa,2009,6
Disorder of skin,Pressure Ulcers,2009,2
Disorder of skin,Psoriasis,2009,28
Disorder of skin,Rosacea,2009,24
Disorder of skin,Vitiligo,2009,2
Disorder of skin,Wound Healing,2009,9
Disorder of the genitourinary system,Acute Kidney Injury,2009,8
Disorder of the genitourinary system,Benign Prostatic Hyperplasia,2009,14
Disorder of the genitourinary system,Chronic Kidney Disease,2009,30
Disorder of the genitourinary system,End-Stage Renal Disease,2009,12
Disorder of the genitourinary system,Endometriosis,2009,8
Disorder of the genitourinary system,Erectile Dysfunction,2009,17
Disorder of the genitourinary system,Focal Segmental Glomerulosclerosis,2009,2
Disorder of the genitourinary system,IgA Nephropathy,2009,3
Disorder of the genitourinary system,Infertility,2009,11
Disorder of the genitourinary system,Interstitial Cystitis,2009,3
Disorder of the genitourinary system,Nephrotic Syndrome,2009,10
Disorder of the genitourinary system,Overactive Bladder,2009,17
Disorder of the genitourinary system,Polycystic Kidney Disease,2009,1
Disorder of the genitourinary system,Preeclampsia,2009,1
Disorder of the genitourinary system,Pregnancy Study,2009,7
Disorder of the genitourinary system,Urinary Incontinence,2009,13
Disorder of the genitourinary system,Uterine Fibroids,2009,7
Infection,COVID-19,2009,1
Infection,Clostridium Difficile Infection,2009,1
Infection,Cytomegalovirus,2009,11
Infection,Fungal Infection,2009,10
Infection,HIV/AIDS,2009,93
Infection,Hepatitis B,2009,15
Infection,Hepatitis C,2009,41
Infection,Herpes Simplex Virus,2009,5
Infection,Herpes Zoster,2009,7
Infection,Influenza,2009,80
Infection,Malaria,2009,6
Infection,Osteomyelitis,2009,7
Infection,Pneumonia,2009,15
Infection,Respiratory Syncytial Virus,2009,18
Infection,Sepsis,2009,12
Infection,Sexually Transmitted Infections,2009,4
Infection,Skin and Soft Tissue Infection,2009,24
Infection,Tuberculosis,2009,11
Infection,Urinary Tract Infection,2009,11
Injury,Burns,2009,5
Injury,Trauma,2009,11
Mental illness,Alcohol Use Disorder,2009,27
Mental illness,Anorexia,2009,11
Mental illness,Attention Deficit Hyperactivity Disorder,2009,23
Mental illness,Autism Spectrum Disorder,2009,15
Mental illness,Bipolar Disorder,2009,18
Mental illness,Delirium,2009,5
Mental illness,Eating Disorders,2009,1
Mental illness,Generalized Anxiety Disorder,2009,3
Mental illness,Major Depressive Disorder,2009,65
Mental illness,Obsessive-Compulsive Disorder,2009,9
Mental illness,Opioid Use Disorder,2009,8
Mental illness,Post-Traumatic Stress Disorder,2009,22
Mental illness,Postpartum Depression,2009,4
Mental illness,Schizophrenia,2009,38
Mental illness,Smoking Cessation,2009,56
Mental illness,Social Anxiety Disorder,2009,7
Mental illness,Substance Use Disorder,2009,31
Musculoskeletal disorder,Ankylosing Spondylitis,2009,11
Musculoskeletal disorder,Bone Fracture,2009,15
Musculoskeletal disorder,Fibromyalgia,2009,19
Musculoskeletal disorder,Gout,2009,11
Musculoskeletal disorder,Juvenile Idiopathic Arthritis,2009,11
Musculoskeletal disorder,Low Back Pain,2009,14
Musculoskeletal disorder,Osteoarthritis,2009,46
Musculoskeletal disorder,Osteoporosis,2009,33
Musculoskeletal disorder,Psoriatic Arthritis,2009,2
Musculoskeletal disorder,Tendinopathy,2009,12
Neoplastic disease,Acute Lymphoblastic Leukemia,2009,25
Neoplastic disease,Acute Myeloid Leukemia,2009,18
Neoplastic disease,Bladder Cancer,2009,12
Neoplastic disease,Brain Tumors,2009,41
Neoplastic disease,Breast Cancer,2009,101
Neoplastic disease,Cancer Immunotherapy,2009,25
Neoplastic disease,Cancer Supportive Care,2009,1
Neoplastic disease,Cervical Cancer,2009,26
Neoplastic disease,Cholangiocarcinoma,2009,8
Neoplastic disease,Chronic Lymphocytic Leukemia,2009,12
Neoplastic disease,Chronic Myeloid Leukemia,2009,33
Neoplastic disease,Colorectal Cancer,2009,29
Neoplastic disease,Diffuse Large B-Cell Lymphoma,2009,13
Neoplastic disease,Endometrial Cancer,2009,15
Neoplastic disease,Esophageal Cancer,2009,7
Neoplastic disease,Follicular Lymphoma,2009,13
Neoplastic disease,Gastric Cancer,2009,12
Neoplastic disease,Glioblastoma,2009,25
Neoplastic disease,Head and Neck Cancer,2009,22
Neoplastic disease,Hematologic Malignancies General,2009,8
Neoplastic disease,Hepatocellular Carcinoma,2009,29
Neoplastic disease,Hodgkin Lymphoma,2009,29
Neoplastic disease,Locally Advanced Cancer,2009,24
Neoplastic disease,Mantle Cell Lymphoma,2009,6
Neoplastic disease,Melanoma,2009,27
Neoplastic disease,Mesothelioma,2009,5
Neoplastic disease,Metastatic Disease,2009,21
Neoplastic disease,Multiple Myeloma,2009,26
Neoplastic disease,Myeloproliferative Neoplasms,2009,7
Neoplastic disease,Neuroendocrine Tumors,2009,10
Neoplastic disease,Non-Hodgkin Lymphoma,2009,7
Neoplastic disease,Non-Small Cell Lung Cancer,2009,65
Neoplastic disease,Ovarian Cancer,2009,29
Neoplastic disease,Pancreatic Cancer,2009,35
Neoplastic disease,Prostate Cancer,2009,58
Neoplastic disease,Recurrent Cancer,2009,19
Neoplastic disease,Renal Cell Carcinoma,2009,17
Neoplastic disease,Sarcoma,2009,16
Neoplastic disease,Small Cell Lung Cancer,2009,28
Neoplastic disease,Solid Tumors (Advanced),2009,23
Neoplastic disease,Solid Tumors General,2009,12
Neoplastic disease,Thyroid Cancer,2009,9
Neoplastic disease,Waldenstrom Macroglobulinemia,2009,4
Neurological disorder,Alzheimer's Disease,2009,42
Neurological disorder,Amyotrophic Lateral Sclerosis,2009,8
Neurological disorder,Chronic Inflammatory Demyelinating Polyneuropathy,2009,1
Neurological disorder,Chronic Pain,2009,9
Neurological disorder,Dementia,2009,5
Neurological disorder,Duchenne Muscular Dystrophy,2009,6
Neurological disorder,Epilepsy,2009,17
Neurological disorder,Essential Tremor,2009,7
Neurological disorder,Guillain-Barré Syndrome,2009,3
Neurological disorder,Migraine,2009,33
Neurological disorder,Multiple Sclerosis,2009,26
Neurological disorder,Myasthenia Gravis,2009,3
Neurological disorder,Neuropathic Pain,2009,4
Neurological disorder,Parkinson's Disease,2009,37
Neurological disorder,Spinal Cord Injury,2009,11
Neurological disorder,Spinal Muscular Atrophy,2009,4
Neurological disorder,Stroke,2009,31
Neurological disorder,Traumatic Brain Injury,2009,17
Neurological disorder,Trigeminal Neuralgia,2009,14
Procedure,Anesthesia,2009,19
Procedure,Bioequivalence Study,2009,1
Procedure,Blood Transfusion,2009,12
Procedure,Mechanical Ventilation,2009,8
Procedure,Medical Device Study,2009,3
Procedure,Radiation Oncology,2009,1
Procedure,Screening,2009,3
Procedure,Surgical Procedures,2009,14
Respiratory disease,Acute Respiratory Distress Syndrome,2009,11
Respiratory disease,Allergic Asthma,2009,19
Respiratory disease,Allergic Rhinitis,2009,19
Respiratory disease,Asthma,2009,40
Respiratory disease,Bronchiectasis,2009,10
Respiratory disease,Chronic Obstructive Pulmonary Disease,2009,65
Respiratory disease,Cystic Fibrosis,2009,18
Respiratory disease,Idiopathic Pulmonary Fibrosis,2009,6
Respiratory disease,Neonatal Respiratory Distress,2009,3
Respiratory disease,Pulmonary Arterial Hypertension,2009,19
Respiratory disease,Pulmonary Embolism,2009,2
Respiratory disease,Severe Asthma,2009,3
Situation with explicit context,Contraception,2009,10
Situation with explicit context,Drug-Drug Interaction,2009,9
Situation with explicit context,Geriatric Population,2009,6
Situation with explicit context,Healthy Volunteers,2009,69
Situation with explicit context,Pediatric Population,2009,7
Situation with explicit context,Post-Operative Care,2009,9
Situation with explicit context,Preventive Care,2009,16
Situation with explicit context,Vaccination,2009,5
Sleep disorder,Insomnia,2009,10
Sleep disorder,Narcolepsy,2009,8
Sleep disorder,Obstructive Sleep Apnea,2009,24
Sleep disorder,Restless Legs Syndrome,2009,3
Blood disease,Anemia,2010,24
Blood disease,Immune Thrombocytopenia,2010,5
Blood disease,Myelodysplastic Syndromes,2010,15
Blood disease,Neutropenia,2010,5
Blood disease,Sickle Cell Disease,2010,6
Blood disease,Thalassemia,2010,2
Blood disease,Thrombotic Thrombocytopenic Purpura,2010,5
Cardiovascular disease,Acute Coronary Syndrome,2010,15
Cardiovascular disease,Aortic Stenosis,2010,19
Cardiovascular disease,Atherosclerosis,2010,14
Cardiovascular disease,Atrial Fibrillation,2010,25
Cardiovascular disease,Cardiomyopathy,2010,6
Cardiovascular disease,Coronary Artery Disease,2010,46
Cardiovascular disease,Familial Hypercholesterolemia,2010,7
Cardiovascular disease,Heart Failure,2010,33
Cardiovascular disease,Hyperlipidemia,2010,22
Cardiovascular disease,Hypertension,2010,53
Cardiovascular disease,Mitral Regurgitation,2010,5
Cardiovascular disease,Myocardial Infarction,2010,13
Cardiovascular disease,Peripheral Artery Disease,2010,15
Cardiovascular disease,Shock,2010,4
Cardiovascular disease,Ventricular Arrhythmias,2010,4
Clinical finding,Acute Pain,2010,65
Clinical finding,Edema,2010,12
Clinical finding,Fatigue,2010,4
Clinical finding,Fever,2010,19
Congenital disease,Lysosomal Storage Disorders,2010,10
Congenital disease,Phenylketonuria,2010,7
Disorder of body system,Cachexia,2010,3
Disorder of body system,Multiple Organ Failure,2010,3
Disorder of digestive system,Acute Pancreatitis,2010,6
Disorder of digestive system,Celiac Disease,2010,3
Disorder of digestive system,Chronic Pancreatitis,2010,20
Disorder of digestive system,Cirrhosis,2010,6
Disorder of digestive system,Constipation,2010,11
Disorder of digestive system,Crohn's Disease,2010,8
Disorder of digestive system,Eosinophilic Esophagitis,2010,10
Disorder of digestive system,Gastroesophageal Reflux Disease,2010,8
Disorder of digestive system,Gastroparesis,2010,5
Disorder of digestive system,Inflammatory Bowel Disease,2010,5
Disorder of digestive system,Irritable Bowel Syndrome,2010,12
Disorder of digestive system,Malnutrition,2010,3
Disorder of digestive system,Nausea and Vomiting,2010,3
Disorder of digestive system,Nonalcoholic Fatty Liver Disease,2010,4
Disorder of digestive system,Peptic Ulcer Disease,2010,9
Disorder of digestive system,Short Bowel Syndrome,2010,15
Disorder of digestive system,Ulcerative Colitis,2010,13
Disorder of ear,Hearing Loss,2010,4
Disorder of ear,Meniere's Disease,2010,4
Disorder of ear,Otitis Media,2010,5
Disorder of ear,Tinnitus,2010,4
Disorder of endocrine system,Acromegaly,2010,3
Disorder of endocrine system,Addison's Disease,2010,3
Disorder of endocrine system,Cushing's Syndrome,2010,1
Disorder of endocrine system,Diabetic Nephropathy,2010,6
Disorder of endocrine system,Diabetic Neuropathy,2010,12
Disorder of endocrine system,Gestational Diabetes,2010,63
Disorder of endocrine system,Growth Hormone Deficiency,2010,5
Disorder of endocrine system,Hyperparathyroidism,2010,14
Disorder of endocrine system,Hyperthyroidism,2010,1
Disorder of endocrine system,Hypogonadism,2010,6
Disorder of endocrine system,Hypoparathyroidism,2010,14
Disorder of endocrine system,Hypothyroidism,2010,1
Disorder of endocrine system,Menopause Symptoms,2010,9
Disorder of endocrine system,Metabolic Syndrome,2010,17
Disorder of endocrine system,Obesity,2010,40
Disorder of endocrine system,Polycystic Ovary Syndrome,2010,2
Disorder of endocrine system,Type 1 Diabetes,2010,33
Disorder of endocrine system,Type 2 Diabetes,2010,117
Disorder of eye,Age-Related Macular Degeneration,2010,19
Disorder of eye,Cataracts,2010,29
Disorder of eye,Conjunctivitis,2010,20
Disorder of eye,Diabetic Macular Edema,2010,14
Disorder of eye,Diabetic Retinopathy,2010,4
Disorder of eye,Dry Eye Disease,2010,19
Disorder of eye,Glaucoma,2010,80
Disorder of eye,Inherited Retinal Diseases,2010,6
Disorder of eye,Retinal Vein Occlusion,2010,14
Disorder of eye,Uveitis,2010,9
Disorder of haemostatic system,Deep Vein Thrombosis,2010,8
Disorder of haemostatic system,Disseminated Intravascular Coagulation,2010,7
Disorder of haemostatic system,Hemophilia A,2010,9
Disorder of haemostatic system,Hemophilia B,2010,4
Disorder of haemostatic system,Venous Thromboembolism,2010,13
Disorder of immune function,Common Variable Immunodeficiency,2010,2
Disorder of immune function,Food Allergy,2010,3
Disorder of immune function,Graft-versus-Host Disease,2010,6
Disorder of immune function,Lupus Nephritis,2010,3
Disorder of immune function,Organ Transplant Rejection,2010,19
Disorder of immune function,Primary Immunodeficiency,2010,7
Disorder of immune function,Rheumatoid Arthritis,2010,59
Disorder of immune function,Sarcoidosis,2010,10
Disorder of immune function,Severe Combined Immunodeficiency,2010,3
Disorder of immune function,Sjögren's Syndrome,2010,1
Disorder of immune function,Systemic Lupus Erythematosus,2010,8
Disorder of immune function,Systemic Sclerosis,2010,2
Disorder of immune function,Vasculitis,2010,1
Disorder of labour / delivery,Preterm Labor,2010,10
Disorder of skin,Acne,2010,10
Disorder of skin,Alopecia Areata,2010,10
Disorder of skin,Atopic Dermatitis,2010,21
Disorder of skin,Chronic Urticaria,2010,4
Disorder of skin,Hidradenitis Suppurativa,2010,5
Disorder of skin,Pressure Ulcers,2010,5
Disorder of skin,Psoriasis,2010,46
Disorder of skin,Rosacea,2010,21
Disorder of skin,Vitiligo,2010,3
Disorder of skin,Wound Healing,2010,9
Disorder of the genitourinary system,Acute Kidney Injury,2010,8
Disorder of the genitourinary system,Benign Prostatic Hyperplasia,2010,12
Disorder of the genitourinary system,Chronic Kidney Disease,2010,24
Disorder of the genitourinary system,End-Stage Renal Disease,2010,13
Disorder of the genitourinary system,Endometriosis,2010,16
Disorder of the genitourinary system,Erectile Dysfunction,2010,21
Disorder of the genitourinary system,Focal Segmental Glomerulosclerosis,2010,1
Disorder of the genitourinary system,IgA Nephropathy,2010,3
Disorder of the genitourinary system,Infertility,2010,12
Disorder of the genitourinary system,Interstitial Cystitis,2010,6
Disorder of the genitourinary system,Nephrotic Syndrome,2010,5
Disorder of the genitourinary system,Overactive Bladder,2010,19
Disorder of the genitourinary system,Polycystic Kidney Disease,2010,7
Disorder of the genitourinary system,Pregnancy Study,2010,6
Disorder of the genitourinary system,Urinary Incontinence,2010,16
Disorder of the genitourinary system,Uterine Fibroids,2010,5
Infection,Clostridium Difficile Infection,2010,4
Infection,Cytomegalovirus,2010,13
Infection,Fungal Infection,2010,10
Infection,HIV/AIDS,2010,58
Infection,Helicobacter Pylori,2010,3
Infection,Hepatitis B,2010,11
Infection,Hepatitis C,2010,31
Infection,Herpes Simplex Virus,2010,10
Infection,Herpes Zoster,2010,5
Infection,Influenza,2010,54
Infection,Malaria,2010,10
Infection,Osteomyelitis,2010,11
Infection,Pneumonia,2010,16
Infection,Respiratory Syncytial Virus,2010,8
Infection,Sepsis,2010,9
Infection,Sexually Transmitted Infections,2010,6
Infection,Skin and Soft Tissue Infection,2010,27
Infection,Tuberculosis,2010,9
Infection,Urinary Tract Infection,2010,9
Injury,Burns,2010,5
Injury,Overdose,2010,2
Injury,Trauma,2010,10
Mental illness,Alcohol Use Disorder,2010,26
Mental illness,Anorexia,2010,5
Mental illness,Attention Deficit Hyperactivity Disorder,2010,24
Mental illness,Autism Spectrum Disorder,2010,10
Mental illness,Bipolar Disorder,2010,24
Mental illness,Delirium,2010,2
Mental illness,Eating Disorders,2010,1
Mental illness,Generalized Anxiety Disorder,2010,5
Mental illness,Major Depressive Disorder,2010,83
Mental illness,Obsessive-Compulsive Disorder,2010,7
Mental illness,Opioid Use Disorder,2010,9
Mental illness,Post-Traumatic Stress Disorder,2010,31
Mental illness,Postpartum Depression,2010,4
Mental illness,Schizophrenia,2010,40
Mental illness,Smoking Cessation,2010,40
Mental illness,Social Anxiety Disorder,2010,7
Mental illness,Substance Use Disorder,2010,27
Musculoskeletal disorder,Ankylosing Spondylitis,2010,15
Musculoskeletal disorder,Bone Fracture,2010,8
Musculoskeletal disorder,Fibromyalgia,2010,12
Musculoskeletal disorder,Gout,2010,5
Musculoskeletal disorder,Juvenile Idiopathic Arthritis,2010,4
Musculoskeletal disorder,Low Back Pain,2010,19
Musculoskeletal disorder,Osteoarthritis,2010,47
Musculoskeletal disorder,Osteoporosis,2010,21
Musculoskeletal disorder,Psoriatic Arthritis,2010,11
Musculoskeletal disorder,Tendinopathy,2010,11
Neoplastic disease,Acute Lymphoblastic Leukemia,2010,18
Neoplastic disease,Acute Myeloid Leukemia,2010,18
Neoplastic disease,Bladder Cancer,2010,10
Neoplastic disease,Brain Tumors,2010,27
Neoplastic disease,Breast Cancer,2010,73
Neoplastic disease,Cancer Immunotherapy,2010,18
Neoplastic disease,Cancer Supportive Care,2010,3
Neoplastic disease,Cervical Cancer,2010,9
Neoplastic disease,Cholangiocarcinoma,2010,7
Neoplastic disease,Chronic Lymphocytic Leukemia,2010,20
Neoplastic disease,Chronic Myeloid Leukemia,2010,16
Neoplastic disease,Colorectal Cancer,2010,39
Neoplastic disease,Diffuse Large B-Cell Lymphoma,2010,19
Neoplastic disease,Endometrial Cancer,2010,11
Neoplastic disease,Esophageal Cancer,2010,5
Neoplastic disease,Follicular Lymphoma,2010,11
Neoplastic disease,Gastric Cancer,2010,8
Neoplastic disease,Glioblastoma,2010,27
Neoplastic disease,Head and Neck Cancer,2010,25
Neoplastic disease,Hematologic Malignancies General,2010,15
Neoplastic disease,Hepatocellular Carcinoma,2010,18
Neoplastic disease,Hodgkin Lymphoma,2010,33
Neoplastic disease,Locally Advanced Cancer,2010,17
Neoplastic disease,Mantle Cell Lymphoma,2010,1
Neoplastic disease,Melanoma,2010,41
Neoplastic disease,Mesothelioma,2010,7
Neoplastic disease,Metastatic Disease,2010,25
Neoplastic disease,Multiple Myeloma,2010,42
Neoplastic disease,Myeloproliferative Neoplasms,2010,7
Neoplastic disease,Neuroendocrine Tumors,2010,13
Neoplastic disease,Non-Hodgkin Lymphoma,2010,9
Neoplastic disease,Non-Small Cell Lung Cancer,2010,43
Neoplastic disease,Ovarian Cancer,2010,29
Neoplastic disease,Pancreatic Cancer,2010,23
Neoplastic disease,Prostate Cancer,2010,45
Neoplastic disease,Recurrent Cancer,2010,27
Neoplastic disease,Renal Cell Carcinoma,2010,20
Neoplastic disease,Sarcoma,2010,14
Neoplastic disease,Small Cell Lung Cancer,2010,20
Neoplastic disease,Solid Tumors (Advanced),2010,14
Neoplastic disease,Solid Tumors General,2010,10
Neoplastic disease,Thyroid Cancer,2010,10
Neoplastic disease,Waldenstrom Macroglobulinemia,2010,6
Neurological disorder,Alzheimer's Disease,2010,26
Neurological disorder,Amyotrophic Lateral Sclerosis,2010,4
Neurological disorder,Chronic Inflammatory Demyelinating Polyneuropathy,2010,2
Neurological disorder,Chronic Pain,2010,15
Neurological disorder,Dementia,2010,2
Neurological disorder,Duchenne Muscular Dystrophy,2010,7
Neurological disorder,Epilepsy,2010,30
Neurological disorder,Essential Tremor,2010,3
Neurological disorder,Guillain-Barré Syndrome,2010,6
Neurological disorder,Huntington's Disease,2010,2
Neurological disorder,Migraine,2010,16
Neurological disorder,Multiple Sclerosis,2010,36
Neurological disorder,Myasthenia Gravis,2010,2
Neurological disorder,Neuropathic Pain,2010,5
Neurological disorder,Parkinson's Disease,2010,33
Neurological disorder,Spinal Cord Injury,2010,9
Neurological disorder,Spinal Muscular Atrophy,2010,7
Neurological disorder,Stroke,2010,32
Neurological disorder,Traumatic Brain Injury,2010,13
Neurological disorder,Trigeminal Neuralgia,2010,8
Procedure,Anesthesia,2010,25
Procedure,Bioequivalence Study,2010,1
Procedure,Blood Transfusion,2010,13
Procedure,Mechanical Ventilation,2010,12
Procedure,Medical Device Study,2010,15
Procedure,Radiation Oncology,2010,2
Procedure,Screening,2010,4
Procedure,Surgical Procedures,2010,17
Respiratory disease,Acute Respiratory Distress Syndrome,2010,11
Respiratory disease,Allergic Asthma,2010,13
Respiratory disease,Allergic Rhinitis,2010,16
Respiratory disease,Asthma,2010,56
Respiratory disease,Bronchiectasis,2010,17
Respiratory disease,Chronic Obstructive Pulmonary Disease,2010,54
Respiratory disease,Cystic Fibrosis,2010,18
Respiratory disease,Idiopathic Pulmonary Fibrosis,2010,7
Respiratory disease,Neonatal Respiratory Distress,2010,12
Respiratory disease,Pulmonary Arterial Hypertension,2010,24
Respiratory disease,Pulmonary Embolism,2010,2
Respiratory disease,Severe Asthma,2010,2
Situation with explicit context,Contraception,2010,10
Situation with explicit context,Critical Illness,2010,3
Situation with explicit context,Drug-Drug Interaction,2010,9
Situation with explicit context,Geriatric Population,2010,5
Situation with explicit context,Healthy Volunteers,2010,76
Situation with explicit context,Pediatric Population,2010,6
Situation with explicit context,Post-Operative Care,2010,11
Situation with explicit context,Preventive Care,2010,7
Situation with explicit context,Vaccination,2010,6
Sleep disorder,Insomnia,2010,16
Sleep disorder,Narcolepsy,2010,7
Sleep disorder,Obstructive Sleep Apnea,2010,21
Sleep disorder,Restless Legs Syndrome,2010,3
Blood disease,Anemia,2011,14
Blood disease,Hemoglobinopathies,2011,1
Blood disease,Immune Thrombocytopenia,2011,2
Blood disease,Myelodysplastic Syndromes,2011,19
Blood disease,Neutropenia,2011,5
Blood disease,Sickle Cell Disease,2011,9
Blood disease,Thalassemia,2011,1
Blood disease,Thrombotic Thrombocytopenic Purpura,2011,7
Cardiovascular disease,Acute Coronary Syndrome,2011,7
Cardiovascular disease,Aortic Stenosis,2011,24
Cardiovascular disease,Atherosclerosis,2011,17
Cardiovascular disease,Atrial Fibrillation,2011,19
Cardiovascular disease,Cardiomyopathy,2011,12
Cardiovascular disease,Coronary Artery Disease,2011,38
Cardiovascular disease,Familial Hypercholesterolemia,2011,18
Cardiovascular disease,Heart Failure,2011,33
Cardiovascular disease,Hyperlipidemia,2011,11
Cardiovascular disease,Hypertension,2011,45
Cardiovascular disease,Mitral Regurgitation,2011,7
Cardiovascular disease,Myocardial Infarction,2011,11
Cardiovascular disease,Peripheral Artery Disease,2011,18
Cardiovascular disease,Shock,2011,2
Cardiovascular disease,Ventricular Arrhythmias,2011,7
Clinical finding,Acute Pain,2011,74
Clinical finding,Edema,2011,3
Clinical finding,Fatigue,2011,4
Clinical finding,Fever,2011,16
Congenital disease,Lysosomal Storage Disorders,2011,19
Congenital disease,Phenylketonuria,2011,6
Disorder of body system,Cachexia,2011,9
Disorder of body system,Multiple Organ Failure,2011,1
Disorder of digestive system,Acute Pancreatitis,2011,4
Disorder of digestive system,Celiac Disease,2011,2
Disorder of digestive system,Chronic Pancreatitis,2011,15
Disorder of digestive system,Cirrhosis,2011,6
Disorder of digestive system,Constipation,2011,14
Disorder of digestive system,Crohn's Disease,2011,20
Disorder of digestive system,Eosinophilic Esophagitis,2011,13
Disorder of digestive system,Gastroesophageal Reflux Disease,2011,7
Disorder of digestive system,Gastroparesis,2011,7
Disorder of digestive system,Inflammatory Bowel Disease,2011,3
Disorder of digestive system,Irritable Bowel Syndrome,2011,3
Disorder of digestive system,Malnutrition,2011,3
Disorder of digestive system,Nausea and Vomiting,2011,13
Disorder of digestive system,Nonalcoholic Fatty Liver Disease,2011,5
Disorder of digestive system,Peptic Ulcer Disease,2011,6
Disorder of digestive system,Short Bowel Syndrome,2011,7
Disorder of digestive system,Ulcerative Colitis,2011,19
Disorder of ear,Hearing Loss,2011,8
Disorder of ear,Meniere's Disease,2011,8
Disorder of ear,Otitis Media,2011,10
Disorder of ear,Tinnitus,2011,6
Disorder of endocrine system,Acromegaly,2011,1
Disorder of endocrine system,Addison's Disease,2011,1
Disorder of endocrine system,Cushing's Syndrome,2011,4
Disorder of endocrine system,Diabetic Nephropathy,2011,3
Disorder of endocrine system,Diabetic Neuropathy,2011,7
Disorder of endocrine system,Gestational Diabetes,2011,69
Disorder of endocrine system,Growth Hormone Deficiency,2011,5
Disorder of endocrine system,Hyperparathyroidism,2011,10
Disorder of endocrine system,Hypogonadism,2011,11
Disorder of endocrine system,Hypoparathyroidism,2011,13
Disorder of endocrine system,Hypothyroidism,2011,1
Disorder of endocrine system,Menopause Symptoms,2011,11
Disorder of endocrine system,Metabolic Syndrome,2011,4
Disorder of endocrine system,Obesity,2011,43
Disorder of endocrine system,Polycystic Ovary Syndrome,2011,5
Disorder of endocrine system,Type 1 Diabetes,2011,28
Disorder of endocrine system,Type 2 Diabetes,2011,98
Disorder of eye,Age-Related Macular Degeneration,2011,9
Disorder of eye,Cataracts,2011,20
Disorder of eye,Conjunctivitis,2011,10
Disorder of eye,Diabetic Macular Edema,2011,13
Disorder of eye,Diabetic Retinopathy,2011,3
Disorder of eye,Dry Eye Disease,2011,19
Disorder of eye,Glaucoma,2011,63
Disorder of eye,Inherited Retinal Diseases,2011,12
Disorder of eye,Retinal Vein Occlusion,2011,18
Disorder of eye,Uveitis,2011,4
Disorder of haemostatic system,Deep Vein Thrombosis,2011,2
Disorder of haemostatic system,Disseminated Intravascular Coagulation,2011,7
Disorder of haemostatic system,Hemophilia A,2011,8
Disorder of haemostatic system,Hemophilia B,2011,9
Disorder of haemostatic system,Venous Thromboembolism,2011,7
Disorder of haemostatic system,Von Willebrand Disease,2011,1
Disorder of immune function,Common Variable Immunodeficiency,2011,1
Disorder of immune function,Food Allergy,2011,3
Disorder of immune function,Graft-versus-Host Disease,2011,14
Disorder of immune function,Lupus Nephritis,2011,1
Disorder of immune function,Organ Transplant Rejection,2011,21
Disorder of immune function,Primary Immunodeficiency,2011,11
Disorder of immune function,Rheumatoid Arthritis,2011,60
Disorder of immune function,Sarcoidosis,2011,6
Disorder of immune function,Severe Combined Immunodeficiency,2011,6
Disorder of immune function,Sjögren's Syndrome,2011,4
Disorder of immune function,Systemic Lupus Erythematosus,2011,7
Disorder of immune function,Systemic Sclerosis,2011,9
Disorder of immune function,Vasculitis,2011,2
Disorder of labour / delivery,Preterm Labor,2011,14
Disorder of skin,Acne,2011,13
Disorder of skin,Alopecia Areata,2011,7
Disorder of skin,Atopic Dermatitis,2011,10
Disorder of skin,Chronic Urticaria,2011,8
Disorder of skin,Hidradenitis Suppurativa,2011,4
Disorder of skin,Pressure Ulcers,2011,3
Disorder of skin,Psoriasis,2011,29
Disorder of skin,Rosacea,2011,33
Disorder of skin,Vitiligo,2011,5
Disorder of skin,Wound Healing,2011,12
Disorder of the genitourinary system,Acute Kidney Injury,2011,7
Disorder of the genitourinary system,Benign Prostatic Hyperplasia,2011,4
Disorder of the genitourinary system,Chronic Kidney Disease,2011,24
Disorder of the genitourinary system,End-Stage Renal Disease,2011,15
Disorder of the genitourinary system,Endometriosis,2011,15
Disorder of the genitourinary system,Erectile Dysfunction,2011,9
Disorder of the genitourinary system,Focal Segmental Glomerulosclerosis,2011,2
Disorder of the genitourinary system,IgA Nephropathy,2011,5
Disorder of the genitourinary system,Infertility,2011,10
Disorder of the genitourinary system,Interstitial Cystitis,2011,4
Disorder of the genitourinary system,Nephrotic Syndrome,2011,6
Disorder of the genitourinary system,Overactive Bladder,2011,10
Disorder of the genitourinary system,Polycystic Kidney Disease,2011,2
Disorder of the genitourinary system,Preeclampsia,2011,1
Disorder of the genitourinary system,Pregnancy Study,2011,10
Disorder of the genitourinary system,Urinary Incontinence,2011,19
Disorder of the genitourinary system,Uterine Fibroids,2011,4
Infection,Clostridium Difficile Infection,2011,4
Infection,Cytomegalovirus,2011,14
Infection,Fungal Infection,2011,11
Infection,HIV/AIDS,2011,76
Infection,Helicobacter Pylori,2011,1
Infection,Hepatitis B,2011,11
Infection,Hepatitis C,2011,54
Infection,Herpes Simplex Virus,2011,8
Infection,Herpes Zoster,2011,7
Infection,Influenza,2011,25
Infection,Malaria,2011,8
Infection,Osteomyelitis,2011,9
Infection,Pneumonia,2011,9
Infection,Respiratory Syncytial Virus,2011,16
Infection,Sepsis,2011,10
Infection,Sexually Transmitted Infections,2011,3
Infection,Skin and Soft Tissue Infection,2011,27
Infection,Tuberculosis,2011,9
Infection,Urinary Tract Infection,2011,14
Injury,Burns,2011,7
Injury,Trauma,2011,12
Mental illness,Alcohol Use Disorder,2011,21
Mental illness,Anorexia,2011,4
Mental illness,Attention Deficit Hyperactivity Disorder,2011,19
Mental illness,Autism Spectrum Disorder,2011,9
Mental illness,Bipolar Disorder,2011,20
Mental illness,Delirium,2011,6
Mental illness,Eating Disorders,2011,7
Mental illness,Generalized Anxiety Disorder,2011,3
Mental illness,Major Depressive Disorder,2011,71
Mental illness,Obsessive-Compulsive Disorder,2011,7
Mental illness,Opioid Use Disorder,2011,8
Mental illness,Panic Disorder,2011,3
Mental illness,Post-Traumatic Stress Disorder,2011,23
Mental illness,Postpartum Depression,2011,3
Mental illness,Schizophrenia,2011,45
Mental illness,Smoking Cessation,2011,36
Mental illness,Social Anxiety Disorder,2011,9
Mental illness,Substance Use Disorder,2011,19
Musculoskeletal disorder,Ankylosing Spondylitis,2011,9
Musculoskeletal disorder,Bone Fracture,2011,17
Musculoskeletal disorder,Fibromyalgia,2011,18
Musculoskeletal disorder,Gout,2011,16
Musculoskeletal disorder,Juvenile Idiopathic Arthritis,2011,4
Musculoskeletal disorder,Low Back Pain,2011,18
Musculoskeletal disorder,Osteoarthritis,2011,49
Musculoskeletal disorder,Osteoporosis,2011,23
Musculoskeletal disorder,Psoriatic Arthritis,2011,6
Musculoskeletal disorder,Tendinopathy,2011,10
Neoplastic disease,Acute Lymphoblastic Leukemia,2011,19
Neoplastic disease,Acute Myeloid Leukemia,2011,22
Neoplastic disease,Bladder Cancer,2011,16
Neoplastic disease,Brain Tumors,2011,32
Neoplastic disease,Breast Cancer,2011,84
Neoplastic disease,Cancer Immunotherapy,2011,20
Neoplastic disease,Cancer Supportive Care,2011,3
Neoplastic disease,Cervical Cancer,2011,20
Neoplastic disease,Cholangiocarcinoma,2011,6
Neoplastic disease,Chronic Lymphocytic Leukemia,2011,20
Neoplastic disease,Chronic Myeloid Leukemia,2011,24
Neoplastic disease,Colorectal Cancer,2011,35
Neoplastic disease,Diffuse Large B-Cell Lymphoma,2011,17
Neoplastic disease,Endometrial Cancer,2011,14
Neoplastic disease,Esophageal Cancer,2011,10
Neoplastic disease,Follicular Lymphoma,2011,19
Neoplastic disease,Gastric Cancer,2011,14
Neoplastic disease,Glioblastoma,2011,24
Neoplastic disease,Head and Neck Cancer,2011,26
Neoplastic disease,Hematologic Malignancies General,2011,7
Neoplastic disease,Hepatocellular Carcinoma,2011,19
Neoplastic disease,Hodgkin Lymphoma,2011,27
Neoplastic disease,Locally Advanced Cancer,2011,17
Neoplastic disease,Mantle Cell Lymphoma,2011,6
Neoplastic disease,Melanoma,2011,46
Neoplastic disease,Mesothelioma,2011,2
Neoplastic disease,Metastatic Disease,2011,14
Neoplastic disease,Multiple Myeloma,2011,36
Neoplastic disease,Myeloproliferative Neoplasms,2011,7
Neoplastic disease,Neuroendocrine Tumors,2011,15
Neoplastic disease,Non-Hodgkin Lymphoma,2011,8
Neoplastic disease,Non-Small Cell Lung Cancer,2011,50
Neoplastic disease,Ovarian Cancer,2011,16
Neoplastic disease,Pancreatic Cancer,2011,29
Neoplastic disease,Prostate Cancer,2011,65
Neoplastic disease,Recurrent Cancer,2011,19
Neoplastic disease,Renal Cell Carcinoma,2011,17
Neoplastic disease,Sarcoma,2011,13
Neoplastic disease,Small Cell Lung Cancer,2011,21
Neoplastic disease,Solid Tumors (Advanced),2011,18
Neoplastic disease,Solid Tumors General,2011,21
Neoplastic disease,Thyroid Cancer,2011,3
Neoplastic disease,Waldenstrom Macroglobulinemia,2011,3
Neurological disorder,Alzheimer's Disease,2011,31
Neurological disorder,Amyotrophic Lateral Sclerosis,2011,6
Neurological disorder,Chronic Inflammatory Demyelinating Polyneuropathy,2011,2
Neurological disorder,Chronic Pain,2011,8
Neurological disorder,Dementia,2011,3
Neurological disorder,Duchenne Muscular Dystrophy,2011,7
Neurological disorder,Epilepsy,2011,30
Neurological disorder,Essential Tremor,2011,7
Neurological disorder,Guillain-Barré Syndrome,2011,3
Neurological disorder,Huntington's Disease,2011,2
Neurological disorder,Migraine,2011,17
Neurological disorder,Multiple Sclerosis,2011,28
Neurological disorder,Myasthenia Gravis,2011,4
Neurological disorder,Neuropathic Pain,2011,7
Neurological disorder,Parkinson's Disease,2011,26
Neurological disorder,Spinal Cord Injury,2011,18
Neurological disorder,Spinal Muscular Atrophy,2011,8
Neurological disorder,Stroke,2011,20
Neurological disorder,Traumatic Brain Injury,2011,14
Neurological disorder,Trigeminal Neuralgia,2011,15
Procedure,Anesthesia,2011,25
Procedure,Bioequivalence Study,2011,2
Procedure,Blood Transfusion,2011,11
Procedure,Mechanical Ventilation,2011,12
Procedure,Medical Device Study,2011,11
Procedure,Radiation Oncology,2011,2
Procedure,Screening,2011,4
Procedure,Surgical Procedures,2011,19
Respiratory disease,Acute Respiratory Distress Syndrome,2011,13
Respiratory disease,Allergic Asthma,2011,13
Respiratory disease,Allergic Rhinitis,2011,16
Respiratory disease,Asthma,2011,45
Respiratory disease,Bronchiectasis,2011,20
Respiratory disease,Chronic Obstructive Pulmonary Disease,2011,62
Respiratory disease,Cystic Fibrosis,2011,16
Respiratory disease,Idiopathic Pulmonary Fibrosis,2011,10
Respiratory disease,Neonatal Respiratory Distress,2011,11
Respiratory disease,Pulmonary Arterial Hypertension,2011,22
Respiratory disease,Pulmonary Embolism,2011,3
Respiratory disease,Severe Asthma,2011,4
Situation with explicit context,Contraception,2011,12
Situation with explicit context,Critical Illness,2011,11
Situation with explicit context,Drug-Drug Interaction,2011,14
Situation with explicit context,Geriatric Population,2011,8
Situation with explicit context,Healthy Volunteers,2011,93
Situation with explicit context,Pediatric Population,2011,3
Situation with explicit context,Post-Operative Care,2011,23
Situation with explicit context,Preventive Care,2011,7
Situation with explicit context,Vaccination,2011,8
Sleep disorder,Insomnia,2011,8
Sleep disorder,Narcolepsy,2011,6
Sleep disorder,Obstructive Sleep Apnea,2011,21
Sleep disorder,Restless Legs Syndrome,2011,6
Blood disease,Anemia,2012,17
Blood disease,Hemoglobinopathies,2012,2
Blood disease,Immune Thrombocytopenia,2012,3
Blood disease,Myelodysplastic Syndromes,2012,12
Blood disease,Neutropenia,2012,5
Blood disease,Sickle Cell Disease,2012,7
Blood disease,Thalassemia,2012,4
Blood disease,Thrombotic Thrombocytopenic Purpura,2012,6
Cardiovascular disease,Acute Coronary Syndrome,2012,9
Cardiovascular disease,Aortic Stenosis,2012,35
Cardiovascular disease,Atherosclerosis,2012,20
Cardiovascular disease,Atrial Fibrillation,2012,34
Cardiovascular disease,Cardiomyopathy,2012,4
Cardiovascular disease,Coronary Artery Disease,2012,49
Cardiovascular disease,Familial Hypercholesterolemia,2012,22
Cardiovascular disease,Heart Failure,2012,28
Cardiovascular disease,Hyperlipidemia,2012,8
Cardiovascular disease,Hypertension,2012,42
Cardiovascular disease,Mitral Regurgitation,2012,5
Cardiovascular disease,Myocardial Infarction,2012,12
Cardiovascular disease,Peripheral Artery Disease,2012,14
Cardiovascular disease,Shock,2012,1
Cardiovascular disease,Ventricular Arrhythmias,2012,10
Clinical finding,Acute Pain,2012,64
Clinical finding,Edema,2012,8
Clinical finding,Fatigue,2012,4
Clinical finding,Fever,2012,8
Congenital disease,Lysosomal Storage Disorders,2012,10
Congenital disease,Phenylketonuria,2012,6
Disorder of body system,Cachexia,2012,5
Disorder of body system,Multiple Organ Failure,2012,3
Disorder of digestive system,Acute Pancreatitis,2012,6
Disorder of digestive system,Celiac Disease,2012,3
Disorder of digestive system,Chronic Pancreatitis,2012,14
Disorder of digestive system,Cirrhosis,2012,11
Disorder of digestive system,Constipation,2012,5
Disorder of digestive system,Crohn's Disease,2012,12
Disorder of digestive system,Eosinophilic Esophagitis,2012,11
Disorder of digestive system,Gastroesophageal Reflux Disease,2012,11
Disorder of digestive system,Gastroparesis,2012,15
Disorder of digestive system,Inflammatory Bowel Disease,2012,6
Disorder of digestive system,Irritable Bowel Syndrome,2012,6
Disorder of digestive system,Malnutrition,2012,5
Disorder of digestive system,Nausea and Vomiting,2012,12
Disorder of digestive system,Nonalcoholic Fatty Liver Disease,2012,11
Disorder of digestive system,Peptic Ulcer Disease,2012,8
Disorder of digestive system,Short Bowel Syndrome,2012,13
Disorder of digestive system,Ulcerative Colitis,2012,29
Disorder of ear,Hearing Loss,2012,8
Disorder of ear,Meniere's Disease,2012,3
Disorder of ear,Otitis Media,2012,6
Disorder of ear,Tinnitus,2012,2
Disorder of endocrine system,Acromegaly,2012,6
Disorder of endocrine system,Addison's Disease,2012,2
Disorder of endocrine system,Cushing's Syndrome,2012,1
Disorder of endocrine system,Diabetic Nephropathy,2012,8
Disorder of endocrine system,Diabetic Neuropathy,2012,3
Disorder of endocrine system,Gestational Diabetes,2012,62
Disorder of endocrine system,Growth Hormone Deficiency,2012,1
Disorder of endocrine system,Hyperparathyroidism,2012,9
Disorder of endocrine system,Hyperthyroidism,2012,1
Disorder of endocrine system,Hypogonadism,2012,10
Disorder of endocrine system,Hypoparathyroidism,2012,11
Disorder of endocrine system,Menopause Symptoms,2012,2
Disorder of endocrine system,Metabolic Syndrome,2012,12
Disorder of endocrine system,Obesity,2012,41
Disorder of endocrine system,Polycystic Ovary Syndrome,2012,6
Disorder of endocrine system,Type 1 Diabetes,2012,31
Disorder of endocrine system,Type 2 Diabetes,2012,92
Disorder of eye,Age-Related Macular Degeneration,2012,12
Disorder of eye,Cataracts,2012,22
Disorder of eye,Conjunctivitis,2012,13
Disorder of eye,Diabetic Macular Edema,2012,16
Disorder of eye,Diabetic Retinopathy,2012,8
Disorder of eye,Dry Eye Disease,2012,19
Disorder of eye,Glaucoma,2012,47
Disorder of eye,Inherited Retinal Diseases,2012,10
Disorder of eye,Retinal Vein Occlusion,2012,15
Disorder of eye,Uveitis,2012,2
Disorder of haemostatic system,Deep Vein Thrombosis,2012,7
Disorder of haemostatic system,Disseminated Intravascular Coagulation,2012,4
Disorder of haemostatic system,Hemophilia A,2012,5
Disorder of haemostatic system,Hemophilia B,2012,8
Disorder of haemostatic system,Venous Thromboembolism,2012,14
Disorder of haemostatic system,Von Willebrand Disease,2012,2
Disorder of immune function,Food Allergy,2012,5
Disorder of immune function,Graft-versus-Host Disease,2012,10
Disorder of immune function,Lupus Nephritis,2012,4
Disorder of immune function,Organ Transplant Rejection,2012,22
Disorder of immune function,Primary Immunodeficiency,2012,5
Disorder of immune function,Rheumatoid Arthritis,2012,71
Disorder of immune function,Sarcoidosis,2012,5
Disorder of immune function,Severe Combined Immunodeficiency,2012,7
Disorder of immune function,Sjögren's Syndrome,2012,3
Disorder of immune function,Systemic Lupus Erythematosus,2012,11
Disorder of immune function,Systemic Sclerosis,2012,5
Disorder of immune function,Vasculitis,2012,1
Disorder of labour / delivery,Preterm Labor,2012,14
Disorder of skin,Acne,2012,9
Disorder of skin,Alopecia Areata,2012,3
Disorder of skin,Atopic Dermatitis,2012,17
Disorder of skin,Chronic Urticaria,2012,5
Disorder of skin,Hidradenitis Suppurativa,2012,8
Disorder of skin,Psoriasis,2012,36
Disorder of skin,Rosacea,2012,21
Disorder of skin,Vitiligo,2012,4
Disorder of skin,Wound Healing,2012,13
Disorder of the genitourinary system,Benign Prostatic Hyperplasia,2012,8
Disorder of the genitourinary system,Chronic Kidney Disease,2012,21
Disorder of the genitourinary system,End-Stage Renal Disease,2012,9
Disorder of the genitourinary system,Endometriosis,2012,13
Disorder of the genitourinary system,Erectile Dysfunction,2012,5
Disorder of the genitourinary system,Focal Segmental Glomerulosclerosis,2012,2
Disorder of the genitourinary system,IgA Nephropathy,2012,6
Disorder of the genitourinary system,Infertility,2012,8
Disorder of the genitourinary system,Interstitial Cystitis,2012,2
Disorder of the genitourinary system,Nephrotic Syndrome,2012,4
Disorder of the genitourinary system,Overactive Bladder,2012,9
Disorder of the genitourinary system,Polycystic Kidney Disease,2012,1
Disorder of the genitourinary system,Preeclampsia,2012,3
Disorder of the genitourinary system,Pregnancy Study,2012,12
Disorder of the genitourinary system,Urinary Incontinence,2012,19
Disorder of the genitourinary system,Uterine Fibroids,2012,7
Infection,Clostridium Difficile Infection,2012,10
Infection,Cytomegalovirus,2012,15
Infection,Fungal Infection,2012,8
Infection,HIV/AIDS,2012,55
Infection,Helicobacter Pylori,2012,5
Infection,Hepatitis B,2012,15
Infection,Hepatitis C,2012,73
Infection,Herpes Simplex Virus,2012,11
Infection,Herpes Zoster,2012,7
Infection,Influenza,2012,36
Infection,Malaria,2012,7
Infection,Osteomyelitis,2012,7
Infection,Pneumonia,2012,11
Infection,Respiratory Syncytial Virus,2012,15
Infection,Sepsis,2012,11
Infection,Sexually Transmitted Infections,2012,4
Infection,Skin and Soft Tissue Infection,2012,21
Infection,Tuberculosis,2012,10
Infection,Urinary Tract Infection,2012,13
Injury,Burns,2012,8
Injury,Overdose,2012,1
Injury,Trauma,2012,17
Mental illness,Alcohol Use Disorder,2012,18
Mental illness,Anorexia,2012,5
Mental illness,Attention Deficit Hyperactivity Disorder,2012,19
Mental illness,Autism Spectrum Disorder,2012,9
Mental illness,Bipolar Disorder,2012,18
Mental illness,Delirium,2012,11
Mental illness,Eating Disorders,2012,12
Mental illness,Generalized Anxiety Disorder,2012,3
Mental illness,Major Depressive Disorder,2012,57
Mental illness,Obsessive-Compulsive Disorder,2012,6
Mental illness,Opioid Use Disorder,2012,8
Mental illness,Post-Traumatic Stress Disorder,2012,22
Mental illness,Postpartum Depression,2012,5
Mental illness,Schizophrenia,2012,38
Mental illness,Smoking Cessation,2012,34
Mental illness,Social Anxiety Disorder,2012,10
Mental illness,Substance Use Disorder,2012,16
Musculoskeletal disorder,Ankylosing Spondylitis,2012,13
Musculoskeletal disorder,Bone Fracture,2012,10
Musculoskeletal disorder,Fibromyalgia,2012,14
Musculoskeletal disorder,Gout,2012,7
Musculoskeletal disorder,Juvenile Idiopathic Arthritis,2012,8
Musculoskeletal disorder,Low Back Pain,2012,23
Musculoskeletal disorder,Osteoarthritis,2012,43
Musculoskeletal disorder,Osteoporosis,2012,30
Musculoskeletal disorder,Psoriatic Arthritis,2012,4
Musculoskeletal disorder,Tendinopathy,2012,11
Neoplastic disease,Acute Lymphoblastic Leukemia,2012,22
Neoplastic disease,Acute Myeloid Leukemia,2012,17
Neoplastic disease,Bladder Cancer,2012,20
Neoplastic disease,Brain Tumors,2012,30
Neoplastic disease,Breast Cancer,2012,76
Neoplastic disease,Cancer Immunotherapy,2012,16
Neoplastic disease,Cervical Cancer,2012,14
Neoplastic disease,Cholangiocarcinoma,2012,2
Neoplastic disease,Chronic Lymphocytic Leukemia,2012,16
Neoplastic disease,Chronic Myeloid Leukemia,2012,24
Neoplastic disease,Colorectal Cancer,2012,30
Neoplastic disease,Diffuse Large B-Cell Lymphoma,2012,13
Neoplastic disease,Endometrial Cancer,2012,12
Neoplastic disease,Esophageal Cancer,2012,7
Neoplastic disease,Follicular Lymphoma,2012,6
Neoplastic disease,Gastric Cancer,2012,8
Neoplastic disease,Glioblastoma,2012,22
Neoplastic disease,Head and Neck Cancer,2012,20
Neoplastic disease,Hematologic Malignancies General,2012,6
Neoplastic disease,Hepatocellular Carcinoma,2012,17
Neoplastic disease,Hodgkin Lymphoma,2012,15
Neoplastic disease,Locally Advanced Cancer,2012,32
Neoplastic disease,Mantle Cell Lymphoma,2012,5
Neoplastic disease,Melanoma,2012,30
Neoplastic disease,Mesothelioma,2012,1
Neoplastic disease,Metastatic Disease,2012,21
Neoplastic disease,Multiple Myeloma,2012,42
Neoplastic disease,Myeloproliferative Neoplasms,2012,5
Neoplastic disease,Neuroendocrine Tumors,2012,19
Neoplastic disease,Non-Hodgkin Lymphoma,2012,5
Neoplastic disease,Non-Small Cell Lung Cancer,2012,30
Neoplastic disease,Ovarian Cancer,2012,15
Neoplastic disease,Pancreatic Cancer,2012,26
Neoplastic disease,Prostate Cancer,2012,51
Neoplastic disease,Recurrent Cancer,2012,30
Neoplastic disease,Renal Cell Carcinoma,2012,17
Neoplastic disease,Sarcoma,2012,15
Neoplastic disease,Small Cell Lung Cancer,2012,23
Neoplastic disease,Solid Tumors (Advanced),2012,22
Neoplastic disease,Solid Tumors General,2012,13
Neoplastic disease,Thyroid Cancer,2012,7
Neoplastic disease,Waldenstrom Macroglobulinemia,2012,3
Neurological disorder,Alzheimer's Disease,2012,29
Neurological disorder,Amyotrophic Lateral Sclerosis,2012,9
Neurological disorder,Chronic Inflammatory Demyelinating Polyneuropathy,2012,4
Neurological disorder,Chronic Pain,2012,17
Neurological disorder,Dementia,2012,6
Neurological disorder,Duchenne Muscular Dystrophy,2012,7
Neurological disorder,Epilepsy,2012,20
Neurological disorder,Essential Tremor,2012,10
Neurological disorder,Guillain-Barré Syndrome,2012,1
Neurological disorder,Huntington's Disease,2012,1
Neurological disorder,Migraine,2012,29
Neurological disorder,Multiple Sclerosis,2012,23
Neurological disorder,Myasthenia Gravis,2012,6
Neurological disorder,Neuropathic Pain,2012,7
Neurological disorder,Parkinson's Disease,2012,34
Neurological disorder,Spinal Cord Injury,2012,16
Neurological disorder,Spinal Muscular Atrophy,2012,12
Neurological disorder,Stroke,2012,37
Neurological disorder,Traumatic Brain Injury,2012,13
Neurological disorder,Trigeminal Neuralgia,2012,12
Procedure,Anesthesia,2012,28
Procedure,Blood Transfusion,2012,14
Procedure,Mechanical Ventilation,2012,18
Procedure,Medical Device Study,2012,9
Procedure,Radiation Oncology,2012,3
Procedure,Screening,2012,3
Procedure,Surgical Procedures,2012,30
Respiratory disease,Acute Respiratory Distress Syndrome,2012,19
Respiratory disease,Allergic Asthma,2012,20
Respiratory disease,Allergic Rhinitis,2012,7
Respiratory disease,Asthma,2012,57
Respiratory disease,Bronchiectasis,2012,16
Respiratory disease,Chronic Obstructive Pulmonary Disease,2012,68
Respiratory disease,Cystic Fibrosis,2012,21
Respiratory disease,Idiopathic Pulmonary Fibrosis,2012,10
Respiratory disease,Neonatal Respiratory Distress,2012,8
Respiratory disease,Pulmonary Arterial Hypertension,2012,13
Respiratory disease,Pulmonary Embolism,2012,5
Respiratory disease,Severe Asthma,2012,3
Situation with explicit context,Contraception,2012,9
Situation with explicit context,Critical Illness,2012,2
Situation with explicit context,Drug-Drug Interaction,2012,15
Situation with explicit context,Geriatric Population,2012,9
Situation with explicit context,Healthy Volunteers,2012,98
Situation with explicit context,Pediatric Population,2012,11
Situation with explicit context,Post-Operative Care,2012,16
Situation with explicit context,Preventive Care,2012,10
Situation with explicit context,Vaccination,2012,3
Sleep disorder,Insomnia,2012,5
Sleep disorder,Narcolepsy,2012,2
Sleep disorder,Obstructive Sleep Apnea,2012,20
Sleep disorder,Restless Legs Syndrome,2012,4
Blood disease,Anemia,2013,15
Blood disease,Hemoglobinopathies,2013,1
Blood disease,Immune Thrombocytopenia,2013,4
Blood disease,Myelodysplastic Syndromes,2013,19
Blood disease,Neutropenia,2013,3
Blood disease,Sickle Cell Disease,2013,9
Blood disease,Thalassemia,2013,5
Blood disease,Thrombotic Thrombocytopenic Purpura,2013,9
Cardiovascular disease,Acute Coronary Syndrome,2013,13
Cardiovascular disease,Aortic Stenosis,2013,21
Cardiovascular disease,Atherosclerosis,2013,18
Cardiovascular disease,Atrial Fibrillation,2013,33
Cardiovascular disease,Cardiomyopathy,2013,9
Cardiovascular disease,Coronary Artery Disease,2013,53
Cardiovascular disease,Familial Hypercholesterolemia,2013,15
Cardiovascular disease,Heart Failure,2013,35
Cardiovascular disease,Hyperlipidemia,2013,18
Cardiovascular disease,Hypertension,2013,34
Cardiovascular disease,Mitral Regurgitation,2013,6
Cardiovascular disease,Myocardial Infarction,2013,6
Cardiovascular disease,Peripheral Artery Disease,2013,32
Cardiovascular disease,Shock,2013,3
Cardiovascular disease,Ventricular Arrhythmias,2013,13
Clinical finding,Acute Pain,2013,74
Clinical finding,Edema,2013,7
Clinical finding,Fatigue,2013,5
Clinical finding,Fever,2013,11
Congenital disease,Lysosomal Storage Disorders,2013,8
Congenital disease,Phenylketonuria,2013,5
Disorder of body system,Cachexia,2013,3
Disorder of body system,Multiple Organ Failure,2013,3
Disorder of digestive system,Acute Pancreatitis,2013,16
Disorder of digestive system,Celiac Disease,2013,3
Disorder of digestive system,Chronic Pancreatitis,2013,18
Disorder of digestive system,Cirrhosis,2013,7
Disorder of digestive system,Constipation,2013,19
Disorder of digestive system,Crohn's Disease,2013,8
Disorder of digestive system,Eosinophilic Esophagitis,2013,9
Disorder of digestive system,Gastroesophageal Reflux Disease,2013,11
Disorder of digestive system,Gastroparesis,2013,10
Disorder of digestive system,Inflammatory Bowel Disease,2013,9
Disorder of digestive system,Irritable Bowel Syndrome,2013,2
Disorder of digestive system,Malnutrition,2013,5
Disorder of digestive system,Nausea and Vomiting,2013,4
Disorder of digestive system,Nonalcoholic Fatty Liver Disease,2013,10
Disorder of digestive system,Peptic Ulcer Disease,2013,9
Disorder of digestive system,Short Bowel Syndrome,2013,12
Disorder of digestive system,Ulcerative Colitis,2013,25
Disorder of ear,Hearing Loss,2013,12
Disorder of ear,Meniere's Disease,2013,6
Disorder of ear,Otitis Media,2013,8
Disorder of endocrine system,Acromegaly,2013,5
Disorder of endocrine system,Addison's Disease,2013,2
Disorder of endocrine system,Cushing's Syndrome,2013,5
Disorder of endocrine system,Diabetic Nephropathy,2013,7
Disorder of endocrine system,Diabetic Neuropathy,2013,3
Disorder of endocrine system,Gestational Diabetes,2013,83
Disorder of endocrine system,Growth Hormone Deficiency,2013,8
Disorder of endocrine system,Hyperparathyroidism,2013,10
Disorder of endocrine system,Hyperthyroidism,2013,2
Disorder of endocrine system,Hypogonadism,2013,7
Disorder of endocrine system,Hypoparathyroidism,2013,12
Disorder of endocrine system,Hypothyroidism,2013,3
Disorder of endocrine system,Menopause Symptoms,2013,5
Disorder of endocrine system,Metabolic Syndrome,2013,20
Disorder of endocrine system,Obesity,2013,47
Disorder of endocrine system,Polycystic Ovary Syndrome,2013,5
Disorder of endocrine system,Type 1 Diabetes,2013,41
Disorder of endocrine system,Type 2 Diabetes,2013,83
Disorder of eye,Age-Related Macular Degeneration,2013,16
Disorder of eye,Cataracts,2013,15
Disorder of eye,Conjunctivitis,2013,14
Disorder of eye,Diabetic Macular Edema,2013,12
Disorder of eye,Diabetic Retinopathy,2013,15
Disorder of eye,Dry Eye Disease,2013,14
Disorder of eye,Glaucoma,2013,51
Disorder of eye,Inherited Retinal Diseases,2013,1
Disorder of eye,Retinal Vein Occlusion,2013,24
Disorder of eye,Uveitis,2013,8
Disorder of haemostatic system,Deep Vein Thrombosis,2013,3
Disorder of haemostatic system,Disseminated Intravascular Coagulation,2013,4
Disorder of haemostatic system,Hemophilia A,2013,10
Disorder of haemostatic system,Hemophilia B,2013,3
Disorder of haemostatic system,Venous Thromboembolism,2013,10
Disorder of immune function,Common Variable Immunodeficiency,2013,3
Disorder of immune function,Food Allergy,2013,9
Disorder of immune function,Graft-versus-Host Disease,2013,12
Disorder of immune function,Lupus Nephritis,2013,4
Disorder of immune function,Organ Transplant Rejection,2013,23
Disorder of immune function,Primary Immunodeficiency,2013,6
Disorder of immune function,Rheumatoid Arthritis,2013,43
Disorder of immune function,Sarcoidosis,2013,6
Disorder of immune function,Severe Combined Immunodeficiency,2013,4
Disorder of immune function,Sjögren's Syndrome,2013,6
Disorder of immune function,Systemic Lupus Erythematosus,2013,11
Disorder of immune function,Systemic Sclerosis,2013,4
Disorder of immune function,Vasculitis,2013,5
Disorder of labour / delivery,Preterm Labor,2013,16
Disorder of skin,Acne,2013,19
Disorder of skin,Alopecia Areata,2013,8
Disorder of skin,Atopic Dermatitis,2013,32
Disorder of skin,Chronic Urticaria,2013,9
Disorder of skin,Hidradenitis Suppurativa,2013,8
Disorder of skin,Pressure Ulcers,2013,4
Disorder of skin,Psoriasis,2013,41
Disorder of skin,Rosacea,2013,32
Disorder of skin,Vitiligo,2013,9
Disorder of skin,Wound Healing,2013,16
Disorder of the genitourinary system,Acute Kidney Injury,2013,7
Disorder of the genitourinary system,Benign Prostatic Hyperplasia,2013,9
Disorder of the genitourinary system,Chronic Kidney Disease,2013,20
Disorder of the genitourinary system,End-Stage Renal Disease,2013,19
Disorder of the genitourinary system,Endometriosis,2013,10
Disorder of the genitourinary system,Erectile Dysfunction,2013,4
Disorder of the genitourinary system,Focal Segmental Glomerulosclerosis,2013,5
Disorder of the genitourinary system,IgA Nephropathy,2013,6
Disorder of the genitourinary system,Infertility,2013,14
Disorder of the genitourinary system,Interstitial Cystitis,2013,11
Disorder of the genitourinary system,Nephrotic Syndrome,2013,8
Disorder of the genitourinary system,Overactive Bladder,2013,14
Disorder of the genitourinary system,Polycystic Kidney Disease,2013,3
Disorder of the genitourinary system,Preeclampsia,2013,1
Disorder of the genitourinary system,Pregnancy Study,2013,16
Disorder of the genitourinary system,Urinary Incontinence,2013,18
Disorder of the genitourinary system,Uterine Fibroids,2013,5
Infection,Clostridium Difficile Infection,2013,7
Infection,Cytomegalovirus,2013,13
Infection,Fungal Infection,2013,14
Infection,HIV/AIDS,2013,71
Infection,Helicobacter Pylori,2013,4
Infection,Hepatitis B,2013,10
Infection,Hepatitis C,2013,57
Infection,Herpes Simplex Virus,2013,14
Infection,Herpes Zoster,2013,9
Infection,Influenza,2013,45
Infection,Malaria,2013,11
Infection,Osteomyelitis,2013,10
Infection,Pneumonia,2013,11
Infection,Respiratory Syncytial Virus,2013,8
Infection,Sepsis,2013,9
Infection,Sexually Transmitted Infections,2013,8
Infection,Skin and Soft Tissue Infection,2013,22
Infection,Tuberculosis,2013,7
Infection,Urinary Tract Infection,2013,6
Injury,Burns,2013,6
Injury,Overdose,2013,4
Injury,Trauma,2013,12
Mental illness,Alcohol Use Disorder,2013,25
Mental illness,Anorexia,2013,9
Mental illness,Attention Deficit Hyperactivity Disorder,2013,15
Mental illness,Autism Spectrum Disorder,2013,12
Mental illness,Bipolar Disorder,2013,13
Mental illness,Delirium,2013,6
Mental illness,Eating Disorders,2013,8
Mental illness,Generalized Anxiety Disorder,2013,7
Mental illness,Major Depressive Disorder,2013,51
Mental illness,Obsessive-Compulsive Disorder,2013,6
Mental illness,Opioid Use Disorder,2013,12
Mental illness,Panic Disorder,2013,2
Mental illness,Post-Traumatic Stress Disorder,2013,26
Mental illness,Postpartum Depression,2013,11
Mental illness,Schizophrenia,2013,41
Mental illness,Smoking Cessation,2013,47
Mental illness,Social Anxiety Disorder,2013,8
Mental illness,Substance Use Disorder,2013,21
Musculoskeletal disorder,Ankylosing Spondylitis,2013,12
Musculoskeletal disorder,Bone Fracture,2013,13
Musculoskeletal disorder,Fibromyalgia,2013,15
Musculoskeletal disorder,Gout,2013,8
Musculoskeletal disorder,Juvenile Idiopathic Arthritis,2013,7
Musculoskeletal disorder,Low Back Pain,2013,26
Musculoskeletal disorder,Osteoarthritis,2013,63
Musculoskeletal disorder,Osteoporosis,2013,29
Musculoskeletal disorder,Psoriatic Arthritis,2013,7
Musculoskeletal disorder,Tendinopathy,2013,12
Neoplastic disease,Acute Lymphoblastic Leukemia,2013,17
Neoplastic disease,Acute Myeloid Leukemia,2013,31
Neoplastic disease,Bladder Cancer,2013,7
Neoplastic disease,Brain Tumors,2013,32
Neoplastic disease,Breast Cancer,2013,64
Neoplastic disease,Cancer Immunotherapy,2013,14
Neoplastic disease,Cancer Supportive Care,2013,2
Neoplastic disease,Cervical Cancer,2013,3
Neoplastic disease,Cholangiocarcinoma,2013,7
Neoplastic disease,Chronic Lymphocytic Leukemia,2013,14
Neoplastic disease,Chronic Myeloid Leukemia,2013,26
Neoplastic disease,Colorectal Cancer,2013,39
Neoplastic disease,Diffuse Large B-Cell Lymphoma,2013,8
Neoplastic disease,Endometrial Cancer,2013,20
Neoplastic disease,Esophageal Cancer,2013,8
Neoplastic disease,Follicular Lymphoma,2013,11
Neoplastic disease,Gastric Cancer,2013,6
Neoplastic disease,Glioblastoma,2013,25
Neoplastic disease,Head and Neck Cancer,2013,12
Neoplastic disease,Hematologic Malignancies General,2013,11
Neoplastic disease,Hepatocellular Carcinoma,2013,22
Neoplastic disease,Hodgkin Lymphoma,2013,17
Neoplastic disease,Locally Advanced Cancer,2013,41
Neoplastic disease,Mantle Cell Lymphoma,2013,6
Neoplastic disease,Melanoma,2013,35
Neoplastic disease,Mesothelioma,2013,4
Neoplastic disease,Metastatic Disease,2013,17
Neoplastic disease,Multiple Myeloma,2013,35
Neoplastic disease,Myeloproliferative Neoplasms,2013,8
Neoplastic disease,Neuroendocrine Tumors,2013,10
Neoplastic disease,Non-Hodgkin Lymphoma,2013,11
Neoplastic disease,Non-Small Cell Lung Cancer,2013,47
Neoplastic disease,Ovarian Cancer,2013,16
Neoplastic disease,Pancreatic Cancer,2013,31
Neoplastic disease,Prostate Cancer,2013,53
Neoplastic disease,Recurrent Cancer,2013,30
Neoplastic disease,Renal Cell Carcinoma,2013,8
Neoplastic disease,Sarcoma,2013,16
Neoplastic disease,Small Cell Lung Cancer,2013,19
Neoplastic disease,Solid Tumors (Advanced),2013,17
Neoplastic disease,Solid Tumors General,2013,16
Neoplastic disease,Thyroid Cancer,2013,7
Neoplastic disease,Waldenstrom Macroglobulinemia,2013,3
Neurological disorder,Alzheimer's Disease,2013,32
Neurological disorder,Amyotrophic Lateral Sclerosis,2013,10
Neurological disorder,Chronic Inflammatory Demyelinating Polyneuropathy,2013,1
Neurological disorder,Chronic Pain,2013,23
Neurological disorder,Dementia,2013,3
Neurological disorder,Duchenne Muscular Dystrophy,2013,10
Neurological disorder,Epilepsy,2013,19
Neurological disorder,Essential Tremor,2013,14
Neurological disorder,Guillain-Barré Syndrome,2013,1
Neurological disorder,Huntington's Disease,2013,4
Neurological disorder,Migraine,2013,16
Neurological disorder,Multiple Sclerosis,2013,30
Neurological disorder,Myasthenia Gravis,2013,10
Neurological disorder,Neuropathic Pain,2013,7
Neurological disorder,Parkinson's Disease,2013,27
Neurological disorder,Spinal Cord Injury,2013,14
Neurological disorder,Spinal Muscular Atrophy,2013,14
Neurological disorder,Stroke,2013,46
Neurological disorder,Traumatic Brain Injury,2013,20
Neurological disorder,Trigeminal Neuralgia,2013,13
Procedure,Anesthesia,2013,30
Procedure,Bioequivalence Study,2013,4
Procedure,Blood Transfusion,2013,14
Procedure,Mechanical Ventilation,2013,11
Procedure,Medical Device Study,2013,11
Procedure,Radiation Oncology,2013,3
Procedure,Screening,2013,3
Procedure,Surgical Procedures,2013,23
Respiratory disease,Acute Respiratory Distress Syndrome,2013,12
Respiratory disease,Allergic Asthma,2013,21
Respiratory disease,Allergic Rhinitis,2013,19
Respiratory disease,Asthma,2013,44
Respiratory disease,Bronchiectasis,2013,25
Respiratory disease,Chronic Obstructive Pulmonary Disease,2013,55
Respiratory disease,Cystic Fibrosis,2013,19
Respiratory disease,Idiopathic Pulmonary Fibrosis,2013,11
Respiratory disease,Neonatal Respiratory Distress,2013,14
Respiratory disease,Pulmonary Arterial Hypertension,2013,15
Respiratory disease,Pulmonary Embolism,2013,4
Respiratory disease,Severe Asthma,2013,2
Situation with explicit context,Contraception,2013,9
Situation with explicit context,Critical Illness,2013,7
Situation with explicit context,Drug-Drug Interaction,2013,9
Situation with explicit context,Geriatric Population,2013,6
Situation with explicit context,Healthy Volunteers,2013,124
Situation with explicit context,Pediatric Population,2013,3
Situation with explicit context,Post-Operative Care,2013,18
Situation with explicit context,Preventive Care,2013,9
Situation with explicit context,Vaccination,2013,3
Sleep disorder,Insomnia,2013,14
Sleep disorder,Narcolepsy,2013,1
Sleep disorder,Obstructive Sleep Apnea,2013,23
Blood disease,Anemia,2014,18
Blood disease,Hemoglobinopathies,2014,1
Blood disease,Immune Thrombocytopenia,2014,4
Blood disease,Myelodysplastic Syndromes,2014,18
Blood disease,Neutropenia,2014,4
Blood disease,Sickle Cell Disease,2014,12
Blood disease,Thalassemia,2014,2
Blood disease,Thrombotic Thrombocytopenic Purpura,2014,8
Cardiovascular disease,Acute Coronary Syndrome,2014,13
Cardiovascular disease,Aortic Stenosis,2014,20
Cardiovascular disease,Atherosclerosis,2014,18
Cardiovascular disease,Atrial Fibrillation,2014,28
Cardiovascular disease,Cardiomyopathy,2014,5
Cardiovascular disease,Coronary Artery Disease,2014,43
Cardiovascular disease,Familial Hypercholesterolemia,2014,11
Cardiovascular disease,Heart Failure,2014,61
Cardiovascular disease,Hyperlipidemia,2014,12
Cardiovascular disease,Hypertension,2014,29
Cardiovascular disease,Mitral Regurgitation,2014,4
Cardiovascular disease,Myocardial Infarction,2014,14
Cardiovascular disease,Peripheral Artery Disease,2014,26
Cardiovascular disease,Shock,2014,6
Cardiovascular disease,Ventricular Arrhythmias,2014,12
Clinical finding,Acute Pain,2014,78
Clinical finding,Edema,2014,8
Clinical finding,Fatigue,2014,2
Clinical finding,Fever,2014,18
Congenital disease,Lysosomal Storage Disorders,2014,15
Congenital disease,Phenylketonuria,2014,5
Disorder of body system,Cachexia,2014,2
Disorder of body system,Multiple Organ Failure,2014,1
Disorder of digestive system,Acute Pancreatitis,2014,16
Disorder of digestive system,Celiac Disease,2014,2
Disorder of digestive system,Chronic Pancreatitis,2014,22
Disorder of digestive system,Cirrhosis,2014,14
Disorder of digestive system,Constipation,2014,7
Disorder of digestive system,Crohn's Disease,2014,11
Disorder of digestive system,Eosinophilic Esophagitis,2014,11
Disorder of digestive system,Gastroesophageal Reflux Disease,2014,3
Disorder of digestive system,Gastroparesis,2014,14
Disorder of digestive system,Inflammatory Bowel Disease,2014,7
Disorder of digestive system,Irritable Bowel Syndrome,2014,6
Disorder of digestive system,Malnutrition,2014,2
Disorder of digestive system,Nausea and Vomiting,2014,8
Disorder of digestive system,Nonalcoholic Fatty Liver Disease,2014,8
Disorder of digestive system,Peptic Ulcer Disease,2014,10
Disorder of digestive system,Short Bowel Syndrome,2014,15
Disorder of digestive system,Ulcerative Colitis,2014,26
Disorder of ear,Hearing Loss,2014,15
Disorder of ear,Meniere's Disease,2014,7
Disorder of ear,Otitis Media,2014,5
Disorder of ear,Tinnitus,2014,4
Disorder of endocrine system,Acromegaly,2014,5
Disorder of endocrine system,Addison's Disease,2014,1
Disorder of endocrine system,Cushing's Syndrome,2014,7
Disorder of endocrine system,Diabetic Nephropathy,2014,3
Disorder of endocrine system,Diabetic Neuropathy,2014,10
Disorder of endocrine system,Gestational Diabetes,2014,60
Disorder of endocrine system,Growth Hormone Deficiency,2014,3
Disorder of endocrine system,Hyperparathyroidism,2014,10
Disorder of endocrine system,Hyperthyroidism,2014,1
Disorder of endocrine system,Hypogonadism,2014,10
Disorder of endocrine system,Hypoparathyroidism,2014,12
Disorder of endocrine system,Hypothyroidism,2014,2
Disorder of endocrine system,Menopause Symptoms,2014,8
Disorder of endocrine system,Metabolic Syndrome,2014,19
Disorder of endocrine system,Obesity,2014,47
Disorder of endocrine system,Polycystic Ovary Syndrome,2014,4
Disorder of endocrine system,Type 1 Diabetes,2014,45
Disorder of endocrine system,Type 2 Diabetes,2014,83
Disorder of eye,Age-Related Macular Degeneration,2014,17
Disorder of eye,Cataracts,2014,22
Disorder of eye,Conjunctivitis,2014,11
Disorder of eye,Diabetic Macular Edema,2014,14
Disorder of eye,Diabetic Retinopathy,2014,7
Disorder of eye,Dry Eye Disease,2014,21
Disorder of eye,Glaucoma,2014,49
Disorder of eye,Inherited Retinal Diseases,2014,15
Disorder of eye,Retinal Vein Occlusion,2014,26
Disorder of eye,Uveitis,2014,5
Disorder of haemostatic system,Deep Vein Thrombosis,2014,7
Disorder of haemostatic system,Disseminated Intravascular Coagulation,2014,9
Disorder of haemostatic system,Hemophilia A,2014,14
Disorder of haemostatic system,Hemophilia B,2014,5
Disorder of haemostatic system,Venous Thromboembolism,2014,17
Disorder of immune function,Common Variable Immunodeficiency,2014,1
Disorder of immune function,Food Allergy,2014,5
Disorder of immune function,Graft-versus-Host Disease,2014,13
Disorder of immune function,Lupus Nephritis,2014,7
Disorder of immune function,Organ Transplant Rejection,2014,18
Disorder of immune function,Primary Immunodeficiency,2014,8
Disorder of immune function,Rheumatoid Arthritis,2014,42
Disorder of immune function,Sarcoidosis,2014,12
Disorder of immune function,Severe Combined Immunodeficiency,2014,2
Disorder of immune function,Sjögren's Syndrome,2014,9
Disorder of immune function,Systemic Lupus Erythematosus,2014,10
Disorder of immune function,Systemic Sclerosis,2014,4
Disorder of immune function,Vasculitis,2014,3
Disorder of labour / delivery,Preterm Labor,2014,17
Disorder of skin,Acne,2014,10
Disorder of skin,Alopecia Areata,2014,7
Disorder of skin,Atopic Dermatitis,2014,26
Disorder of skin,Chronic Urticaria,2014,14
Disorder of skin,Hidradenitis Suppurativa,2014,10
Disorder of skin,Pressure Ulcers,2014,3
Disorder of skin,Psoriasis,2014,45
Disorder of skin,Rosacea,2014,32
Disorder of skin,Vitiligo,2014,9
Disorder of skin,Wound Healing,2014,21
Disorder of the genitourinary system,Acute Kidney Injury,2014,5
Disorder of the genitourinary system,Benign Prostatic Hyperplasia,2014,5
Disorder of the genitourinary system,Chronic Kidney Disease,2014,15
Disorder of the genitourinary system,End-Stage Renal Disease,2014,14
Disorder of the genitourinary system,Endometriosis,2014,7
Disorder of the genitourinary system,Erectile Dysfunction,2014,4
Disorder of the genitourinary system,Focal Segmental Glomerulosclerosis,2014,4
Disorder of the genitourinary system,IgA Nephropathy,2014,7
Disorder of the genitourinary system,Infertility,2014,15
Disorder of the genitourinary system,Interstitial Cystitis,2014,8
Disorder of the genitourinary system,Nephrotic Syndrome,2014,11
Disorder of the genitourinary system,Overactive Bladder,2014,8
Disorder of the genitourinary system,Polycystic Kidney Disease,2014,4
Disorder of the genitourinary system,Preeclampsia,2014,3
Disorder of the genitourinary system,Pregnancy Study,2014,8
Disorder of the genitourinary system,Urinary Incontinence,2014,22
Disorder of the genitourinary system,Uterine Fibroids,2014,8
Infection,COVID-19,2014,4
Infection,Clostridium Difficile Infection,2014,10
Infection,Cytomegalovirus,2014,10
Infection,Fungal Infection,2014,8
Infection,HIV/AIDS,2014,70
Infection,Helicobacter Pylori,2014,4
Infection,Hepatitis B,2014,18
Infection,Hepatitis C,2014,62
Infection,Herpes Simplex Virus,2014,8
Infection,Herpes Zoster,2014,5
Infection,Influenza,2014,31
Infection,Malaria,2014,13
Infection,Osteomyelitis,2014,11
Infection,Pneumonia,2014,14
Infection,Respiratory Syncytial Virus,2014,12
Infection,Sepsis,2014,11
Infection,Sexually Transmitted Infections,2014,7
Infection,Skin and Soft Tissue Infection,2014,13
Infection,Tuberculosis,2014,10
Infection,Urinary Tract Infection,2014,9
Injury,Burns,2014,4
Injury,Trauma,2014,10
Mental illness,Alcohol Use Disorder,2014,27
Mental illness,Anorexia,2014,2
Mental illness,Attention Deficit Hyperactivity Disorder,2014,22
Mental illness,Autism Spectrum Disorder,2014,9
Mental illness,Bipolar Disorder,2014,12
Mental illness,Delirium,2014,5
Mental illness,Eating Disorders,2014,9
Mental illness,Generalized Anxiety Disorder,2014,3
Mental illness,Major Depressive Disorder,2014,62
Mental illness,Obsessive-Compulsive Disorder,2014,11
Mental illness,Opioid Use Disorder,2014,11
Mental illness,Post-Traumatic Stress Disorder,2014,23
Mental illness,Postpartum Depression,2014,13
Mental illness,Schizophrenia,2014,44
Mental illness,Smoking Cessation,2014,31
Mental illness,Social Anxiety Disorder,2014,16
Mental illness,Substance Use Disorder,2014,25
Musculoskeletal disorder,Ankylosing Spondylitis,2014,13
Musculoskeletal disorder,Bone Fracture,2014,12
Musculoskeletal disorder,Fibromyalgia,2014,11
Musculoskeletal disorder,Gout,2014,14
Musculoskeletal disorder,Juvenile Idiopathic Arthritis,2014,10
Musculoskeletal disorder,Low Back Pain,2014,17
Musculoskeletal disorder,Osteoarthritis,2014,55
Musculoskeletal disorder,Osteoporosis,2014,22
Musculoskeletal disorder,Psoriatic Arthritis,2014,14
Musculoskeletal disorder,Tendinopathy,2014,12
Neoplastic disease,Acute Lymphoblastic Leukemia,2014,23
Neoplastic disease,Acute Myeloid Leukemia,2014,18
Neoplastic disease,Bladder Cancer,2014,14
Neoplastic disease,Brain Tumors,2014,27
Neoplastic disease,Breast Cancer,2014,72
Neoplastic disease,Cancer Immunotherapy,2014,13
Neoplastic disease,Cancer Supportive Care,2014,1
Neoplastic disease,Cervical Cancer,2014,14
Neoplastic disease,Cholangiocarcinoma,2014,11
Neoplastic disease,Chronic Lymphocytic Leukemia,2014,15
Neoplastic disease,Chronic Myeloid Leukemia,2014,17
Neoplastic disease,Colorectal Cancer,2014,33
Neoplastic disease,Diffuse Large B-Cell Lymphoma,2014,14
Neoplastic disease,Endometrial Cancer,2014,8
Neoplastic disease,Esophageal Cancer,2014,4
Neoplastic disease,Follicular Lymphoma,2014,9
Neoplastic disease,Gastric Cancer,2014,11
Neoplastic disease,Glioblastoma,2014,20
Neoplastic disease,Head and Neck Cancer,2014,27
Neoplastic disease,Hematologic Malignancies General,2014,9
Neoplastic disease,Hepatocellular Carcinoma,2014,22
Neoplastic disease,Hodgkin Lymphoma,2014,14
Neoplastic disease,Locally Advanced Cancer,2014,40
Neoplastic disease,Mantle Cell Lymphoma,2014,2
Neoplastic disease,Melanoma,2014,29
Neoplastic disease,Mesothelioma,2014,2
Neoplastic disease,Metastatic Disease,2014,23
Neoplastic disease,Multiple Myeloma,2014,31
Neoplastic disease,Myeloproliferative Neoplasms,2014,11
Neoplastic disease,Neuroendocrine Tumors,2014,19
Neoplastic disease,Non-Hodgkin Lymphoma,2014,7
Neoplastic disease,Non-Small Cell Lung Cancer,2014,56
Neoplastic disease,Ovarian Cancer,2014,13
Neoplastic disease,Pancreatic Cancer,2014,33
Neoplastic disease,Prostate Cancer,2014,62
Neoplastic disease,Recurrent Cancer,2014,35
Neoplastic disease,Renal Cell Carcinoma,2014,12
Neoplastic disease,Sarcoma,2014,13
Neoplastic disease,Small Cell Lung Cancer,2014,18
Neoplastic disease,Solid Tumors (Advanced),2014,31
Neoplastic disease,Solid Tumors General,2014,18
Neoplastic disease,Thyroid Cancer,2014,8
Neoplastic disease,Waldenstrom Macroglobulinemia,2014,5
Neurological disorder,Alzheimer's Disease,2014,33
Neurological disorder,Amyotrophic Lateral Sclerosis,2014,4
Neurological disorder,Chronic Inflammatory Demyelinating Polyneuropathy,2014,4
Neurological disorder,Chronic Pain,2014,13
Neurological disorder,Dementia,2014,5
Neurological disorder,Duchenne Muscular Dystrophy,2014,13
Neurological disorder,Epilepsy,2014,20
Neurological disorder,Essential Tremor,2014,17
Neurological disorder,Guillain-Barré Syndrome,2014,2
Neurological disorder,Huntington's Disease,2014,4
Neurological disorder,Migraine,2014,32
Neurological disorder,Multiple Sclerosis,2014,34
Neurological disorder,Myasthenia Gravis,2014,9
Neurological disorder,Neuropathic Pain,2014,11
Neurological disorder,Parkinson's Disease,2014,28
Neurological disorder,Spinal Cord Injury,2014,22
Neurological disorder,Spinal Muscular Atrophy,2014,17
Neurological disorder,Stroke,2014,45
Neurological disorder,Traumatic Brain Injury,2014,22
Neurological disorder,Trigeminal Neuralgia,2014,17
Procedure,Anesthesia,2014,29
Procedure,Bioequivalence Study,2014,2
Procedure,Blood Transfusion,2014,15
Procedure,Mechanical Ventilation,2014,13
Procedure,Medical Device Study,2014,12
Procedure,Radiation Oncology,2014,4
Procedure,Screening,2014,7
Procedure,Surgical Procedures,2014,29
Respiratory disease,Acute Respiratory Distress Syndrome,2014,13
Respiratory disease,Allergic Asthma,2014,13
Respiratory disease,Allergic Rhinitis,2014,7
Respiratory disease,Asthma,2014,45
Respiratory disease,Bronchiectasis,2014,12
Respiratory disease,Chronic Obstructive Pulmonary Disease,2014,59
Respiratory disease,Cystic Fibrosis,2014,16
Respiratory disease,Idiopathic Pulmonary Fibrosis,2014,7
Respiratory disease,Neonatal Respiratory Distress,2014,11
Respiratory disease,Pulmonary Arterial Hypertension,2014,15
Respiratory disease,Pulmonary Embolism,2014,5
Respiratory disease,Severe Asthma,2014,4
Situation with explicit context,Contraception,2014,20
Situation with explicit context,Critical Illness,2014,3
Situation with explicit context,Drug-Drug Interaction,2014,9
Situation with explicit context,Geriatric Population,2014,10
Situation with explicit context,Healthy Volunteers,2014,131
Situation with explicit context,Pediatric Population,2014,17
Situation with explicit context,Post-Operative Care,2014,16
Situation with explicit context,Preventive Care,2014,21
Situation with explicit context,Vaccination,2014,3
Sleep disorder,Insomnia,2014,9
Sleep disorder,Narcolepsy,2014,2
Sleep disorder,Obstructive Sleep Apnea,2014,20
Sleep disorder,Restless Legs Syndrome,2014,3
Blood disease,Anemia,2015,11
Blood disease,Immune Thrombocytopenia,2015,3
Blood disease,Myelodysplastic Syndromes,2015,12
Blood disease,Neutropenia,2015,2
Blood disease,Sickle Cell Disease,2015,13
Blood disease,Thrombotic Thrombocytopenic Purpura,2015,3
Cardiovascular disease,Acute Coronary Syndrome,2015,10
Cardiovascular disease,Aortic Stenosis,2015,19
Cardiovascular disease,Atherosclerosis,2015,10
Cardiovascular disease,Atrial Fibrillation,2015,34
Cardiovascular disease,Cardiomyopathy,2015,8
Cardiovascular disease,Coronary Artery Disease,2015,39
Cardiovascular disease,Familial Hypercholesterolemia,2015,17
Cardiovascular disease,Heart Failure,2015,37
Cardiovascular disease,Hyperlipidemia,2015,10
Cardiovascular disease,Hypertension,2015,27
Cardiovascular disease,Mitral Regurgitation,2015,14
Cardiovascular disease,Myocardial Infarction,2015,16
Cardiovascular disease,Peripheral Artery Disease,2015,30
Cardiovascular disease,Shock,2015,9
Cardiovascular disease,Ventricular Arrhythmias,2015,12
Clinical finding,Acute Pain,2015,72
Clinical finding,Edema,2015,8
Clinical finding,Fatigue,2015,1
Clinical finding,Fever,2015,15
Congenital disease,Lysosomal Storage Disorders,2015,9
Congenital disease,Phenylketonuria,2015,4
Disorder of body system,Cachexia,2015,2
Disorder of body system,Multiple Organ Failure,2015,2
Disorder of digestive system,Acute Pancreatitis,2015,12
Disorder of digestive system,Celiac Disease,2015,3
Disorder of digestive system,Chronic Pancreatitis,2015,18
Disorder of digestive system,Cirrhosis,2015,8
Disorder of digestive system,Constipation,2015,7
Disorder of digestive system,Crohn's Disease,2015,17
Disorder of digestive system,Eosinophilic Esophagitis,2015,21
Disorder of digestive system,Gastroesophageal Reflux Disease,2015,4
Disorder of digestive system,Gastroparesis,2015,5
Disorder of digestive system,Inflammatory Bowel Disease,2015,8
Disorder of digestive system,Irritable Bowel Syndrome,2015,12
Disorder of digestive system,Malnutrition,2015,6
Disorder of digestive system,Nausea and Vomiting,2015,12
Disorder of digestive system,Nonalcoholic Fatty Liver Disease,2015,24
Disorder of digestive system,Peptic Ulcer Disease,2015,6
Disorder of digestive system,Short Bowel Syndrome,2015,14
Disorder of digestive system,Ulcerative Colitis,2015,24
Disorder of ear,Hearing Loss,2015,12
Disorder of ear,Meniere's Disease,2015,12
Disorder of ear,Otitis Media,2015,11
Disorder of ear,Tinnitus,2015,1
Disorder of endocrine system,Acromegaly,2015,6
Disorder of endocrine system,Addison's Disease,2015,2
Disorder of endocrine system,Cushing's Syndrome,2015,4
Disorder of endocrine system,Diabetic Nephropathy,2015,7
Disorder of endocrine system,Diabetic Neuropathy,2015,9
Disorder of endocrine system,Gestational Diabetes,2015,56
Disorder of endocrine system,Growth Hormone Deficiency,2015,6
Disorder of endocrine system,Hyperparathyroidism,2015,3
Disorder of endocrine system,Hypogonadism,2015,8
Disorder of endocrine system,Hypoparathyroidism,2015,13
Disorder of endocrine system,Hypothyroidism,2015,2
Disorder of endocrine system,Menopause Symptoms,2015,8
Disorder of endocrine system,Metabolic Syndrome,2015,14
Disorder of endocrine system,Obesity,2015,42
Disorder of endocrine system,Polycystic Ovary Syndrome,2015,3
Disorder of endocrine system,Type 1 Diabetes,2015,44
Disorder of endocrine system,Type 2 Diabetes,2015,75
Disorder of eye,Age-Related Macular Degeneration,2015,27
Disorder of eye,Cataracts,2015,20
Disorder of eye,Conjunctivitis,2015,7
Disorder of eye,Diabetic Macular Edema,2015,9
Disorder of eye,Diabetic Retinopathy,2015,14
Disorder of eye,Dry Eye Disease,2015,13
Disorder of eye,Glaucoma,2015,43
Disorder of eye,Inherited Retinal Diseases,2015,13
Disorder of eye,Retinal Vein Occlusion,2015,31
Disorder of eye,Uveitis,2015,9
Disorder of haemostatic system,Deep Vein Thrombosis,2015,8
Disorder of haemostatic system,Disseminated Intravascular Coagulation,2015,7
Disorder of haemostatic system,Hemophilia A,2015,16
Disorder of haemostatic system,Hemophilia B,2015,7
Disorder of haemostatic system,Venous Thromboembolism,2015,17
Disorder of haemostatic system,Von Willebrand Disease,2015,2
Disorder of immune function,Common Variable Immunodeficiency,2015,3
Disorder of immune function,Food Allergy,2015,9
Disorder of immune function,Graft-versus-Host Disease,2015,13
Disorder of immune function,Lupus Nephritis,2015,9
Disorder of immune function,Organ Transplant Rejection,2015,20
Disorder of immune function,Primary Immunodeficiency,2015,7
Disorder of immune function,Rheumatoid Arthritis,2015,35
Disorder of immune function,Sarcoidosis,2015,12
Disorder of immune function,Sjögren's Syndrome,2015,8
Disorder of immune function,Systemic Lupus Erythematosus,2015,13
Disorder of immune function,Systemic Sclerosis,2015,7
Disorder of immune function,Vasculitis,2015,3
Disorder of labour / delivery,Preterm Labor,2015,16
Disorder of skin,Acne,2015,21
Disorder of skin,Alopecia Areata,2015,8
Disorder of skin,Atopic Dermatitis,2015,38
Disorder of skin,Chronic Urticaria,2015,5
Disorder of skin,Hidradenitis Suppurativa,2015,12
Disorder of skin,Pressure Ulcers,2015,3
Disorder of skin,Psoriasis,2015,45
Disorder of skin,Rosacea,2015,26
Disorder of skin,Vitiligo,2015,10
Disorder of skin,Wound Healing,2015,17
Disorder of the genitourinary system,Acute Kidney Injury,2015,9
Disorder of the genitourinary system,Benign Prostatic Hyperplasia,2015,9
Disorder of the genitourinary system,Chronic Kidney Disease,2015,22
Disorder of the genitourinary system,End-Stage Renal Disease,2015,17
Disorder of the genitourinary system,Endometriosis,2015,6
Disorder of the genitourinary system,Erectile Dysfunction,2015,7
Disorder of the genitourinary system,IgA Nephropathy,2015,3
Disorder of the genitourinary system,Infertility,2015,11
Disorder of the genitourinary system,Interstitial Cystitis,2015,9
Disorder of the genitourinary system,Nephrotic Syndrome,2015,4
Disorder of the genitourinary system,Overactive Bladder,2015,7
Disorder of the genitourinary system,Polycystic Kidney Disease,2015,4
Disorder of the genitourinary system,Preeclampsia,2015,9
Disorder of the genitourinary system,Pregnancy Study,2015,16
Disorder of the genitourinary system,Urinary Incontinence,2015,19
Disorder of the genitourinary system,Uterine Fibroids,2015,8
Infection,COVID-19,2015,9
Infection,Clostridium Difficile Infection,2015,15
Infection,Cytomegalovirus,2015,10
Infection,Fungal Infection,2015,14
Infection,HIV/AIDS,2015,95
Infection,Helicobacter Pylori,2015,6
Infection,Hepatitis B,2015,17
Infection,Hepatitis C,2015,75
Infection,Herpes Simplex Virus,2015,3
Infection,Herpes Zoster,2015,6
Infection,Influenza,2015,40
Infection,Malaria,2015,13
Infection,Osteomyelitis,2015,13
Infection,Pneumonia,2015,11
Infection,Respiratory Syncytial Virus,2015,11
Infection,Sepsis,2015,8
Infection,Sexually Transmitted Infections,2015,8
Infection,Skin and Soft Tissue Infection,2015,18
Infection,Tuberculosis,2015,12
Infection,Urinary Tract Infection,2015,11
Injury,Burns,2015,3
Injury,Overdose,2015,2
Injury,Trauma,2015,12
Mental illness,Alcohol Use Disorder,2015,30
Mental illness,Anorexia,2015,8
Mental illness,Attention Deficit Hyperactivity Disorder,2015,19
Mental illness,Autism Spectrum Disorder,2015,19
Mental illness,Bipolar Disorder,2015,12
Mental illness,Delirium,2015,11
Mental illness,Eating Disorders,2015,8
Mental illness,Generalized Anxiety Disorder,2015,2
Mental illness,Major Depressive Disorder,2015,75
Mental illness,Obsessive-Compulsive Disorder,2015,7
Mental illness,Opioid Use Disorder,2015,20
Mental illness,Panic Disorder,2015,1
Mental illness,Post-Traumatic Stress Disorder,2015,23
Mental illness,Postpartum Depression,2015,17
Mental illness,Schizophrenia,2015,32
Mental illness,Smoking Cessation,2015,40
Mental illness,Social Anxiety Disorder,2015,20
Mental illness,Substance Use Disorder,2015,8
Musculoskeletal disorder,Ankylosing Spondylitis,2015,15
Musculoskeletal disorder,Bone Fracture,2015,16
Musculoskeletal disorder,Fibromyalgia,2015,16
Musculoskeletal disorder,Gout,2015,5
Musculoskeletal disorder,Juvenile Idiopathic Arthritis,2015,4
Musculoskeletal disorder,Low Back Pain,2015,21
Musculoskeletal disorder,Osteoarthritis,2015,57
Musculoskeletal disorder,Osteoporosis,2015,29
Musculoskeletal disorder,Psoriatic Arthritis,2015,11
Musculoskeletal disorder,Tendinopathy,2015,6
Neoplastic disease,Acute Lymphoblastic Leukemia,2015,35
Neoplastic disease,Acute Myeloid Leukemia,2015,36
Neoplastic disease,Bladder Cancer,2015,28
Neoplastic disease,Brain Tumors,2015,21
Neoplastic disease,Breast Cancer,2015,86
Neoplastic disease,Cancer Immunotherapy,2015,11
Neoplastic disease,Cancer Supportive Care,2015,3
Neoplastic disease,Cervical Cancer,2015,11
Neoplastic disease,Cholangiocarcinoma,2015,6
Neoplastic disease,Chronic Lymphocytic Leukemia,2015,14
Neoplastic disease,Chronic Myeloid Leukemia,2015,23
Neoplastic disease,Colorectal Cancer,2015,23
Neoplastic disease,Diffuse Large B-Cell Lymphoma,2015,22
Neoplastic disease,Endometrial Cancer,2015,10
Neoplastic disease,Esophageal Cancer,2015,6
Neoplastic disease,Follicular Lymphoma,2015,13
Neoplastic disease,Gastric Cancer,2015,14
Neoplastic disease,Glioblastoma,2015,21
Neoplastic disease,Head and Neck Cancer,2015,26
Neoplastic disease,Hematologic Malignancies General,2015,8
Neoplastic disease,Hepatocellular Carcinoma,2015,18
Neoplastic disease,Hodgkin Lymphoma,2015,22
Neoplastic disease,Locally Advanced Cancer,2015,46
Neoplastic disease,Mantle Cell Lymphoma,2015,9
Neoplastic disease,Melanoma,2015,37
Neoplastic disease,Mesothelioma,2015,4
Neoplastic disease,Metastatic Disease,2015,22
Neoplastic disease,Multiple Myeloma,2015,32
Neoplastic disease,Myeloproliferative Neoplasms,2015,2
Neoplastic disease,Neuroendocrine Tumors,2015,15
Neoplastic disease,Non-Hodgkin Lymphoma,2015,4
Neoplastic disease,Non-Small Cell Lung Cancer,2015,87
Neoplastic disease,Ovarian Cancer,2015,20
Neoplastic disease,Pancreatic Cancer,2015,34
Neoplastic disease,Prostate Cancer,2015,40
Neoplastic disease,Recurrent Cancer,2015,27
Neoplastic disease,Renal Cell Carcinoma,2015,15
Neoplastic disease,Sarcoma,2015,23
Neoplastic disease,Small Cell Lung Cancer,2015,34
Neoplastic disease,Solid Tumors (Advanced),2015,21
Neoplastic disease,Solid Tumors General,2015,20
Neoplastic disease,Thyroid Cancer,2015,9
Neoplastic disease,Waldenstrom Macroglobulinemia,2015,3
Neurological disorder,Alzheimer's Disease,2015,44
Neurological disorder,Amyotrophic Lateral Sclerosis,2015,10
Neurological disorder,Chronic Inflammatory Demyelinating Polyneuropathy,2015,3
Neurological disorder,Chronic Pain,2015,22
Neurological disorder,Dementia,2015,7
Neurological disorder,Duchenne Muscular Dystrophy,2015,12
Neurological disorder,Epilepsy,2015,30
Neurological disorder,Essential Tremor,2015,17
Neurological disorder,Guillain-Barré Syndrome,2015,6
Neurological disorder,Huntington's Disease,2015,3
Neurological disorder,Migraine,2015,31
Neurological disorder,Multiple Sclerosis,2015,30
Neurological disorder,Myasthenia Gravis,2015,14
Neurological disorder,Neuropathic Pain,2015,6
Neurological disorder,Parkinson's Disease,2015,31
Neurological disorder,Spinal Cord Injury,2015,22
Neurological disorder,Spinal Muscular Atrophy,2015,19
Neurological disorder,Stroke,2015,43
Neurological disorder,Traumatic Brain Injury,2015,19
Neurological disorder,Trigeminal Neuralgia,2015,29
Procedure,Anesthesia,2015,19
Procedure,Bioequivalence Study,2015,8
Procedure,Blood Transfusion,2015,15
Procedure,Mechanical Ventilation,2015,12
Procedure,Medical Device Study,2015,10
Procedure,Radiation Oncology,2015,5
Procedure,Screening,2015,5
Procedure,Surgical Procedures,2015,29
Respiratory disease,Acute Respiratory Distress Syndrome,2015,14
Respiratory disease,Allergic Asthma,2015,17
Respiratory disease,Allergic Rhinitis,2015,8
Respiratory disease,Asthma,2015,55
Respiratory disease,Bronchiectasis,2015,15
Respiratory disease,Chronic Obstructive Pulmonary Disease,2015,66
Respiratory disease,Cystic Fibrosis,2015,28
Respiratory disease,Idiopathic Pulmonary Fibrosis,2015,12
Respiratory disease,Neonatal Respiratory Distress,2015,9
Respiratory disease,Pulmonary Arterial Hypertension,2015,13
Respiratory disease,Pulmonary Embolism,2015,7
Situation with explicit context,Contraception,2015,18
Situation with explicit context,Critical Illness,2015,7
Situation with explicit context,Drug-Drug Interaction,2015,8
Situation with explicit context,Geriatric Population,2015,13
Situation with explicit context,Healthy Volunteers,2015,114
Situation with explicit context,Pediatric Population,2015,6
Situation with explicit context,Post-Operative Care,2015,18
Situation with explicit context,Preventive Care,2015,19
Situation with explicit context,Vaccination,2015,5
Sleep disorder,Insomnia,2015,14
Sleep disorder,Narcolepsy,2015,2
Sleep disorder,Obstructive Sleep Apnea,2015,28
Sleep disorder,Restless Legs Syndrome,2015,2
Blood disease,Anemia,2016,22
Blood disease,Immune Thrombocytopenia,2016,3
Blood disease,Myelodysplastic Syndromes,2016,14
Blood disease,Neutropenia,2016,2
Blood disease,Sickle Cell Disease,2016,10
Blood disease,Thalassemia,2016,1
Blood disease,Thrombotic Thrombocytopenic Purpura,2016,7
Cardiovascular disease,Acute Coronary Syndrome,2016,5
Cardiovascular disease,Aortic Stenosis,2016,32
Cardiovascular disease,Atherosclerosis,2016,18
Cardiovascular disease,Atrial Fibrillation,2016,34
Cardiovascular disease,Cardiomyopathy,2016,7
Cardiovascular disease,Coronary Artery Disease,2016,37
Cardiovascular disease,Familial Hypercholesterolemia,2016,21
Cardiovascular disease,Heart Failure,2016,66
Cardiovascular disease,Hyperlipidemia,2016,18
Cardiovascular disease,Hypertension,2016,13
Cardiovascular disease,Mitral Regurgitation,2016,8
Cardiovascular disease,Myocardial Infarction,2016,15
Cardiovascular disease,Peripheral Artery Disease,2016,22
Cardiovascular disease,Shock,2016,7
Cardiovascular disease,Ventricular Arrhythmias,2016,8
Clinical finding,Acute Pain,2016,83
Clinical finding,Edema,2016,10
Clinical finding,Fatigue,2016,6
Clinical finding,Fever,2016,17
Congenital disease,Lysosomal Storage Disorders,2016,7
Congenital disease,Phenylketonuria,2016,4
Disorder of body system,Cachexia,2016,1
Disorder of body system,Multiple Organ Failure,2016,1
Disorder of digestive system,Acute Pancreatitis,2016,18
Disorder of digestive system,Celiac Disease,2016,4
Disorder of digestive system,Chronic Pancreatitis,2016,20
Disorder of digestive system,Cirrhosis,2016,7
Disorder of digestive system,Constipation,2016,13
Disorder of digestive system,Crohn's Disease,2016,18
Disorder of digestive system,Eosinophilic Esophagitis,2016,10
Disorder of digestive system,Gastroesophageal Reflux Disease,2016,11
Disorder of digestive system,Gastroparesis,2016,7
Disorder of digestive system,Inflammatory Bowel Disease,2016,9
Disorder of digestive system,Irritable Bowel Syndrome,2016,9
Disorder of digestive system,Malnutrition,2016,6
Disorder of digestive system,Nausea and Vomiting,2016,11
Disorder of digestive system,Nonalcoholic Fatty Liver Disease,2016,22
Disorder of digestive system,Peptic Ulcer Disease,2016,5
Disorder of digestive system,Short Bowel Syndrome,2016,15
Disorder of digestive system,Ulcerative Colitis,2016,25
Disorder of ear,Hearing Loss,2016,12
Disorder of ear,Meniere's Disease,2016,10
Disorder of ear,Otitis Media,2016,7
Disorder of ear,Tinnitus,2016,3
Disorder of endocrine system,Acromegaly,2016,3
Disorder of endocrine system,Addison's Disease,2016,1
Disorder of endocrine system,Cushing's Syndrome,2016,5
Disorder of endocrine system,Diabetic Nephropathy,2016,1
Disorder of endocrine system,Diabetic Neuropathy,2016,5
Disorder of endocrine system,Gestational Diabetes,2016,65
Disorder of endocrine system,Growth Hormone Deficiency,2016,4
Disorder of endocrine system,Hyperparathyroidism,2016,8
Disorder of endocrine system,Hyperthyroidism,2016,2
Disorder of endocrine system,Hypogonadism,2016,11
Disorder of endocrine system,Hypoparathyroidism,2016,12
Disorder of endocrine system,Hypothyroidism,2016,2
Disorder of endocrine system,Menopause Symptoms,2016,7
Disorder of endocrine system,Metabolic Syndrome,2016,16
Disorder of endocrine system,Obesity,2016,63
Disorder of endocrine system,Polycystic Ovary Syndrome,2016,5
Disorder of endocrine system,Type 1 Diabetes,2016,40
Disorder of endocrine system,Type 2 Diabetes,2016,69
Disorder of eye,Age-Related Macular Degeneration,2016,14
Disorder of eye,Cataracts,2016,31
Disorder of eye,Conjunctivitis,2016,5
Disorder of eye,Diabetic Macular Edema,2016,13
Disorder of eye,Diabetic Retinopathy,2016,17
Disorder of eye,Dry Eye Disease,2016,22
Disorder of eye,Glaucoma,2016,37
Disorder of eye,Inherited Retinal Diseases,2016,12
Disorder of eye,Retinal Vein Occlusion,2016,18
Disorder of eye,Uveitis,2016,8
Disorder of haemostatic system,Deep Vein Thrombosis,2016,4
Disorder of haemostatic system,Disseminated Intravascular Coagulation,2016,5
Disorder of haemostatic system,Hemophilia A,2016,9
Disorder of haemostatic system,Hemophilia B,2016,3
Disorder of haemostatic system,Venous Thromboembolism,2016,16
Disorder of immune function,Common Variable Immunodeficiency,2016,3
Disorder of immune function,Food Allergy,2016,2
Disorder of immune function,Graft-versus-Host Disease,2016,20
Disorder of immune function,Lupus Nephritis,2016,3
Disorder of immune function,Organ Transplant Rejection,2016,15
Disorder of immune function,Primary Immunodeficiency,2016,13
Disorder of immune function,Rheumatoid Arthritis,2016,56
Disorder of immune function,Sarcoidosis,2016,9
Disorder of immune function,Severe Combined Immunodeficiency,2016,3
Disorder of immune function,Sjögren's Syndrome,2016,8
Disorder of immune function,Systemic Lupus Erythematosus,2016,9
Disorder of immune function,Systemic Sclerosis,2016,7
Disorder of immune function,Vasculitis,2016,4
Disorder of labour / delivery,Preterm Labor,2016,18
Disorder of skin,Acne,2016,25
Disorder of skin,Alopecia Areata,2016,11
Disorder of skin,Atopic Dermatitis,2016,31
Disorder of skin,Chronic Urticaria,2016,10
Disorder of skin,Hidradenitis Suppurativa,2016,14
Disorder of skin,Pressure Ulcers,2016,6
Disorder of skin,Psoriasis,2016,53
Disorder of skin,Rosacea,2016,36
Disorder of skin,Vitiligo,2016,16
Disorder of skin,Wound Healing,2016,8
Disorder of the genitourinary system,Acute Kidney Injury,2016,9
Disorder of the genitourinary system,Benign Prostatic Hyperplasia,2016,7
Disorder of the genitourinary system,Chronic Kidney Disease,2016,18
Disorder of the genitourinary system,End-Stage Renal Disease,2016,10
Disorder of the genitourinary system,Endometriosis,2016,15
Disorder of the genitourinary system,Erectile Dysfunction,2016,2
Disorder of the genitourinary system,Focal Segmental Glomerulosclerosis,2016,3
Disorder of the genitourinary system,IgA Nephropathy,2016,2
Disorder of the genitourinary system,Infertility,2016,10
Disorder of the genitourinary system,Interstitial Cystitis,2016,5
Disorder of the genitourinary system,Nephrotic Syndrome,2016,3
Disorder of the genitourinary system,Overactive Bladder,2016,12
Disorder of the genitourinary system,Polycystic Kidney Disease,2016,6
Disorder of the genitourinary system,Preeclampsia,2016,5
Disorder of the genitourinary system,Pregnancy Study,2016,13
Disorder of the genitourinary system,Urinary Incontinence,2016,29
Disorder of the genitourinary system,Uterine Fibroids,2016,8
Infection,COVID-19,2016,1
Infection,Clostridium Difficile Infection,2016,6
Infection,Cytomegalovirus,2016,8
Infection,Fungal Infection,2016,10
Infection,HIV/AIDS,2016,73
Infection,Helicobacter Pylori,2016,2
Infection,Hepatitis B,2016,14
Infection,Hepatitis C,2016,41
Infection,Herpes Simplex Virus,2016,9
Infection,Herpes Zoster,2016,6
Infection,Influenza,2016,22
Infection,Malaria,2016,11
Infection,Osteomyelitis,2016,9
Infection,Pneumonia,2016,15
Infection,Respiratory Syncytial Virus,2016,19
Infection,Sepsis,2016,12
Infection,Sexually Transmitted Infections,2016,6
Infection,Skin and Soft Tissue Infection,2016,16
Infection,Tuberculosis,2016,10
Infection,Urinary Tract Infection,2016,16
Injury,Burns,2016,6
Injury,Overdose,2016,4
Injury,Trauma,2016,15
Mental illness,Alcohol Use Disorder,2016,39
Mental illness,Anorexia,2016,10
Mental illness,Attention Deficit Hyperactivity Disorder,2016,25
Mental illness,Autism Spectrum Disorder,2016,17
Mental illness,Bipolar Disorder,2016,9
Mental illness,Delirium,2016,12
Mental illness,Eating Disorders,2016,15
Mental illness,Generalized Anxiety Disorder,2016,4
Mental illness,Major Depressive Disorder,2016,60
Mental illness,Obsessive-Compulsive Disorder,2016,9
Mental illness,Opioid Use Disorder,2016,13
Mental illness,Post-Traumatic Stress Disorder,2016,34
Mental illness,Postpartum Depression,2016,9
Mental illness,Schizophrenia,2016,27
Mental illness,Smoking Cessation,2016,44
Mental illness,Social Anxiety Disorder,2016,18
Mental illness,Substance Use Disorder,2016,13
Musculoskeletal disorder,Ankylosing Spondylitis,2016,12
Musculoskeletal disorder,Bone Fracture,2016,15
Musculoskeletal disorder,Fibromyalgia,2016,7
Musculoskeletal disorder,Gout,2016,6
Musculoskeletal disorder,Juvenile Idiopathic Arthritis,2016,4
Musculoskeletal disorder,Low Back Pain,2016,21
Musculoskeletal disorder,Osteoarthritis,2016,57
Musculoskeletal disorder,Osteoporosis,2016,15
Musculoskeletal disorder,Psoriatic Arthritis,2016,12
Musculoskeletal disorder,Tendinopathy,2016,5
Neoplastic disease,Acute Lymphoblastic Leukemia,2016,31
Neoplastic disease,Acute Myeloid Leukemia,2016,27
Neoplastic disease,Bladder Cancer,2016,23
Neoplastic disease,Brain Tumors,2016,31
Neoplastic disease,Breast Cancer,2016,79
Neoplastic disease,Cancer Immunotherapy,2016,16
Neoplastic disease,Cancer Supportive Care,2016,2
Neoplastic disease,Cervical Cancer,2016,7
Neoplastic disease,Cholangiocarcinoma,2016,6
Neoplastic disease,Chronic Lymphocytic Leukemia,2016,12
Neoplastic disease,Chronic Myeloid Leukemia,2016,7
Neoplastic disease,Colorectal Cancer,2016,27
Neoplastic disease,Diffuse Large B-Cell Lymphoma,2016,23
Neoplastic disease,Endometrial Cancer,2016,12
Neoplastic disease,Esophageal Cancer,2016,9
Neoplastic disease,Follicular Lymphoma,2016,14
Neoplastic disease,Gastric Cancer,2016,10
Neoplastic disease,Glioblastoma,2016,19
Neoplastic disease,Head and Neck Cancer,2016,23
Neoplastic disease,Hematologic Malignancies General,2016,13
Neoplastic disease,Hepatocellular Carcinoma,2016,24
Neoplastic disease,Hodgkin Lymphoma,2016,28
Neoplastic disease,Locally Advanced Cancer,2016,42
Neoplastic disease,Mantle Cell Lymphoma,2016,2
Neoplastic disease,Melanoma,2016,33
Neoplastic disease,Mesothelioma,2016,11
Neoplastic disease,Metastatic Disease,2016,20
Neoplastic disease,Multiple Myeloma,2016,39
Neoplastic disease,Myeloproliferative Neoplasms,2016,2
Neoplastic disease,Neuroendocrine Tumors,2016,16
Neoplastic disease,Non-Hodgkin Lymphoma,2016,6
Neoplastic disease,Non-Small Cell Lung Cancer,2016,62
Neoplastic disease,Ovarian Cancer,2016,25
Neoplastic disease,Pancreatic Cancer,2016,38
Neoplastic disease,Prostate Cancer,2016,50
Neoplastic disease,Recurrent Cancer,2016,31
Neoplastic disease,Renal Cell Carcinoma,2016,23
Neoplastic disease,Sarcoma,2016,13
Neoplastic disease,Small Cell Lung Cancer,2016,24
Neoplastic disease,Solid Tumors (Advanced),2016,26
Neoplastic disease,Solid Tumors General,2016,19
Neoplastic disease,Thyroid Cancer,2016,6
Neoplastic disease,Waldenstrom Macroglobulinemia,2016,4
Neurological disorder,Alzheimer's Disease,2016,30
Neurological disorder,Amyotrophic Lateral Sclerosis,2016,14
Neurological disorder,Chronic Inflammatory Demyelinating Polyneuropathy,2016,4
Neurological disorder,Chronic Pain,2016,23
Neurological disorder,Dementia,2016,13
Neurological disorder,Duchenne Muscular Dystrophy,2016,21
Neurological disorder,Epilepsy,2016,19
Neurological disorder,Essential Tremor,2016,5
Neurological disorder,Guillain-Barré Syndrome,2016,2
Neurological disorder,Migraine,2016,35
Neurological disorder,Multiple Sclerosis,2016,23
Neurological disorder,Myasthenia Gravis,2016,14
Neurological disorder,Neuropathic Pain,2016,9
Neurological disorder,Parkinson's Disease,2016,33
Neurological disorder,Spinal Cord Injury,2016,25
Neurological disorder,Spinal Muscular Atrophy,2016,15
Neurological disorder,Stroke,2016,43
Neurological disorder,Traumatic Brain Injury,2016,12
Neurological disorder,Trigeminal Neuralgia,2016,23
Procedure,Anesthesia,2016,25
Procedure,Bioequivalence Study,2016,3
Procedure,Blood Transfusion,2016,19
Procedure,Mechanical Ventilation,2016,10
Procedure,Medical Device Study,2016,9
Procedure,Radiation Oncology,2016,10
Procedure,Screening,2016,7
Procedure,Surgical Procedures,2016,22
Respiratory disease,Acute Respiratory Distress Syndrome,2016,9
Respiratory disease,Allergic Asthma,2016,5
Respiratory disease,Allergic Rhinitis,2016,8
Respiratory disease,Asthma,2016,44
Respiratory disease,Bronchiectasis,2016,12
Respiratory disease,Chronic Obstructive Pulmonary Disease,2016,43
Respiratory disease,Cystic Fibrosis,2016,27
Respiratory disease,Idiopathic Pulmonary Fibrosis,2016,13
Respiratory disease,Neonatal Respiratory Distress,2016,9
Respiratory disease,Pulmonary Arterial Hypertension,2016,16
Respiratory disease,Pulmonary Embolism,2016,2
Respiratory disease,Severe Asthma,2016,1
Situation with explicit context,Contraception,2016,13
Situation with explicit context,Critical Illness,2016,4
Situation with explicit context,Drug-Drug Interaction,2016,8
Situation with explicit context,Geriatric Population,2016,14
Situation with explicit context,Healthy Volunteers,2016,112
Situation with explicit context,Pediatric Population,2016,10
Situation with explicit context,Post-Operative Care,2016,17
Situation with explicit context,Preventive Care,2016,14
Situation with explicit context,Vaccination,2016,4
Sleep disorder,Insomnia,2016,30
Sleep disorder,Narcolepsy,2016,7
Sleep disorder,Obstructive Sleep Apnea,2016,34
Sleep disorder,Restless Legs Syndrome,2016,5
Blood disease,Anemia,2017,22
Blood disease,Myelodysplastic Syndromes,2017,18
Blood disease,Neutropenia,2017,2
Blood disease,Sickle Cell Disease,2017,10
Blood disease,Thalassemia,2017,2
Blood disease,Thrombotic Thrombocytopenic Purpura,2017,4
Cardiovascular disease,Acute Coronary Syndrome,2017,4
Cardiovascular disease,Aortic Stenosis,2017,17
Cardiovascular disease,Atherosclerosis,2017,21
Cardiovascular disease,Atrial Fibrillation,2017,39
Cardiovascular disease,Cardiomyopathy,2017,7
Cardiovascular disease,Coronary Artery Disease,2017,34
Cardiovascular disease,Familial Hypercholesterolemia,2017,11
Cardiovascular disease,Heart Failure,2017,62
Cardiovascular disease,Hyperlipidemia,2017,8
Cardiovascular disease,Hypertension,2017,20
Cardiovascular disease,Mitral Regurgitation,2017,8
Cardiovascular disease,Myocardial Infarction,2017,20
Cardiovascular disease,Peripheral Artery Disease,2017,30
Cardiovascular disease,Shock,2017,7
Cardiovascular disease,Ventricular Arrhythmias,2017,6
Clinical finding,Acute Pain,2017,60
Clinical finding,Edema,2017,7
Clinical finding,Fatigue,2017,6
Clinical finding,Fever,2017,12
Congenital disease,Lysosomal Storage Disorders,2017,5
Congenital disease,Phenylketonuria,2017,6
Disorder of body system,Cachexia,2017,3
Disorder of body system,Multiple Organ Failure,2017,6
Disorder of digestive system,Acute Pancreatitis,2017,11
Disorder of digestive system,Celiac Disease,2017,4
Disorder of digestive system,Chronic Pancreatitis,2017,19
Disorder of digestive system,Cirrhosis,2017,15
Disorder of digestive system,Constipation,2017,10
Disorder of digestive system,Crohn's Disease,2017,20
Disorder of digestive system,Eosinophilic Esophagitis,2017,15
Disorder of digestive system,Gastroesophageal Reflux Disease,2017,8
Disorder of digestive system,Gastroparesis,2017,12
Disorder of digestive system,Inflammatory Bowel Disease,2017,6
Disorder of digestive system,Irritable Bowel Syndrome,2017,1
Disorder of digestive system,Malnutrition,2017,6
Disorder of digestive system,Nausea and Vomiting,2017,8
Disorder of digestive system,Nonalcoholic Fatty Liver Disease,2017,22
Disorder of digestive system,Peptic Ulcer Disease,2017,5
Disorder of digestive system,Short Bowel Syndrome,2017,21
Disorder of digestive system,Ulcerative Colitis,2017,25
Disorder of ear,Hearing Loss,2017,18
Disorder of ear,Meniere's Disease,2017,6
Disorder of ear,Otitis Media,2017,4
Disorder of ear,Tinnitus,2017,4
Disorder of endocrine system,Acromegaly,2017,4
Disorder of endocrine system,Addison's Disease,2017,2
Disorder of endocrine system,Cushing's Syndrome,2017,5
Disorder of endocrine system,Diabetic Nephropathy,2017,2
Disorder of endocrine system,Diabetic Neuropathy,2017,4
Disorder of endocrine system,Gestational Diabetes,2017,50
Disorder of endocrine system,Growth Hormone Deficiency,2017,7
Disorder of endocrine system,Hyperparathyroidism,2017,15
Disorder of endocrine system,Hyperthyroidism,2017,3
Disorder of endocrine system,Hypogonadism,2017,8
Disorder of endocrine system,Hypoparathyroidism,2017,8
Disorder of endocrine system,Menopause Symptoms,2017,10
Disorder of endocrine system,Metabolic Syndrome,2017,21
Disorder of endocrine system,Obesity,2017,71
Disorder of endocrine system,Polycystic Ovary Syndrome,2017,7
Disorder of endocrine system,Type 1 Diabetes,2017,38
Disorder of endocrine system,Type 2 Diabetes,2017,71
Disorder of eye,Age-Related Macular Degeneration,2017,9
Disorder of eye,Cataracts,2017,19
Disorder of eye,Conjunctivitis,2017,13
Disorder of eye,Diabetic Macular Edema,2017,12
Disorder of eye,Diabetic Retinopathy,2017,7
Disorder of eye,Dry Eye Disease,2017,22
Disorder of eye,Glaucoma,2017,36
Disorder of eye,Inherited Retinal Diseases,2017,16
Disorder of eye,Retinal Vein Occlusion,2017,20
Disorder of eye,Uveitis,2017,10
Disorder of haemostatic system,Deep Vein Thrombosis,2017,9
Disorder of haemostatic system,Disseminated Intravascular Coagulation,2017,4
Disorder of haemostatic system,Hemophilia A,2017,15
Disorder of haemostatic system,Hemophilia B,2017,4
Disorder of haemostatic system,Venous Thromboembolism,2017,19
Disorder of haemostatic system,Von Willebrand Disease,2017,1
Disorder of immune function,Common Variable Immunodeficiency,2017,2
Disorder of immune function,Food Allergy,2017,10
Disorder of immune function,Graft-versus-Host Disease,2017,8
Disorder of immune function,Lupus Nephritis,2017,6
Disorder of immune function,Organ Transplant Rejection,2017,16
Disorder of immune function,Primary Immunodeficiency,2017,11
Disorder of immune function,Rheumatoid Arthritis,2017,19
Disorder of immune function,Sarcoidosis,2017,10
Disorder of immune function,Severe Combined Immunodeficiency,2017,3
Disorder of immune function,Sjögren's Syndrome,2017,5
Disorder of immune function,Systemic Lupus Erythematosus,2017,15
Disorder of immune function,Systemic Sclerosis,2017,6
Disorder of immune function,Vasculitis,2017,2
Disorder of labour / delivery,Preterm Labor,2017,17
Disorder of skin,Acne,2017,21
Disorder of skin,Alopecia Areata,2017,8
Disorder of skin,Atopic Dermatitis,2017,29
Disorder of skin,Chronic Urticaria,2017,10
Disorder of skin,Hidradenitis Suppurativa,2017,5
Disorder of skin,Pressure Ulcers,2017,4
Disorder of skin,Psoriasis,2017,38
Disorder of skin,Rosacea,2017,32
Disorder of skin,Vitiligo,2017,10
Disorder of skin,Wound Healing,2017,16
Disorder of the genitourinary system,Acute Kidney Injury,2017,5
Disorder of the genitourinary system,Benign Prostatic Hyperplasia,2017,7
Disorder of the genitourinary system,Chronic Kidney Disease,2017,16
Disorder of the genitourinary system,End-Stage Renal Disease,2017,17
Disorder of the genitourinary system,Endometriosis,2017,19
Disorder of the genitourinary system,Erectile Dysfunction,2017,9
Disorder of the genitourinary system,Focal Segmental Glomerulosclerosis,2017,1
Disorder of the genitourinary system,IgA Nephropathy,2017,6
Disorder of the genitourinary system,Infertility,2017,8
Disorder of the genitourinary system,Interstitial Cystitis,2017,4
Disorder of the genitourinary system,Nephrotic Syndrome,2017,11
Disorder of the genitourinary system,Overactive Bladder,2017,2
Disorder of the genitourinary system,Polycystic Kidney Disease,2017,3
Disorder of the genitourinary system,Preeclampsia,2017,6
Disorder of the genitourinary system,Pregnancy Study,2017,11
Disorder of the genitourinary system,Urinary Incontinence,2017,29
Disorder of the genitourinary system,Uterine Fibroids,2017,4
Infection,COVID-19,2017,5
Infection,Clostridium Difficile Infection,2017,14
Infection,Cytomegalovirus,2017,6
Infection,Fungal Infection,2017,11
Infection,HIV/AIDS,2017,83
Infection,Helicobacter Pylori,2017,2
Infection,Hepatitis B,2017,9
Infection,Hepatitis C,2017,37
Infection,Herpes Simplex Virus,2017,11
Infection,Herpes Zoster,2017,3
Infection,Influenza,2017,26
Infection,Malaria,2017,20
Infection,Osteomyelitis,2017,8
Infection,Pneumonia,2017,16
Infection,Respiratory Syncytial Virus,2017,13
Infection,Sepsis,2017,13
Infection,Sexually Transmitted Infections,2017,9
Infection,Skin and Soft Tissue Infection,2017,17
Infection,Tuberculosis,2017,12
Infection,Urinary Tract Infection,2017,10
Injury,Burns,2017,6
Injury,Overdose,2017,8
Injury,Trauma,2017,13
Mental illness,Alcohol Use Disorder,2017,48
Mental illness,Anorexia,2017,5
Mental illness,Attention Deficit Hyperactivity Disorder,2017,24
Mental illness,Autism Spectrum Disorder,2017,14
Mental illness,Bipolar Disorder,2017,14
Mental illness,Delirium,2017,12
Mental illness,Eating Disorders,2017,14
Mental illness,Generalized Anxiety Disorder,2017,3
Mental illness,Major Depressive Disorder,2017,61
Mental illness,Obsessive-Compulsive Disorder,2017,8
Mental illness,Opioid Use Disorder,2017,15
Mental illness,Post-Traumatic Stress Disorder,2017,33
Mental illness,Postpartum Depression,2017,11
Mental illness,Schizophrenia,2017,38
Mental illness,Smoking Cessation,2017,46
Mental illness,Social Anxiety Disorder,2017,10
Mental illness,Substance Use Disorder,2017,19
Musculoskeletal disorder,Ankylosing Spondylitis,2017,15
Musculoskeletal disorder,Bone Fracture,2017,9
Musculoskeletal disorder,Fibromyalgia,2017,14
Musculoskeletal disorder,Gout,2017,10
Musculoskeletal disorder,Low Back Pain,2017,23
Musculoskeletal disorder,Osteoarthritis,2017,66
Musculoskeletal disorder,Osteoporosis,2017,17
Musculoskeletal disorder,Psoriatic Arthritis,2017,16
Musculoskeletal disorder,Tendinopathy,2017,12
Neoplastic disease,Acute Lymphoblastic Leukemia,2017,26
Neoplastic disease,Acute Myeloid Leukemia,2017,27
Neoplastic disease,Bladder Cancer,2017,26
Neoplastic disease,Brain Tumors,2017,31
Neoplastic disease,Breast Cancer,2017,103
Neoplastic disease,Cancer Immunotherapy,2017,22
Neoplastic disease,Cancer Supportive Care,2017,1
Neoplastic disease,Cervical Cancer,2017,11
Neoplastic disease,Cholangiocarcinoma,2017,12
Neoplastic disease,Chronic Lymphocytic Leukemia,2017,6
Neoplastic disease,Chronic Myeloid Leukemia,2017,8
Neoplastic disease,Colorectal Cancer,2017,21
Neoplastic disease,Diffuse Large B-Cell Lymphoma,2017,13
Neoplastic disease,Endometrial Cancer,2017,16
Neoplastic disease,Esophageal Cancer,2017,16
Neoplastic disease,Follicular Lymphoma,2017,15
Neoplastic disease,Gastric Cancer,2017,14
Neoplastic disease,Glioblastoma,2017,28
Neoplastic disease,Head and Neck Cancer,2017,30
Neoplastic disease,Hematologic Malignancies General,2017,11
Neoplastic disease,Hepatocellular Carcinoma,2017,16
Neoplastic disease,Hodgkin Lymphoma,2017,27
Neoplastic disease,Locally Advanced Cancer,2017,51
Neoplastic disease,Mantle Cell Lymphoma,2017,10
Neoplastic disease,Melanoma,2017,35
Neoplastic disease,Mesothelioma,2017,9
Neoplastic disease,Metastatic Disease,2017,20
Neoplastic disease,Multiple Myeloma,2017,30
Neoplastic disease,Myeloproliferative Neoplasms,2017,6
Neoplastic disease,Neuroendocrine Tumors,2017,26
Neoplastic disease,Non-Hodgkin Lymphoma,2017,6
Neoplastic disease,Non-Small Cell Lung Cancer,2017,65
Neoplastic disease,Ovarian Cancer,2017,25
Neoplastic disease,Pancreatic Cancer,2017,46
Neoplastic disease,Prostate Cancer,2017,50
Neoplastic disease,Recurrent Cancer,2017,27
Neoplastic disease,Renal Cell Carcinoma,2017,28
Neoplastic disease,Sarcoma,2017,14
Neoplastic disease,Small Cell Lung Cancer,2017,35
Neoplastic disease,Solid Tumors (Advanced),2017,27
Neoplastic disease,Solid Tumors General,2017,21
Neoplastic disease,Thyroid Cancer,2017,9
Neoplastic disease,Waldenstrom Macroglobulinemia,2017,7
Neurological disorder,Alzheimer's Disease,2017,39
Neurological disorder,Amyotrophic Lateral Sclerosis,2017,19
Neurological disorder,Chronic Inflammatory Demyelinating Polyneuropathy,2017,2
Neurological disorder,Chronic Pain,2017,25
Neurological disorder,Dementia,2017,9
Neurological disorder,Duchenne Muscular Dystrophy,2017,12
Neurological disorder,Epilepsy,2017,22
Neurological disorder,Essential Tremor,2017,9
Neurological disorder,Guillain-Barré Syndrome,2017,3
Neurological disorder,Huntington's Disease,2017,4
Neurological disorder,Migraine,2017,43
Neurological disorder,Multiple Sclerosis,2017,28
Neurological disorder,Myasthenia Gravis,2017,7
Neurological disorder,Neuropathic Pain,2017,7
Neurological disorder,Parkinson's Disease,2017,29
Neurological disorder,Spinal Cord Injury,2017,32
Neurological disorder,Spinal Muscular Atrophy,2017,19
Neurological disorder,Stroke,2017,40
Neurological disorder,Traumatic Brain Injury,2017,8
Neurological disorder,Trigeminal Neuralgia,2017,11
Procedure,Anesthesia,2017,22
Procedure,Bioequivalence Study,2017,2
Procedure,Blood Transfusion,2017,15
Procedure,Mechanical Ventilation,2017,18
Procedure,Medical Device Study,2017,5
Procedure,Radiation Oncology,2017,1
Procedure,Screening,2017,4
Procedure,Surgical Procedures,2017,38
Respiratory disease,Acute Respiratory Distress Syndrome,2017,13
Respiratory disease,Allergic Asthma,2017,11
Respiratory disease,Allergic Rhinitis,2017,2
Respiratory disease,Asthma,2017,51
Respiratory disease,Bronchiectasis,2017,20
Respiratory disease,Chronic Obstructive Pulmonary Disease,2017,56
Respiratory disease,Cystic Fibrosis,2017,21
Respiratory disease,Idiopathic Pulmonary Fibrosis,2017,19
Respiratory disease,Neonatal Respiratory Distress,2017,13
Respiratory disease,Pulmonary Arterial Hypertension,2017,26
Respiratory disease,Pulmonary Embolism,2017,6
Situation with explicit context,Contraception,2017,11
Situation with explicit context,Critical Illness,2017,4
Situation with explicit context,Drug-Drug Interaction,2017,14
Situation with explicit context,Geriatric Population,2017,9
Situation with explicit context,Healthy Volunteers,2017,142
Situation with explicit context,Pediatric Population,2017,7
Situation with explicit context,Post-Operative Care,2017,26
Situation with explicit context,Preventive Care,2017,19
Situation with explicit context,Vaccination,2017,6
Sleep disorder,Insomnia,2017,9
Sleep disorder,Narcolepsy,2017,6
Sleep disorder,Obstructive Sleep Apnea,2017,30
Sleep disorder,Restless Legs Syndrome,2017,2
Blood disease,Anemia,2018,15
Blood disease,Hemoglobinopathies,2018,1
Blood disease,Immune Thrombocytopenia,2018,5
Blood disease,Myelodysplastic Syndromes,2018,15
Blood disease,Neutropenia,2018,2
Blood disease,Sickle Cell Disease,2018,16
Blood disease,Thalassemia,2018,4
Blood disease,Thrombotic Thrombocytopenic Purpura,2018,9
Cardiovascular disease,Acute Coronary Syndrome,2018,13
Cardiovascular disease,Aortic Stenosis,2018,17
Cardiovascular disease,Atherosclerosis,2018,16
Cardiovascular disease,Atrial Fibrillation,2018,38
Cardiovascular disease,Cardiomyopathy,2018,11
Cardiovascular disease,Coronary Artery Disease,2018,34
Cardiovascular disease,Familial Hypercholesterolemia,2018,17
Cardiovascular disease,Heart Failure,2018,45
Cardiovascular disease,Hyperlipidemia,2018,8
Cardiovascular disease,Hypertension,2018,22
Cardiovascular disease,Mitral Regurgitation,2018,6
Cardiovascular disease,Myocardial Infarction,2018,7
Cardiovascular disease,Peripheral Artery Disease,2018,31
Cardiovascular disease,Shock,2018,9
Cardiovascular disease,Ventricular Arrhythmias,2018,13
Clinical finding,Acute Pain,2018,65
Clinical finding,Edema,2018,5
Clinical finding,Fatigue,2018,4
Clinical finding,Fever,2018,7
Congenital disease,Lysosomal Storage Disorders,2018,7
Congenital disease,Phenylketonuria,2018,6
Disorder of body system,Cachexia,2018,2
Disorder of body system,Multiple Organ Failure,2018,5
Disorder of digestive system,Acute Pancreatitis,2018,13
Disorder of digestive system,Celiac Disease,2018,7
Disorder of digestive system,Chronic Pancreatitis,2018,17
Disorder of digestive system,Cirrhosis,2018,20
Disorder of digestive system,Constipation,2018,2
Disorder of digestive system,Crohn's Disease,2018,16
Disorder of digestive system,Eosinophilic Esophagitis,2018,9
Disorder of digestive system,Gastroesophageal Reflux Disease,2018,4
Disorder of digestive system,Gastroparesis,2018,17
Disorder of digestive system,Inflammatory Bowel Disease,2018,6
Disorder of digestive system,Irritable Bowel Syndrome,2018,8
Disorder of digestive system,Malnutrition,2018,3
Disorder of digestive system,Nausea and Vomiting,2018,4
Disorder of digestive system,Nonalcoholic Fatty Liver Disease,2018,17
Disorder of digestive system,Peptic Ulcer Disease,2018,4
Disorder of digestive system,Short Bowel Syndrome,2018,15
Disorder of digestive system,Ulcerative Colitis,2018,32
Disorder of ear,Hearing Loss,2018,10
Disorder of ear,Meniere's Disease,2018,7
Disorder of ear,Otitis Media,2018,2
Disorder of ear,Tinnitus,2018,4
Disorder of endocrine system,Acromegaly,2018,3
Disorder of endocrine system,Addison's Disease,2018,1
Disorder of endocrine system,Cushing's Syndrome,2018,5
Disorder of endocrine system,Diabetic Nephropathy,2018,5
Disorder of endocrine system,Diabetic Neuropathy,2018,8
Disorder of endocrine system,Gestational Diabetes,2018,58
Disorder of endocrine system,Hyperparathyroidism,2018,6
Disorder of endocrine system,Hyperthyroidism,2018,1
Disorder of endocrine system,Hypogonadism,2018,6
Disorder of endocrine system,Hypoparathyroidism,2018,5
Disorder of endocrine system,Hypothyroidism,2018,2
Disorder of endocrine system,Menopause Symptoms,2018,6
Disorder of endocrine system,Metabolic Syndrome,2018,22
Disorder of endocrine system,Obesity,2018,65
Disorder of endocrine system,Polycystic Ovary Syndrome,2018,4
Disorder of endocrine system,Type 1 Diabetes,2018,36
Disorder of endocrine system,Type 2 Diabetes,2018,65
Disorder of eye,Age-Related Macular Degeneration,2018,14
Disorder of eye,Cataracts,2018,55
Disorder of eye,Conjunctivitis,2018,17
Disorder of eye,Diabetic Macular Edema,2018,12
Disorder of eye,Diabetic Retinopathy,2018,5
Disorder of eye,Dry Eye Disease,2018,27
Disorder of eye,Glaucoma,2018,37
Disorder of eye,Inherited Retinal Diseases,2018,8
Disorder of eye,Retinal Vein Occlusion,2018,35
Disorder of eye,Uveitis,2018,6
Disorder of haemostatic system,Deep Vein Thrombosis,2018,6
Disorder of haemostatic system,Disseminated Intravascular Coagulation,2018,2
Disorder of haemostatic system,Hemophilia A,2018,15
Disorder of haemostatic system,Hemophilia B,2018,6
Disorder of haemostatic system,Venous Thromboembolism,2018,8
Disorder of haemostatic system,Von Willebrand Disease,2018,1
Disorder of immune function,Common Variable Immunodeficiency,2018,2
Disorder of immune function,Food Allergy,2018,9
Disorder of immune function,Graft-versus-Host Disease,2018,13
Disorder of immune function,Lupus Nephritis,2018,7
Disorder of immune function,Organ Transplant Rejection,2018,20
Disorder of immune function,Primary Immunodeficiency,2018,8
Disorder of immune function,Rheumatoid Arthritis,2018,17
Disorder of immune function,Sarcoidosis,2018,9
Disorder of immune function,Sjögren's Syndrome,2018,1
Disorder of immune function,Systemic Lupus Erythematosus,2018,14
Disorder of immune function,Systemic Sclerosis,2018,6
Disorder of immune function,Vasculitis,2018,5
Disorder of labour / delivery,Preterm Labor,2018,21
Disorder of skin,Acne,2018,17
Disorder of skin,Alopecia Areata,2018,11
Disorder of skin,Atopic Dermatitis,2018,52
Disorder of skin,Chronic Urticaria,2018,18
Disorder of skin,Hidradenitis Suppurativa,2018,10
Disorder of skin,Pressure Ulcers,2018,3
Disorder of skin,Psoriasis,2018,45
Disorder of skin,Rosacea,2018,30
Disorder of skin,Vitiligo,2018,7
Disorder of skin,Wound Healing,2018,15
Disorder of the genitourinary system,Acute Kidney Injury,2018,13
Disorder of the genitourinary system,Benign Prostatic Hyperplasia,2018,7
Disorder of the genitourinary system,Chronic Kidney Disease,2018,13
Disorder of the genitourinary system,End-Stage Renal Disease,2018,15
Disorder of the genitourinary system,Endometriosis,2018,11
Disorder of the genitourinary system,Erectile Dysfunction,2018,2
Disorder of the genitourinary system,Focal Segmental Glomerulosclerosis,2018,5
Disorder of the genitourinary system,IgA Nephropathy,2018,13
Disorder of the genitourinary system,Infertility,2018,5
Disorder of the genitourinary system,Nephrotic Syndrome,2018,6
Disorder of the genitourinary system,Overactive Bladder,2018,10
Disorder of the genitourinary system,Polycystic Kidney Disease,2018,4
Disorder of the genitourinary system,Preeclampsia,2018,5
Disorder of the genitourinary system,Pregnancy Study,2018,13
Disorder of the genitourinary system,Urinary Incontinence,2018,21
Disorder of the genitourinary system,Uterine Fibroids,2018,10
Infection,COVID-19,2018,4
Infection,Clostridium Difficile Infection,2018,11
Infection,Cytomegalovirus,2018,9
Infection,Fungal Infection,2018,9
Infection,HIV/AIDS,2018,88
Infection,Helicobacter Pylori,2018,3
Infection,Hepatitis B,2018,17
Infection,Hepatitis C,2018,15
Infection,Herpes Simplex Virus,2018,13
Infection,Herpes Zoster,2018,2
Infection,Influenza,2018,34
Infection,Malaria,2018,15
Infection,Osteomyelitis,2018,7
Infection,Pneumonia,2018,16
Infection,Respiratory Syncytial Virus,2018,16
Infection,Sepsis,2018,15
Infection,Sexually Transmitted Infections,2018,15
Infection,Skin and Soft Tissue Infection,2018,23
Infection,Tuberculosis,2018,9
Infection,Urinary Tract Infection,2018,15
Injury,Burns,2018,9
Injury,Overdose,2018,4
Injury,Trauma,2018,17
Mental illness,Alcohol Use Disorder,2018,41
Mental illness,Anorexia,2018,7
Mental illness,Attention Deficit Hyperactivity Disorder,2018,22
Mental illness,Autism Spectrum Disorder,2018,24
Mental illness,Bipolar Disorder,2018,12
Mental illness,Delirium,2018,15
Mental illness,Eating Disorders,2018,18
Mental illness,Generalized Anxiety Disorder,2018,3
Mental illness,Major Depressive Disorder,2018,60
Mental illness,Obsessive-Compulsive Disorder,2018,7
Mental illness,Opioid Use Disorder,2018,14
Mental illness,Panic Disorder,2018,1
Mental illness,Post-Traumatic Stress Disorder,2018,40
Mental illness,Postpartum Depression,2018,15
Mental illness,Schizophrenia,2018,27
Mental illness,Smoking Cessation,2018,56
Mental illness,Social Anxiety Disorder,2018,19
Mental illness,Substance Use Disorder,2018,16
Musculoskeletal disorder,Ankylosing Spondylitis,2018,9
Musculoskeletal disorder,Bone Fracture,2018,10
Musculoskeletal disorder,Fibromyalgia,2018,16
Musculoskeletal disorder,Gout,2018,5
Musculoskeletal disorder,Juvenile Idiopathic Arthritis,2018,5
Musculoskeletal disorder,Low Back Pain,2018,21
Musculoskeletal disorder,Osteoarthritis,2018,47
Musculoskeletal disorder,Osteoporosis,2018,15
Musculoskeletal disorder,Psoriatic Arthritis,2018,7
Musculoskeletal disorder,Tendinopathy,2018,8
Neoplastic disease,Acute Lymphoblastic Leukemia,2018,17
Neoplastic disease,Acute Myeloid Leukemia,2018,18
Neoplastic disease,Bladder Cancer,2018,37
Neoplastic disease,Brain Tumors,2018,24
Neoplastic disease,Breast Cancer,2018,72
Neoplastic disease,Cancer Immunotherapy,2018,8
Neoplastic disease,Cancer Supportive Care,2018,5
Neoplastic disease,Cervical Cancer,2018,18
Neoplastic disease,Cholangiocarcinoma,2018,7
Neoplastic disease,Chronic Lymphocytic Leukemia,2018,6
Neoplastic disease,Chronic Myeloid Leukemia,2018,9
Neoplastic disease,Colorectal Cancer,2018,33
Neoplastic disease,Diffuse Large B-Cell Lymphoma,2018,12
Neoplastic disease,Endometrial Cancer,2018,16
Neoplastic disease,Esophageal Cancer,2018,13
Neoplastic disease,Follicular Lymphoma,2018,10
Neoplastic disease,Gastric Cancer,2018,15
Neoplastic disease,Glioblastoma,2018,27
Neoplastic disease,Head and Neck Cancer,2018,28
Neoplastic disease,Hematologic Malignancies General,2018,5
Neoplastic disease,Hepatocellular Carcinoma,2018,17
Neoplastic disease,Hodgkin Lymphoma,2018,14
Neoplastic disease,Locally Advanced Cancer,2018,44
Neoplastic disease,Mantle Cell Lymphoma,2018,5
Neoplastic disease,Melanoma,2018,38
Neoplastic disease,Mesothelioma,2018,9
Neoplastic disease,Metastatic Disease,2018,19
Neoplastic disease,Multiple Myeloma,2018,30
Neoplastic disease,Myeloproliferative Neoplasms,2018,3
Neoplastic disease,Neuroendocrine Tumors,2018,10
Neoplastic disease,Non-Hodgkin Lymphoma,2018,6
Neoplastic disease,Non-Small Cell Lung Cancer,2018,63
Neoplastic disease,Ovarian Cancer,2018,26
Neoplastic disease,Pancreatic Cancer,2018,34
Neoplastic disease,Prostate Cancer,2018,57
Neoplastic disease,Recurrent Cancer,2018,28
Neoplastic disease,Renal Cell Carcinoma,2018,14
Neoplastic disease,Sarcoma,2018,13
Neoplastic disease,Small Cell Lung Cancer,2018,30
Neoplastic disease,Solid Tumors (Advanced),2018,32
Neoplastic disease,Solid Tumors General,2018,9
Neoplastic disease,Thyroid Cancer,2018,8
Neoplastic disease,Waldenstrom Macroglobulinemia,2018,5
Neurological disorder,Alzheimer's Disease,2018,46
Neurological disorder,Amyotrophic Lateral Sclerosis,2018,11
Neurological disorder,Chronic Inflammatory Demyelinating Polyneuropathy,2018,3
Neurological disorder,Chronic Pain,2018,30
Neurological disorder,Dementia,2018,11
Neurological disorder,Duchenne Muscular Dystrophy,2018,15
Neurological disorder,Epilepsy,2018,20
Neurological disorder,Essential Tremor,2018,15
Neurological disorder,Guillain-Barré Syndrome,2018,3
Neurological disorder,Huntington's Disease,2018,3
Neurological disorder,Migraine,2018,24
Neurological disorder,Multiple Sclerosis,2018,33
Neurological disorder,Myasthenia Gravis,2018,11
Neurological disorder,Neuropathic Pain,2018,7
Neurological disorder,Parkinson's Disease,2018,36
Neurological disorder,Spinal Cord Injury,2018,12
Neurological disorder,Spinal Muscular Atrophy,2018,15
Neurological disorder,Stroke,2018,33
Neurological disorder,Traumatic Brain Injury,2018,11
Neurological disorder,Trigeminal Neuralgia,2018,18
Procedure,Anesthesia,2018,27
Procedure,Bioequivalence Study,2018,5
Procedure,Blood Transfusion,2018,10
Procedure,Mechanical Ventilation,2018,16
Procedure,Medical Device Study,2018,3
Procedure,Radiation Oncology,2018,6
Procedure,Screening,2018,5
Procedure,Surgical Procedures,2018,33
Respiratory disease,Acute Respiratory Distress Syndrome,2018,7
Respiratory disease,Allergic Asthma,2018,17
Respiratory disease,Allergic Rhinitis,2018,4
Respiratory disease,Asthma,2018,29
Respiratory disease,Bronchiectasis,2018,18
Respiratory disease,Chronic Obstructive Pulmonary Disease,2018,44
Respiratory disease,Cystic Fibrosis,2018,22
Respiratory disease,Idiopathic Pulmonary Fibrosis,2018,17
Respiratory disease,Neonatal Respiratory Distress,2018,13
Respiratory disease,Pulmonary Arterial Hypertension,2018,18
Respiratory disease,Pulmonary Embolism,2018,5
Respiratory disease,Severe Asthma,2018,1
Situation with explicit context,Contraception,2018,13
Situation with explicit context,Critical Illness,2018,7
Situation with explicit context,Drug-Drug Interaction,2018,18
Situation with explicit context,Geriatric Population,2018,13
Situation with explicit context,Healthy Volunteers,2018,135
Situation with explicit context,Pediatric Population,2018,12
Situation with explicit context,Post-Operative Care,2018,20
Situation with explicit context,Preventive Care,2018,23
Situation with explicit context,Vaccination,2018,10
Sleep disorder,Insomnia,2018,17
Sleep disorder,Narcolepsy,2018,3
Sleep disorder,Obstructive Sleep Apnea,2018,17
Sleep disorder,Restless Legs Syndrome,2018,2
Blood disease,Anemia,2019,9
Blood disease,Immune Thrombocytopenia,2019,4
Blood disease,Myelodysplastic Syndromes,2019,17
Blood disease,Neutropenia,2019,1
Blood disease,Sickle Cell Disease,2019,12
Blood disease,Thalassemia,2019,1
Blood disease,Thrombotic Thrombocytopenic Purpura,2019,3
Cardiovascular disease,Acute Coronary Syndrome,2019,6
Cardiovascular disease,Aortic Stenosis,2019,15
Cardiovascular disease,Atherosclerosis,2019,11
Cardiovascular disease,Atrial Fibrillation,2019,25
Cardiovascular disease,Cardiomyopathy,2019,7
Cardiovascular disease,Coronary Artery Disease,2019,28
Cardiovascular disease,Familial Hypercholesterolemia,2019,10
Cardiovascular disease,Heart Failure,2019,26
Cardiovascular disease,Hyperlipidemia,2019,3
Cardiovascular disease,Hypertension,2019,18
Cardiovascular disease,Mitral Regurgitation,2019,6
Cardiovascular disease,Myocardial Infarction,2019,5
Cardiovascular disease,Peripheral Artery Disease,2019,23
Cardiovascular disease,Shock,2019,4
Cardiovascular disease,Ventricular Arrhythmias,2019,8
Clinical finding,Acute Pain,2019,51
Clinical finding,Edema,2019,6
Clinical finding,Fatigue,2019,5
Clinical finding,Fever,2019,7
Congenital disease,Lysosomal Storage Disorders,2019,3
Congenital disease,Phenylketonuria,2019,4
Disorder of body system,Cachexia,2019,4
Disorder of body system,Multiple Organ Failure,2019,4
Disorder of digestive system,Acute Pancreatitis,2019,7
Disorder of digestive system,Celiac Disease,2019,3
Disorder of digestive system,Chronic Pancreatitis,2019,17
Disorder of digestive system,Cirrhosis,2019,11
Disorder of digestive system,Constipation,2019,7
Disorder of digestive system,Crohn's Disease,2019,11
Disorder of digestive system,Eosinophilic Esophagitis,2019,12
Disorder of digestive system,Gastroparesis,2019,8
Disorder of digestive system,Inflammatory Bowel Disease,2019,7
Disorder of digestive system,Irritable Bowel Syndrome,2019,7
Disorder of digestive system,Malnutrition,2019,8
Disorder of digestive system,Nausea and Vomiting,2019,1
Disorder of digestive system,Nonalcoholic Fatty Liver Disease,2019,31
Disorder of digestive system,Peptic Ulcer Disease,2019,3
Disorder of digestive system,Short Bowel Syndrome,2019,19
Disorder of digestive system,Ulcerative Colitis,2019,21
Disorder of ear,Hearing Loss,2019,24
Disorder of ear,Meniere's Disease,2019,5
Disorder of ear,Otitis Media,2019,4
Disorder of ear,Tinnitus,2019,2
Disorder of endocrine system,Acromegaly,2019,7
Disorder of endocrine system,Cushing's Syndrome,2019,5
Disorder of endocrine system,Diabetic Nephropathy,2019,4
Disorder of endocrine system,Diabetic Neuropathy,2019,7
Disorder of endocrine system,Gestational Diabetes,2019,45
Disorder of endocrine system,Growth Hormone Deficiency,2019,6
Disorder of endocrine system,Hyperparathyroidism,2019,5
Disorder of endocrine system,Hyperthyroidism,2019,2
Disorder of endocrine system,Hypogonadism,2019,9
Disorder of endocrine system,Hypoparathyroidism,2019,8
Disorder of endocrine system,Hypothyroidism,2019,3
Disorder of endocrine system,Menopause Symptoms,2019,6
Disorder of endocrine system,Metabolic Syndrome,2019,14
Disorder of endocrine system,Obesity,2019,48
Disorder of endocrine system,Polycystic Ovary Syndrome,2019,6
Disorder of endocrine system,Type 1 Diabetes,2019,49
Disorder of endocrine system,Type 2 Diabetes,2019,58
Disorder of eye,Age-Related Macular Degeneration,2019,18
Disorder of eye,Cataracts,2019,24
Disorder of eye,Conjunctivitis,2019,7
Disorder of eye,Diabetic Macular Edema,2019,10
Disorder of eye,Diabetic Retinopathy,2019,6
Disorder of eye,Dry Eye Disease,2019,32
Disorder of eye,Glaucoma,2019,39
Disorder of eye,Inherited Retinal Diseases,2019,12
Disorder of eye,Retinal Vein Occlusion,2019,28
Disorder of eye,Uveitis,2019,7
Disorder of haemostatic system,Deep Vein Thrombosis,2019,2
Disorder of haemostatic system,Disseminated Intravascular Coagulation,2019,5
Disorder of haemostatic system,Hemophilia A,2019,9
Disorder of haemostatic system,Hemophilia B,2019,3
Disorder of haemostatic system,Venous Thromboembolism,2019,12
Disorder of haemostatic system,Von Willebrand Disease,2019,4
Disorder of immune function,Food Allergy,2019,8
Disorder of immune function,Graft-versus-Host Disease,2019,17
Disorder of immune function,Lupus Nephritis,2019,8
Disorder of immune function,Organ Transplant Rejection,2019,24
Disorder of immune function,Primary Immunodeficiency,2019,7
Disorder of immune function,Rheumatoid Arthritis,2019,19
Disorder of immune function,Sarcoidosis,2019,16
Disorder of immune function,Severe Combined Immunodeficiency,2019,1
Disorder of immune function,Sjögren's Syndrome,2019,5
Disorder of immune function,Systemic Lupus Erythematosus,2019,10
Disorder of immune function,Systemic Sclerosis,2019,6
Disorder of immune function,Vasculitis,2019,6
Disorder of labour / delivery,Preterm Labor,2019,11
Disorder of skin,Acne,2019,6
Disorder of skin,Alopecia Areata,2019,6
Disorder of skin,Atopic Dermatitis,2019,50
Disorder of skin,Chronic Urticaria,2019,15
Disorder of skin,Hidradenitis Suppurativa,2019,10
Disorder of skin,Pressure Ulcers,2019,2
Disorder of skin,Psoriasis,2019,41
Disorder of skin,Rosacea,2019,27
Disorder of skin,Vitiligo,2019,6
Disorder of skin,Wound Healing,2019,14
Disorder of the genitourinary system,Acute Kidney Injury,2019,6
Disorder of the genitourinary system,Chronic Kidney Disease,2019,20
Disorder of the genitourinary system,End-Stage Renal Disease,2019,13
Disorder of the genitourinary system,Endometriosis,2019,15
Disorder of the genitourinary system,Erectile Dysfunction,2019,7
Disorder of the genitourinary system,Focal Segmental Glomerulosclerosis,2019,3
Disorder of the genitourinary system,IgA Nephropathy,2019,7
Disorder of the genitourinary system,Infertility,2019,11
Disorder of the genitourinary system,Interstitial Cystitis,2019,4
Disorder of the genitourinary system,Nephrotic Syndrome,2019,7
Disorder of the genitourinary system,Overactive Bladder,2019,9
Disorder of the genitourinary system,Polycystic Kidney Disease,2019,2
Disorder of the genitourinary system,Preeclampsia,2019,5
Disorder of the genitourinary system,Pregnancy Study,2019,12
Disorder of the genitourinary system,Urinary Incontinence,2019,13
Disorder of the genitourinary system,Uterine Fibroids,2019,5
Infection,COVID-19,2019,2
Infection,Clostridium Difficile Infection,2019,17
Infection,Cytomegalovirus,2019,14
Infection,Fungal Infection,2019,10
Infection,HIV/AIDS,2019,99
Infection,Helicobacter Pylori,2019,2
Infection,Hepatitis B,2019,5
Infection,Hepatitis C,2019,7
Infection,Herpes Simplex Virus,2019,5
Infection,Herpes Zoster,2019,5
Infection,Influenza,2019,24
Infection,Malaria,2019,15
Infection,Osteomyelitis,2019,4
Infection,Pneumonia,2019,19
Infection,Respiratory Syncytial Virus,2019,25
Infection,Sepsis,2019,3
Infection,Sexually Transmitted Infections,2019,19
Infection,Skin and Soft Tissue Infection,2019,18
Infection,Tuberculosis,2019,9
Infection,Urinary Tract Infection,2019,9
Injury,Burns,2019,1
Injury,Overdose,2019,6
Injury,Trauma,2019,16
Mental illness,Alcohol Use Disorder,2019,49
Mental illness,Anorexia,2019,7
Mental illness,Attention Deficit Hyperactivity Disorder,2019,27
Mental illness,Autism Spectrum Disorder,2019,17
Mental illness,Bipolar Disorder,2019,10
Mental illness,Delirium,2019,8
Mental illness,Eating Disorders,2019,13
Mental illness,Generalized Anxiety Disorder,2019,4
Mental illness,Major Depressive Disorder,2019,55
Mental illness,Obsessive-Compulsive Disorder,2019,12
Mental illness,Opioid Use Disorder,2019,55
Mental illness,Post-Traumatic Stress Disorder,2019,36
Mental illness,Postpartum Depression,2019,16
Mental illness,Schizophrenia,2019,30
Mental illness,Smoking Cessation,2019,58
Mental illness,Social Anxiety Disorder,2019,18
Mental illness,Substance Use Disorder,2019,21
Musculoskeletal disorder,Ankylosing Spondylitis,2019,12
Musculoskeletal disorder,Bone Fracture,2019,22
Musculoskeletal disorder,Fibromyalgia,2019,21
Musculoskeletal disorder,Gout,2019,9
Musculoskeletal disorder,Juvenile Idiopathic Arthritis,2019,3
Musculoskeletal disorder,Low Back Pain,2019,18
Musculoskeletal disorder,Osteoarthritis,2019,45
Musculoskeletal disorder,Osteoporosis,2019,17
Musculoskeletal disorder,Psoriatic Arthritis,2019,18
Musculoskeletal disorder,Tendinopathy,2019,9
Neoplastic disease,Acute Lymphoblastic Leukemia,2019,15
Neoplastic disease,Acute Myeloid Leukemia,2019,18
Neoplastic disease,Bladder Cancer,2019,19
Neoplastic disease,Brain Tumors,2019,19
Neoplastic disease,Breast Cancer,2019,50
Neoplastic disease,Cancer Immunotherapy,2019,15
Neoplastic disease,Cancer Supportive Care,2019,4
Neoplastic disease,Cervical Cancer,2019,11
Neoplastic disease,Cholangiocarcinoma,2019,13
Neoplastic disease,Chronic Lymphocytic Leukemia,2019,6
Neoplastic disease,Chronic Myeloid Leukemia,2019,5
Neoplastic disease,Colorectal Cancer,2019,19
Neoplastic disease,Diffuse Large B-Cell Lymphoma,2019,11
Neoplastic disease,Endometrial Cancer,2019,10
Neoplastic disease,Esophageal Cancer,2019,7
Neoplastic disease,Follicular Lymphoma,2019,11
Neoplastic disease,Gastric Cancer,2019,8
Neoplastic disease,Glioblastoma,2019,15
Neoplastic disease,Head and Neck Cancer,2019,26
Neoplastic disease,Hematologic Malignancies General,2019,3
Neoplastic disease,Hepatocellular Carcinoma,2019,15
Neoplastic disease,Hodgkin Lymphoma,2019,13
Neoplastic disease,Locally Advanced Cancer,2019,45
Neoplastic disease,Mantle Cell Lymphoma,2019,7
Neoplastic disease,Melanoma,2019,25
Neoplastic disease,Mesothelioma,2019,5
Neoplastic disease,Metastatic Disease,2019,23
Neoplastic disease,Multiple Myeloma,2019,19
Neoplastic disease,Myeloproliferative Neoplasms,2019,5
Neoplastic disease,Neuroendocrine Tumors,2019,9
Neoplastic disease,Non-Hodgkin Lymphoma,2019,6
Neoplastic disease,Non-Small Cell Lung Cancer,2019,47
Neoplastic disease,Ovarian Cancer,2019,14
Neoplastic disease,Pancreatic Cancer,2019,13
Neoplastic disease,Prostate Cancer,2019,43
Neoplastic disease,Recurrent Cancer,2019,25
Neoplastic disease,Renal Cell Carcinoma,2019,15
Neoplastic disease,Sarcoma,2019,9
Neoplastic disease,Small Cell Lung Cancer,2019,19
Neoplastic disease,Solid Tumors (Advanced),2019,22
Neoplastic disease,Solid Tumors General,2019,26
Neoplastic disease,Thyroid Cancer,2019,2
Neoplastic disease,Waldenstrom Macroglobulinemia,2019,6
Neurological disorder,Alzheimer's Disease,2019,43
Neurological disorder,Amyotrophic Lateral Sclerosis,2019,12
Neurological disorder,Chronic Inflammatory Demyelinating Polyneuropathy,2019,5
Neurological disorder,Chronic Pain,2019,34
Neurological disorder,Dementia,2019,16
Neurological disorder,Duchenne Muscular Dystrophy,2019,11
Neurological disorder,Epilepsy,2019,14
Neurological disorder,Essential Tremor,2019,13
Neurological disorder,Guillain-Barré Syndrome,2019,3
Neurological disorder,Huntington's Disease,2019,10
Neurological disorder,Migraine,2019,44
Neurological disorder,Multiple Sclerosis,2019,33
Neurological disorder,Myasthenia Gravis,2019,17
Neurological disorder,Neuropathic Pain,2019,9
Neurological disorder,Parkinson's Disease,2019,31
Neurological disorder,Spinal Cord Injury,2019,25
Neurological disorder,Spinal Muscular Atrophy,2019,16
Neurological disorder,Stroke,2019,44
Neurological disorder,Traumatic Brain Injury,2019,9
Neurological disorder,Trigeminal Neuralgia,2019,9
Procedure,Anesthesia,2019,19
Procedure,Bioequivalence Study,2019,6
Procedure,Blood Transfusion,2019,8
Procedure,Mechanical Ventilation,2019,9
Procedure,Medical Device Study,2019,11
Procedure,Radiation Oncology,2019,4
Procedure,Screening,2019,6
Procedure,Surgical Procedures,2019,31
Respiratory disease,Acute Respiratory Distress Syndrome,2019,7
Respiratory disease,Allergic Asthma,2019,17
Respiratory disease,Allergic Rhinitis,2019,1
Respiratory disease,Asthma,2019,20
Respiratory disease,Bronchiectasis,2019,13
Respiratory disease,Chronic Obstructive Pulmonary Disease,2019,37
Respiratory disease,Cystic Fibrosis,2019,18
Respiratory disease,Idiopathic Pulmonary Fibrosis,2019,7
Respiratory disease,Neonatal Respiratory Distress,2019,14
Respiratory disease,Pulmonary Arterial Hypertension,2019,16
Respiratory disease,Pulmonary Embolism,2019,1
Respiratory disease,Severe Asthma,2019,3
Situation with explicit context,Contraception,2019,5
Situation with explicit context,Critical Illness,2019,2
Situation with explicit context,Drug-Drug Interaction,2019,16
Situation with explicit context,Geriatric Population,2019,24
Situation with explicit context,Healthy Volunteers,2019,158
Situation with explicit context,Pediatric Population,2019,18
Situation with explicit context,Post-Operative Care,2019,23
Situation with explicit context,Preventive Care,2019,33
Situation with explicit context,Vaccination,2019,7
Sleep disorder,Insomnia,2019,21
Sleep disorder,Narcolepsy,2019,7
Sleep disorder,Obstructive Sleep Apnea,2019,16
Sleep disorder,Restless Legs Syndrome,2019,2
Blood disease,Anemia,2020,8
Blood disease,Immune Thrombocytopenia,2020,8
Blood disease,Myelodysplastic Syndromes,2020,7
Blood disease,Neutropenia,2020,2
Blood disease,Sickle Cell Disease,2020,11
Blood disease,Thalassemia,2020,3
Blood disease,Thrombotic Thrombocytopenic Purpura,2020,2
Cardiovascular disease,Acute Coronary Syndrome,2020,1
Cardiovascular disease,Aortic Stenosis,2020,6
Cardiovascular disease,Atherosclerosis,2020,2
Cardiovascular disease,Atrial Fibrillation,2020,29
Cardiovascular disease,Cardiomyopathy,2020,9
Cardiovascular disease,Coronary Artery Disease,2020,25
Cardiovascular disease,Familial Hypercholesterolemia,2020,5
Cardiovascular disease,Heart Failure,2020,29
Cardiovascular disease,Hyperlipidemia,2020,13
Cardiovascular disease,Hypertension,2020,15
Cardiovascular disease,Mitral Regurgitation,2020,8
Cardiovascular disease,Myocardial Infarction,2020,11
Cardiovascular disease,Peripheral Artery Disease,2020,14
Cardiovascular disease,Shock,2020,3
Cardiovascular disease,Ventricular Arrhythmias,2020,3
Clinical finding,Acute Pain,2020,36
Clinical finding,Edema,2020,7
Clinical finding,Fatigue,2020,3
Clinical finding,Fever,2020,5
Congenital disease,Lysosomal Storage Disorders,2020,4
Congenital disease,Phenylketonuria,2020,1
Disorder of body system,Cachexia,2020,3
Disorder of body system,Multiple Organ Failure,2020,4
Disorder of digestive system,Acute Pancreatitis,2020,2
Disorder of digestive system,Celiac Disease,2020,6
Disorder of digestive system,Chronic Pancreatitis,2020,15
Disorder of digestive system,Cirrhosis,2020,13
Disorder of digestive system,Constipation,2020,2
Disorder of digestive system,Crohn's Disease,2020,5
Disorder of digestive system,Eosinophilic Esophagitis,2020,13
Disorder of digestive system,Gastroesophageal Reflux Disease,2020,1
Disorder of digestive system,Gastroparesis,2020,5
Disorder of digestive system,Inflammatory Bowel Disease,2020,3
Disorder of digestive system,Irritable Bowel Syndrome,2020,4
Disorder of digestive system,Malnutrition,2020,2
Disorder of digestive system,Nausea and Vomiting,2020,3
Disorder of digestive system,Nonalcoholic Fatty Liver Disease,2020,17
Disorder of digestive system,Peptic Ulcer Disease,2020,3
Disorder of digestive system,Short Bowel Syndrome,2020,13
Disorder of digestive system,Ulcerative Colitis,2020,22
Disorder of ear,Hearing Loss,2020,20
Disorder of ear,Meniere's Disease,2020,3
Disorder of ear,Otitis Media,2020,3
Disorder of ear,Tinnitus,2020,4
Disorder of endocrine system,Acromegaly,2020,3
Disorder of endocrine system,Cushing's Syndrome,2020,4
Disorder of endocrine system,Diabetic Nephropathy,2020,1
Disorder of endocrine system,Diabetic Neuropathy,2020,6
Disorder of endocrine system,Gestational Diabetes,2020,36
Disorder of endocrine system,Growth Hormone Deficiency,2020,1
Disorder of endocrine system,Hyperparathyroidism,2020,5
Disorder of endocrine system,Hyperthyroidism,2020,2
Disorder of endocrine system,Hypogonadism,2020,7
Disorder of endocrine system,Hypoparathyroidism,2020,9
Disorder of endocrine system,Hypothyroidism,2020,1
Disorder of endocrine system,Metabolic Syndrome,2020,11
Disorder of endocrine system,Obesity,2020,34
Disorder of endocrine system,Polycystic Ovary Syndrome,2020,1
Disorder of endocrine system,Type 1 Diabetes,2020,38
Disorder of endocrine system,Type 2 Diabetes,2020,37
Disorder of eye,Age-Related Macular Degeneration,2020,15
Disorder of eye,Cataracts,2020,38
Disorder of eye,Conjunctivitis,2020,4
Disorder of eye,Diabetic Macular Edema,2020,14
Disorder of eye,Diabetic Retinopathy,2020,4
Disorder of eye,Dry Eye Disease,2020,21
Disorder of eye,Glaucoma,2020,32
Disorder of eye,Inherited Retinal Diseases,2020,6
Disorder of eye,Retinal Vein Occlusion,2020,17
Disorder of eye,Uveitis,2020,5
Disorder of haemostatic system,Deep Vein Thrombosis,2020,3
Disorder of haemostatic system,Disseminated Intravascular Coagulation,2020,2
Disorder of haemostatic system,Hemophilia A,2020,8
Disorder of haemostatic system,Hemophilia B,2020,2
Disorder of haemostatic system,Venous Thromboembolism,2020,8
Disorder of haemostatic system,Von Willebrand Disease,2020,1
Disorder of immune function,Common Variable Immunodeficiency,2020,2
Disorder of immune function,Food Allergy,2020,3
Disorder of immune function,Graft-versus-Host Disease,2020,4
Disorder of immune function,Lupus Nephritis,2020,6
Disorder of immune function,Organ Transplant Rejection,2020,11
Disorder of immune function,Primary Immunodeficiency,2020,12
Disorder of immune function,Rheumatoid Arthritis,2020,14
Disorder of immune function,Sarcoidosis,2020,7
Disorder of immune function,Severe Combined Immunodeficiency,2020,4
Disorder of immune function,Sjögren's Syndrome,2020,4
Disorder of immune function,Systemic Lupus Erythematosus,2020,6
Disorder of immune function,Systemic Sclerosis,2020,4
Disorder of immune function,Vasculitis,2020,4
Disorder of labour / delivery,Preterm Labor,2020,8
Disorder of skin,Acne,2020,10
Disorder of skin,Alopecia Areata,2020,4
Disorder of skin,Atopic Dermatitis,2020,32
Disorder of skin,Chronic Urticaria,2020,7
Disorder of skin,Hidradenitis Suppurativa,2020,13
Disorder of skin,Pressure Ulcers,2020,2
Disorder of skin,Psoriasis,2020,23
Disorder of skin,Rosacea,2020,11
Disorder of skin,Vitiligo,2020,11
Disorder of skin,Wound Healing,2020,7
Disorder of the genitourinary system,Acute Kidney Injury,2020,4
Disorder of the genitourinary system,Benign Prostatic Hyperplasia,2020,4
Disorder of the genitourinary system,Chronic Kidney Disease,2020,10
Disorder of the genitourinary system,End-Stage Renal Disease,2020,11
Disorder of the genitourinary system,Endometriosis,2020,7
Disorder of the genitourinary system,Erectile Dysfunction,2020,3
Disorder of the genitourinary system,Focal Segmental Glomerulosclerosis,2020,4
Disorder of the genitourinary system,IgA Nephropathy,2020,5
Disorder of the genitourinary system,Infertility,2020,6
Disorder of the genitourinary system,Interstitial Cystitis,2020,6
Disorder of the genitourinary system,Nephrotic Syndrome,2020,8
Disorder of the genitourinary system,Overactive Bladder,2020,6
Disorder of the genitourinary system,Polycystic Kidney Disease,2020,4
Disorder of the genitourinary system,Preeclampsia,2020,7
Disorder of the genitourinary system,Pregnancy Study,2020,7
Disorder of the genitourinary system,Urinary Incontinence,2020,17
Disorder of the genitourinary system,Uterine Fibroids,2020,2
Infection,COVID-19,2020,415
Infection,Clostridium Difficile Infection,2020,4
Infection,Cytomegalovirus,2020,7
Infection,Fungal Infection,2020,7
Infection,HIV/AIDS,2020,76
Infection,Helicobacter Pylori,2020,1
Infection,Hepatitis B,2020,16
Infection,Hepatitis C,2020,9
Infection,Herpes Simplex Virus,2020,5
Infection,Herpes Zoster,2020,2
Infection,Influenza,2020,13
Infection,Malaria,2020,14
Infection,Osteomyelitis,2020,3
Infection,Pneumonia,2020,22
Infection,Respiratory Syncytial Virus,2020,13
Infection,Sepsis,2020,7
Infection,Sexually Transmitted Infections,2020,10
Infection,Skin and Soft Tissue Infection,2020,10
Infection,Tuberculosis,2020,9
Infection,Urinary Tract Infection,2020,4
Injury,Burns,2020,3
Injury,Overdose,2020,6
Injury,Trauma,2020,14
Mental illness,Alcohol Use Disorder,2020,29
Mental illness,Anorexia,2020,8
Mental illness,Attention Deficit Hyperactivity Disorder,2020,7
Mental illness,Autism Spectrum Disorder,2020,14
Mental illness,Bipolar Disorder,2020,8
Mental illness,Delirium,2020,4
Mental illness,Eating Disorders,2020,10
Mental illness,Generalized Anxiety Disorder,2020,1
Mental illness,Major Depressive Disorder,2020,60
Mental illness,Obsessive-Compulsive Disorder,2020,5
Mental illness,Opioid Use Disorder,2020,46
Mental illness,Post-Traumatic Stress Disorder,2020,21
Mental illness,Postpartum Depression,2020,17
Mental illness,Schizophrenia,2020,27
Mental illness,Smoking Cessation,2020,34
Mental illness,Social Anxiety Disorder,2020,14
Mental illness,Substance Use Disorder,2020,14
Musculoskeletal disorder,Ankylosing Spondylitis,2020,9
Musculoskeletal disorder,Bone Fracture,2020,8
Musculoskeletal disorder,Fibromyalgia,2020,11
Musculoskeletal disorder,Gout,2020,5
Musculoskeletal disorder,Juvenile Idiopathic Arthritis,2020,6
Musculoskeletal disorder,Low Back Pain,2020,9
Musculoskeletal disorder,Osteoarthritis,2020,36
Musculoskeletal disorder,Osteoporosis,2020,8
Musculoskeletal disorder,Psoriatic Arthritis,2020,8
Musculoskeletal disorder,Tendinopathy,2020,8
Neoplastic disease,Acute Lymphoblastic Leukemia,2020,11
Neoplastic disease,Acute Myeloid Leukemia,2020,15
Neoplastic disease,Bladder Cancer,2020,21
Neoplastic disease,Brain Tumors,2020,18
Neoplastic disease,Breast Cancer,2020,42
Neoplastic disease,Cancer Immunotherapy,2020,17
Neoplastic disease,Cancer Supportive Care,2020,2
Neoplastic disease,Cervical Cancer,2020,12
Neoplastic disease,Cholangiocarcinoma,2020,5
Neoplastic disease,Chronic Lymphocytic Leukemia,2020,7
Neoplastic disease,Chronic Myeloid Leukemia,2020,2
Neoplastic disease,Colorectal Cancer,2020,24
Neoplastic disease,Diffuse Large B-Cell Lymphoma,2020,11
Neoplastic disease,Endometrial Cancer,2020,11
Neoplastic disease,Esophageal Cancer,2020,2
Neoplastic disease,Follicular Lymphoma,2020,6
Neoplastic disease,Gastric Cancer,2020,11
Neoplastic disease,Glioblastoma,2020,16
Neoplastic disease,Head and Neck Cancer,2020,24
Neoplastic disease,Hematologic Malignancies General,2020,8
Neoplastic disease,Hepatocellular Carcinoma,2020,14
Neoplastic disease,Hodgkin Lymphoma,2020,3
Neoplastic disease,Locally Advanced Cancer,2020,40
Neoplastic disease,Mantle Cell Lymphoma,2020,6
Neoplastic disease,Melanoma,2020,22
Neoplastic disease,Mesothelioma,2020,2
Neoplastic disease,Metastatic Disease,2020,18
Neoplastic disease,Multiple Myeloma,2020,16
Neoplastic disease,Myeloproliferative Neoplasms,2020,3
Neoplastic disease,Neuroendocrine Tumors,2020,10
Neoplastic disease,Non-Hodgkin Lymphoma,2020,2
Neoplastic disease,Non-Small Cell Lung Cancer,2020,47
Neoplastic disease,Ovarian Cancer,2020,9
Neoplastic disease,Pancreatic Cancer,2020,19
Neoplastic disease,Prostate Cancer,2020,23
Neoplastic disease,Recurrent Cancer,2020,16
Neoplastic disease,Renal Cell Carcinoma,2020,10
Neoplastic disease,Sarcoma,2020,7
Neoplastic disease,Small Cell Lung Cancer,2020,16
Neoplastic disease,Solid Tumors (Advanced),2020,23
Neoplastic disease,Solid Tumors General,2020,15
Neoplastic disease,Thyroid Cancer,2020,8
Neoplastic disease,Waldenstrom Macroglobulinemia,2020,7
Neurological disorder,Alzheimer's Disease,2020,45
Neurological disorder,Amyotrophic Lateral Sclerosis,2020,17
Neurological disorder,Chronic Inflammatory Demyelinating Polyneuropathy,2020,3
Neurological disorder,Chronic Pain,2020,22
Neurological disorder,Dementia,2020,14
Neurological disorder,Duchenne Muscular Dystrophy,2020,13
Neurological disorder,Epilepsy,2020,7
Neurological disorder,Essential Tremor,2020,2
Neurological disorder,Huntington's Disease,2020,4
Neurological disorder,Migraine,2020,23
Neurological disorder,Multiple Sclerosis,2020,19
Neurological disorder,Myasthenia Gravis,2020,4
Neurological disorder,Neuropathic Pain,2020,4
Neurological disorder,Parkinson's Disease,2020,29
Neurological disorder,Spinal Cord Injury,2020,13
Neurological disorder,Spinal Muscular Atrophy,2020,12
Neurological disorder,Stroke,2020,29
Neurological disorder,Traumatic Brain Injury,2020,6
Neurological disorder,Trigeminal Neuralgia,2020,6
Procedure,Anesthesia,2020,15
Procedure,Bioequivalence Study,2020,4
Procedure,Blood Transfusion,2020,12
Procedure,Mechanical Ventilation,2020,8
Procedure,Medical Device Study,2020,8
Procedure,Radiation Oncology,2020,5
Procedure,Screening,2020,7
Procedure,Surgical Procedures,2020,23
Respiratory disease,Acute Respiratory Distress Syndrome,2020,21
Respiratory disease,Allergic Asthma,2020,7
Respiratory disease,Allergic Rhinitis,2020,3
Respiratory disease,Asthma,2020,15
Respiratory disease,Bronchiectasis,2020,6
Respiratory disease,Chronic Obstructive Pulmonary Disease,2020,38
Respiratory disease,Cystic Fibrosis,2020,13
Respiratory disease,Idiopathic Pulmonary Fibrosis,2020,9
Respiratory disease,Neonatal Respiratory Distress,2020,15
Respiratory disease,Pulmonary Arterial Hypertension,2020,4
Respiratory disease,Pulmonary Embolism,2020,2
Respiratory disease,Severe Asthma,2020,1
Situation with explicit context,Contraception,2020,7
Situation with explicit context,Critical Illness,2020,3
Situation with explicit context,Drug-Drug Interaction,2020,15
Situation with explicit context,Geriatric Population,2020,18
Situation with explicit context,Healthy Volunteers,2020,106
Situation with explicit context,Pediatric Population,2020,9
Situation with explicit context,Post-Operative Care,2020,14
Situation with explicit context,Preventive Care,2020,23
Situation with explicit context,Vaccination,2020,7
Sleep disorder,Insomnia,2020,9
Sleep disorder,Narcolepsy,2020,4
Sleep disorder,Obstructive Sleep Apnea,2020,16
Blood disease,Anemia,2021,8
Blood disease,Immune Thrombocytopenia,2021,5
Blood disease,Myelodysplastic Syndromes,2021,11
Blood disease,Sickle Cell Disease,2021,13
Blood disease,Thalassemia,2021,2
Blood disease,Thrombotic Thrombocytopenic Purpura,2021,3
Cardiovascular disease,Acute Coronary Syndrome,2021,4
Cardiovascular disease,Aortic Stenosis,2021,11
Cardiovascular disease,Atherosclerosis,2021,7
Cardiovascular disease,Atrial Fibrillation,2021,22
Cardiovascular disease,Cardiomyopathy,2021,3
Cardiovascular disease,Coronary Artery Disease,2021,25
Cardiovascular disease,Familial Hypercholesterolemia,2021,6
Cardiovascular disease,Heart Failure,2021,30
Cardiovascular disease,Hyperlipidemia,2021,10
Cardiovascular disease,Hypertension,2021,26
Cardiovascular disease,Mitral Regurgitation,2021,3
Cardiovascular disease,Myocardial Infarction,2021,2
Cardiovascular disease,Peripheral Artery Disease,2021,7
Cardiovascular disease,Shock,2021,2
Cardiovascular disease,Ventricular Arrhythmias,2021,8
Clinical finding,Acute Pain,2021,38
Clinical finding,Edema,2021,10
Clinical finding,Fatigue,2021,9
Clinical finding,Fever,2021,8
Congenital disease,Lysosomal Storage Disorders,2021,4
Congenital disease,Phenylketonuria,2021,2
Disorder of body system,Cachexia,2021,3
Disorder of body system,Multiple Organ Failure,2021,3
Disorder of digestive system,Acute Pancreatitis,2021,6
Disorder of digestive system,Celiac Disease,2021,2
Disorder of digestive system,Chronic Pancreatitis,2021,10
Disorder of digestive system,Cirrhosis,2021,7
Disorder of digestive system,Constipation,2021,3
Disorder of digestive system,Crohn's Disease,2021,11
Disorder of digestive system,Eosinophilic Esophagitis,2021,9
Disorder of digestive system,Gastroesophageal Reflux Disease,2021,1
Disorder of digestive system,Gastroparesis,2021,3
Disorder of digestive system,Inflammatory Bowel Disease,2021,8
Disorder of digestive system,Irritable Bowel Syndrome,2021,2
Disorder of digestive system,Malnutrition,2021,7
Disorder of digestive system,Nausea and Vomiting,2021,2
Disorder of digestive system,Nonalcoholic Fatty Liver Disease,2021,20
Disorder of digestive system,Peptic Ulcer Disease,2021,2
Disorder of digestive system,Short Bowel Syndrome,2021,18
Disorder of digestive system,Ulcerative Colitis,2021,15
Disorder of ear,Hearing Loss,2021,32
Disorder of ear,Meniere's Disease,2021,9
Disorder of ear,Otitis Media,2021,2
Disorder of ear,Tinnitus,2021,2
Disorder of endocrine system,Acromegaly,2021,2
Disorder of endocrine system,Addison's Disease,2021,1
Disorder of endocrine system,Cushing's Syndrome,2021,5
Disorder of endocrine system,Diabetic Nephropathy,2021,2
Disorder of endocrine system,Diabetic Neuropathy,2021,6
Disorder of endocrine system,Gestational Diabetes,2021,38
Disorder of endocrine system,Growth Hormone Deficiency,2021,1
Disorder of endocrine system,Hyperparathyroidism,2021,6
Disorder of endocrine system,Hyperthyroidism,2021,2
Disorder of endocrine system,Hypogonadism,2021,2
Disorder of endocrine system,Hypoparathyroidism,2021,7
Disorder of endocrine system,Hypothyroidism,2021,1
Disorder of endocrine system,Menopause Symptoms,2021,3
Disorder of endocrine system,Metabolic Syndrome,2021,17
Disorder of endocrine system,Obesity,2021,44
Disorder of endocrine system,Polycystic Ovary Syndrome,2021,3
Disorder of endocrine system,Type 1 Diabetes,2021,30
Disorder of endocrine system,Type 2 Diabetes,2021,48
Disorder of eye,Age-Related Macular Degeneration,2021,12
Disorder of eye,Cataracts,2021,36
Disorder of eye,Conjunctivitis,2021,5
Disorder of eye,Diabetic Macular Edema,2021,11
Disorder of eye,Diabetic Retinopathy,2021,6
Disorder of eye,Dry Eye Disease,2021,22
Disorder of eye,Glaucoma,2021,18
Disorder of eye,Inherited Retinal Diseases,2021,7
Disorder of eye,Retinal Vein Occlusion,2021,22
Disorder of eye,Uveitis,2021,4
Disorder of haemostatic system,Deep Vein Thrombosis,2021,1
Disorder of haemostatic system,Disseminated Intravascular Coagulation,2021,2
Disorder of haemostatic system,Hemophilia A,2021,8
Disorder of haemostatic system,Hemophilia B,2021,1
Disorder of haemostatic system,Venous Thromboembolism,2021,6
Disorder of haemostatic system,Von Willebrand Disease,2021,1
Disorder of immune function,Common Variable Immunodeficiency,2021,3
Disorder of immune function,Food Allergy,2021,5
Disorder of immune function,Graft-versus-Host Disease,2021,5
Disorder of immune function,Lupus Nephritis,2021,7
Disorder of immune function,Organ Transplant Rejection,2021,12
Disorder of immune function,Primary Immunodeficiency,2021,6
Disorder of immune function,Rheumatoid Arthritis,2021,20
Disorder of immune function,Sarcoidosis,2021,11
Disorder of immune function,Severe Combined Immunodeficiency,2021,1
Disorder of immune function,Sjögren's Syndrome,2021,6
Disorder of immune function,Systemic Lupus Erythematosus,2021,6
Disorder of immune function,Systemic Sclerosis,2021,7
Disorder of immune function,Vasculitis,2021,5
Disorder of labour / delivery,Preterm Labor,2021,10
Disorder of skin,Acne,2021,10
Disorder of skin,Alopecia Areata,2021,6
Disorder of skin,Atopic Dermatitis,2021,40
Disorder of skin,Chronic Urticaria,2021,14
Disorder of skin,Hidradenitis Suppurativa,2021,8
Disorder of skin,Pressure Ulcers,2021,3
Disorder of skin,Psoriasis,2021,25
Disorder of skin,Rosacea,2021,24
Disorder of skin,Vitiligo,2021,18
Disorder of skin,Wound Healing,2021,6
Disorder of the genitourinary system,Acute Kidney Injury,2021,6
Disorder of the genitourinary system,Benign Prostatic Hyperplasia,2021,2
Disorder of the genitourinary system,Chronic Kidney Disease,2021,19
Disorder of the genitourinary system,End-Stage Renal Disease,2021,9
Disorder of the genitourinary system,Endometriosis,2021,4
Disorder of the genitourinary system,Erectile Dysfunction,2021,2
Disorder of the genitourinary system,IgA Nephropathy,2021,2
Disorder of the genitourinary system,Infertility,2021,3
Disorder of the genitourinary system,Interstitial Cystitis,2021,6
Disorder of the genitourinary system,Nephrotic Syndrome,2021,5
Disorder of the genitourinary system,Overactive Bladder,2021,4
Disorder of the genitourinary system,Polycystic Kidney Disease,2021,5
Disorder of the genitourinary system,Preeclampsia,2021,8
Disorder of the genitourinary system,Pregnancy Study,2021,11
Disorder of the genitourinary system,Urinary Incontinence,2021,10
Disorder of the genitourinary system,Uterine Fibroids,2021,3
Infection,COVID-19,2021,231
Infection,Clostridium Difficile Infection,2021,4
Infection,Cytomegalovirus,2021,5
Infection,Fungal Infection,2021,3
Infection,HIV/AIDS,2021,77
Infection,Helicobacter Pylori,2021,2
Infection,Hepatitis B,2021,8
Infection,Hepatitis C,2021,2
Infection,Herpes Simplex Virus,2021,4
Infection,Herpes Zoster,2021,2
Infection,Influenza,2021,18
Infection,Malaria,2021,10
Infection,Osteomyelitis,2021,7
Infection,Pneumonia,2021,14
Infection,Respiratory Syncytial Virus,2021,22
Infection,Sepsis,2021,9
Infection,Sexually Transmitted Infections,2021,11
Infection,Skin and Soft Tissue Infection,2021,10
Infection,Tuberculosis,2021,6
Infection,Urinary Tract Infection,2021,4
Injury,Burns,2021,5
Injury,Overdose,2021,9
Injury,Trauma,2021,18
Mental illness,Alcohol Use Disorder,2021,38
Mental illness,Anorexia,2021,6
Mental illness,Attention Deficit Hyperactivity Disorder,2021,18
Mental illness,Autism Spectrum Disorder,2021,18
Mental illness,Bipolar Disorder,2021,8
Mental illness,Delirium,2021,13
Mental illness,Eating Disorders,2021,13
Mental illness,Generalized Anxiety Disorder,2021,2
Mental illness,Major Depressive Disorder,2021,59
Mental illness,Obsessive-Compulsive Disorder,2021,5
Mental illness,Opioid Use Disorder,2021,35
Mental illness,Post-Traumatic Stress Disorder,2021,35
Mental illness,Postpartum Depression,2021,23
Mental illness,Schizophrenia,2021,17
Mental illness,Smoking Cessation,2021,51
Mental illness,Social Anxiety Disorder,2021,26
Mental illness,Substance Use Disorder,2021,20
Musculoskeletal disorder,Ankylosing Spondylitis,2021,5
Musculoskeletal disorder,Bone Fracture,2021,9
Musculoskeletal disorder,Fibromyalgia,2021,10
Musculoskeletal disorder,Gout,2021,6
Musculoskeletal disorder,Low Back Pain,2021,19
Musculoskeletal disorder,Osteoarthritis,2021,29
Musculoskeletal disorder,Osteoporosis,2021,15
Musculoskeletal disorder,Psoriatic Arthritis,2021,10
Musculoskeletal disorder,Tendinopathy,2021,7
Neoplastic disease,Acute Lymphoblastic Leukemia,2021,8
Neoplastic disease,Acute Myeloid Leukemia,2021,16
Neoplastic disease,Bladder Cancer,2021,13
Neoplastic disease,Brain Tumors,2021,9
Neoplastic disease,Breast Cancer,2021,39
Neoplastic disease,Cancer Immunotherapy,2021,14
Neoplastic disease,Cancer Supportive Care,2021,5
Neoplastic disease,Cervical Cancer,2021,14
Neoplastic disease,Cholangiocarcinoma,2021,11
Neoplastic disease,Chronic Lymphocytic Leukemia,2021,5
Neoplastic disease,Chronic Myeloid Leukemia,2021,4
Neoplastic disease,Colorectal Cancer,2021,23
Neoplastic disease,Diffuse Large B-Cell Lymphoma,2021,6
Neoplastic disease,Endometrial Cancer,2021,3
Neoplastic disease,Esophageal Cancer,2021,5
Neoplastic disease,Follicular Lymphoma,2021,6
Neoplastic disease,Gastric Cancer,2021,10
Neoplastic disease,Glioblastoma,2021,4
Neoplastic disease,Head and Neck Cancer,2021,16
Neoplastic disease,Hematologic Malignancies General,2021,13
Neoplastic disease,Hepatocellular Carcinoma,2021,10
Neoplastic disease,Hodgkin Lymphoma,2021,5
Neoplastic disease,Locally Advanced Cancer,2021,32
Neoplastic disease,Mantle Cell Lymphoma,2021,6
Neoplastic disease,Melanoma,2021,20
Neoplastic disease,Mesothelioma,2021,5
Neoplastic disease,Metastatic Disease,2021,19
Neoplastic disease,Multiple Myeloma,2021,12
Neoplastic disease,Myeloproliferative Neoplasms,2021,3
Neoplastic disease,Neuroendocrine Tumors,2021,8
Neoplastic disease,Non-Hodgkin Lymphoma,2021,4
Neoplastic disease,Non-Small Cell Lung Cancer,2021,30
Neoplastic disease,Ovarian Cancer,2021,11
Neoplastic disease,Pancreatic Cancer,2021,4
Neoplastic disease,Prostate Cancer,2021,23
Neoplastic disease,Recurrent Cancer,2021,18
Neoplastic disease,Renal Cell Carcinoma,2021,11
Neoplastic disease,Sarcoma,2021,1
Neoplastic disease,Small Cell Lung Cancer,2021,19
Neoplastic disease,Solid Tumors (Advanced),2021,16
Neoplastic disease,Solid Tumors General,2021,19
Neoplastic disease,Thyroid Cancer,2021,6
Neoplastic disease,Waldenstrom Macroglobulinemia,2021,4
Neurological disorder,Alzheimer's Disease,2021,38
Neurological disorder,Amyotrophic Lateral Sclerosis,2021,15
Neurological disorder,Chronic Inflammatory Demyelinating Polyneuropathy,2021,2
Neurological disorder,Chronic Pain,2021,27
Neurological disorder,Dementia,2021,15
Neurological disorder,Duchenne Muscular Dystrophy,2021,9
Neurological disorder,Epilepsy,2021,11
Neurological disorder,Essential Tremor,2021,11
Neurological disorder,Guillain-Barré Syndrome,2021,4
Neurological disorder,Huntington's Disease,2021,3
Neurological disorder,Migraine,2021,18
Neurological disorder,Multiple Sclerosis,2021,25
Neurological disorder,Myasthenia Gravis,2021,7
Neurological disorder,Neuropathic Pain,2021,6
Neurological disorder,Parkinson's Disease,2021,17
Neurological disorder,Spinal Cord Injury,2021,14
Neurological disorder,Spinal Muscular Atrophy,2021,9
Neurological disorder,Stroke,2021,25
Neurological disorder,Traumatic Brain Injury,2021,11
Neurological disorder,Trigeminal Neuralgia,2021,13
Procedure,Anesthesia,2021,24
Procedure,Bioequivalence Study,2021,2
Procedure,Blood Transfusion,2021,6
Procedure,Mechanical Ventilation,2021,10
Procedure,Medical Device Study,2021,8
Procedure,Radiation Oncology,2021,1
Procedure,Screening,2021,6
Procedure,Surgical Procedures,2021,21
Respiratory disease,Acute Respiratory Distress Syndrome,2021,8
Respiratory disease,Allergic Asthma,2021,16
Respiratory disease,Allergic Rhinitis,2021,1
Respiratory disease,Asthma,2021,20
Respiratory disease,Bronchiectasis,2021,13
Respiratory disease,Chronic Obstructive Pulmonary Disease,2021,22
Respiratory disease,Cystic Fibrosis,2021,16
Respiratory disease,Idiopathic Pulmonary Fibrosis,2021,6
Respiratory disease,Neonatal Respiratory Distress,2021,6
Respiratory disease,Pulmonary Arterial Hypertension,2021,15
Respiratory disease,Pulmonary Embolism,2021,2
Respiratory disease,Severe Asthma,2021,5
Situation with explicit context,Contraception,2021,14
Situation with explicit context,Critical Illness,2021,4
Situation with explicit context,Drug-Drug Interaction,2021,17
Situation with explicit context,Geriatric Population,2021,20
Situation with explicit context,Healthy Volunteers,2021,134
Situation with explicit context,Pediatric Population,2021,13
Situation with explicit context,Post-Operative Care,2021,21
Situation with explicit context,Preventive Care,2021,17
Situation with explicit context,Vaccination,2021,12
Sleep disorder,Insomnia,2021,9
Sleep disorder,Narcolepsy,2021,4
Sleep disorder,Obstructive Sleep Apnea,2021,15
Sleep disorder,Restless Legs Syndrome,2021,5
Blood disease,Anemia,2022,1
Blood disease,Immune Thrombocytopenia,2022,2
Blood disease,Myelodysplastic Syndromes,2022,9
Blood disease,Neutropenia,2022,1
Blood disease,Sickle Cell Disease,2022,8
Blood disease,Thrombotic Thrombocytopenic Purpura,2022,3
Cardiovascular disease,Acute Coronary Syndrome,2022,3
Cardiovascular disease,Aortic Stenosis,2022,6
Cardiovascular disease,Atherosclerosis,2022,1
Cardiovascular disease,Atrial Fibrillation,2022,16
Cardiovascular disease,Cardiomyopathy,2022,5
Cardiovascular disease,Coronary Artery Disease,2022,16
Cardiovascular disease,Familial Hypercholesterolemia,2022,2
Cardiovascular disease,Heart Failure,2022,13
Cardiovascular disease,Hyperlipidemia,2022,7
Cardiovascular disease,Hypertension,2022,18
Cardiovascular disease,Mitral Regurgitation,2022,1
Cardiovascular disease,Myocardial Infarction,2022,3
Cardiovascular disease,Peripheral Artery Disease,2022,17
Cardiovascular disease,Shock,2022,2
Cardiovascular disease,Ventricular Arrhythmias,2022,7
Clinical finding,Acute Pain,2022,18
Clinical finding,Edema,2022,5
Clinical finding,Fatigue,2022,6
Clinical finding,Fever,2022,15
Congenital disease,Lysosomal Storage Disorders,2022,1
Disorder of body system,Multiple Organ Failure,2022,4
Disorder of digestive system,Acute Pancreatitis,2022,7
Disorder of digestive system,Celiac Disease,2022,2
Disorder of digestive system,Chronic Pancreatitis,2022,10
Disorder of digestive system,Cirrhosis,2022,5
Disorder of digestive system,Crohn's Disease,2022,5
Disorder of digestive system,Eosinophilic Esophagitis,2022,7
Disorder of digestive system,Gastroesophageal Reflux Disease,2022,2
Disorder of digestive system,Gastroparesis,2022,4
Disorder of digestive system,Inflammatory Bowel Disease,2022,4
Disorder of digestive system,Irritable Bowel Syndrome,2022,1
Disorder of digestive system,Malnutrition,2022,4
Disorder of digestive system,Nausea and Vomiting,2022,1
Disorder of digestive system,Nonalcoholic Fatty Liver Disease,2022,5
Disorder of digestive system,Peptic Ulcer Disease,2022,4
Disorder of digestive system,Short Bowel Syndrome,2022,7
Disorder of digestive system,Ulcerative Colitis,2022,8
Disorder of ear,Hearing Loss,2022,24
Disorder of ear,Meniere's Disease,2022,1
Disorder of ear,Otitis Media,2022,3
Disorder of ear,Tinnitus,2022,4
Disorder of endocrine system,Acromegaly,2022,2
Disorder of endocrine system,Cushing's Syndrome,2022,2
Disorder of endocrine system,Diabetic Nephropathy,2022,2
Disorder of endocrine system,Diabetic Neuropathy,2022,4
Disorder of endocrine system,Gestational Diabetes,2022,28
Disorder of endocrine system,Growth Hormone Deficiency,2022,1
Disorder of endocrine system,Hyperparathyroidism,2022,2
Disorder of endocrine system,Hypogonadism,2022,1
Disorder of endocrine system,Hypoparathyroidism,2022,3
Disorder of endocrine system,Menopause Symptoms,2022,4
Disorder of endocrine system,Metabolic Syndrome,2022,11
Disorder of endocrine system,Obesity,2022,22
Disorder of endocrine system,Polycystic Ovary Syndrome,2022,1
Disorder of endocrine system,Type 1 Diabetes,2022,22
Disorder of endocrine system,Type 2 Diabetes,2022,31
Disorder of eye,Age-Related Macular Degeneration,2022,8
Disorder of eye,Cataracts,2022,35
Disorder of eye,Conjunctivitis,2022,3
Disorder of eye,Diabetic Macular Edema,2022,5
Disorder of eye,Diabetic Retinopathy,2022,5
Disorder of eye,Dry Eye Disease,2022,19
Disorder of eye,Glaucoma,2022,14
Disorder of eye,Inherited Retinal Diseases,2022,9
Disorder of eye,Retinal Vein Occlusion,2022,19
Disorder of eye,Uveitis,2022,3
Disorder of haemostatic system,Deep Vein Thrombosis,2022,1
Disorder of haemostatic system,Disseminated Intravascular Coagulation,2022,1
Disorder of haemostatic system,Hemophilia A,2022,3
Disorder of haemostatic system,Hemophilia B,2022,1
Disorder of haemostatic system,Venous Thromboembolism,2022,5
Disorder of immune function,Food Allergy,2022,2
Disorder of immune function,Graft-versus-Host Disease,2022,5
Disorder of immune function,Lupus Nephritis,2022,3
Disorder of immune function,Organ Transplant Rejection,2022,9
Disorder of immune function,Primary Immunodeficiency,2022,6
Disorder of immune function,Rheumatoid Arthritis,2022,11
Disorder of immune function,Sarcoidosis,2022,9
Disorder of immune function,Sjögren's Syndrome,2022,1
Disorder of immune function,Systemic Lupus Erythematosus,2022,9
Disorder of immune function,Systemic Sclerosis,2022,1
Disorder of labour / delivery,Preterm Labor,2022,7
Disorder of skin,Acne,2022,3
Disorder of skin,Alopecia Areata,2022,8
Disorder of skin,Atopic Dermatitis,2022,25
Disorder of skin,Chronic Urticaria,2022,6
Disorder of skin,Hidradenitis Suppurativa,2022,8
Disorder of skin,Pressure Ulcers,2022,3
Disorder of skin,Psoriasis,2022,17
Disorder of skin,Rosacea,2022,14
Disorder of skin,Vitiligo,2022,8
Disorder of skin,Wound Healing,2022,4
Disorder of the genitourinary system,Acute Kidney Injury,2022,7
Disorder of the genitourinary system,Benign Prostatic Hyperplasia,2022,1
Disorder of the genitourinary system,Chronic Kidney Disease,2022,14
Disorder of the genitourinary system,End-Stage Renal Disease,2022,6
Disorder of the genitourinary system,Endometriosis,2022,4
Disorder of the genitourinary system,Erectile Dysfunction,2022,3
Disorder of the genitourinary system,IgA Nephropathy,2022,3
Disorder of the genitourinary system,Infertility,2022,4
Disorder of the genitourinary system,Interstitial Cystitis,2022,1
Disorder of the genitourinary system,Nephrotic Syndrome,2022,1
Disorder of the genitourinary system,Overactive Bladder,2022,5
Disorder of the genitourinary system,Polycystic Kidney Disease,2022,2
Disorder of the genitourinary system,Pregnancy Study,2022,8
Disorder of the genitourinary system,Urinary Incontinence,2022,9
Disorder of the genitourinary system,Uterine Fibroids,2022,3
Infection,COVID-19,2022,73
Infection,Clostridium Difficile Infection,2022,4
Infection,Cytomegalovirus,2022,6
Infection,Fungal Infection,2022,3
Infection,HIV/AIDS,2022,47
Infection,Helicobacter Pylori,2022,1
Infection,Hepatitis B,2022,1
Infection,Herpes Simplex Virus,2022,7
Infection,Herpes Zoster,2022,3
Infection,Influenza,2022,21
Infection,Malaria,2022,15
Infection,Osteomyelitis,2022,1
Infection,Pneumonia,2022,16
Infection,Respiratory Syncytial Virus,2022,18
Infection,Sepsis,2022,6
Infection,Sexually Transmitted Infections,2022,5
Infection,Skin and Soft Tissue Infection,2022,7
Infection,Tuberculosis,2022,4
Infection,Urinary Tract Infection,2022,3
Injury,Burns,2022,3
Injury,Overdose,2022,2
Injury,Trauma,2022,14
Mental illness,Alcohol Use Disorder,2022,26
Mental illness,Anorexia,2022,6
Mental illness,Attention Deficit Hyperactivity Disorder,2022,12
Mental illness,Autism Spectrum Disorder,2022,14
Mental illness,Bipolar Disorder,2022,12
Mental illness,Delirium,2022,8
Mental illness,Eating Disorders,2022,12
Mental illness,Generalized Anxiety Disorder,2022,3
Mental illness,Major Depressive Disorder,2022,45
Mental illness,Obsessive-Compulsive Disorder,2022,3
Mental illness,Opioid Use Disorder,2022,22
Mental illness,Panic Disorder,2022,1
Mental illness,Post-Traumatic Stress Disorder,2022,24
Mental illness,Postpartum Depression,2022,7
Mental illness,Schizophrenia,2022,10
Mental illness,Smoking Cessation,2022,48
Mental illness,Social Anxiety Disorder,2022,22
Mental illness,Substance Use Disorder,2022,12
Musculoskeletal disorder,Ankylosing Spondylitis,2022,1
Musculoskeletal disorder,Bone Fracture,2022,8
Musculoskeletal disorder,Fibromyalgia,2022,9
Musculoskeletal disorder,Gout,2022,1
Musculoskeletal disorder,Low Back Pain,2022,13
Musculoskeletal disorder,Osteoarthritis,2022,25
Musculoskeletal disorder,Osteoporosis,2022,14
Musculoskeletal disorder,Psoriatic Arthritis,2022,3
Musculoskeletal disorder,Tendinopathy,2022,9
Neoplastic disease,Acute Lymphoblastic Leukemia,2022,9
Neoplastic disease,Acute Myeloid Leukemia,2022,4
Neoplastic disease,Bladder Cancer,2022,9
Neoplastic disease,Brain Tumors,2022,9
Neoplastic disease,Breast Cancer,2022,21
Neoplastic disease,Cancer Immunotherapy,2022,8
Neoplastic disease,Cancer Supportive Care,2022,4
Neoplastic disease,Cervical Cancer,2022,6
Neoplastic disease,Cholangiocarcinoma,2022,3
Neoplastic disease,Chronic Lymphocytic Leukemia,2022,1
Neoplastic disease,Colorectal Cancer,2022,10
Neoplastic disease,Diffuse Large B-Cell Lymphoma,2022,5
Neoplastic disease,Endometrial Cancer,2022,5
Neoplastic disease,Esophageal Cancer,2022,1
Neoplastic disease,Follicular Lymphoma,2022,6
Neoplastic disease,Gastric Cancer,2022,1
Neoplastic disease,Glioblastoma,2022,2
Neoplastic disease,Head and Neck Cancer,2022,4
Neoplastic disease,Hematologic Malignancies General,2022,3
Neoplastic disease,Hepatocellular Carcinoma,2022,3
Neoplastic disease,Hodgkin Lymphoma,2022,3
Neoplastic disease,Locally Advanced Cancer,2022,13
Neoplastic disease,Mantle Cell Lymphoma,2022,2
Neoplastic disease,Melanoma,2022,12
Neoplastic disease,Metastatic Disease,2022,5
Neoplastic disease,Multiple Myeloma,2022,11
Neoplastic disease,Neuroendocrine Tumors,2022,7
Neoplastic disease,Non-Small Cell Lung Cancer,2022,20
Neoplastic disease,Ovarian Cancer,2022,6
Neoplastic disease,Pancreatic Cancer,2022,9
Neoplastic disease,Prostate Cancer,2022,14
Neoplastic disease,Recurrent Cancer,2022,8
Neoplastic disease,Renal Cell Carcinoma,2022,2
Neoplastic disease,Sarcoma,2022,3
Neoplastic disease,Small Cell Lung Cancer,2022,14
Neoplastic disease,Solid Tumors (Advanced),2022,3
Neoplastic disease,Solid Tumors General,2022,10
Neoplastic disease,Thyroid Cancer,2022,2
Neoplastic disease,Waldenstrom Macroglobulinemia,2022,1
Neurological disorder,Alzheimer's Disease,2022,25
Neurological disorder,Amyotrophic Lateral Sclerosis,2022,9
Neurological disorder,Chronic Inflammatory Demyelinating Polyneuropathy,2022,3
Neurological disorder,Chronic Pain,2022,11
Neurological disorder,Dementia,2022,18
Neurological disorder,Duchenne Muscular Dystrophy,2022,2
Neurological disorder,Epilepsy,2022,7
Neurological disorder,Essential Tremor,2022,8
Neurological disorder,Huntington's Disease,2022,4
Neurological disorder,Migraine,2022,19
Neurological disorder,Multiple Sclerosis,2022,13
Neurological disorder,Myasthenia Gravis,2022,4
Neurological disorder,Neuropathic Pain,2022,2
Neurological disorder,Parkinson's Disease,2022,21
Neurological disorder,Spinal Cord Injury,2022,11
Neurological disorder,Spinal Muscular Atrophy,2022,6
Neurological disorder,Stroke,2022,20
Neurological disorder,Traumatic Brain Injury,2022,5
Neurological disorder,Trigeminal Neuralgia,2022,7
Procedure,Anesthesia,2022,12
Procedure,Bioequivalence Study,2022,5
Procedure,Blood Transfusion,2022,7
Procedure,Mechanical Ventilation,2022,6
Procedure,Medical Device Study,2022,5
Procedure,Radiation Oncology,2022,8
Procedure,Surgical Procedures,2022,13
Respiratory disease,Acute Respiratory Distress Syndrome,2022,5
Respiratory disease,Allergic Asthma,2022,4
Respiratory disease,Allergic Rhinitis,2022,2
Respiratory disease,Asthma,2022,12
Respiratory disease,Bronchiectasis,2022,5
Respiratory disease,Chronic Obstructive Pulmonary Disease,2022,22
Respiratory disease,Cystic Fibrosis,2022,6
Respiratory disease,Idiopathic Pulmonary Fibrosis,2022,6
Respiratory disease,Neonatal Respiratory Distress,2022,5
Respiratory disease,Pulmonary Arterial Hypertension,2022,5
Respiratory disease,Pulmonary Embolism,2022,4
Respiratory disease,Severe Asthma,2022,1
Situation with explicit context,Contraception,2022,6
Situation with explicit context,Drug-Drug Interaction,2022,6
Situation with explicit context,Geriatric Population,2022,15
Situation with explicit context,Healthy Volunteers,2022,103
Situation with explicit context,Pediatric Population,2022,7
Situation with explicit context,Post-Operative Care,2022,14
Situation with explicit context,Preventive Care,2022,21
Situation with explicit context,Vaccination,2022,6
Sleep disorder,Insomnia,2022,9
Sleep disorder,Narcolepsy,2022,1
Sleep disorder,Obstructive Sleep Apnea,2022,11
Blood disease,Anemia,2023,2
Blood disease,Myelodysplastic Syndromes,2023,4
Blood disease,Sickle Cell Disease,2023,2
Blood disease,Thalassemia,2023,1
Blood disease,Thrombotic Thrombocytopenic Purpura,2023,1
Cardiovascular disease,Acute Coronary Syndrome,2023,2
Cardiovascular disease,Aortic Stenosis,2023,1
Cardiovascular disease,Atherosclerosis,2023,2
Cardiovascular disease,Atrial Fibrillation,2023,12
Cardiovascular disease,Cardiomyopathy,2023,1
Cardiovascular disease,Coronary Artery Disease,2023,11
Cardiovascular disease,Familial Hypercholesterolemia,2023,4
Cardiovascular disease,Heart Failure,2023,13
Cardiovascular disease,Hyperlipidemia,2023,3
Cardiovascular disease,Hypertension,2023,8
Cardiovascular disease,Myocardial Infarction,2023,2
Cardiovascular disease,Peripheral Artery Disease,2023,12
Cardiovascular disease,Ventricular Arrhythmias,2023,3
Clinical finding,Acute Pain,2023,12
Clinical finding,Edema,2023,7
Clinical finding,Fatigue,2023,7
Clinical finding,Fever,2023,4
Congenital disease,Lysosomal Storage Disorders,2023,2
Congenital disease,Phenylketonuria,2023,3
Disorder of body system,Multiple Organ Failure,2023,3
Disorder of digestive system,Acute Pancreatitis,2023,8
Disorder of digestive system,Celiac Disease,2023,2
Disorder of digestive system,Chronic Pancreatitis,2023,8
Disorder of digestive system,Cirrhosis,2023,5
Disorder of digestive system,Crohn's Disease,2023,3
Disorder of digestive system,Eosinophilic Esophagitis,2023,1
Disorder of digestive system,Gastroesophageal Reflux Disease,2023,2
Disorder of digestive system,Gastroparesis,2023,1
Disorder of digestive system,Inflammatory Bowel Disease,2023,2
Disorder of digestive system,Irritable Bowel Syndrome,2023,1
Disorder of digestive system,Malnutrition,2023,2
Disorder of digestive system,Nausea and Vomiting,2023,1
Disorder of digestive system,Nonalcoholic Fatty Liver Disease,2023,6
Disorder of digestive system,Peptic Ulcer Disease,2023,1
Disorder of digestive system,Short Bowel Syndrome,2023,2
Disorder of digestive system,Ulcerative Colitis,2023,5
Disorder of ear,Hearing Loss,2023,10
Disorder of ear,Meniere's Disease,2023,1
Disorder of ear,Tinnitus,2023,1
Disorder of endocrine system,Cushing's Syndrome,2023,1
Disorder of endocrine system,Diabetic Neuropathy,2023,2
Disorder of endocrine system,Gestational Diabetes,2023,14
Disorder of endocrine system,Hypoparathyroidism,2023,7
Disorder of endocrine system,Hypothyroidism,2023,1
Disorder of endocrine system,Menopause Symptoms,2023,3
Disorder of endocrine system,Metabolic Syndrome,2023,4
Disorder of endocrine system,Obesity,2023,17
Disorder of endocrine system,Type 1 Diabetes,2023,12
Disorder of endocrine system,Type 2 Diabetes,2023,15
Disorder of eye,Age-Related Macular Degeneration,2023,3
Disorder of eye,Cataracts,2023,18
Disorder of eye,Conjunctivitis,2023,4
Disorder of eye,Diabetic Macular Edema,2023,4
Disorder of eye,Dry Eye Disease,2023,12
Disorder of eye,Glaucoma,2023,16
Disorder of eye,Inherited Retinal Diseases,2023,5
Disorder of eye,Retinal Vein Occlusion,2023,6
Disorder of haemostatic system,Deep Vein Thrombosis,2023,1
Disorder of haemostatic system,Disseminated Intravascular Coagulation,2023,1
Disorder of haemostatic system,Hemophilia A,2023,2
Disorder of haemostatic system,Hemophilia B,2023,1
Disorder of haemostatic system,Venous Thromboembolism,2023,7
Disorder of immune function,Common Variable Immunodeficiency,2023,2
Disorder of immune function,Food Allergy,2023,3
Disorder of immune function,Graft-versus-Host Disease,2023,1
Disorder of immune function,Lupus Nephritis,2023,4
Disorder of immune function,Primary Immunodeficiency,2023,1
Disorder of immune function,Rheumatoid Arthritis,2023,3
Disorder of immune function,Sarcoidosis,2023,2
Disorder of immune function,Sjögren's Syndrome,2023,2
Disorder of immune function,Systemic Lupus Erythematosus,2023,1
Disorder of labour / delivery,Preterm Labor,2023,5
Disorder of skin,Acne,2023,5
Disorder of skin,Alopecia Areata,2023,4
Disorder of skin,Atopic Dermatitis,2023,14
Disorder of skin,Chronic Urticaria,2023,3
Disorder of skin,Hidradenitis Suppurativa,2023,3
Disorder of skin,Psoriasis,2023,12
Disorder of skin,Rosacea,2023,3
Disorder of skin,Vitiligo,2023,6
Disorder of skin,Wound Healing,2023,2
Disorder of the genitourinary system,Acute Kidney Injury,2023,2
Disorder of the genitourinary system,Benign Prostatic Hyperplasia,2023,1
Disorder of the genitourinary system,Chronic Kidney Disease,2023,2
Disorder of the genitourinary system,End-Stage Renal Disease,2023,5
Disorder of the genitourinary system,Endometriosis,2023,2
Disorder of the genitourinary system,Erectile Dysfunction,2023,2
Disorder of the genitourinary system,Focal Segmental Glomerulosclerosis,2023,3
Disorder of the genitourinary system,IgA Nephropathy,2023,2
Disorder of the genitourinary system,Nephrotic Syndrome,2023,3
Disorder of the genitourinary system,Overactive Bladder,2023,1
Disorder of the genitourinary system,Preeclampsia,2023,1
Disorder of the genitourinary system,Pregnancy Study,2023,6
Disorder of the genitourinary system,Urinary Incontinence,2023,12
Disorder of the genitourinary system,Uterine Fibroids,2023,1
Infection,COVID-19,2023,38
Infection,Cytomegalovirus,2023,1
Infection,Fungal Infection,2023,2
Infection,HIV/AIDS,2023,30
Infection,Helicobacter Pylori,2023,1
Infection,Hepatitis B,2023,2
Infection,Hepatitis C,2023,1
Infection,Herpes Simplex Virus,2023,3
Infection,Influenza,2023,13
Infection,Malaria,2023,5
Infection,Pneumonia,2023,4
Infection,Respiratory Syncytial Virus,2023,12
Infection,Sepsis,2023,1
Infection,Sexually Transmitted Infections,2023,4
Infection,Skin and Soft Tissue Infection,2023,10
Infection,Tuberculosis,2023,1
Infection,Urinary Tract Infection,2023,5
Injury,Burns,2023,1
Injury,Overdose,2023,3
Injury,Trauma,2023,5
Mental illness,Alcohol Use Disorder,2023,21
Mental illness,Anorexia,2023,1
Mental illness,Attention Deficit Hyperactivity Disorder,2023,4
Mental illness,Autism Spectrum Disorder,2023,3
Mental illness,Bipolar Disorder,2023,5
Mental illness,Delirium,2023,1
Mental illness,Eating Disorders,2023,3
Mental illness,Major Depressive Disorder,2023,22
Mental illness,Obsessive-Compulsive Disorder,2023,1
Mental illness,Opioid Use Disorder,2023,7
Mental illness,Post-Traumatic Stress Disorder,2023,9
Mental illness,Postpartum Depression,2023,6
Mental illness,Schizophrenia,2023,12
Mental illness,Smoking Cessation,2023,21
Mental illness,Social Anxiety Disorder,2023,14
Mental illness,Substance Use Disorder,2023,5
Musculoskeletal disorder,Bone Fracture,2023,4
Musculoskeletal disorder,Fibromyalgia,2023,3
Musculoskeletal disorder,Gout,2023,1
Musculoskeletal disorder,Juvenile Idiopathic Arthritis,2023,3
Musculoskeletal disorder,Osteoarthritis,2023,11
Musculoskeletal disorder,Osteoporosis,2023,2
Musculoskeletal disorder,Tendinopathy,2023,5
Neoplastic disease,Acute Lymphoblastic Leukemia,2023,5
Neoplastic disease,Acute Myeloid Leukemia,2023,1
Neoplastic disease,Bladder Cancer,2023,4
Neoplastic disease,Brain Tumors,2023,2
Neoplastic disease,Breast Cancer,2023,7
Neoplastic disease,Cancer Immunotherapy,2023,6
Neoplastic disease,Cancer Supportive Care,2023,3
Neoplastic disease,Cervical Cancer,2023,2
Neoplastic disease,Cholangiocarcinoma,2023,2
Neoplastic disease,Chronic Myeloid Leukemia,2023,1
Neoplastic disease,Colorectal Cancer,2023,8
Neoplastic disease,Diffuse Large B-Cell Lymphoma,2023,1
Neoplastic disease,Endometrial Cancer,2023,2
Neoplastic disease,Follicular Lymphoma,2023,1
Neoplastic disease,Gastric Cancer,2023,3
Neoplastic disease,Head and Neck Cancer,2023,4
Neoplastic disease,Hematologic Malignancies General,2023,2
Neoplastic disease,Hepatocellular Carcinoma,2023,3
Neoplastic disease,Hodgkin Lymphoma,2023,2
Neoplastic disease,Locally Advanced Cancer,2023,2
Neoplastic disease,Mantle Cell Lymphoma,2023,1
Neoplastic disease,Melanoma,2023,4
Neoplastic disease,Metastatic Disease,2023,4
Neoplastic disease,Multiple Myeloma,2023,8
Neoplastic disease,Myeloproliferative Neoplasms,2023,2
Neoplastic disease,Neuroendocrine Tumors,2023,1
Neoplastic disease,Non-Small Cell Lung Cancer,2023,8
Neoplastic disease,Ovarian Cancer,2023,2
Neoplastic disease,Pancreatic Cancer,2023,5
Neoplastic disease,Prostate Cancer,2023,4
Neoplastic disease,Recurrent Cancer,2023,3
Neoplastic disease,Renal Cell Carcinoma,2023,4
Neoplastic disease,Sarcoma,2023,1
Neoplastic disease,Small Cell Lung Cancer,2023,7
Neoplastic disease,Solid Tumors (Advanced),2023,1
Neoplastic disease,Solid Tumors General,2023,1
Neoplastic disease,Thyroid Cancer,2023,2
Neurological disorder,Alzheimer's Disease,2023,12
Neurological disorder,Amyotrophic Lateral Sclerosis,2023,3
Neurological disorder,Chronic Pain,2023,10
Neurological disorder,Dementia,2023,10
Neurological disorder,Duchenne Muscular Dystrophy,2023,1
Neurological disorder,Epilepsy,2023,3
Neurological disorder,Essential Tremor,2023,2
Neurological disorder,Migraine,2023,4
Neurological disorder,Multiple Sclerosis,2023,5
Neurological disorder,Myasthenia Gravis,2023,3
Neurological disorder,Parkinson's Disease,2023,10
Neurological disorder,Spinal Cord Injury,2023,6
Neurological disorder,Spinal Muscular Atrophy,2023,4
Neurological disorder,Stroke,2023,6
Neurological disorder,Traumatic Brain Injury,2023,3
Neurological disorder,Trigeminal Neuralgia,2023,8
Procedure,Anesthesia,2023,6
Procedure,Bioequivalence Study,2023,1
Procedure,Blood Transfusion,2023,4
Procedure,Mechanical Ventilation,2023,6
Procedure,Medical Device Study,2023,3
Procedure,Radiation Oncology,2023,1
Procedure,Screening,2023,1
Procedure,Surgical Procedures,2023,6
Respiratory disease,Allergic Asthma,2023,7
Respiratory disease,Allergic Rhinitis,2023,1
Respiratory disease,Asthma,2023,2
Respiratory disease,Bronchiectasis,2023,4
Respiratory disease,Chronic Obstructive Pulmonary Disease,2023,7
Respiratory disease,Cystic Fibrosis,2023,2
Respiratory disease,Idiopathic Pulmonary Fibrosis,2023,9
Respiratory disease,Neonatal Respiratory Distress,2023,3
Respiratory disease,Pulmonary Arterial Hypertension,2023,3
Respiratory disease,Pulmonary Embolism,2023,2
Situation with explicit context,Contraception,2023,3
Situation with explicit context,Critical Illness,2023,2
Situation with explicit context,Drug-Drug Interaction,2023,4
Situation with explicit context,Geriatric Population,2023,11
Situation with explicit context,Healthy Volunteers,2023,83
Situation with explicit context,Pediatric Population,2023,5
Situation with explicit context,Post-Operative Care,2023,5
Situation with explicit context,Preventive Care,2023,10
Situation with explicit context,Vaccination,2023,1
Sleep disorder,Insomnia,2023,9
Sleep disorder,Narcolepsy,2023,2
Sleep disorder,Obstructive Sleep Apnea,2023,7
Cardiovascular disease,Atrial Fibrillation,2024,1
Cardiovascular disease,Cardiomyopathy,2024,2
Cardiovascular disease,Heart Failure,2024,2
Cardiovascular disease,Hyperlipidemia,2024,3
Cardiovascular disease,Hypertension,2024,3
Cardiovascular disease,Peripheral Artery Disease,2024,2
Clinical finding,Acute Pain,2024,3
Clinical finding,Fatigue,2024,1
Clinical finding,Fever,2024,3
Congenital disease,Lysosomal Storage Disorders,2024,1
Disorder of digestive system,Acute Pancreatitis,2024,1
Disorder of digestive system,Celiac Disease,2024,1
Disorder of digestive system,Chronic Pancreatitis,2024,2
Disorder of digestive system,Eosinophilic Esophagitis,2024,3
Disorder of digestive system,Inflammatory Bowel Disease,2024,1
Disorder of digestive system,Malnutrition,2024,5
Disorder of digestive system,Short Bowel Syndrome,2024,2
Disorder of ear,Hearing Loss,2024,3
Disorder of ear,Otitis Media,2024,1
Disorder of endocrine system,Gestational Diabetes,2024,1
Disorder of endocrine system,Growth Hormone Deficiency,2024,1
Disorder of endocrine system,Hypoparathyroidism,2024,1
Disorder of endocrine system,Metabolic Syndrome,2024,3
Disorder of endocrine system,Obesity,2024,4
Disorder of endocrine system,Type 1 Diabetes,2024,4
Disorder of endocrine system,Type 2 Diabetes,2024,2
Disorder of eye,Cataracts,2024,11
Disorder of eye,Conjunctivitis,2024,1
Disorder of eye,Dry Eye Disease,2024,4
Disorder of eye,Glaucoma,2024,6
Disorder of eye,Inherited Retinal Diseases,2024,2
Disorder of eye,Retinal Vein Occlusion,2024,4
Disorder of haemostatic system,Venous Thromboembolism,2024,1
Disorder of immune function,Food Allergy,2024,2
Disorder of immune function,Rheumatoid Arthritis,2024,2
Disorder of immune function,Sjögren's Syndrome,2024,2
Disorder of skin,Atopic Dermatitis,2024,3
Disorder of skin,Chronic Urticaria,2024,2
Disorder of skin,Rosacea,2024,5
Disorder of skin,Vitiligo,2024,1
Disorder of skin,Wound Healing,2024,4
Disorder of the genitourinary system,Acute Kidney Injury,2024,2
Disorder of the genitourinary system,Chronic Kidney Disease,2024,1
Disorder of the genitourinary system,End-Stage Renal Disease,2024,1
Disorder of the genitourinary system,Erectile Dysfunction,2024,1
Disorder of the genitourinary system,Urinary Incontinence,2024,2
Infection,COVID-19,2024,8
Infection,Clostridium Difficile Infection,2024,1
Infection,Cytomegalovirus,2024,1
Infection,Fungal Infection,2024,1
Infection,HIV/AIDS,2024,2
Infection,Influenza,2024,2
Infection,Malaria,2024,1
Infection,Respiratory Syncytial Virus,2024,3
Infection,Sexually Transmitted Infections,2024,1
Infection,Skin and Soft Tissue Infection,2024,1
Infection,Tuberculosis,2024,2
Injury,Overdose,2024,2
Injury,Trauma,2024,3
Mental illness,Alcohol Use Disorder,2024,3
Mental illness,Anorexia,2024,1
Mental illness,Attention Deficit Hyperactivity Disorder,2024,1
Mental illness,Autism Spectrum Disorder,2024,2
Mental illness,Bipolar Disorder,2024,2
Mental illness,Delirium,2024,1
Mental illness,Eating Disorders,2024,3
Mental illness,Major Depressive Disorder,2024,5
Mental illness,Opioid Use Disorder,2024,6
Mental illness,Post-Traumatic Stress Disorder,2024,5
Mental illness,Postpartum Depression,2024,4
Mental illness,Schizophrenia,2024,2
Mental illness,Smoking Cessation,2024,8
Mental illness,Social Anxiety Disorder,2024,8
Mental illness,Substance Use Disorder,2024,4
Musculoskeletal disorder,Fibromyalgia,2024,1
Musculoskeletal disorder,Gout,2024,1
Musculoskeletal disorder,Juvenile Idiopathic Arthritis,2024,1
Musculoskeletal disorder,Tendinopathy,2024,1
Neoplastic disease,Breast Cancer,2024,3
Neoplastic disease,Cancer Immunotherapy,2024,1
Neoplastic disease,Cancer Supportive Care,2024,1
Neoplastic disease,Cervical Cancer,2024,2
Neoplastic disease,Colorectal Cancer,2024,3
Neoplastic disease,Esophageal Cancer,2024,1
Neoplastic disease,Head and Neck Cancer,2024,1
Neoplastic disease,Locally Advanced Cancer,2024,2
Neoplastic disease,Pancreatic Cancer,2024,2
Neoplastic disease,Prostate Cancer,2024,1
Neoplastic disease,Recurrent Cancer,2024,2
Neoplastic disease,Sarcoma,2024,1
Neoplastic disease,Solid Tumors (Advanced),2024,1
Neoplastic disease,Solid Tumors General,2024,2
Neurological disorder,Alzheimer's Disease,2024,4
Neurological disorder,Chronic Inflammatory Demyelinating Polyneuropathy,2024,1
Neurological disorder,Chronic Pain,2024,1
Neurological disorder,Dementia,2024,2
Neurological disorder,Essential Tremor,2024,1
Neurological disorder,Migraine,2024,2
Neurological disorder,Myasthenia Gravis,2024,1
Neurological disorder,Neuropathic Pain,2024,2
Neurological disorder,Parkinson's Disease,2024,4
Neurological disorder,Spinal Cord Injury,2024,2
Neurological disorder,Spinal Muscular Atrophy,2024,1
Neurological disorder,Stroke,2024,9
Neurological disorder,Trigeminal Neuralgia,2024,5
Procedure,Anesthesia,2024,4
Procedure,Bioequivalence Study,2024,2
Procedure,Blood Transfusion,2024,1
Procedure,Mechanical Ventilation,2024,2
Procedure,Medical Device Study,2024,2
Procedure,Screening,2024,1
Procedure,Surgical Procedures,2024,4
Respiratory disease,Allergic Asthma,2024,2
Respiratory disease,Asthma,2024,1
Respiratory disease,Chronic Obstructive Pulmonary Disease,2024,1
Respiratory disease,Cystic Fibrosis,2024,1
Respiratory disease,Idiopathic Pulmonary Fibrosis,2024,1
Situation with explicit context,Critical Illness,2024,1
Situation with explicit context,Drug-Drug Interaction,2024,5
Situation with explicit context,Geriatric Population,2024,2
Situation with explicit context,Healthy Volunteers,2024,23
Situation with explicit context,Pediatric Population,2024,1
Situation with explicit context,Post-Operative Care,2024,2
Situation with explicit context,Preventive Care,2024,8
Situation with explicit context,Vaccination,2024,1
Sleep disorder,Insomnia,2024,2
Sleep disorder,Obstructive Sleep Apnea,2024,5
Cardiovascular disease,Acute Coronary Syndrome,2025,1
Disorder of digestive system,Chronic Pancreatitis,2025,1
Disorder of digestive system,Peptic Ulcer Disease,2025,1
Disorder of haemostatic system,Venous Thromboembolism,2025,1
Disorder of skin,Pressure Ulcers,2025,1
Disorder of skin,Wound Healing,2025,1
Infection,Skin and Soft Tissue Infection,2025,2
Injury,Trauma,2025,1
Mental illness,Obsessive-Compulsive Disorder,2025,1
Mental illness,Postpartum Depression,2025,1
Musculoskeletal disorder,Tendinopathy,2025,1
Neoplastic disease,Head and Neck Cancer,2025,1
Neurological disorder,Multiple Sclerosis,2025,1
Neurological disorder,Myasthenia Gravis,2025,1
Neurological disorder,Traumatic Brain Injury,2025,1
Respiratory disease,Neonatal Respiratory Distress,2025,1
Situation with explicit context,Healthy Volunteers,2025,4
Situation with explicit context,Preventive Care,2025,1
