disease_area,disease,phase,outcome_normalized,outcome_trial_count,phase_trial_count,percentage,outcome_position
Disorder of skin,Acne,Phase 1,IGA RESPONSE,3,4,75.0000,0
Disorder of skin,Acne,Phase 1,ABSOLUTE CHANGE IN ACNE LESION COUNTS,1,4,25.0000,15
Disorder of skin,Acne,Phase 1,ABSOLUTE CHANGE IN GENOTYPE MARKERS,1,4,25.0000,16
Disorder of skin,Acne,Phase 1,ABSOLUTE CHANGE IN INFLAMMATORY LESION COUNT,1,4,25.0000,3
Disorder of skin,Acne,Phase 1,ABSOLUTE CHANGE IN NON-INFLAMMATORY LESION COUNT,1,4,25.0000,17
Disorder of skin,Acne,Phase 1,ABSOLUTE CHANGE IN SEBUM PRODUCTION,1,4,25.0000,18
Disorder of skin,Acne,Phase 1,ABSOLUTE LESION COUNT,1,4,25.0000,19
Disorder of skin,Acne,Phase 2,IGA RESPONSE,9,46,19.5652,0
Disorder of skin,Acne,Phase 2,NUMBER OF PARTICIPANTS WITH TREATMENT-EMERGENT ADVERSE EVENTS,6,46,13.0435,7
Disorder of skin,Acne,Phase 2,ABSOLUTE CHANGE IN INFLAMMATORY LESION COUNT,3,46,6.5217,3
Disorder of skin,Acne,Phase 2,ABSOLUTE CHANGE IN NONINFLAMMATORY LESION COUNT,3,46,6.5217,12
Disorder of skin,Acne,Phase 2,NUMBER OF PARTICIPANTS WITH ADVERSE EVENTS,3,46,6.5217,13
Disorder of skin,Acne,Phase 2,PERCENT CHANGE IN INFLAMMATORY ACNE LESION COUNTS,3,46,6.5217,14
Disorder of skin,Acne,Phase 2,PERCENT CHANGE IN INFLAMMATORY LESION COUNTS,3,46,6.5217,1
Disorder of skin,Acne,Phase 3,IGA RESPONSE,20,81,24.6914,0
Disorder of skin,Acne,Phase 3,PERCENT CHANGE IN INFLAMMATORY LESION COUNTS,9,81,11.1111,1
Disorder of skin,Acne,Phase 3,ABSOLUTE CHANGE IN INFLAMMATORY LESION COUNT,8,81,9.8765,3
Disorder of skin,Acne,Phase 3,PERCENT CHANGE IN NON-INFLAMMATORY LESION COUNTS,8,81,9.8765,4
Disorder of skin,Acne,Phase 3,PERCENT CHANGE IN TOTAL LESION COUNTS,8,81,9.8765,2
Disorder of skin,Acne,Phase 3,ABSOLUTE CHANGE IN INFLAMMATORY LESION COUNTS,6,81,7.4074,5
Disorder of skin,Acne,Phase 3,ABSOLUTE CHANGE IN NON-INFLAMMATORY LESION COUNTS,6,81,7.4074,6
Disorder of skin,Acne,Phase 4,IGA RESPONSE,13,69,18.8406,0
Disorder of skin,Acne,Phase 4,PERCENT CHANGE IN TOTAL LESION COUNT,6,69,8.6957,8
Disorder of skin,Acne,Phase 4,PATIENT SATISFACTION,5,69,7.2464,9
Disorder of skin,Acne,Phase 4,PERCENT CHANGE IN INFLAMMATORY LESION COUNTS,5,69,7.2464,1
Disorder of skin,Acne,Phase 4,PERCENT CHANGE IN NON-INFLAMMATORY LESION COUNT,5,69,7.2464,10
Disorder of skin,Acne,Phase 4,PERCENT CHANGE IN TOTAL LESION COUNTS,5,69,7.2464,2
Disorder of skin,Acne,Phase 4,PERCENT CHANGE IN INFLAMMATORY LESION COUNT,4,69,5.7971,11
Disorder of endocrine system,Acromegaly,Phase 2,CHANGE IN BODY MASS INDEX,3,24,12.5000,0
Disorder of endocrine system,Acromegaly,Phase 2,CHANGE FROM BASELINE IN ANNUALIZED GROWTH VELOCITY,2,24,8.3333,1
Disorder of endocrine system,Acromegaly,Phase 2,CHANGE FROM BASELINE IN HEIGHT,2,24,8.3333,2
Disorder of endocrine system,Acromegaly,Phase 2,CHANGE FROM BASELINE IN LOWER FACIAL VOLUME,2,24,8.3333,3
Disorder of endocrine system,Acromegaly,Phase 2,CHANGE FROM BASELINE IN RESPIRATORY RATE,2,24,8.3333,4
Disorder of endocrine system,Acromegaly,Phase 2,CHANGE FROM BASELINE IN SERUM IGF-1,2,24,8.3333,5
Disorder of endocrine system,Acromegaly,Phase 2,CHANGE IN BONE MINERAL DENSITY,2,24,8.3333,7
Disorder of endocrine system,Acromegaly,Phase 3,CHANGE IN ACROQOL SCORE,2,16,12.5000,6
Disorder of endocrine system,Acromegaly,Phase 3,CHANGE IN TUMOR SIZE,2,16,12.5000,8
Disorder of endocrine system,Acromegaly,Phase 3,CHANGE IN TUMOR VOLUME,2,16,12.5000,9
Disorder of endocrine system,Acromegaly,Phase 3,DURATION OF RESPONSE,2,16,12.5000,10
Disorder of endocrine system,Acromegaly,Phase 3,PASIREOTIDE TROUGH CONCENTRATIONS,2,16,12.5000,11
Disorder of endocrine system,Acromegaly,Phase 3,PERCENTAGE OF PARTICIPANTS ACHIEVING BIOCHEMICAL CONTROL,2,16,12.5000,12
Disorder of endocrine system,Acromegaly,Phase 3,PERCENTAGE OF PARTICIPANTS WITH NORMALIZATION OF IGF-1,2,16,12.5000,13
Disorder of endocrine system,Acromegaly,Phase 4,PLASMA DRUG CONCENTRATION,2,9,22.2222,14
Disorder of endocrine system,Acromegaly,Phase 4,AVERAGE TIME FROM END OF SURGERY TO LEAVING THE OPERATING ROOM,1,9,11.1111,15
Disorder of endocrine system,Acromegaly,Phase 4,AVERAGE TIME TO DISCHARGE,1,9,11.1111,16
Disorder of endocrine system,Acromegaly,Phase 4,CHANGE IN C-REACTIVE PROTEIN LEVELS,1,9,11.1111,17
Disorder of endocrine system,Acromegaly,Phase 4,CHANGE IN LIPID LEVELS,1,9,11.1111,18
Disorder of endocrine system,Acromegaly,Phase 4,CHANGE IN PLATELET COUNT,1,9,11.1111,19
Disorder of endocrine system,Acromegaly,Phase 4,CHANGE IN PROTHROMBIN TIME AND PARTIAL THROMBOPLASTIN TIME,1,9,11.1111,20
Cardiovascular disease,Acute Coronary Syndrome,Phase 1,ACCEPTABILITY OF ACTIGRAPHY,1,5,20.0000,11
Cardiovascular disease,Acute Coronary Syndrome,Phase 1,ACCEPTABILITY OF DAILY DIARY SURVEYS,1,5,20.0000,12
Cardiovascular disease,Acute Coronary Syndrome,Phase 1,CARDIAC ANXIETY SCORE,1,5,20.0000,22
Cardiovascular disease,Acute Coronary Syndrome,Phase 1,CHANGE IN TRAIT MINDFULNESS SCORE,1,5,20.0000,23
Cardiovascular disease,Acute Coronary Syndrome,Phase 1,COGNITIVE DE-CENTERING SCORE,1,5,20.0000,24
Cardiovascular disease,Acute Coronary Syndrome,Phase 1,DAY TO RETURN TO BASELINE PLATELET FUNCTION,1,5,20.0000,25
Cardiovascular disease,Acute Coronary Syndrome,Phase 1,DISTRESS TOLERANCE SCORE,1,5,20.0000,26
Cardiovascular disease,Acute Coronary Syndrome,Phase 2,CHANGE IN BNP,2,24,8.3333,5
Cardiovascular disease,Acute Coronary Syndrome,Phase 2,CHANGE IN TOTAL EXERCISE TIME,2,24,8.3333,7
Cardiovascular disease,Acute Coronary Syndrome,Phase 2,COMPOSITE CARDIOVASCULAR EVENTS,2,24,8.3333,0
Cardiovascular disease,Acute Coronary Syndrome,Phase 2,P2Y12 REACTION UNITS,2,24,8.3333,9
Cardiovascular disease,Acute Coronary Syndrome,Phase 2,ACTIVATED CLOTTING TIME,1,24,4.1667,13
Cardiovascular disease,Acute Coronary Syndrome,Phase 2,ADP-INDUCED P2Y12 RECEPTOR-MEDIATED PLATELET AGGREGATION,1,24,4.1667,14
Cardiovascular disease,Acute Coronary Syndrome,Phase 2,ADP-INDUCED PLATELET AGGREGATION,1,24,4.1667,15
Cardiovascular disease,Acute Coronary Syndrome,Phase 3,ALL-CAUSE MORTALITY,5,28,17.8571,1
Cardiovascular disease,Acute Coronary Syndrome,Phase 3,COMPOSITE CARDIOVASCULAR EVENTS,4,28,14.2857,0
Cardiovascular disease,Acute Coronary Syndrome,Phase 3,CARDIOVASCULAR MORTALITY,3,28,10.7143,2
Cardiovascular disease,Acute Coronary Syndrome,Phase 3,NUMBER OF PARTICIPANTS WITH FIRST OCCURRENCE OF STROKE,3,28,10.7143,3
Cardiovascular disease,Acute Coronary Syndrome,Phase 3,7-DAY POINT PREVALENCE SMOKING ABSTINENCE,2,28,7.1429,4
Cardiovascular disease,Acute Coronary Syndrome,Phase 3,CHANGE IN TOTAL ATHEROMA VOLUME,2,28,7.1429,6
Cardiovascular disease,Acute Coronary Syndrome,Phase 3,COMPOSITE CARDIOVASCULAR ENDPOINT,2,28,7.1429,8
Cardiovascular disease,Acute Coronary Syndrome,Phase 4,6-MINUTE WALK DISTANCE,1,27,3.7037,10
Cardiovascular disease,Acute Coronary Syndrome,Phase 4,ADVERSE ISCHEMIC OR BLEEDING EVENTS,1,27,3.7037,16
Cardiovascular disease,Acute Coronary Syndrome,Phase 4,AGREEMENT PERCENTAGE BETWEEN AFFR AND CFFR,1,27,3.7037,17
Cardiovascular disease,Acute Coronary Syndrome,Phase 4,AVERAGE WEEKLY ANGINA FREQUENCY,1,27,3.7037,18
Cardiovascular disease,Acute Coronary Syndrome,Phase 4,AVERAGE WEEKLY FREQUENCY OF SUBLINGUAL NITROGLYCERIN USE,1,27,3.7037,19
Cardiovascular disease,Acute Coronary Syndrome,Phase 4,BLEEDING EVENTS,1,27,3.7037,20
Cardiovascular disease,Acute Coronary Syndrome,Phase 4,BLOOD THROMBOGENICITY,1,27,3.7037,21
Disorder of the genitourinary system,Acute Kidney Injury,Phase 1,MAXIMUM PLASMA CONCENTRATION,18,26,69.2308,0
Disorder of the genitourinary system,Acute Kidney Injury,Phase 1,TIME TO MAXIMUM CONCENTRATION,12,26,46.1538,2
Disorder of the genitourinary system,Acute Kidney Injury,Phase 1,AUC FROM 0 TO INFINITY,10,26,38.4615,1
Disorder of the genitourinary system,Acute Kidney Injury,Phase 1,RENAL CLEARANCE,9,26,34.6154,4
Disorder of the genitourinary system,Acute Kidney Injury,Phase 1,APPARENT VOLUME OF DISTRIBUTION,8,26,30.7692,3
Disorder of the genitourinary system,Acute Kidney Injury,Phase 1,AREA UNDER THE CONCENTRATION-TIME CURVE,8,26,30.7692,5
Disorder of the genitourinary system,Acute Kidney Injury,Phase 1,NUMBER OF PARTICIPANTS WITH ADVERSE EVENTS,7,26,26.9231,6
Disorder of the genitourinary system,Acute Kidney Injury,Phase 2,AUC FROM 0 TO INFINITY,4,16,25.0000,1
Disorder of the genitourinary system,Acute Kidney Injury,Phase 2,MAXIMUM PLASMA CONCENTRATION,4,16,25.0000,0
Disorder of the genitourinary system,Acute Kidney Injury,Phase 2,TIME TO MAXIMUM CONCENTRATION,3,16,18.7500,2
Disorder of the genitourinary system,Acute Kidney Injury,Phase 2,APPARENT VOLUME OF DISTRIBUTION,2,16,12.5000,3
Disorder of the genitourinary system,Acute Kidney Injury,Phase 2,AUC FROM 0 TO LAST MEASURABLE CONCENTRATION,2,16,12.5000,9
Disorder of the genitourinary system,Acute Kidney Injury,Phase 2,CHANGE IN EGFR,2,16,12.5000,7
Disorder of the genitourinary system,Acute Kidney Injury,Phase 2,DURATION OF AKI,2,16,12.5000,10
Disorder of the genitourinary system,Acute Kidney Injury,Phase 3,NUMBER OF PARTICIPANTS WITH SERIOUS ADVERSE EVENTS,2,10,20.0000,11
Disorder of the genitourinary system,Acute Kidney Injury,Phase 3,VENTILATOR-FREE DAYS,2,10,20.0000,12
Disorder of the genitourinary system,Acute Kidney Injury,Phase 3,28-DAY ALL-CAUSE MORTALITY,1,10,10.0000,13
Disorder of the genitourinary system,Acute Kidney Injury,Phase 3,60-DAY ALL-CAUSE MORTALITY,1,10,10.0000,15
Disorder of the genitourinary system,Acute Kidney Injury,Phase 3,90-DAY ALL CAUSE MORTALITY,1,10,10.0000,16
Disorder of the genitourinary system,Acute Kidney Injury,Phase 3,ACUTE KIDNEY INJURY,1,10,10.0000,17
Disorder of the genitourinary system,Acute Kidney Injury,Phase 3,CHANGE IN EXTRAVASCULAR LUNG WATER,1,10,10.0000,20
Disorder of the genitourinary system,Acute Kidney Injury,Phase 4,30-DAY MORTALITY,2,9,22.2222,8
Disorder of the genitourinary system,Acute Kidney Injury,Phase 4,30-DAY READMISSION,1,9,11.1111,14
Disorder of the genitourinary system,Acute Kidney Injury,Phase 4,AE24 FOR URINE DEFERIPRONE AND DEFERIPRONE 3-O-GLUCURONIDE,1,9,11.1111,18
Disorder of the genitourinary system,Acute Kidney Injury,Phase 4,AUC FROM 0 TO INFINITY,1,9,11.1111,1
Disorder of the genitourinary system,Acute Kidney Injury,Phase 4,BLEEDING AFTER KIDNEY BIOPSY,1,9,11.1111,19
Disorder of the genitourinary system,Acute Kidney Injury,Phase 4,CHANGE IN EGFR,1,9,11.1111,7
Disorder of the genitourinary system,Acute Kidney Injury,Phase 4,CHANGE IN HEMOGLOBIN,1,9,11.1111,21
Neoplastic disease,Acute Lymphoblastic Leukemia,Phase 1,OBJECTIVE RESPONSE RATE,13,38,34.2105,1
Neoplastic disease,Acute Lymphoblastic Leukemia,Phase 1,MAXIMUM TOLERATED DOSE,12,38,31.5789,7
Neoplastic disease,Acute Lymphoblastic Leukemia,Phase 1,MAXIMUM PLASMA CONCENTRATION,10,38,26.3158,8
Neoplastic disease,Acute Lymphoblastic Leukemia,Phase 1,PROGRESSION-FREE SURVIVAL,7,38,18.4211,2
Neoplastic disease,Acute Lymphoblastic Leukemia,Phase 1,TIME TO MAXIMUM CONCENTRATION,7,38,18.4211,10
Neoplastic disease,Acute Lymphoblastic Leukemia,Phase 1,AREA UNDER THE CONCENTRATION-TIME CURVE,6,38,15.7895,11
Neoplastic disease,Acute Lymphoblastic Leukemia,Phase 1,NUMBER OF PARTICIPANTS WITH DOSE LIMITING TOXICITIES,6,38,15.7895,12
Neoplastic disease,Acute Lymphoblastic Leukemia,Phase 2,OVERALL SURVIVAL,72,181,39.7790,0
Neoplastic disease,Acute Lymphoblastic Leukemia,Phase 2,OBJECTIVE RESPONSE RATE,67,181,37.0166,1
Neoplastic disease,Acute Lymphoblastic Leukemia,Phase 2,PROGRESSION-FREE SURVIVAL,53,181,29.2818,2
Neoplastic disease,Acute Lymphoblastic Leukemia,Phase 2,EVENT-FREE SURVIVAL,22,181,12.1547,3
Neoplastic disease,Acute Lymphoblastic Leukemia,Phase 2,COMPLETE REMISSION,19,181,10.4972,5
Neoplastic disease,Acute Lymphoblastic Leukemia,Phase 2,DURATION OF RESPONSE,18,181,9.9448,6
Neoplastic disease,Acute Lymphoblastic Leukemia,Phase 2,DISEASE-FREE SURVIVAL,17,181,9.3923,4
Neoplastic disease,Acute Lymphoblastic Leukemia,Phase 3,OVERALL SURVIVAL,27,44,61.3636,0
Neoplastic disease,Acute Lymphoblastic Leukemia,Phase 3,EVENT-FREE SURVIVAL,15,44,34.0909,3
Neoplastic disease,Acute Lymphoblastic Leukemia,Phase 3,PROGRESSION-FREE SURVIVAL,8,44,18.1818,2
Neoplastic disease,Acute Lymphoblastic Leukemia,Phase 3,MINIMAL RESIDUAL DISEASE NEGATIVITY,7,44,15.9091,9
Neoplastic disease,Acute Lymphoblastic Leukemia,Phase 3,DISEASE-FREE SURVIVAL,6,44,13.6364,4
Neoplastic disease,Acute Lymphoblastic Leukemia,Phase 3,TREATMENT-RELATED MORTALITY,6,44,13.6364,13
Neoplastic disease,Acute Lymphoblastic Leukemia,Phase 3,RELAPSE-FREE SURVIVAL,5,44,11.3636,14
Neoplastic disease,Acute Lymphoblastic Leukemia,Phase 4,BASELINE ANTIBODY TITER,1,8,12.5000,15
Neoplastic disease,Acute Lymphoblastic Leukemia,Phase 4,BASELINE VARICELLA TITERS,1,8,12.5000,16
Neoplastic disease,Acute Lymphoblastic Leukemia,Phase 4,BEST WEEKLY CPRS ADHD T SCORE,1,8,12.5000,17
Neoplastic disease,Acute Lymphoblastic Leukemia,Phase 4,BRAIN WHITE MATTER VOLUME,1,8,12.5000,18
Neoplastic disease,Acute Lymphoblastic Leukemia,Phase 4,CHANGE IN COMMISSION ERRORS,1,8,12.5000,19
Neoplastic disease,Acute Lymphoblastic Leukemia,Phase 4,CHANGE IN CONNER'S CPT SCORE,1,8,12.5000,20
Neoplastic disease,Acute Lymphoblastic Leukemia,Phase 4,CHANGE IN CPRS COGNITIVE PROBLEM T SCORE,1,8,12.5000,21
Neoplastic disease,Acute Myeloid Leukemia,Phase 1,OBJECTIVE RESPONSE RATE,13,34,38.2353,2
Neoplastic disease,Acute Myeloid Leukemia,Phase 1,MAXIMUM PLASMA CONCENTRATION,10,34,29.4118,8
Neoplastic disease,Acute Myeloid Leukemia,Phase 1,TIME TO MAXIMUM CONCENTRATION,10,34,29.4118,9
Neoplastic disease,Acute Myeloid Leukemia,Phase 1,OVERALL SURVIVAL,9,34,26.4706,0
Neoplastic disease,Acute Myeloid Leukemia,Phase 1,COMPLETE REMISSION,7,34,20.5882,3
Neoplastic disease,Acute Myeloid Leukemia,Phase 1,NUMBER OF PARTICIPANTS WITH TREATMENT-EMERGENT ADVERSE EVENTS,7,34,20.5882,7
Neoplastic disease,Acute Myeloid Leukemia,Phase 1,MAXIMUM TOLERATED DOSE,5,34,14.7059,11
Neoplastic disease,Acute Myeloid Leukemia,Phase 2,OVERALL SURVIVAL,73,178,41.0112,0
Neoplastic disease,Acute Myeloid Leukemia,Phase 2,OBJECTIVE RESPONSE RATE,28,178,15.7303,2
Neoplastic disease,Acute Myeloid Leukemia,Phase 2,EVENT-FREE SURVIVAL,23,178,12.9213,1
Neoplastic disease,Acute Myeloid Leukemia,Phase 2,PROGRESSION-FREE SURVIVAL,21,178,11.7978,4
Neoplastic disease,Acute Myeloid Leukemia,Phase 2,DISEASE-FREE SURVIVAL,19,178,10.6742,5
Neoplastic disease,Acute Myeloid Leukemia,Phase 2,COMPLETE REMISSION,18,178,10.1124,3
Neoplastic disease,Acute Myeloid Leukemia,Phase 2,COMPLETE RESPONSE RATE,17,178,9.5506,6
Neoplastic disease,Acute Myeloid Leukemia,Phase 3,OVERALL SURVIVAL,27,42,64.2857,0
Neoplastic disease,Acute Myeloid Leukemia,Phase 3,EVENT-FREE SURVIVAL,24,42,57.1429,1
Neoplastic disease,Acute Myeloid Leukemia,Phase 3,COMPLETE REMISSION,13,42,30.9524,3
Neoplastic disease,Acute Myeloid Leukemia,Phase 3,DURATION OF REMISSION,5,42,11.9048,10
Neoplastic disease,Acute Myeloid Leukemia,Phase 3,NUMBER OF PARTICIPANTS WITH TREATMENT EMERGENT ADVERSE EVENTS,5,42,11.9048,12
Neoplastic disease,Acute Myeloid Leukemia,Phase 3,NUMBER OF PARTICIPANTS WITH TREATMENT-EMERGENT ADVERSE EVENTS,5,42,11.9048,7
Neoplastic disease,Acute Myeloid Leukemia,Phase 3,COMPLETE REMISSION RATE,4,42,9.5238,13
Neoplastic disease,Acute Myeloid Leukemia,Phase 4,INCIDENCE OF INVASIVE FUNGAL INFECTIONS,1,1,100.0000,14
Neoplastic disease,Acute Myeloid Leukemia,Phase 4,NUMBER OF DAYS ON STUDY DRUG,1,1,100.0000,15
Neoplastic disease,Acute Myeloid Leukemia,Phase 4,OVERALL SURVIVAL,1,1,100.0000,0
Neoplastic disease,Acute Myeloid Leukemia,Phase 4,PROPHYLAXIS FAILURE,1,1,100.0000,16
Neoplastic disease,Acute Myeloid Leukemia,Phase 4,TIME TO TREATMENT FAILURE,1,1,100.0000,17
Clinical finding,Acute Pain,Phase 1,AUC FROM 0 TO INFINITY,8,26,30.7692,12
Clinical finding,Acute Pain,Phase 1,MAXIMUM PLASMA CONCENTRATION,8,26,30.7692,8
Clinical finding,Acute Pain,Phase 1,TIME TO MAXIMUM CONCENTRATION,8,26,30.7692,13
Clinical finding,Acute Pain,Phase 1,AUC FROM 0 TO LAST MEASURABLE CONCENTRATION,4,26,15.3846,15
Clinical finding,Acute Pain,Phase 1,AREA UNDER THE CONCENTRATION-TIME CURVE,3,26,11.5385,16
Clinical finding,Acute Pain,Phase 1,ELIMINATION RATE CONSTANT,3,26,11.5385,17
Clinical finding,Acute Pain,Phase 1,NUMBER OF PARTICIPANTS WITH TREATMENT-EMERGENT ADVERSE EVENTS,3,26,11.5385,9
Clinical finding,Acute Pain,Phase 2,CHANGE IN NRS PAIN SCORE,10,141,7.0922,2
Clinical finding,Acute Pain,Phase 2,CHANGE IN PAIN SCORE,10,141,7.0922,0
Clinical finding,Acute Pain,Phase 2,CHANGE IN VAS PAIN SCORE,8,141,5.6738,1
Clinical finding,Acute Pain,Phase 2,MAXIMUM PLASMA CONCENTRATION,8,141,5.6738,8
Clinical finding,Acute Pain,Phase 2,NUMBER OF PARTICIPANTS WITH ADVERSE EVENTS,8,141,5.6738,4
Clinical finding,Acute Pain,Phase 2,PAIN RESPONSE RATE,7,141,4.9645,5
Clinical finding,Acute Pain,Phase 2,TIME TO FIRST USE OF RESCUE MEDICATION,7,141,4.9645,14
Clinical finding,Acute Pain,Phase 3,CHANGE IN PAIN SCORE,26,204,12.7451,0
Clinical finding,Acute Pain,Phase 3,CHANGE IN NRS PAIN SCORE,25,204,12.2549,2
Clinical finding,Acute Pain,Phase 3,PATIENT GLOBAL IMPRESSION OF CHANGE,19,204,9.3137,7
Clinical finding,Acute Pain,Phase 3,CHANGE IN VAS PAIN SCORE,18,204,8.8235,1
Clinical finding,Acute Pain,Phase 3,PAIN RESPONSE RATE,17,204,8.3333,5
Clinical finding,Acute Pain,Phase 3,NUMBER OF PARTICIPANTS WITH ADVERSE EVENTS,16,204,7.8431,4
Clinical finding,Acute Pain,Phase 3,NUMBER OF PARTICIPANTS WITH TREATMENT-EMERGENT ADVERSE EVENTS,13,204,6.3725,9
Clinical finding,Acute Pain,Phase 4,CHANGE IN VAS PAIN SCORE,35,299,11.7057,1
Clinical finding,Acute Pain,Phase 4,PATIENT SATISFACTION,32,299,10.7023,3
Clinical finding,Acute Pain,Phase 4,CHANGE IN PAIN SCORE,25,299,8.3612,0
Clinical finding,Acute Pain,Phase 4,CHANGE IN NRS PAIN SCORE,23,299,7.6923,2
Clinical finding,Acute Pain,Phase 4,PAIN SCORE,21,299,7.0234,6
Clinical finding,Acute Pain,Phase 4,OPIOID CONSUMPTION,15,299,5.0167,10
Clinical finding,Acute Pain,Phase 4,LENGTH OF HOSPITAL STAY,14,299,4.6823,11
Disorder of digestive system,Acute Pancreatitis,Phase 1,MAXIMUM PLASMA CONCENTRATION,2,4,50.0000,1
Disorder of digestive system,Acute Pancreatitis,Phase 1,SERORESPONSE RATE,2,4,50.0000,15
Disorder of digestive system,Acute Pancreatitis,Phase 1,TIME TO MAXIMUM CONCENTRATION,2,4,50.0000,18
Disorder of digestive system,Acute Pancreatitis,Phase 1,APPARENT TERMINAL HALF LIFE,1,4,25.0000,21
Disorder of digestive system,Acute Pancreatitis,Phase 1,AREA UNDER THE CONCENTRATION-TIME CURVE (AUC0-INF),1,4,25.0000,22
Disorder of digestive system,Acute Pancreatitis,Phase 1,AUC FROM 0 TO INFINITY,1,4,25.0000,24
Disorder of digestive system,Acute Pancreatitis,Phase 1,AUC[0-T] FOR GSK3335065,1,4,25.0000,25
Disorder of digestive system,Acute Pancreatitis,Phase 2,CHANGE IN PAIN SCORE,3,29,10.3448,0
Disorder of digestive system,Acute Pancreatitis,Phase 2,PLASMA DRUG CONCENTRATION,3,29,10.3448,3
Disorder of digestive system,Acute Pancreatitis,Phase 2,CHANGE IN CTSI SCORE,2,29,6.8966,6
Disorder of digestive system,Acute Pancreatitis,Phase 2,CHANGE IN NRS PAIN SCORE,2,29,6.8966,7
Disorder of digestive system,Acute Pancreatitis,Phase 2,CLINICAL REMISSION,2,29,6.8966,8
Disorder of digestive system,Acute Pancreatitis,Phase 2,LENGTH OF HOSPITAL STAY,2,29,6.8966,12
Disorder of digestive system,Acute Pancreatitis,Phase 2,MAXIMUM PLASMA CONCENTRATION,2,29,6.8966,1
Disorder of digestive system,Acute Pancreatitis,Phase 3,OVERALL SURVIVAL,4,19,21.0526,2
Disorder of digestive system,Acute Pancreatitis,Phase 3,ALL-CAUSE MORTALITY,2,19,10.5263,4
Disorder of digestive system,Acute Pancreatitis,Phase 3,NUMBER OF SURVIVORS AT STUDY DAY 91,2,19,10.5263,13
Disorder of digestive system,Acute Pancreatitis,Phase 3,SEROCONVERSION RATE,2,19,10.5263,14
Disorder of digestive system,Acute Pancreatitis,Phase 3,ANNUALIZED RATE OF HEMIN ADMINISTRATION,1,19,5.2632,19
Disorder of digestive system,Acute Pancreatitis,Phase 3,ANNUALIZED RATE OF PORPHYRIA ATTACKS,1,19,5.2632,20
Disorder of digestive system,Acute Pancreatitis,Phase 3,AREA UNDER THE CURVE OF CHANGE IN WEEKLY MEAN PAIN SCORE,1,19,5.2632,23
Disorder of digestive system,Acute Pancreatitis,Phase 4,AVERAGE SKIN TEMPERATURE,2,33,6.0606,5
Disorder of digestive system,Acute Pancreatitis,Phase 4,CHANGE IN PAIN SCORE,2,33,6.0606,0
Disorder of digestive system,Acute Pancreatitis,Phase 4,CORE TEMPERATURE,2,33,6.0606,9
Disorder of digestive system,Acute Pancreatitis,Phase 4,GINGIVAL INDEX,2,33,6.0606,10
Disorder of digestive system,Acute Pancreatitis,Phase 4,HOSPITAL LENGTH OF STAY,2,33,6.0606,11
Disorder of digestive system,Acute Pancreatitis,Phase 4,SODIUM CONCENTRATION IN SWEAT,2,33,6.0606,16
Disorder of digestive system,Acute Pancreatitis,Phase 4,SWEAT RATE,2,33,6.0606,17
Respiratory disease,Acute Respiratory Distress Syndrome,Phase 1,NUMBER OF PARTICIPANTS WITH SERIOUS ADVERSE EVENTS,2,10,20.0000,1
Respiratory disease,Acute Respiratory Distress Syndrome,Phase 1,SEROCONVERSION RATE,2,10,20.0000,11
Respiratory disease,Acute Respiratory Distress Syndrome,Phase 1,ACCUMULATION RATIO,1,10,10.0000,13
Respiratory disease,Acute Respiratory Distress Syndrome,Phase 1,ADVERSE EVENTS RELATED TO BIO 300 ORAL POWDER,1,10,10.0000,14
Respiratory disease,Acute Respiratory Distress Syndrome,Phase 1,ANTI-PD ANTIBODY CONCENTRATIONS,1,10,10.0000,16
Respiratory disease,Acute Respiratory Distress Syndrome,Phase 1,ANTI-PE ANTIBODY CONCENTRATIONS,1,10,10.0000,17
Respiratory disease,Acute Respiratory Distress Syndrome,Phase 1,ANTI-PILA ANTIBODY CONCENTRATIONS,1,10,10.0000,18
Respiratory disease,Acute Respiratory Distress Syndrome,Phase 2,ALL-CAUSE MORTALITY,6,50,12.0000,0
Respiratory disease,Acute Respiratory Distress Syndrome,Phase 2,NUMBER OF PARTICIPANTS WITH SERIOUS ADVERSE EVENTS,6,50,12.0000,1
Respiratory disease,Acute Respiratory Distress Syndrome,Phase 2,VENTILATOR-FREE DAYS,5,50,10.0000,2
Respiratory disease,Acute Respiratory Distress Syndrome,Phase 2,NUMBER OF PARTICIPANTS WITH ADVERSE EVENTS,4,50,8.0000,3
Respiratory disease,Acute Respiratory Distress Syndrome,Phase 2,CHANGE IN PAO2/FIO2 RATIO,3,50,6.0000,4
Respiratory disease,Acute Respiratory Distress Syndrome,Phase 2,HOSPITAL LENGTH OF STAY,3,50,6.0000,5
Respiratory disease,Acute Respiratory Distress Syndrome,Phase 2,ICU ADMISSION RATE,3,50,6.0000,6
Respiratory disease,Acute Respiratory Distress Syndrome,Phase 3,ALL-CAUSE MORTALITY,3,17,17.6471,0
Respiratory disease,Acute Respiratory Distress Syndrome,Phase 3,AVERAGE DURATION OF FEVER,2,17,11.7647,7
Respiratory disease,Acute Respiratory Distress Syndrome,Phase 3,CHANGE IN EQ-5D SCORE,2,17,11.7647,8
Respiratory disease,Acute Respiratory Distress Syndrome,Phase 3,NUMBER OF PARTICIPANTS WITH TREATMENT-EMERGENT ADVERSE EVENTS,2,17,11.7647,9
Respiratory disease,Acute Respiratory Distress Syndrome,Phase 3,PERCENTAGE OF PATIENTS WITH RECOVERY,2,17,11.7647,10
Respiratory disease,Acute Respiratory Distress Syndrome,Phase 3,TOTAL SYMPTOM SCORE,2,17,11.7647,12
Respiratory disease,Acute Respiratory Distress Syndrome,Phase 3,VENTILATOR-FREE DAYS,2,17,11.7647,2
Respiratory disease,Acute Respiratory Distress Syndrome,Phase 4,AIRWAY SEAL PRESSURE,1,10,10.0000,15
Respiratory disease,Acute Respiratory Distress Syndrome,Phase 4,ANTIBIOTIC SPARING,1,10,10.0000,19
Respiratory disease,Acute Respiratory Distress Syndrome,Phase 4,ASPIRATION PNEUMONIA,1,10,10.0000,20
Respiratory disease,Acute Respiratory Distress Syndrome,Phase 4,CHANGE FROM BASELINE IN TOTAL SYMPTOM SCORE OF WURSS-21,1,10,10.0000,21
Respiratory disease,Acute Respiratory Distress Syndrome,Phase 4,FAILED INTUBATION,1,10,10.0000,22
Respiratory disease,Acute Respiratory Distress Syndrome,Phase 4,FIRST PASS SUCCESS,1,10,10.0000,23
Respiratory disease,Acute Respiratory Distress Syndrome,Phase 4,GLOTTIC VIEW ASSESSMENT,1,10,10.0000,24
Disorder of endocrine system,Addison's Disease,Phase 1,AUC FROM 0 TO INFINITY,1,2,50.0000,6
Disorder of endocrine system,Addison's Disease,Phase 1,AUC OF METABOLITE M-1,1,2,50.0000,10
Disorder of endocrine system,Addison's Disease,Phase 1,AUC(0-168),1,2,50.0000,11
Disorder of endocrine system,Addison's Disease,Phase 1,AUC0-T FOR SERUM CORTISOL,1,2,50.0000,12
Disorder of endocrine system,Addison's Disease,Phase 1,CHANGE IN INSULIN SENSITIVITY,1,2,50.0000,14
Disorder of endocrine system,Addison's Disease,Phase 1,CORTISOL BINDING PROTEIN CONCENTRATION,1,2,50.0000,17
Disorder of endocrine system,Addison's Disease,Phase 1,MAXIMUM PLASMA CONCENTRATION,1,2,50.0000,21
Disorder of endocrine system,Addison's Disease,Phase 2,ABSOLUTE ACTH LEVEL,1,4,25.0000,2
Disorder of endocrine system,Addison's Disease,Phase 2,ACTH AREA UNDER THE CURVE - 24 HOURS,1,4,25.0000,3
Disorder of endocrine system,Addison's Disease,Phase 2,ACTH AREA UNDER THE CURVE - MIDDAY,1,4,25.0000,4
Disorder of endocrine system,Addison's Disease,Phase 2,ACTH AUC NIGHTTIME,1,4,25.0000,5
Disorder of endocrine system,Addison's Disease,Phase 2,AUC OF 17-OHP,1,4,25.0000,7
Disorder of endocrine system,Addison's Disease,Phase 2,AUC OF 17-OHP DAYTIME,1,4,25.0000,8
Disorder of endocrine system,Addison's Disease,Phase 2,AUC OF 17-OHP NIGHTTIME,1,4,25.0000,9
Disorder of endocrine system,Addison's Disease,Phase 3,30-DAY MORTALITY,1,3,33.3333,0
Disorder of endocrine system,Addison's Disease,Phase 3,90-DAY MORTALITY,1,3,33.3333,1
Disorder of endocrine system,Addison's Disease,Phase 3,CHANGE IN TANNER DEVELOPMENT STAGE,1,3,33.3333,15
Disorder of endocrine system,Addison's Disease,Phase 3,CHOLESTEROL ESTERIFICATION DEFICIENCY,1,3,33.3333,16
Disorder of endocrine system,Addison's Disease,Phase 3,CORTISOL LEVELS,1,3,33.3333,18
Disorder of endocrine system,Addison's Disease,Phase 3,GROWTH VELOCITY SDS,1,3,33.3333,19
Disorder of endocrine system,Addison's Disease,Phase 3,INCIDENCE OF SERIOUS ADVERSE EVENTS,1,3,33.3333,20
Disorder of endocrine system,Addison's Disease,Phase 4,CHANGE IN COGNITION SCORE,1,1,100.0000,13
Disorder of eye,Age-Related Macular Degeneration,Phase 1,TIME TO MAXIMUM CONCENTRATION,5,9,55.5556,10
Disorder of eye,Age-Related Macular Degeneration,Phase 1,MAXIMUM PLASMA CONCENTRATION,3,9,33.3333,13
Disorder of eye,Age-Related Macular Degeneration,Phase 1,AUC FROM 0 TO LAST MEASURABLE CONCENTRATION,2,9,22.2222,16
Disorder of eye,Age-Related Macular Degeneration,Phase 1,CHANGE IN BLOOD PRESSURE,2,9,22.2222,18
Disorder of eye,Age-Related Macular Degeneration,Phase 1,MEAN RESIDENCE TIME,2,9,22.2222,19
Disorder of eye,Age-Related Macular Degeneration,Phase 1,PLASMA DRUG CONCENTRATION,2,9,22.2222,4
Disorder of eye,Age-Related Macular Degeneration,Phase 1,AREA OF LEAKAGE,1,9,11.1111,20
Disorder of eye,Age-Related Macular Degeneration,Phase 2,CHANGE IN BEST CORRECTED VISUAL ACUITY,11,85,12.9412,1
Disorder of eye,Age-Related Macular Degeneration,Phase 2,CHANGE FROM BASELINE IN BEST CORRECTED VISUAL ACUITY,9,85,10.5882,0
Disorder of eye,Age-Related Macular Degeneration,Phase 2,CHANGE FROM BASELINE IN BCVA,8,85,9.4118,3
Disorder of eye,Age-Related Macular Degeneration,Phase 2,MEAN CHANGE IN BEST CORRECTED VISUAL ACUITY,7,85,8.2353,2
Disorder of eye,Age-Related Macular Degeneration,Phase 2,PLASMA DRUG CONCENTRATION,6,85,7.0588,4
Disorder of eye,Age-Related Macular Degeneration,Phase 2,CHANGE FROM BASELINE IN CENTRAL RETINAL THICKNESS,5,85,5.8824,8
Disorder of eye,Age-Related Macular Degeneration,Phase 2,CHANGE IN CENTRAL RETINAL THICKNESS,5,85,5.8824,9
Disorder of eye,Age-Related Macular Degeneration,Phase 3,CHANGE FROM BASELINE IN BEST CORRECTED VISUAL ACUITY,8,61,13.1148,0
Disorder of eye,Age-Related Macular Degeneration,Phase 3,ANTI-DRUG ANTIBODIES,6,61,9.8361,6
Disorder of eye,Age-Related Macular Degeneration,Phase 3,CHANGE FROM BASELINE IN BCVA,6,61,9.8361,3
Disorder of eye,Age-Related Macular Degeneration,Phase 3,CHANGE FROM BASELINE IN CENTRAL SUBFIELD THICKNESS,6,61,9.8361,7
Disorder of eye,Age-Related Macular Degeneration,Phase 3,CHANGE IN BEST CORRECTED VISUAL ACUITY,4,61,6.5574,1
Disorder of eye,Age-Related Macular Degeneration,Phase 3,MEAN CHANGE IN BEST CORRECTED VISUAL ACUITY,4,61,6.5574,2
Disorder of eye,Age-Related Macular Degeneration,Phase 3,NUMBER OF PARTICIPANTS WITH TREATMENT-EMERGENT ADVERSE EVENTS,4,61,6.5574,5
Disorder of eye,Age-Related Macular Degeneration,Phase 4,CHANGE IN BEST-CORRECTED VISUAL ACUITY,4,32,12.5000,11
Disorder of eye,Age-Related Macular Degeneration,Phase 4,MEAN CHANGE IN BEST CORRECTED VISUAL ACUITY,4,32,12.5000,2
Disorder of eye,Age-Related Macular Degeneration,Phase 4,MEAN CHANGE IN BEST-CORRECTED VISUAL ACUITY,4,32,12.5000,12
Disorder of eye,Age-Related Macular Degeneration,Phase 4,MEAN CHANGE IN BCVA,3,32,9.3750,14
Disorder of eye,Age-Related Macular Degeneration,Phase 4,MEAN CHANGE IN CENTRAL RETINAL THICKNESS,3,32,9.3750,15
Disorder of eye,Age-Related Macular Degeneration,Phase 4,NUMBER OF PARTICIPANTS WITH TREATMENT-EMERGENT ADVERSE EVENTS,3,32,9.3750,5
Disorder of eye,Age-Related Macular Degeneration,Phase 4,CHANGE FROM BASELINE IN VISUAL ACUITY,2,32,6.2500,17
Mental illness,Alcohol Use Disorder,Phase 1,MAXIMUM PLASMA CONCENTRATION,7,35,20.0000,5
Mental illness,Alcohol Use Disorder,Phase 1,TIME TO MAXIMUM CONCENTRATION,6,35,17.1429,7
Mental illness,Alcohol Use Disorder,Phase 1,ALCOHOL CONSUMPTION,4,35,11.4286,9
Mental illness,Alcohol Use Disorder,Phase 1,ALCOHOL CRAVING SCORE,4,35,11.4286,0
Mental illness,Alcohol Use Disorder,Phase 1,ALCOHOL CRAVING,3,35,8.5714,11
Mental illness,Alcohol Use Disorder,Phase 1,AUC FROM 0 TO INFINITY,3,35,8.5714,12
Mental illness,Alcohol Use Disorder,Phase 1,AUC FROM 0 TO LAST MEASURABLE CONCENTRATION,3,35,8.5714,13
Mental illness,Alcohol Use Disorder,Phase 2,ALCOHOL CRAVING SCORE,15,151,9.9338,0
Mental illness,Alcohol Use Disorder,Phase 2,PERCENT HEAVY DRINKING DAYS,9,151,5.9603,1
Mental illness,Alcohol Use Disorder,Phase 2,PERCENTAGE OF HEAVY DRINKING DAYS,9,151,5.9603,2
Mental illness,Alcohol Use Disorder,Phase 2,DRINKS PER DRINKING DAY,7,151,4.6358,4
Mental illness,Alcohol Use Disorder,Phase 2,NUMBER OF DRINKS CONSUMED,6,151,3.9735,6
Mental illness,Alcohol Use Disorder,Phase 2,PERCENT DAYS ABSTINENT,6,151,3.9735,3
Mental illness,Alcohol Use Disorder,Phase 2,PERCENTAGE OF DAYS ABSTINENT,5,151,3.3113,8
Mental illness,Alcohol Use Disorder,Phase 3,CHANGE IN ALT,4,31,12.9032,10
Mental illness,Alcohol Use Disorder,Phase 3,CHANGE FROM BASELINE IN CLINICAL STATUS USING CGI-S,3,31,9.6774,14
Mental illness,Alcohol Use Disorder,Phase 3,CHANGE FROM BASELINE IN HEAVY DRINKING DAYS,3,31,9.6774,15
Mental illness,Alcohol Use Disorder,Phase 3,CHANGE FROM BASELINE IN MONTHLY TOTAL ALCOHOL CONSUMPTION,3,31,9.6774,16
Mental illness,Alcohol Use Disorder,Phase 3,CHANGE IN CLINICAL STATUS USING CGI-I,3,31,9.6774,17
Mental illness,Alcohol Use Disorder,Phase 3,DRINKING RISK LEVEL RESPONSE,3,31,9.6774,18
Mental illness,Alcohol Use Disorder,Phase 3,GAMMA-GLUTAMYL TRANSFERASE VALUES,3,31,9.6774,19
Mental illness,Alcohol Use Disorder,Phase 4,PERCENT HEAVY DRINKING DAYS,3,49,6.1224,1
Mental illness,Alcohol Use Disorder,Phase 4,CARBOHYDRATE-DEFICIENT TRANSFERRIN LEVELS,2,49,4.0816,20
Mental illness,Alcohol Use Disorder,Phase 4,GAMMA-GLUTAMYLTRANSFERASE LEVELS,2,49,4.0816,21
Mental illness,Alcohol Use Disorder,Phase 4,HEAVY DRINKING DAYS,2,49,4.0816,22
Mental illness,Alcohol Use Disorder,Phase 4,MADRS SCORE,2,49,4.0816,23
Mental illness,Alcohol Use Disorder,Phase 4,PERCENT DAYS ABSTINENT,2,49,4.0816,3
Mental illness,Alcohol Use Disorder,Phase 4,PERCENT DAYS ABSTINENT FROM ALCOHOL,2,49,4.0816,24
Respiratory disease,Allergic Asthma,Phase 1,MAXIMUM PLASMA CONCENTRATION,7,22,31.8182,1
Respiratory disease,Allergic Asthma,Phase 1,AUC FROM 0 TO INFINITY,6,22,27.2727,3
Respiratory disease,Allergic Asthma,Phase 1,TIME TO MAXIMUM CONCENTRATION,6,22,27.2727,4
Respiratory disease,Allergic Asthma,Phase 1,AUC FROM 0 TO LAST MEASURABLE CONCENTRATION,4,22,18.1818,5
Respiratory disease,Allergic Asthma,Phase 1,NUMBER OF PARTICIPANTS WITH TREATMENT-EMERGENT ADVERSE EVENTS,4,22,18.1818,0
Respiratory disease,Allergic Asthma,Phase 1,VOLUME OF DISTRIBUTION,4,22,18.1818,6
Respiratory disease,Allergic Asthma,Phase 1,NUMBER OF PARTICIPANTS WITH ADVERSE EVENTS,3,22,13.6364,2
Respiratory disease,Allergic Asthma,Phase 2,NUMBER OF PARTICIPANTS WITH ADVERSE EVENTS,4,43,9.3023,2
Respiratory disease,Allergic Asthma,Phase 2,CHANGE IN TOTAL NASAL SYMPTOM SCORE,3,43,6.9767,11
Respiratory disease,Allergic Asthma,Phase 2,CHANGE IN TOTAL SYMPTOM SCORE,3,43,6.9767,12
Respiratory disease,Allergic Asthma,Phase 2,NUMBER OF PARTICIPANTS WITH TREATMENT-EMERGENT ADVERSE EVENTS,3,43,6.9767,0
Respiratory disease,Allergic Asthma,Phase 2,CHANGE FROM BASELINE IN FEV1,2,43,4.6512,15
Respiratory disease,Allergic Asthma,Phase 2,CHANGE FROM BASELINE IN TOTAL NASAL SYMPTOM SCORE,2,43,4.6512,16
Respiratory disease,Allergic Asthma,Phase 2,CHANGE IN ACQ5 SCORE,2,43,4.6512,17
Respiratory disease,Allergic Asthma,Phase 3,NUMBER OF PARTICIPANTS WITH TREATMENT-EMERGENT ADVERSE EVENTS,9,58,15.5172,0
Respiratory disease,Allergic Asthma,Phase 3,AREA UNDER THE CURVE FOR FEV1 PERCENT CHANGE,3,58,5.1724,7
Respiratory disease,Allergic Asthma,Phase 3,AUC FOR FEV1 PERCENT CHANGE,3,58,5.1724,8
Respiratory disease,Allergic Asthma,Phase 3,CHANGE IN ACQ SCORE,3,58,5.1724,9
Respiratory disease,Allergic Asthma,Phase 3,CHANGE IN ASTHMA SYMPTOM SCORE,3,58,5.1724,10
Respiratory disease,Allergic Asthma,Phase 3,MAXIMUM PERCENT FALL IN FEV1,3,58,5.1724,13
Respiratory disease,Allergic Asthma,Phase 3,TIME TO RECOVERY FROM FEV1 DECREASE,3,58,5.1724,14
Respiratory disease,Allergic Asthma,Phase 4,MAXIMUM PLASMA CONCENTRATION,2,50,4.0000,1
Respiratory disease,Allergic Asthma,Phase 4,NUMBER OF PARTICIPANTS WITH ADVERSE EVENTS,2,50,4.0000,2
Respiratory disease,Allergic Asthma,Phase 4,NUMBER OF SUBJECTS WHO PREFERRED DESLORATADINE REDITAB OR ZYRTEC CHEWABLE TABLET,2,50,4.0000,18
Respiratory disease,Allergic Asthma,Phase 4,TOTAL NASAL SYMPTOM SCORE,2,50,4.0000,19
Respiratory disease,Allergic Asthma,Phase 4,ACHIEVEMENT OF TARGET MAINTENANCE SIT DOSE,1,50,2.0000,20
Respiratory disease,Allergic Asthma,Phase 4,ACQ SCORE,1,50,2.0000,21
Respiratory disease,Allergic Asthma,Phase 4,ACUTE REJECTION RATE,1,50,2.0000,22
Respiratory disease,Allergic Rhinitis,Phase 1,% AUCEX OF LEVOCETIRIZINE,1,3,33.3333,17
Respiratory disease,Allergic Rhinitis,Phase 1,APPARENT CLEARANCE FOLLOWING ORAL DOSING,1,3,33.3333,18
Respiratory disease,Allergic Rhinitis,Phase 1,APPARENT TERMINAL PHASE HALF-LIFE,1,3,33.3333,19
Respiratory disease,Allergic Rhinitis,Phase 1,APPARENT VOLUME OF DISTRIBUTION,1,3,33.3333,20
Respiratory disease,Allergic Rhinitis,Phase 1,AUC FROM 0 TO INFINITY,1,3,33.3333,21
Respiratory disease,Allergic Rhinitis,Phase 1,AUC FROM 0 TO LAST MEASURABLE CONCENTRATION,1,3,33.3333,22
Respiratory disease,Allergic Rhinitis,Phase 1,AUC(0-T) OF LEVOCETIRIZINE,1,3,33.3333,23
Respiratory disease,Allergic Rhinitis,Phase 2,MAXIMUM PLASMA CONCENTRATION,3,25,12.0000,7
Respiratory disease,Allergic Rhinitis,Phase 2,MEAN CHANGE IN TNSS,3,25,12.0000,8
Respiratory disease,Allergic Rhinitis,Phase 2,CHANGE FROM BASELINE IN ECG VALUES,2,25,8.0000,9
Respiratory disease,Allergic Rhinitis,Phase 2,CHANGE IN NASAL CONGESTION SCORE,2,25,8.0000,12
Respiratory disease,Allergic Rhinitis,Phase 2,NUMBER OF PARTICIPANTS SHOWING IMPROVEMENT IN NRQLQ DOMAINS,2,25,8.0000,15
Respiratory disease,Allergic Rhinitis,Phase 2,NUMBER OF PARTICIPANTS WITH ADVERSE EVENTS,2,25,8.0000,1
Respiratory disease,Allergic Rhinitis,Phase 2,WEIGHTED MEAN OF TNSS,2,25,8.0000,16
Respiratory disease,Allergic Rhinitis,Phase 3,CHANGE FROM BASELINE IN TOTAL NASAL SYMPTOM SCORE,12,86,13.9535,0
Respiratory disease,Allergic Rhinitis,Phase 3,NUMBER OF PARTICIPANTS WITH ADVERSE EVENTS,10,86,11.6279,1
Respiratory disease,Allergic Rhinitis,Phase 3,CHANGE IN RQLQ SCORE,8,86,9.3023,4
Respiratory disease,Allergic Rhinitis,Phase 3,CHANGE IN TOTAL NASAL SYMPTOM SCORE,8,86,9.3023,2
Respiratory disease,Allergic Rhinitis,Phase 3,CHANGE FROM BASELINE IN RQLQ SCORE,7,86,8.1395,3
Respiratory disease,Allergic Rhinitis,Phase 3,MEAN CHANGE IN DAYTIME NASAL SYMPTOMS SCORE,7,86,8.1395,5
Respiratory disease,Allergic Rhinitis,Phase 3,PATIENT'S GLOBAL EVALUATION OF ALLERGIC RHINITIS,7,86,8.1395,6
Respiratory disease,Allergic Rhinitis,Phase 4,CHANGE FROM BASELINE IN RQLQ SCORE,2,45,4.4444,3
Respiratory disease,Allergic Rhinitis,Phase 4,CHANGE FROM BASELINE IN TOTAL NASAL SYMPTOM SCORE,2,45,4.4444,0
Respiratory disease,Allergic Rhinitis,Phase 4,CHANGE IN DAYTIME NASAL SYMPTOM SCORE,2,45,4.4444,10
Respiratory disease,Allergic Rhinitis,Phase 4,CHANGE IN HEART RATE,2,45,4.4444,11
Respiratory disease,Allergic Rhinitis,Phase 4,CHANGE IN NIGHTTIME REFLECTIVE TOTAL NASAL SYMPTOM SCORES,2,45,4.4444,13
Respiratory disease,Allergic Rhinitis,Phase 4,CHANGE IN REFLECTIVE TOTAL NASAL SYMPTOM SCORE,2,45,4.4444,14
Respiratory disease,Allergic Rhinitis,Phase 4,CHANGE IN TOTAL NASAL SYMPTOM SCORE,2,45,4.4444,2
Disorder of skin,Alopecia Areata,Phase 1,MAXIMUM PLASMA CONCENTRATION,3,5,60.0000,7
Disorder of skin,Alopecia Areata,Phase 1,APPARENT ORAL CLEARANCE,1,5,20.0000,15
Disorder of skin,Alopecia Areata,Phase 1,AUC0-T OF COMPOUND 31543,1,5,20.0000,16
Disorder of skin,Alopecia Areata,Phase 1,AUC24SS,1,5,20.0000,17
Disorder of skin,Alopecia Areata,Phase 1,BACK PHOTOGRAPHIC REVIEW SCORE,1,5,20.0000,18
Disorder of skin,Alopecia Areata,Phase 1,CHANGE FROM BASELINE IN B LYMPHOCYTES,1,5,20.0000,19
Disorder of skin,Alopecia Areata,Phase 1,CHANGE FROM BASELINE IN IP-10,1,5,20.0000,20
Disorder of skin,Alopecia Areata,Phase 2,NUMBER OF PARTICIPANTS WITH TREATMENT-EMERGENT ADVERSE EVENTS,6,43,13.9535,0
Disorder of skin,Alopecia Areata,Phase 2,MEAN CHANGE IN SALT SCORE,5,43,11.6279,2
Disorder of skin,Alopecia Areata,Phase 2,PERCENT CHANGE IN SALT SCORE,5,43,11.6279,3
Disorder of skin,Alopecia Areata,Phase 2,CHANGE FROM BASELINE IN TARGET AREA HAIR COUNT,4,43,9.3023,4
Disorder of skin,Alopecia Areata,Phase 2,CHANGE IN SALT SCORE,4,43,9.3023,1
Disorder of skin,Alopecia Areata,Phase 2,CHANGE FROM BASELINE IN SALT SCORE,3,43,6.9767,5
Disorder of skin,Alopecia Areata,Phase 2,CHANGE FROM BASELINE IN TARGET AREA HAIR DARKNESS,3,43,6.9767,6
Disorder of skin,Alopecia Areata,Phase 3,NUMBER OF PARTICIPANTS WITH ADVERSE EVENTS,3,23,13.0435,8
Disorder of skin,Alopecia Areata,Phase 3,RELATIVE CHANGE IN SALT SCORE,3,23,13.0435,9
Disorder of skin,Alopecia Areata,Phase 3,CHANGE IN AGA STAGE,2,23,8.6957,10
Disorder of skin,Alopecia Areata,Phase 3,CHANGE IN BELA SCORE,2,23,8.6957,11
Disorder of skin,Alopecia Areata,Phase 3,CHANGE IN BETA SCORE,2,23,8.6957,12
Disorder of skin,Alopecia Areata,Phase 3,CHANGE IN CLINICIAN GLOBAL IMPRESSION OF SEVERITY SCORE,2,23,8.6957,13
Disorder of skin,Alopecia Areata,Phase 3,CHANGE IN DLQI SCORE,2,23,8.6957,14
Disorder of skin,Alopecia Areata,Phase 4,CHANGE IN ALOPECIA AREATA- INVESTIGATOR GLOBAL ASSESSMENT,1,6,16.6667,21
Disorder of skin,Alopecia Areata,Phase 4,CHANGE IN NRS SYMPTOM SEVERITY SCORE,1,6,16.6667,22
Disorder of skin,Alopecia Areata,Phase 4,CHANGE IN PAIN SCORE,1,6,16.6667,23
Disorder of skin,Alopecia Areata,Phase 4,CHANGE IN PATIENT REPORTED HAIR LOSS,1,6,16.6667,24
Disorder of skin,Alopecia Areata,Phase 4,CHANGE IN QUALITY OF LIFE SCORE,1,6,16.6667,25
Disorder of skin,Alopecia Areata,Phase 4,CHANGE IN SALT SCORE,1,6,16.6667,1
Disorder of skin,Alopecia Areata,Phase 4,COMPLETE CLEARANCE OF AK LESIONS,1,6,16.6667,26
Neurological disorder,Alzheimer's Disease,Phase 1,MAXIMUM PLASMA CONCENTRATION,15,54,27.7778,6
Neurological disorder,Alzheimer's Disease,Phase 1,TIME TO MAXIMUM CONCENTRATION,12,54,22.2222,8
Neurological disorder,Alzheimer's Disease,Phase 1,NUMBER OF PARTICIPANTS WITH ADVERSE EVENTS,9,54,16.6667,2
Neurological disorder,Alzheimer's Disease,Phase 1,AUC FROM 0 TO INFINITY,6,54,11.1111,10
Neurological disorder,Alzheimer's Disease,Phase 1,AUC FROM 0 TO LAST MEASURABLE CONCENTRATION,6,54,11.1111,11
Neurological disorder,Alzheimer's Disease,Phase 1,CHANGE IN MMSE SCORE,6,54,11.1111,0
Neurological disorder,Alzheimer's Disease,Phase 1,AREA UNDER THE CONCENTRATION-TIME CURVE,5,54,9.2593,13
Neurological disorder,Alzheimer's Disease,Phase 2,CHANGE IN ADAS-COG SCORE,56,174,32.1839,1
Neurological disorder,Alzheimer's Disease,Phase 2,CHANGE IN MMSE SCORE,39,174,22.4138,0
Neurological disorder,Alzheimer's Disease,Phase 2,NUMBER OF PARTICIPANTS WITH TREATMENT-EMERGENT ADVERSE EVENTS,18,174,10.3448,4
Neurological disorder,Alzheimer's Disease,Phase 2,NUMBER OF PARTICIPANTS WITH ADVERSE EVENTS,16,174,9.1954,2
Neurological disorder,Alzheimer's Disease,Phase 2,CHANGE IN CDR-SB SCORE,11,174,6.3218,3
Neurological disorder,Alzheimer's Disease,Phase 2,CHANGE IN ADCS-ADL SCORE,7,174,4.0230,7
Neurological disorder,Alzheimer's Disease,Phase 2,CHANGE IN NPI SCORE,6,174,3.4483,12
Neurological disorder,Alzheimer's Disease,Phase 3,CHANGE IN MMSE SCORE,41,101,40.5941,0
Neurological disorder,Alzheimer's Disease,Phase 3,CHANGE IN ADAS-COG SCORE,38,101,37.6238,1
Neurological disorder,Alzheimer's Disease,Phase 3,CHANGE FROM BASELINE IN CDR-SB SCORE,15,101,14.8515,5
Neurological disorder,Alzheimer's Disease,Phase 3,NUMBER OF PARTICIPANTS WITH ADVERSE EVENTS,13,101,12.8713,2
Neurological disorder,Alzheimer's Disease,Phase 3,CHANGE IN CDR-SB SCORE,9,101,8.9109,3
Neurological disorder,Alzheimer's Disease,Phase 3,CHANGE IN NPI TOTAL SCORE,9,101,8.9109,9
Neurological disorder,Alzheimer's Disease,Phase 3,CHANGE IN ADCS-ADL SCORE,7,101,6.9307,7
Neurological disorder,Alzheimer's Disease,Phase 4,CHANGE IN MMSE SCORE,17,47,36.1702,0
Neurological disorder,Alzheimer's Disease,Phase 4,CHANGE IN ADAS-COG SCORE,7,47,14.8936,1
Neurological disorder,Alzheimer's Disease,Phase 4,ADCS-CGIC SCORE CHANGE,2,47,4.2553,14
Neurological disorder,Alzheimer's Disease,Phase 4,CHANGE IN ADCS-CGIC SCORE,2,47,4.2553,15
Neurological disorder,Alzheimer's Disease,Phase 4,COMPLIANCE RATE,2,47,4.2553,16
Neurological disorder,Alzheimer's Disease,Phase 4,MEAN CHANGE IN MINI-ZARIT INVENTORY SCORE,2,47,4.2553,17
Neurological disorder,Alzheimer's Disease,Phase 4,MEAN CHANGE IN MMSE SCORE,2,47,4.2553,18
Neurological disorder,Amyotrophic Lateral Sclerosis,Phase 1,NUMBER OF PARTICIPANTS WITH ADVERSE EVENTS,6,8,75.0000,2
Neurological disorder,Amyotrophic Lateral Sclerosis,Phase 1,MAXIMUM PLASMA CONCENTRATION,4,8,50.0000,3
Neurological disorder,Amyotrophic Lateral Sclerosis,Phase 1,TIME TO MAXIMUM CONCENTRATION,4,8,50.0000,12
Neurological disorder,Amyotrophic Lateral Sclerosis,Phase 1,APPARENT DISTRIBUTION VOLUME AT ELIMINATION PHASE (VZ/F),2,8,25.0000,13
Neurological disorder,Amyotrophic Lateral Sclerosis,Phase 1,APPARENT DISTRIBUTION VOLUME AT STEADY STATE,2,8,25.0000,14
Neurological disorder,Amyotrophic Lateral Sclerosis,Phase 1,APPARENT TERMINAL ELIMINATION RATE CONSTANT,2,8,25.0000,15
Neurological disorder,Amyotrophic Lateral Sclerosis,Phase 1,APPARENT TOTAL CLEARANCE (CL/F),2,8,25.0000,16
Neurological disorder,Amyotrophic Lateral Sclerosis,Phase 2,CHANGE IN ALSFRS-R SCORE,13,69,18.8406,0
Neurological disorder,Amyotrophic Lateral Sclerosis,Phase 2,CHANGE IN QUALITY OF LIFE SCORE,7,69,10.1449,5
Neurological disorder,Amyotrophic Lateral Sclerosis,Phase 2,NUMBER OF PARTICIPANTS WITH ADVERSE EVENTS,7,69,10.1449,2
Neurological disorder,Amyotrophic Lateral Sclerosis,Phase 2,NUMBER OF PARTICIPANTS WITH TREATMENT-EMERGENT ADVERSE EVENTS,7,69,10.1449,1
Neurological disorder,Amyotrophic Lateral Sclerosis,Phase 2,MAXIMUM PLASMA CONCENTRATION,6,69,8.6957,3
Neurological disorder,Amyotrophic Lateral Sclerosis,Phase 2,CHANGE IN SLOW VITAL CAPACITY,5,69,7.2464,7
Neurological disorder,Amyotrophic Lateral Sclerosis,Phase 2,CHANGE IN ALSFRS-R TOTAL SCORE,4,69,5.7971,10
Neurological disorder,Amyotrophic Lateral Sclerosis,Phase 3,CHANGE FROM BASELINE IN ALSFRS-R SCORE,7,37,18.9189,4
Neurological disorder,Amyotrophic Lateral Sclerosis,Phase 3,NUMBER OF PARTICIPANTS WITH TREATMENT-EMERGENT ADVERSE EVENTS,7,37,18.9189,1
Neurological disorder,Amyotrophic Lateral Sclerosis,Phase 3,CHANGE FROM BASELINE IN PERCENT PREDICTED SLOW VITAL CAPACITY,5,37,13.5135,6
Neurological disorder,Amyotrophic Lateral Sclerosis,Phase 3,CHANGE IN ALSFRS-R SCORE,5,37,13.5135,0
Neurological disorder,Amyotrophic Lateral Sclerosis,Phase 3,CHANGE FROM BASELINE IN % FORCED VITAL CAPACITY,4,37,10.8108,8
Neurological disorder,Amyotrophic Lateral Sclerosis,Phase 3,CHANGE FROM BASELINE IN ALSFRS-R TOTAL SCORE,4,37,10.8108,9
Neurological disorder,Amyotrophic Lateral Sclerosis,Phase 3,COMBINED ASSESSMENT OF FUNCTION AND SURVIVAL,4,37,10.8108,11
Neurological disorder,Amyotrophic Lateral Sclerosis,Phase 4,CHANGE IN HAM-D SCORE,1,2,50.0000,17
Neurological disorder,Amyotrophic Lateral Sclerosis,Phase 4,COMPARISON OF FARS AND ICARS,1,2,50.0000,18
Neurological disorder,Amyotrophic Lateral Sclerosis,Phase 4,CRAMP SEVERITY,1,2,50.0000,19
Neurological disorder,Amyotrophic Lateral Sclerosis,Phase 4,DAILY MUSCLE CRAMPS,1,2,50.0000,20
Neurological disorder,Amyotrophic Lateral Sclerosis,Phase 4,FRIEDREICH ATAXIA RATING SCALE SCORE,1,2,50.0000,21
Neurological disorder,Amyotrophic Lateral Sclerosis,Phase 4,INTERNATIONAL COOPERATIVE ATAXIA RATING SCALE SCORE,1,2,50.0000,22
Blood disease,Anemia,Phase 1,MAXIMUM PLASMA CONCENTRATION,10,12,83.3333,4
Blood disease,Anemia,Phase 1,TIME TO MAXIMUM CONCENTRATION,7,12,58.3333,5
Blood disease,Anemia,Phase 1,AUC FROM 0 TO INFINITY,5,12,41.6667,11
Blood disease,Anemia,Phase 1,NUMBER OF PARTICIPANTS WITH ADVERSE EVENTS,5,12,41.6667,3
Blood disease,Anemia,Phase 1,AUC FROM 0 TO LAST MEASURABLE CONCENTRATION,4,12,33.3333,12
Blood disease,Anemia,Phase 1,CHANGE IN HEMOGLOBIN,4,12,33.3333,0
Blood disease,Anemia,Phase 1,CHANGE IN HEART RATE,3,12,25.0000,13
Blood disease,Anemia,Phase 2,CHANGE IN HEMOGLOBIN,29,73,39.7260,0
Blood disease,Anemia,Phase 2,CHANGE IN FERRITIN,14,73,19.1781,2
Blood disease,Anemia,Phase 2,NUMBER OF PARTICIPANTS WITH ADVERSE EVENTS,11,73,15.0685,3
Blood disease,Anemia,Phase 2,NUMBER OF PARTICIPANTS WITH TREATMENT-EMERGENT ADVERSE EVENTS,10,73,13.6986,9
Blood disease,Anemia,Phase 2,MEAN CHANGE IN HEMOGLOBIN,9,73,12.3288,1
Blood disease,Anemia,Phase 2,TIME TO MAXIMUM CONCENTRATION,9,73,12.3288,5
Blood disease,Anemia,Phase 2,MAXIMUM PLASMA CONCENTRATION,8,73,10.9589,4
Blood disease,Anemia,Phase 3,CHANGE IN HEMOGLOBIN,50,125,40.0000,0
Blood disease,Anemia,Phase 3,MEAN CHANGE IN HEMOGLOBIN,23,125,18.4000,1
Blood disease,Anemia,Phase 3,PERCENTAGE OF PARTICIPANTS ACHIEVING TARGET,13,125,10.4000,6
Blood disease,Anemia,Phase 3,CHANGE IN FERRITIN,12,125,9.6000,2
Blood disease,Anemia,Phase 3,CHANGE IN HEMOGLOBIN CONCENTRATION,10,125,8.0000,7
Blood disease,Anemia,Phase 3,MEAN CHANGE IN HEMOGLOBIN CONCENTRATION,10,125,8.0000,8
Blood disease,Anemia,Phase 3,CHANGE IN TRANSFERRIN SATURATION,8,125,6.4000,10
Blood disease,Anemia,Phase 4,CHANGE IN HEMOGLOBIN,10,39,25.6410,0
Blood disease,Anemia,Phase 4,CHANGE IN FERRITIN,4,39,10.2564,2
Blood disease,Anemia,Phase 4,NUMBER OF PARTICIPANTS WITH ADVERSE EVENTS,4,39,10.2564,3
Blood disease,Anemia,Phase 4,CHANGE IN HEMOGLOBIN CONCENTRATION,2,39,5.1282,7
Blood disease,Anemia,Phase 4,CHANGE IN SERUM FERRITIN,2,39,5.1282,14
Blood disease,Anemia,Phase 4,MEAN CHANGE IN HEMOGLOBIN CONCENTRATION,2,39,5.1282,8
Blood disease,Anemia,Phase 4,MEAN TIME IN HEMOGLOBIN RANGE,2,39,5.1282,15
Procedure,Anesthesia,Phase 1,TIME TO MAXIMUM CONCENTRATION,2,8,25.0000,20
Procedure,Anesthesia,Phase 1,AUC FROM 0 TO LAST MEASURABLE CONCENTRATION,1,8,12.5000,22
Procedure,Anesthesia,Phase 1,BIPHASIC ETHANOL EFFECTS SCALE,1,8,12.5000,23
Procedure,Anesthesia,Phase 1,BRAIN ACTIVATION IN THE HIPPOCAMPUS,1,8,12.5000,24
Procedure,Anesthesia,Phase 1,BRAIN ACTIVATION TO PAINFUL STIMULATION,1,8,12.5000,25
Procedure,Anesthesia,Phase 1,CHANGE IN VAS PAIN SCORE,1,8,12.5000,26
Procedure,Anesthesia,Phase 1,DOSE-LIMITING TOXICITIES,1,8,12.5000,27
Procedure,Anesthesia,Phase 2,NUMBER OF PARTICIPANTS WITH ADVERSE EVENTS,5,26,19.2308,3
Procedure,Anesthesia,Phase 2,AUC FROM 0 TO INFINITY,2,26,7.6923,15
Procedure,Anesthesia,Phase 2,CMAX OF OXYMETAZOLINE,2,26,7.6923,16
Procedure,Anesthesia,Phase 2,HALF-LIFE OF OXYMETAZOLINE,2,26,7.6923,17
Procedure,Anesthesia,Phase 2,SUCCESS RATES OF THE PROCEDURE,2,26,7.6923,18
Procedure,Anesthesia,Phase 2,TIME TO FULLY ALERT,2,26,7.6923,19
Procedure,Anesthesia,Phase 2,TIME TO RECOVERY OF NEUROMUSCULAR RESPONSE,2,26,7.6923,21
Procedure,Anesthesia,Phase 3,TIME TO RECOVERY OF T4/T1 RATIO,9,54,16.6667,0
Procedure,Anesthesia,Phase 3,TIME TO RECOVERY OF T4/T1 RATIO TO 0.9,5,54,9.2593,4
Procedure,Anesthesia,Phase 3,TIME TO RECOVERY OF T4/T1 RATIO TO 0.8,4,54,7.4074,8
Procedure,Anesthesia,Phase 3,ALCOHOL SNIFF TEST DISTANCE,3,54,5.5556,9
Procedure,Anesthesia,Phase 3,CHANGE IN DIASTOLIC BLOOD PRESSURE,3,54,5.5556,11
Procedure,Anesthesia,Phase 3,CHANGE IN SYSTOLIC BLOOD PRESSURE,3,54,5.5556,13
Procedure,Anesthesia,Phase 3,NUMBER OF PARTICIPANTS WITH A DECREASE IN DIASTOLIC BLOOD PRESSURE,3,54,5.5556,14
Procedure,Anesthesia,Phase 4,PATIENT SATISFACTION,6,87,6.8966,1
Procedure,Anesthesia,Phase 4,CHANGE IN HEART RATE,5,87,5.7471,2
Procedure,Anesthesia,Phase 4,MEAN ARTERIAL BLOOD PRESSURE,4,87,4.5977,5
Procedure,Anesthesia,Phase 4,PAIN SCORE,4,87,4.5977,6
Procedure,Anesthesia,Phase 4,TIME TO EXTUBATION,4,87,4.5977,7
Procedure,Anesthesia,Phase 4,CHANGE IN BLOOD PRESSURE,3,87,3.4483,10
Procedure,Anesthesia,Phase 4,CHANGE IN PAIN SCORE,3,87,3.4483,12
Musculoskeletal disorder,Ankylosing Spondylitis,Phase 1,AREA UNDER THE CONCENTRATION-TIME CURVE,1,4,25.0000,13
Musculoskeletal disorder,Ankylosing Spondylitis,Phase 1,AVERAGE DAILY INFANT DOSE OF CERTOLIZUMAB PEGOL,1,4,25.0000,14
Musculoskeletal disorder,Ankylosing Spondylitis,Phase 1,CALCULATED DAILY INFANT DOSE OF CERTOLIZUMAB PEGOL,1,4,25.0000,15
Musculoskeletal disorder,Ankylosing Spondylitis,Phase 1,CALCULATED DAILY INFANT DOSE OF CZP IN BREAST MILK,1,4,25.0000,16
Musculoskeletal disorder,Ankylosing Spondylitis,Phase 1,CALCULATED INFANT DAILY DOSE OF CERTOLIZUMAB PEGOL,1,4,25.0000,17
Musculoskeletal disorder,Ankylosing Spondylitis,Phase 1,CONCENTRATION OF CERTOLIZUMAB PEGOL IN BREAST MILK,1,4,25.0000,18
Musculoskeletal disorder,Ankylosing Spondylitis,Phase 1,GEOMETRIC MEAN CONCENTRATION OF ANTI-PA IGG,1,4,25.0000,19
Musculoskeletal disorder,Ankylosing Spondylitis,Phase 2,CHANGE IN BASDAI SCORE,9,26,34.6154,0
Musculoskeletal disorder,Ankylosing Spondylitis,Phase 2,CHANGE IN ASDAS SCORE,8,26,30.7692,7
Musculoskeletal disorder,Ankylosing Spondylitis,Phase 2,CHANGE IN PAIN SCORE,4,26,15.3846,10
Musculoskeletal disorder,Ankylosing Spondylitis,Phase 2,ASAS20 RESPONSE RATE,3,26,11.5385,11
Musculoskeletal disorder,Ankylosing Spondylitis,Phase 2,CHANGE FROM BASELINE IN BASFI SCORE,3,26,11.5385,1
Musculoskeletal disorder,Ankylosing Spondylitis,Phase 2,CHANGE FROM BASELINE IN BASMI SCORE,3,26,11.5385,12
Musculoskeletal disorder,Ankylosing Spondylitis,Phase 2,CHANGE IN BASFI SCORE,3,26,11.5385,8
Musculoskeletal disorder,Ankylosing Spondylitis,Phase 3,CHANGE IN BASDAI SCORE,22,52,42.3077,0
Musculoskeletal disorder,Ankylosing Spondylitis,Phase 3,ASAS 20 RESPONSE,16,52,30.7692,2
Musculoskeletal disorder,Ankylosing Spondylitis,Phase 3,ASAS40 RESPONSE,16,52,30.7692,4
Musculoskeletal disorder,Ankylosing Spondylitis,Phase 3,CHANGE FROM BASELINE IN BASFI SCORE,16,52,30.7692,1
Musculoskeletal disorder,Ankylosing Spondylitis,Phase 3,ASAS20 RESPONSE,15,52,28.8462,5
Musculoskeletal disorder,Ankylosing Spondylitis,Phase 3,ASAS 40 RESPONSE,14,52,26.9231,3
Musculoskeletal disorder,Ankylosing Spondylitis,Phase 3,CHANGE FROM BASELINE IN ASQOL SCORE,12,52,23.0769,6
Musculoskeletal disorder,Ankylosing Spondylitis,Phase 4,CHANGE IN BASDAI SCORE,10,27,37.0370,0
Musculoskeletal disorder,Ankylosing Spondylitis,Phase 4,ASAS 20 RESPONSE,5,27,18.5185,2
Musculoskeletal disorder,Ankylosing Spondylitis,Phase 4,ASAS 40 RESPONSE,5,27,18.5185,3
Musculoskeletal disorder,Ankylosing Spondylitis,Phase 4,CHANGE FROM BASELINE IN BASFI SCORE,4,27,14.8148,1
Musculoskeletal disorder,Ankylosing Spondylitis,Phase 4,CHANGE IN ASDAS SCORE,4,27,14.8148,7
Musculoskeletal disorder,Ankylosing Spondylitis,Phase 4,CHANGE IN BASFI SCORE,4,27,14.8148,8
Musculoskeletal disorder,Ankylosing Spondylitis,Phase 4,CHANGE IN ESR,4,27,14.8148,9
Mental illness,Anorexia,Phase 1,DEPRESSED MOOD SCORE,1,1,100.0000,20
Mental illness,Anorexia,Phase 1,GENERAL SOCIAL REWARD RESPONSE,1,1,100.0000,21
Mental illness,Anorexia,Phase 1,NON-SOCIAL REWARD RESPONSE,1,1,100.0000,22
Mental illness,Anorexia,Phase 1,NON-SOCIAL REWARD SENSITIVITY,1,1,100.0000,23
Mental illness,Anorexia,Phase 2,CHANGE IN BODY MASS INDEX,2,15,13.3333,7
Mental illness,Anorexia,Phase 2,CHANGE IN PERCEPTION OF HUNGER,2,15,13.3333,8
Mental illness,Anorexia,Phase 2,CHANGE IN PERCEPTION OF SATIETY,2,15,13.3333,9
Mental illness,Anorexia,Phase 2,ABNORMAL ELECTROCARDIOGRAM RESULTS,1,15,6.6667,10
Mental illness,Anorexia,Phase 2,ALZHEIMER'S DISEASE COOPERATIVE STUDY- CLINICAL GLOBAL IMPRESSION OF CHANGE,1,15,6.6667,11
Mental illness,Anorexia,Phase 2,APATHY SYMPTOMS,1,15,6.6667,12
Mental illness,Anorexia,Phase 2,BONE MARKERS - CTX AND SCLEROSTIN,1,15,6.6667,13
Mental illness,Anorexia,Phase 3,CHANGE FROM BASELINE IN ESTRADIOL LEVELS,4,13,30.7692,0
Mental illness,Anorexia,Phase 3,CHANGE FROM BASELINE IN FOLLICLE STIMULATING HORMONE LEVELS,3,13,23.0769,2
Mental illness,Anorexia,Phase 3,CHANGE FROM BASELINE IN LUTEINIZING HORMONE LEVELS,3,13,23.0769,3
Mental illness,Anorexia,Phase 3,CHANGE FROM BASELINE IN SEX HORMONE BINDING GLOBULIN LEVELS,3,13,23.0769,4
Mental illness,Anorexia,Phase 3,CHANGE FROM BASELINE IN TESTOSTERONE LEVELS,3,13,23.0769,5
Mental illness,Anorexia,Phase 3,CHANGE IN BODY WEIGHT,3,13,23.0769,1
Mental illness,Anorexia,Phase 3,CHANGE FROM BASELINE IN E2 LEVELS,2,13,15.3846,6
Mental illness,Anorexia,Phase 4,CHANGE IN AVERAGE DESIRED THINNESS SCORE,1,3,33.3333,14
Mental illness,Anorexia,Phase 4,CHANGE IN BDI SCORE,1,3,33.3333,15
Mental illness,Anorexia,Phase 4,CHANGE IN BIS AVERAGE DISTORTION SCORE,1,3,33.3333,16
Mental illness,Anorexia,Phase 4,CHANGE IN BODY DISSATISFACTION SCORE,1,3,33.3333,17
Mental illness,Anorexia,Phase 4,CHANGE IN BODY IMAGE SCORE,1,3,33.3333,18
Mental illness,Anorexia,Phase 4,CHANGE IN BODY IMAGE SOFTWARE DIFFERENCE LIMEN,1,3,33.3333,19
Mental illness,Anorexia,Phase 4,CHANGE IN BODY WEIGHT,1,3,33.3333,1
Cardiovascular disease,Aortic Stenosis,Phase 1,CHANGE IN TREG CELL FREQUENCY,1,3,33.3333,21
Cardiovascular disease,Aortic Stenosis,Phase 1,INCIDENCE OF TREATMENT RELATED ADVERSE EVENTS,1,3,33.3333,22
Cardiovascular disease,Aortic Stenosis,Phase 1,NUMBER OF PARTICIPANTS WITHOUT DEVICE RELATED ADVERSE EVENTS,1,3,33.3333,23
Cardiovascular disease,Aortic Stenosis,Phase 1,NUMBER OF PARTICIPANTS WITHOUT ENDOLEAK,1,3,33.3333,24
Cardiovascular disease,Aortic Stenosis,Phase 1,PK PROFILE OF DEXMEDETOMIDINE,1,3,33.3333,25
Cardiovascular disease,Aortic Stenosis,Phase 1,TECHNICAL SUCCESS OF STENT GRAFT SYSTEM,1,3,33.3333,26
Cardiovascular disease,Aortic Stenosis,Phase 2,NUMBER OF PARTICIPANTS WITH ADVERSE EVENTS,2,20,10.0000,6
Cardiovascular disease,Aortic Stenosis,Phase 2,ABAS-II SCORE,1,20,5.0000,8
Cardiovascular disease,Aortic Stenosis,Phase 2,ABNORMAL FLUID COLLECTION,1,20,5.0000,9
Cardiovascular disease,Aortic Stenosis,Phase 2,ANNUAL ANEURYSM GROWTH RATE,1,20,5.0000,14
Cardiovascular disease,Aortic Stenosis,Phase 2,ANTI-DRUG ANTIBODIES,1,20,5.0000,15
Cardiovascular disease,Aortic Stenosis,Phase 2,ANY CLINICAL EVENT,1,20,5.0000,16
Cardiovascular disease,Aortic Stenosis,Phase 2,ANY SIGN OF MYOCARDIAL INJURY,1,20,5.0000,17
Cardiovascular disease,Aortic Stenosis,Phase 3,CLINICAL SUCCESS,2,14,14.2857,3
Cardiovascular disease,Aortic Stenosis,Phase 3,COMPOSITE MAJOR ADVERSE EVENT RATE,2,14,14.2857,4
Cardiovascular disease,Aortic Stenosis,Phase 3,MAJOR BLEEDING,2,14,14.2857,5
Cardiovascular disease,Aortic Stenosis,Phase 3,% VOLUME OBSTRUCTION,1,14,7.1429,7
Cardiovascular disease,Aortic Stenosis,Phase 3,ACCESS SITE COMPLICATIONS,1,14,7.1429,10
Cardiovascular disease,Aortic Stenosis,Phase 3,ACQUIRED THROMBOCYTOPENIA,1,14,7.1429,11
Cardiovascular disease,Aortic Stenosis,Phase 3,ACUTE STENT THROMBOSIS,1,14,7.1429,12
Cardiovascular disease,Aortic Stenosis,Phase 4,6-MINUTE WALK DISTANCE,2,23,8.6957,0
Cardiovascular disease,Aortic Stenosis,Phase 4,CHANGE IN CREATININE,2,23,8.6957,1
Cardiovascular disease,Aortic Stenosis,Phase 4,CHANGE IN SF-36 SCORE,2,23,8.6957,2
Cardiovascular disease,Aortic Stenosis,Phase 4,ALL-CAUSE MORTALITY,1,23,4.3478,13
Cardiovascular disease,Aortic Stenosis,Phase 4,BONY STRUCTURE CHANGES,1,23,4.3478,18
Cardiovascular disease,Aortic Stenosis,Phase 4,CHANGE IN BRACHIAL ARTERY REACTIVITY,1,23,4.3478,19
Cardiovascular disease,Aortic Stenosis,Phase 4,CHANGE IN CARDIAC OUTPUT,1,23,4.3478,20
Respiratory disease,Asthma,Phase 1,TIME TO MAXIMUM CONCENTRATION,20,40,50.0000,2
Respiratory disease,Asthma,Phase 1,AUC FROM 0 TO INFINITY,14,40,35.0000,7
Respiratory disease,Asthma,Phase 1,MAXIMUM PLASMA CONCENTRATION,13,40,32.5000,3
Respiratory disease,Asthma,Phase 1,NUMBER OF PARTICIPANTS WITH ADVERSE EVENTS,9,40,22.5000,1
Respiratory disease,Asthma,Phase 1,MAXIMUM OBSERVED SERUM CONCENTRATION,6,40,15.0000,12
Respiratory disease,Asthma,Phase 1,APPARENT VOLUME OF DISTRIBUTION,5,40,12.5000,13
Respiratory disease,Asthma,Phase 1,AREA UNDER THE CONCENTRATION-TIME CURVE,4,40,10.0000,15
Respiratory disease,Asthma,Phase 2,CHANGE FROM BASELINE IN FEV1,32,185,17.2973,0
Respiratory disease,Asthma,Phase 2,TIME TO MAXIMUM CONCENTRATION,19,185,10.2703,2
Respiratory disease,Asthma,Phase 2,MAXIMUM PLASMA CONCENTRATION,18,185,9.7297,3
Respiratory disease,Asthma,Phase 2,NUMBER OF PARTICIPANTS WITH ADVERSE EVENTS,16,185,8.6486,1
Respiratory disease,Asthma,Phase 2,NUMBER OF PARTICIPANTS WITH TREATMENT-EMERGENT ADVERSE EVENTS,15,185,8.1081,4
Respiratory disease,Asthma,Phase 2,CHANGE IN FEV1,14,185,7.5676,5
Respiratory disease,Asthma,Phase 2,CHANGE FROM BASELINE IN TROUGH FEV1,12,185,6.4865,9
Respiratory disease,Asthma,Phase 3,CHANGE FROM BASELINE IN FEV1,24,199,12.0603,0
Respiratory disease,Asthma,Phase 3,ANNUAL EXACERBATION RATE,21,199,10.5528,6
Respiratory disease,Asthma,Phase 3,NUMBER OF PARTICIPANTS WITH ADVERSE EVENTS,20,199,10.0503,1
Respiratory disease,Asthma,Phase 3,NUMBER OF PARTICIPANTS WITH TREATMENT-EMERGENT ADVERSE EVENTS,14,199,7.0352,4
Respiratory disease,Asthma,Phase 3,TIME TO FIRST ASTHMA EXACERBATION,14,199,7.0352,8
Respiratory disease,Asthma,Phase 3,CHANGE IN FEV1,11,199,5.5276,5
Respiratory disease,Asthma,Phase 3,TIME TO FIRST SEVERE ASTHMA EXACERBATION,11,199,5.5276,10
Respiratory disease,Asthma,Phase 4,CHANGE FROM BASELINE IN FEV1,8,102,7.8431,0
Respiratory disease,Asthma,Phase 4,ASTHMA CONTROL TEST SCORE,7,102,6.8627,11
Respiratory disease,Asthma,Phase 4,NUMBER OF PARTICIPANTS WITH ADVERSE EVENTS,7,102,6.8627,1
Respiratory disease,Asthma,Phase 4,MEAN CHANGE IN FEV1,5,102,4.9020,14
Respiratory disease,Asthma,Phase 4,ASTHMA CONTROL QUESTIONNAIRE SCORE,4,102,3.9216,16
Respiratory disease,Asthma,Phase 4,NUMBER OF ASTHMA EXACERBATIONS,4,102,3.9216,17
Respiratory disease,Asthma,Phase 4,ASTHMA SYMPTOM UTILITY INDEX,3,102,2.9412,18
Cardiovascular disease,Atherosclerosis,Phase 1,EVALUATION OF ADVERSE EVENTS,1,6,16.6667,20
Cardiovascular disease,Atherosclerosis,Phase 1,FLOW-MEDIATED DILATION,1,6,16.6667,21
Cardiovascular disease,Atherosclerosis,Phase 1,MAXIMUM PLASMA CONCENTRATION,1,6,16.6667,22
Cardiovascular disease,Atherosclerosis,Phase 1,MINIMUM PH,1,6,16.6667,23
Cardiovascular disease,Atherosclerosis,Phase 1,MINIMUM PH AFTER 14 DAYS,1,6,16.6667,24
Cardiovascular disease,Atherosclerosis,Phase 1,PERCENT REDUCTION IN TBRMEANMAX,1,6,16.6667,25
Cardiovascular disease,Atherosclerosis,Phase 1,PERCENT STENOSIS,1,6,16.6667,26
Cardiovascular disease,Atherosclerosis,Phase 2,NUMBER OF PARTICIPANTS WITH ADVERSE EVENTS,3,39,7.6923,4
Cardiovascular disease,Atherosclerosis,Phase 2,ANTIMICROBIAL ACTIVITY OF C16G2,2,39,5.1282,6
Cardiovascular disease,Atherosclerosis,Phase 2,NUMBER OF PARTICIPANTS WITH TREATMENT-EMERGENT ADVERSE EVENTS,2,39,5.1282,9
Cardiovascular disease,Atherosclerosis,Phase 2,PERCENTAGE CHANGE IN LDL CHOLESTEROL,2,39,5.1282,10
Cardiovascular disease,Atherosclerosis,Phase 2,PERCENTAGE CHANGE IN LDL-C,2,39,5.1282,11
Cardiovascular disease,Atherosclerosis,Phase 2,PERCENTAGE CHANGE IN PCSK9 LEVELS,2,39,5.1282,12
Cardiovascular disease,Atherosclerosis,Phase 2,PERCENTAGE CHANGE IN TRIGLYCERIDES,2,39,5.1282,13
Cardiovascular disease,Atherosclerosis,Phase 3,ALL-CAUSE MORTALITY,8,49,16.3265,0
Cardiovascular disease,Atherosclerosis,Phase 3,ABSOLUTE CHANGE IN LDL-C,4,49,8.1633,2
Cardiovascular disease,Atherosclerosis,Phase 3,CARDIOVASCULAR MORTALITY,4,49,8.1633,3
Cardiovascular disease,Atherosclerosis,Phase 3,ENAMEL FLUORIDE UPTAKE,4,49,8.1633,1
Cardiovascular disease,Atherosclerosis,Phase 3,PERCENTAGE SURFACE MICROHARDNESS RECOVERY,3,49,6.1224,5
Cardiovascular disease,Atherosclerosis,Phase 3,CHANGE IN FASTING PLASMA GLUCOSE,2,49,4.0816,7
Cardiovascular disease,Atherosclerosis,Phase 3,CHANGE IN HEMOGLOBIN A1C,2,49,4.0816,8
Cardiovascular disease,Atherosclerosis,Phase 4,ENAMEL FLUORIDE UPTAKE,2,26,7.6923,1
Cardiovascular disease,Atherosclerosis,Phase 4,PROCEDURAL SUCCESS,2,26,7.6923,14
Cardiovascular disease,Atherosclerosis,Phase 4,%SMHR OF ENAMEL SPECIMENS,1,26,3.8462,15
Cardiovascular disease,Atherosclerosis,Phase 4,30-DAY MORTALITY,1,26,3.8462,16
Cardiovascular disease,Atherosclerosis,Phase 4,ADJUSTED MEAN PERCENT CHANGE IN PLASMA SOLUBLE P-SELECTIN,1,26,3.8462,17
Cardiovascular disease,Atherosclerosis,Phase 4,ADVERSE EVENTS SUMMARY,1,26,3.8462,18
Cardiovascular disease,Atherosclerosis,Phase 4,ANGIOGRAPHIC LATE IN-SEGMENT LUMINAL LOSS,1,26,3.8462,19
Disorder of skin,Atopic Dermatitis,Phase 1,NUMBER OF PARTICIPANTS WITH ADVERSE EVENTS,4,18,22.2222,8
Disorder of skin,Atopic Dermatitis,Phase 1,TIME TO MAXIMUM CONCENTRATION,3,18,16.6667,12
Disorder of skin,Atopic Dermatitis,Phase 1,CHANGE FROM BASELINE IN EASI SCORE,2,18,11.1111,15
Disorder of skin,Atopic Dermatitis,Phase 1,EASI 75 RESPONSE,2,18,11.1111,0
Disorder of skin,Atopic Dermatitis,Phase 1,MAXIMUM SERUM CONCENTRATION,2,18,11.1111,16
Disorder of skin,Atopic Dermatitis,Phase 1,NUMBER OF PARTICIPANTS WITH SUCCESSFUL TOLERABILITY SCORES,2,18,11.1111,17
Disorder of skin,Atopic Dermatitis,Phase 1,NUMBER OF PARTICIPANTS WITH TREATMENT-EMERGENT ADVERSE EVENTS,2,18,11.1111,4
Disorder of skin,Atopic Dermatitis,Phase 2,IGA RESPONSE,63,178,35.3933,1
Disorder of skin,Atopic Dermatitis,Phase 2,EASI 75 RESPONSE,49,178,27.5281,0
Disorder of skin,Atopic Dermatitis,Phase 2,PERCENT CHANGE IN EASI SCORE,29,178,16.2921,3
Disorder of skin,Atopic Dermatitis,Phase 2,CHANGE IN PRURITUS SCORE,25,178,14.0449,5
Disorder of skin,Atopic Dermatitis,Phase 2,NUMBER OF PARTICIPANTS WITH TREATMENT-EMERGENT ADVERSE EVENTS,25,178,14.0449,4
Disorder of skin,Atopic Dermatitis,Phase 2,EASI 50 RESPONSE,20,178,11.2360,7
Disorder of skin,Atopic Dermatitis,Phase 2,CHANGE IN DLQI SCORE,18,178,10.1124,2
Disorder of skin,Atopic Dermatitis,Phase 3,EASI 75 RESPONSE,62,139,44.6043,0
Disorder of skin,Atopic Dermatitis,Phase 3,IGA RESPONSE,45,139,32.3741,1
Disorder of skin,Atopic Dermatitis,Phase 3,CHANGE IN DLQI SCORE,37,139,26.6187,2
Disorder of skin,Atopic Dermatitis,Phase 3,PERCENT CHANGE IN EASI SCORE,23,139,16.5468,3
Disorder of skin,Atopic Dermatitis,Phase 3,EASI 90 RESPONSE,21,139,15.1079,6
Disorder of skin,Atopic Dermatitis,Phase 3,CHANGE IN PRURITUS SCORE,17,139,12.2302,5
Disorder of skin,Atopic Dermatitis,Phase 3,NUMBER OF PARTICIPANTS WITH TREATMENT-EMERGENT ADVERSE EVENTS,16,139,11.5108,4
Disorder of skin,Atopic Dermatitis,Phase 4,PRURITUS SCORE,7,60,11.6667,9
Disorder of skin,Atopic Dermatitis,Phase 4,CHANGE IN DLQI SCORE,5,60,8.3333,2
Disorder of skin,Atopic Dermatitis,Phase 4,NUMBER OF PARTICIPANTS WITH ADVERSE EVENTS,4,60,6.6667,8
Disorder of skin,Atopic Dermatitis,Phase 4,CHANGE IN EASI SCORE,3,60,5.0000,10
Disorder of skin,Atopic Dermatitis,Phase 4,NUMBER OF PARTICIPANTS WITH TREATMENT EMERGENT ADVERSE EVENTS,3,60,5.0000,11
Disorder of skin,Atopic Dermatitis,Phase 4,TREATMENT ADHERENCE RATE,3,60,5.0000,13
Disorder of skin,Atopic Dermatitis,Phase 4,ABSOLUTE CHANGE IN TEWL,2,60,3.3333,14
Cardiovascular disease,Atrial Fibrillation,Phase 1,AUC FROM 0 TO LAST MEASURABLE CONCENTRATION,1,3,33.3333,16
Cardiovascular disease,Atrial Fibrillation,Phase 1,CMAX OF PLASMA OPC-108459,1,3,33.3333,17
Cardiovascular disease,Atrial Fibrillation,Phase 1,FEASIBILITY OF FCM IMAGING,1,3,33.3333,18
Cardiovascular disease,Atrial Fibrillation,Phase 1,MAXIMAL CHANGE FROM BASELINE IN BLOOD PRESSURE,1,3,33.3333,19
Cardiovascular disease,Atrial Fibrillation,Phase 1,MAXIMAL CHANGE IN QTCF,1,3,33.3333,20
Cardiovascular disease,Atrial Fibrillation,Phase 1,MAXIMAL CHANGE IN VENTRICULAR RATE,1,3,33.3333,21
Cardiovascular disease,Atrial Fibrillation,Phase 1,MAXIMUM PLASMA CONCENTRATION,1,3,33.3333,2
Cardiovascular disease,Atrial Fibrillation,Phase 2,CONVERSION TO SINUS RHYTHM,4,47,8.5106,5
Cardiovascular disease,Atrial Fibrillation,Phase 2,MAXIMUM PLASMA CONCENTRATION,4,47,8.5106,2
Cardiovascular disease,Atrial Fibrillation,Phase 2,CHANGE IN CREATININE,3,47,6.3830,6
Cardiovascular disease,Atrial Fibrillation,Phase 2,NUMBER OF PARTICIPANTS WITH ADVERSE EVENTS,3,47,6.3830,1
Cardiovascular disease,Atrial Fibrillation,Phase 2,PLASMA DRUG CONCENTRATION,3,47,6.3830,9
Cardiovascular disease,Atrial Fibrillation,Phase 2,ALL-CAUSE MORTALITY,2,47,4.2553,0
Cardiovascular disease,Atrial Fibrillation,Phase 2,BLEEDING EVENTS,2,47,4.2553,11
Cardiovascular disease,Atrial Fibrillation,Phase 3,ALL-CAUSE MORTALITY,11,59,18.6441,0
Cardiovascular disease,Atrial Fibrillation,Phase 3,COMPOSITE ACUTE MAJOR ADVERSE EVENT RATE,3,59,5.0847,7
Cardiovascular disease,Atrial Fibrillation,Phase 3,COMPOSITE CARDIOVASCULAR EVENTS,3,59,5.0847,8
Cardiovascular disease,Atrial Fibrillation,Phase 3,NUMBER OF PARTICIPANTS WITH ADVERSE EVENTS,3,59,5.0847,1
Cardiovascular disease,Atrial Fibrillation,Phase 3,CARDIOVASCULAR MORTALITY,2,59,3.3898,3
Cardiovascular disease,Atrial Fibrillation,Phase 3,CHANGE IN QUALITY OF LIFE SCORE,2,59,3.3898,4
Cardiovascular disease,Atrial Fibrillation,Phase 3,FIRST OCCURRENCE OF COMPOSITE CARDIOVASCULAR EVENTS,2,59,3.3898,13
Cardiovascular disease,Atrial Fibrillation,Phase 4,ALL-CAUSE MORTALITY,4,55,7.2727,0
Cardiovascular disease,Atrial Fibrillation,Phase 4,6-MINUTE WALK DISTANCE,2,55,3.6364,10
Cardiovascular disease,Atrial Fibrillation,Phase 4,CARDIOVASCULAR MORTALITY,2,55,3.6364,3
Cardiovascular disease,Atrial Fibrillation,Phase 4,CHANGE IN QUALITY OF LIFE SCORE,2,55,3.6364,4
Cardiovascular disease,Atrial Fibrillation,Phase 4,CHANGE IN SF-36 SCORE,2,55,3.6364,12
Cardiovascular disease,Atrial Fibrillation,Phase 4,LENGTH OF HOSPITAL STAY,2,55,3.6364,14
Cardiovascular disease,Atrial Fibrillation,Phase 4,SYSTOLIC BLOOD PRESSURE,2,55,3.6364,15
Mental illness,Attention Deficit Hyperactivity Disorder,Phase 1,MAXIMUM PLASMA CONCENTRATION,4,10,40.0000,5
Mental illness,Attention Deficit Hyperactivity Disorder,Phase 1,TIME TO MAXIMUM CONCENTRATION,3,10,30.0000,13
Mental illness,Attention Deficit Hyperactivity Disorder,Phase 1,AREA UNDER THE CONCENTRATION-TIME CURVE,2,10,20.0000,14
Mental illness,Attention Deficit Hyperactivity Disorder,Phase 1,AUC FROM 0 TO LAST MEASURABLE CONCENTRATION,2,10,20.0000,15
Mental illness,Attention Deficit Hyperactivity Disorder,Phase 1,ACADEMIC PERFORMANCE: GRADE POINT AVERAGES,1,10,10.0000,19
Mental illness,Attention Deficit Hyperactivity Disorder,Phase 1,APPARENT VOLUME OF DISTRIBUTION,1,10,10.0000,20
Mental illness,Attention Deficit Hyperactivity Disorder,Phase 1,AUC(0-TAU),1,10,10.0000,21
Mental illness,Attention Deficit Hyperactivity Disorder,Phase 2,CHANGE IN ADHD-RS SCORE,6,40,15.0000,0
Mental illness,Attention Deficit Hyperactivity Disorder,Phase 2,CHANGE IN AISRS SCORE,3,40,7.5000,3
Mental illness,Attention Deficit Hyperactivity Disorder,Phase 2,CHANGE IN CGI-S SCORE,3,40,7.5000,10
Mental illness,Attention Deficit Hyperactivity Disorder,Phase 2,MAXIMUM PLASMA CONCENTRATION,3,40,7.5000,5
Mental illness,Attention Deficit Hyperactivity Disorder,Phase 2,CHANGE FROM BASELINE IN AISRS TOTAL SCORE,2,40,5.0000,16
Mental illness,Attention Deficit Hyperactivity Disorder,Phase 2,CHANGE FROM BASELINE IN CGI-S SCORE,2,40,5.0000,17
Mental illness,Attention Deficit Hyperactivity Disorder,Phase 2,CHANGE FROM BASELINE IN STROOP COLOR WORD TEST,2,40,5.0000,18
Mental illness,Attention Deficit Hyperactivity Disorder,Phase 3,CHANGE IN ADHD-RS SCORE,22,87,25.2874,0
Mental illness,Attention Deficit Hyperactivity Disorder,Phase 3,CHANGE IN ADHD-RS-IV TOTAL SCORE,11,87,12.6437,2
Mental illness,Attention Deficit Hyperactivity Disorder,Phase 3,CHANGE IN BODY WEIGHT,10,87,11.4943,1
Mental illness,Attention Deficit Hyperactivity Disorder,Phase 3,NUMBER OF PARTICIPANTS WITH TREATMENT-EMERGENT ADVERSE EVENTS,6,87,6.8966,6
Mental illness,Attention Deficit Hyperactivity Disorder,Phase 3,CHANGE FROM BASELINE IN DIASTOLIC BLOOD PRESSURE,5,87,5.7471,7
Mental illness,Attention Deficit Hyperactivity Disorder,Phase 3,CHANGE FROM BASELINE IN PULSE RATE,5,87,5.7471,4
Mental illness,Attention Deficit Hyperactivity Disorder,Phase 3,CHANGE FROM BASELINE IN SYSTOLIC BLOOD PRESSURE,5,87,5.7471,8
Mental illness,Attention Deficit Hyperactivity Disorder,Phase 4,CHANGE IN ADHD-RS SCORE,18,95,18.9474,0
Mental illness,Attention Deficit Hyperactivity Disorder,Phase 4,CHANGE IN AISRS SCORE,7,95,7.3684,3
Mental illness,Attention Deficit Hyperactivity Disorder,Phase 4,CHANGE FROM BASELINE IN PULSE RATE,4,95,4.2105,4
Mental illness,Attention Deficit Hyperactivity Disorder,Phase 4,CLINICAL GLOBAL IMPRESSION-IMPROVEMENT,4,95,4.2105,9
Mental illness,Attention Deficit Hyperactivity Disorder,Phase 4,CHANGE IN BODY WEIGHT,3,95,3.1579,1
Mental illness,Attention Deficit Hyperactivity Disorder,Phase 4,CLINICAL GLOBAL IMPRESSION - IMPROVEMENT,3,95,3.1579,11
Mental illness,Attention Deficit Hyperactivity Disorder,Phase 4,CLINICAL GLOBAL IMPRESSION-SEVERITY,3,95,3.1579,12
Mental illness,Autism Spectrum Disorder,Phase 1,NUMBER OF PARTICIPANTS WITH ADVERSE EVENTS,3,9,33.3333,0
Mental illness,Autism Spectrum Disorder,Phase 1,APPARENT CLEARANCE,2,9,22.2222,8
Mental illness,Autism Spectrum Disorder,Phase 1,APPARENT VOLUME OF DISTRIBUTION,2,9,22.2222,9
Mental illness,Autism Spectrum Disorder,Phase 1,AUC FROM 0 TO INFINITY,2,9,22.2222,10
Mental illness,Autism Spectrum Disorder,Phase 1,LAST QUANTIFIABLE CONCENTRATION,2,9,22.2222,15
Mental illness,Autism Spectrum Disorder,Phase 1,PERCENTAGE OF PARTICIPANTS WITH ADVERSE EVENTS,2,9,22.2222,18
Mental illness,Autism Spectrum Disorder,Phase 1,TERMINAL ELIMINATION PHASE HALF-LIFE,2,9,22.2222,19
Mental illness,Autism Spectrum Disorder,Phase 2,CHANGE IN BODY WEIGHT,4,59,6.7797,2
Mental illness,Autism Spectrum Disorder,Phase 2,CHANGE IN ABERRANT BEHAVIOR CHECKLIST SCORE,3,59,5.0847,4
Mental illness,Autism Spectrum Disorder,Phase 2,CHANGE IN QUALITY OF LIFE SCORE,3,59,5.0847,5
Mental illness,Autism Spectrum Disorder,Phase 2,CHANGE IN SRS SCORE,3,59,5.0847,1
Mental illness,Autism Spectrum Disorder,Phase 2,IRRITABILITY SUBSCALE SCORE,3,59,5.0847,6
Mental illness,Autism Spectrum Disorder,Phase 2,NUMBER OF PARTICIPANTS WITH ADVERSE EVENTS,3,59,5.0847,0
Mental illness,Autism Spectrum Disorder,Phase 2,VINELAND ADAPTIVE BEHAVIOR COMPOSITE SCORE,3,59,5.0847,7
Mental illness,Autism Spectrum Disorder,Phase 3,ABERRANT BEHAVIOR CHECKLIST SCORE,2,21,9.5238,3
Mental illness,Autism Spectrum Disorder,Phase 3,CHANGE IN ABC HYPERACTIVITY SCORE,2,21,9.5238,11
Mental illness,Autism Spectrum Disorder,Phase 3,CHANGE IN ADHD-RS SCORE,2,21,9.5238,13
Mental illness,Autism Spectrum Disorder,Phase 3,CHANGE IN PEDIATRIC QUALITY OF LIFE SCORE,2,21,9.5238,14
Mental illness,Autism Spectrum Disorder,Phase 3,CHANGE IN SRS SCORE,2,21,9.5238,1
Mental illness,Autism Spectrum Disorder,Phase 3,MEAN CHANGE IN ABC IRRITABILITY SCORE,2,21,9.5238,16
Mental illness,Autism Spectrum Disorder,Phase 3,MEAN CHANGE IN ABC-I SCORE,2,21,9.5238,17
Mental illness,Autism Spectrum Disorder,Phase 4,CHANGE IN ABC-I SCORE,2,13,15.3846,12
Mental illness,Autism Spectrum Disorder,Phase 4,ABERRANT BEHAVIOR CHECKLIST HYPERACTIVITY SCORE,1,13,7.6923,20
Mental illness,Autism Spectrum Disorder,Phase 4,ABERRANT BEHAVIOR CHECKLIST INAPPROPRIATE SPEECH SCORE,1,13,7.6923,21
Mental illness,Autism Spectrum Disorder,Phase 4,ABERRANT BEHAVIOR CHECKLIST IRRITABILITY SCORE,1,13,7.6923,22
Mental illness,Autism Spectrum Disorder,Phase 4,ABERRANT BEHAVIOR CHECKLIST SCORE,1,13,7.6923,3
Mental illness,Autism Spectrum Disorder,Phase 4,ABERRANT BEHAVIOR CHECKLIST SOCIAL WITHDRAWAL SCORE,1,13,7.6923,23
Mental illness,Autism Spectrum Disorder,Phase 4,ABERRANT BEHAVIOR CHECKLIST STEREOTYPY SCORE,1,13,7.6923,24
Disorder of the genitourinary system,Benign Prostatic Hyperplasia,Phase 1,MAXIMUM PLASMA CONCENTRATION,6,7,85.7143,2
Disorder of the genitourinary system,Benign Prostatic Hyperplasia,Phase 1,AUC FROM 0 TO INFINITY,4,7,57.1429,6
Disorder of the genitourinary system,Benign Prostatic Hyperplasia,Phase 1,AUC FROM 0 TO LAST MEASURABLE CONCENTRATION,2,7,28.5714,11
Disorder of the genitourinary system,Benign Prostatic Hyperplasia,Phase 1,AUC FROM 0 TO T,2,7,28.5714,12
Disorder of the genitourinary system,Benign Prostatic Hyperplasia,Phase 1,TIME TO MAXIMUM CONCENTRATION,2,7,28.5714,17
Disorder of the genitourinary system,Benign Prostatic Hyperplasia,Phase 1,APPARENT TERMINAL ELIMINATION HALF-LIFE,1,7,14.2857,20
Disorder of the genitourinary system,Benign Prostatic Hyperplasia,Phase 1,AUC FOR TADALAFIL AND METABOLITE IC710,1,7,14.2857,21
Disorder of the genitourinary system,Benign Prostatic Hyperplasia,Phase 2,CHANGE IN IPSS SCORE,4,20,20.0000,0
Disorder of the genitourinary system,Benign Prostatic Hyperplasia,Phase 2,CHANGE IN PSA,4,20,20.0000,1
Disorder of the genitourinary system,Benign Prostatic Hyperplasia,Phase 2,CHANGE IN IPSS TOTAL SCORE,3,20,15.0000,10
Disorder of the genitourinary system,Benign Prostatic Hyperplasia,Phase 2,CHANGE FROM BASELINE IN IPSS SCORE,2,20,10.0000,4
Disorder of the genitourinary system,Benign Prostatic Hyperplasia,Phase 2,CHANGE FROM BASELINE IN PEAK URINARY FLOW RATE,2,20,10.0000,13
Disorder of the genitourinary system,Benign Prostatic Hyperplasia,Phase 2,CHANGE FROM BASELINE IN PEAK URINE FLOW RATE,2,20,10.0000,14
Disorder of the genitourinary system,Benign Prostatic Hyperplasia,Phase 2,CHANGE FROM BASELINE IN POSTVOID RESIDUAL VOLUME,2,20,10.0000,15
Disorder of the genitourinary system,Benign Prostatic Hyperplasia,Phase 3,CHANGE IN IPSS SCORE,9,26,34.6154,0
Disorder of the genitourinary system,Benign Prostatic Hyperplasia,Phase 3,PATIENT GLOBAL IMPRESSION OF IMPROVEMENT,6,26,23.0769,3
Disorder of the genitourinary system,Benign Prostatic Hyperplasia,Phase 3,CLINICIAN GLOBAL IMPRESSION OF IMPROVEMENT,5,26,19.2308,5
Disorder of the genitourinary system,Benign Prostatic Hyperplasia,Phase 3,CHANGE FROM BASELINE IN IPSS QUALITY OF LIFE SCORE,3,26,11.5385,7
Disorder of the genitourinary system,Benign Prostatic Hyperplasia,Phase 3,CHANGE FROM BASELINE IN IPSS SCORE,3,26,11.5385,4
Disorder of the genitourinary system,Benign Prostatic Hyperplasia,Phase 3,CHANGE FROM BASELINE IN MAXIMUM URINE FLOW RATE,3,26,11.5385,8
Disorder of the genitourinary system,Benign Prostatic Hyperplasia,Phase 3,CHANGE FROM BASELINE IN MIPSS SCORE,3,26,11.5385,9
Disorder of the genitourinary system,Benign Prostatic Hyperplasia,Phase 4,CHANGE IN IPSS SCORE,3,15,20.0000,0
Disorder of the genitourinary system,Benign Prostatic Hyperplasia,Phase 4,CHANGE IN PSA,2,15,13.3333,1
Disorder of the genitourinary system,Benign Prostatic Hyperplasia,Phase 4,POST-VOID RESIDUAL VOLUME,2,15,13.3333,16
Disorder of the genitourinary system,Benign Prostatic Hyperplasia,Phase 4,ACUTE URINARY RETENTION,1,15,6.6667,18
Disorder of the genitourinary system,Benign Prostatic Hyperplasia,Phase 4,AGREEMENT BETWEEN IPSS AND BPE/BPO,1,15,6.6667,19
Disorder of the genitourinary system,Benign Prostatic Hyperplasia,Phase 4,BENIGN PROSTATE HYPERPLASIA IMPACT INDEX,1,15,6.6667,22
Disorder of the genitourinary system,Benign Prostatic Hyperplasia,Phase 4,BREATHING RATE,1,15,6.6667,23
Procedure,Bioequivalence Study,Phase 1,MAXIMUM PLASMA CONCENTRATION,24,33,72.7273,0
Procedure,Bioequivalence Study,Phase 1,AUC FROM 0 TO INFINITY,21,33,63.6364,1
Procedure,Bioequivalence Study,Phase 1,TIME TO MAXIMUM CONCENTRATION,14,33,42.4242,2
Procedure,Bioequivalence Study,Phase 1,AUC FROM 0 TO LAST MEASURABLE CONCENTRATION,13,33,39.3939,3
Procedure,Bioequivalence Study,Phase 1,NUMBER OF PARTICIPANTS WITH TREATMENT-EMERGENT ADVERSE EVENTS,6,33,18.1818,4
Procedure,Bioequivalence Study,Phase 1,ELIMINATION RATE CONSTANT,5,33,15.1515,5
Procedure,Bioequivalence Study,Phase 1,HALF-LIFE,5,33,15.1515,6
Procedure,Bioequivalence Study,Phase 2,AMOUNT OF PEANUT PROTEIN TOLERATED,1,3,33.3333,7
Procedure,Bioequivalence Study,Phase 2,AUC12 FOR OMECAMTIV MECARBIL,1,3,33.3333,8
Procedure,Bioequivalence Study,Phase 2,CHANGE FROM BASELINE IN LEFT VENTRICULAR END DIASTOLIC DIAMETER,1,3,33.3333,9
Procedure,Bioequivalence Study,Phase 2,CHANGE FROM BASELINE IN STROKE VOLUME,1,3,33.3333,10
Procedure,Bioequivalence Study,Phase 2,CHANGE FROM BASELINE IN SYSTOLIC EJECTION TIME,1,3,33.3333,11
Procedure,Bioequivalence Study,Phase 2,CHANGE IN HAND RANGE OF MOTION,1,3,33.3333,12
Procedure,Bioequivalence Study,Phase 2,CHANGE IN HAND STRENGTH,1,3,33.3333,13
Procedure,Bioequivalence Study,Phase 4,CORRELATION BETWEEN CLUE COMFORT AND CORNEAL DIAMETER,1,1,100.0000,14
Procedure,Bioequivalence Study,Phase 4,CORRELATION BETWEEN CLUE COMFORT AND KERATOMETRY,1,1,100.0000,15
Mental illness,Bipolar Disorder,Phase 1,AVERAGE CHANGE IN AWAY ENERGY SCORE,1,3,33.3333,11
Mental illness,Bipolar Disorder,Phase 1,AVERAGE CHANGE IN D SCORE,1,3,33.3333,12
Mental illness,Bipolar Disorder,Phase 1,AVERAGE CHANGE IN M SCORE,1,3,33.3333,13
Mental illness,Bipolar Disorder,Phase 1,AVERAGE CHANGE IN TOWARD ENERGY SCORE,1,3,33.3333,14
Mental illness,Bipolar Disorder,Phase 1,CHANGE IN SIGH-D SCORE,1,3,33.3333,15
Mental illness,Bipolar Disorder,Phase 1,CHANGE IN SUBJECTIVE EFFECTS SCORE,1,3,33.3333,16
Mental illness,Bipolar Disorder,Phase 1,CHANGE IN YMRS SCORE,1,3,33.3333,0
Mental illness,Bipolar Disorder,Phase 2,CHANGE IN MADRS SCORE,15,43,34.8837,1
Mental illness,Bipolar Disorder,Phase 2,CHANGE IN YMRS SCORE,10,43,23.2558,0
Mental illness,Bipolar Disorder,Phase 2,DEPRESSION RESPONSE RATE,5,43,11.6279,6
Mental illness,Bipolar Disorder,Phase 2,CHANGE IN HAM-D SCORE,4,43,9.3023,2
Mental illness,Bipolar Disorder,Phase 2,NUMBER OF PARTICIPANTS WITH TREATMENT-EMERGENT ADVERSE EVENTS,4,43,9.3023,9
Mental illness,Bipolar Disorder,Phase 2,CHANGE FROM BASELINE IN CGI-S SCORE,3,43,6.9767,10
Mental illness,Bipolar Disorder,Phase 2,CHANGE IN HAM-A SCORE,3,43,6.9767,4
Mental illness,Bipolar Disorder,Phase 3,CHANGE IN YMRS SCORE,51,101,50.4950,0
Mental illness,Bipolar Disorder,Phase 3,CHANGE IN MADRS SCORE,35,101,34.6535,1
Mental illness,Bipolar Disorder,Phase 3,CHANGE IN HAM-D SCORE,12,101,11.8812,2
Mental illness,Bipolar Disorder,Phase 3,CHANGE IN BODY WEIGHT,10,101,9.9010,3
Mental illness,Bipolar Disorder,Phase 3,NUMBER OF PARTICIPANTS WITH ADVERSE EVENTS,10,101,9.9010,5
Mental illness,Bipolar Disorder,Phase 3,CHANGE IN PANSS SCORE,8,101,7.9208,7
Mental illness,Bipolar Disorder,Phase 3,CHANGE IN HAM-A SCORE,7,101,6.9307,4
Mental illness,Bipolar Disorder,Phase 4,CHANGE IN YMRS SCORE,30,82,36.5854,0
Mental illness,Bipolar Disorder,Phase 4,CHANGE IN MADRS SCORE,16,82,19.5122,1
Mental illness,Bipolar Disorder,Phase 4,CHANGE IN HAM-D SCORE,10,82,12.1951,2
Mental illness,Bipolar Disorder,Phase 4,CHANGE IN BODY WEIGHT,7,82,8.5366,3
Mental illness,Bipolar Disorder,Phase 4,CHANGE IN HAM-A SCORE,6,82,7.3171,4
Mental illness,Bipolar Disorder,Phase 4,CHANGE IN BODY MASS INDEX,4,82,4.8780,8
Mental illness,Bipolar Disorder,Phase 4,DEPRESSION RESPONSE RATE,4,82,4.8780,6
Neoplastic disease,Bladder Cancer,Phase 1,MAXIMUM TOLERATED DOSE,3,11,27.2727,8
Neoplastic disease,Bladder Cancer,Phase 1,OBJECTIVE RESPONSE RATE,3,11,27.2727,1
Neoplastic disease,Bladder Cancer,Phase 1,DOSE-LIMITING TOXICITIES,2,11,18.1818,9
Neoplastic disease,Bladder Cancer,Phase 1,OVERALL SURVIVAL,2,11,18.1818,2
Neoplastic disease,Bladder Cancer,Phase 1,PROGRESSION-FREE SURVIVAL,2,11,18.1818,0
Neoplastic disease,Bladder Cancer,Phase 1,AREA UNDER THE CONCENTRATION-TIME CURVE,1,11,9.0909,14
Neoplastic disease,Bladder Cancer,Phase 1,CHANGE IN CD8+ TIL DENSITY,1,11,9.0909,17
Neoplastic disease,Bladder Cancer,Phase 2,PROGRESSION-FREE SURVIVAL,77,168,45.8333,0
Neoplastic disease,Bladder Cancer,Phase 2,OBJECTIVE RESPONSE RATE,72,168,42.8571,1
Neoplastic disease,Bladder Cancer,Phase 2,OVERALL SURVIVAL,66,168,39.2857,2
Neoplastic disease,Bladder Cancer,Phase 2,DURATION OF RESPONSE,20,168,11.9048,3
Neoplastic disease,Bladder Cancer,Phase 2,NUMBER OF PARTICIPANTS WITH ADVERSE EVENTS,14,168,8.3333,4
Neoplastic disease,Bladder Cancer,Phase 2,COMPLETE RESPONSE RATE,12,168,7.1429,6
Neoplastic disease,Bladder Cancer,Phase 2,DISEASE CONTROL RATE,11,168,6.5476,5
Neoplastic disease,Bladder Cancer,Phase 3,OVERALL SURVIVAL,21,56,37.5000,2
Neoplastic disease,Bladder Cancer,Phase 3,PROGRESSION-FREE SURVIVAL,15,56,26.7857,0
Neoplastic disease,Bladder Cancer,Phase 3,OBJECTIVE RESPONSE RATE,14,56,25.0000,1
Neoplastic disease,Bladder Cancer,Phase 3,DURATION OF RESPONSE,12,56,21.4286,3
Neoplastic disease,Bladder Cancer,Phase 3,NUMBER OF PARTICIPANTS WITH TREATMENT-EMERGENT ADVERSE EVENTS,10,56,17.8571,7
Neoplastic disease,Bladder Cancer,Phase 3,NUMBER OF PARTICIPANTS WITH ADVERSE EVENTS,9,56,16.0714,4
Neoplastic disease,Bladder Cancer,Phase 3,DISEASE CONTROL RATE,7,56,12.5000,5
Neoplastic disease,Bladder Cancer,Phase 4,24-HOUR POINT PREVALENCE ABSTINENCE,1,9,11.1111,10
Neoplastic disease,Bladder Cancer,Phase 4,ACCURACY FOR STONES,1,9,11.1111,11
Neoplastic disease,Bladder Cancer,Phase 4,ADHESION OF THE BAG,1,9,11.1111,12
Neoplastic disease,Bladder Cancer,Phase 4,ADHESIVES ABSORPTION CAPACITY,1,9,11.1111,13
Neoplastic disease,Bladder Cancer,Phase 4,AWARENESS OF PRODUCT PRESENCE,1,9,11.1111,15
Neoplastic disease,Bladder Cancer,Phase 4,BAG TWISTING DURING NIGHT,1,9,11.1111,16
Neoplastic disease,Bladder Cancer,Phase 4,CHANGE IN SKIN CONDITION,1,9,11.1111,18
Procedure,Blood Transfusion,Phase 1,24-HOUR RBC RECOVERY,1,6,16.6667,18
Procedure,Blood Transfusion,Phase 1,4-FOLD RISE IN HAI TITERS,1,6,16.6667,19
Procedure,Blood Transfusion,Phase 1,AE0-6 (AMOUNT OF IDA ELIMINATED IN URINE),1,6,16.6667,20
Procedure,Blood Transfusion,Phase 1,AUC OF RBC SURVIVAL,1,6,16.6667,21
Procedure,Blood Transfusion,Phase 1,AUC0-INFINITY,1,6,16.6667,22
Procedure,Blood Transfusion,Phase 1,"AUC2-12, SS",1,6,16.6667,23
Procedure,Blood Transfusion,Phase 1,BLOOD LOSS,1,6,16.6667,24
Procedure,Blood Transfusion,Phase 2,CHANGE IN FERRITIN,4,42,9.5238,2
Procedure,Blood Transfusion,Phase 2,CHANGE IN LIVER IRON CONCENTRATION,4,42,9.5238,3
Procedure,Blood Transfusion,Phase 2,NUMBER OF PARTICIPANTS WITH ADVERSE EVENTS,4,42,9.5238,0
Procedure,Blood Transfusion,Phase 2,OVERALL SURVIVAL,4,42,9.5238,4
Procedure,Blood Transfusion,Phase 2,MAXIMUM PLASMA CONCENTRATION,3,42,7.1429,6
Procedure,Blood Transfusion,Phase 2,AREA UNDER THE CONCENTRATION-TIME CURVE,2,42,4.7619,10
Procedure,Blood Transfusion,Phase 2,CHANGE IN D-DIMER,2,42,4.7619,12
Procedure,Blood Transfusion,Phase 3,NUMBER OF PARTICIPANTS WITH ADVERSE EVENTS,4,27,14.8148,0
Procedure,Blood Transfusion,Phase 3,CHANGE IN HEMOGLOBIN,3,27,11.1111,1
Procedure,Blood Transfusion,Phase 3,PERCENT CHANGE IN ANTI-FXA ACTIVITY,3,27,11.1111,7
Procedure,Blood Transfusion,Phase 3,30-DAY MORTALITY,2,27,7.4074,8
Procedure,Blood Transfusion,Phase 3,ABSOLUTE TIME TO HAEMOSTASIS,2,27,7.4074,9
Procedure,Blood Transfusion,Phase 3,CHANGE IN THROMBIN GENERATION,2,27,7.4074,14
Procedure,Blood Transfusion,Phase 3,MAXIMUM REVERSAL OF ANTICOAGULANT EFFECT,2,27,7.4074,17
Procedure,Blood Transfusion,Phase 4,CHANGE IN HEMOGLOBIN,4,37,10.8108,1
Procedure,Blood Transfusion,Phase 4,LENGTH OF HOSPITAL STAY,3,37,8.1081,5
Procedure,Blood Transfusion,Phase 4,NUMBER OF PARTICIPANTS WITH ADVERSE EVENTS,3,37,8.1081,0
Procedure,Blood Transfusion,Phase 4,CHANGE IN CREATININE,2,37,5.4054,11
Procedure,Blood Transfusion,Phase 4,CHANGE IN HEMATOCRIT,2,37,5.4054,13
Procedure,Blood Transfusion,Phase 4,CHANGE IN VAS PAIN SCORE,2,37,5.4054,15
Procedure,Blood Transfusion,Phase 4,ESTIMATED BLOOD LOSS,2,37,5.4054,16
Musculoskeletal disorder,Bone Fracture,Phase 2,CHANGE IN VAS PAIN SCORE,2,14,14.2857,0
Musculoskeletal disorder,Bone Fracture,Phase 2,TIME TO RADIOGRAPHIC HEALING,2,14,14.2857,13
Musculoskeletal disorder,Bone Fracture,Phase 2,ALL-CAUSE MORTALITY,1,14,7.1429,14
Musculoskeletal disorder,Bone Fracture,Phase 2,AMERICAN SHOULDER ELBOW SOCIETY SCORE,1,14,7.1429,15
Musculoskeletal disorder,Bone Fracture,Phase 2,ANGULATION OF DENS FRACTURE,1,14,7.1429,16
Musculoskeletal disorder,Bone Fracture,Phase 2,BONE QUALITY,1,14,7.1429,17
Musculoskeletal disorder,Bone Fracture,Phase 2,C1-2 MOTION MEASUREMENT,1,14,7.1429,18
Musculoskeletal disorder,Bone Fracture,Phase 3,CHANGE IN VAS PAIN SCORE,2,14,14.2857,0
Musculoskeletal disorder,Bone Fracture,Phase 3,MEAN CHANGE IN GAIT SPEED,2,14,14.2857,6
Musculoskeletal disorder,Bone Fracture,Phase 3,MEAN CHANGE IN SF-12 SCORES,2,14,14.2857,7
Musculoskeletal disorder,Bone Fracture,Phase 3,MEAN CHANGE IN WOMAC SCORE,2,14,14.2857,8
Musculoskeletal disorder,Bone Fracture,Phase 3,MEAN CHANGE IN WORST FRACTURE-SITE PAIN,2,14,14.2857,9
Musculoskeletal disorder,Bone Fracture,Phase 3,PERCENTAGE OF PARTICIPANTS ABLE TO AMBULATE,2,14,14.2857,10
Musculoskeletal disorder,Bone Fracture,Phase 3,PERCENTAGE OF PARTICIPANTS REGAINING PREFRACTURE AMBULATORY STATUS,2,14,14.2857,11
Musculoskeletal disorder,Bone Fracture,Phase 4,OPIOID CONSUMPTION,4,31,12.9032,1
Musculoskeletal disorder,Bone Fracture,Phase 4,PAIN SCORE,4,31,12.9032,2
Musculoskeletal disorder,Bone Fracture,Phase 4,CHANGE IN HEMOGLOBIN,3,31,9.6774,3
Musculoskeletal disorder,Bone Fracture,Phase 4,LENGTH OF HOSPITAL STAY,3,31,9.6774,4
Musculoskeletal disorder,Bone Fracture,Phase 4,CHANGE IN VAS PAIN SCORE,2,31,6.4516,0
Musculoskeletal disorder,Bone Fracture,Phase 4,FRACTURES FULLY HEALED,2,31,6.4516,5
Musculoskeletal disorder,Bone Fracture,Phase 4,QUALITY OF RECOVERY SCORE,2,31,6.4516,12
Neoplastic disease,Brain Tumors,Phase 1,OBJECTIVE RESPONSE RATE,81,123,65.8537,0
Neoplastic disease,Brain Tumors,Phase 1,MAXIMUM PLASMA CONCENTRATION,48,123,39.0244,3
Neoplastic disease,Brain Tumors,Phase 1,MAXIMUM TOLERATED DOSE,41,123,33.3333,4
Neoplastic disease,Brain Tumors,Phase 1,PROGRESSION-FREE SURVIVAL,35,123,28.4553,1
Neoplastic disease,Brain Tumors,Phase 1,TIME TO MAXIMUM CONCENTRATION,31,123,25.2033,6
Neoplastic disease,Brain Tumors,Phase 1,AUC FROM 0 TO INFINITY,25,123,20.3252,7
Neoplastic disease,Brain Tumors,Phase 1,DISEASE CONTROL RATE,21,123,17.0732,5
Neoplastic disease,Brain Tumors,Phase 2,OBJECTIVE RESPONSE RATE,64,154,41.5584,0
Neoplastic disease,Brain Tumors,Phase 2,OVERALL SURVIVAL,50,154,32.4675,2
Neoplastic disease,Brain Tumors,Phase 2,PROGRESSION-FREE SURVIVAL,47,154,30.5195,1
Neoplastic disease,Brain Tumors,Phase 2,DURATION OF RESPONSE,16,154,10.3896,8
Neoplastic disease,Brain Tumors,Phase 2,DISEASE CONTROL RATE,12,154,7.7922,5
Neoplastic disease,Brain Tumors,Phase 2,EVENT-FREE SURVIVAL,12,154,7.7922,9
Neoplastic disease,Brain Tumors,Phase 2,NUMBER OF PARTICIPANTS WITH ADVERSE EVENTS,12,154,7.7922,10
Neoplastic disease,Brain Tumors,Phase 3,OVERALL SURVIVAL,11,36,30.5556,2
Neoplastic disease,Brain Tumors,Phase 3,PROGRESSION-FREE SURVIVAL,8,36,22.2222,1
Neoplastic disease,Brain Tumors,Phase 3,EVENT-FREE SURVIVAL,3,36,8.3333,9
Neoplastic disease,Brain Tumors,Phase 3,NUMBER OF PARTICIPANTS WITH ADVERSE EVENTS,3,36,8.3333,10
Neoplastic disease,Brain Tumors,Phase 3,ALL-CAUSE MORTALITY,2,36,5.5556,14
Neoplastic disease,Brain Tumors,Phase 3,CHANGE IN FACT-BR SCORE,2,36,5.5556,15
Neoplastic disease,Brain Tumors,Phase 3,CHANGE IN QUALITY OF LIFE SCORE,2,36,5.5556,16
Neoplastic disease,Brain Tumors,Phase 4,GLOBAL DIAGNOSTIC PREFERENCE,3,21,14.2857,11
Neoplastic disease,Brain Tumors,Phase 4,LESION CONTRAST ENHANCEMENT,3,21,14.2857,12
Neoplastic disease,Brain Tumors,Phase 4,PERCENTAGE OF PARTICIPANTS WITH ADVERSE EVENTS,3,21,14.2857,13
Neoplastic disease,Brain Tumors,Phase 4,INCIDENCE OF SEIZURE,2,21,9.5238,17
Neoplastic disease,Brain Tumors,Phase 4,LESION BORDER DELINEATION,2,21,9.5238,18
Neoplastic disease,Brain Tumors,Phase 4,ACCURACY FOR TUMOR CHARACTERIZATION,1,21,4.7619,19
Neoplastic disease,Brain Tumors,Phase 4,AMOUNT OF RESCUE MEDICATION,1,21,4.7619,20
Neoplastic disease,Breast Cancer,Phase 1,OBJECTIVE RESPONSE RATE,35,75,46.6667,0
Neoplastic disease,Breast Cancer,Phase 1,MAXIMUM PLASMA CONCENTRATION,23,75,30.6667,8
Neoplastic disease,Breast Cancer,Phase 1,PROGRESSION-FREE SURVIVAL,19,75,25.3333,2
Neoplastic disease,Breast Cancer,Phase 1,TIME TO MAXIMUM CONCENTRATION,17,75,22.6667,9
Neoplastic disease,Breast Cancer,Phase 1,MAXIMUM TOLERATED DOSE,14,75,18.6667,11
Neoplastic disease,Breast Cancer,Phase 1,DURATION OF RESPONSE,13,75,17.3333,3
Neoplastic disease,Breast Cancer,Phase 1,NUMBER OF PARTICIPANTS WITH ADVERSE EVENTS,11,75,14.6667,5
Neoplastic disease,Breast Cancer,Phase 2,OBJECTIVE RESPONSE RATE,228,597,38.1910,0
Neoplastic disease,Breast Cancer,Phase 2,PROGRESSION-FREE SURVIVAL,175,597,29.3132,2
Neoplastic disease,Breast Cancer,Phase 2,OVERALL SURVIVAL,158,597,26.4657,1
Neoplastic disease,Breast Cancer,Phase 2,DURATION OF RESPONSE,84,597,14.0704,3
Neoplastic disease,Breast Cancer,Phase 2,CLINICAL BENEFIT RATE,83,597,13.9028,4
Neoplastic disease,Breast Cancer,Phase 2,PATHOLOGICAL COMPLETE RESPONSE,61,597,10.2178,6
Neoplastic disease,Breast Cancer,Phase 2,NUMBER OF PARTICIPANTS WITH ADVERSE EVENTS,58,597,9.7152,5
Neoplastic disease,Breast Cancer,Phase 3,OVERALL SURVIVAL,131,226,57.9646,1
Neoplastic disease,Breast Cancer,Phase 3,OBJECTIVE RESPONSE RATE,83,226,36.7257,0
Neoplastic disease,Breast Cancer,Phase 3,PROGRESSION-FREE SURVIVAL,72,226,31.8584,2
Neoplastic disease,Breast Cancer,Phase 3,DISEASE-FREE SURVIVAL,52,226,23.0088,7
Neoplastic disease,Breast Cancer,Phase 3,DURATION OF RESPONSE,50,226,22.1239,3
Neoplastic disease,Breast Cancer,Phase 3,CLINICAL BENEFIT RATE,37,226,16.3717,4
Neoplastic disease,Breast Cancer,Phase 3,TIME TO PROGRESSION,16,226,7.0796,10
Neoplastic disease,Breast Cancer,Phase 4,OVERALL SURVIVAL,7,46,15.2174,1
Neoplastic disease,Breast Cancer,Phase 4,OBJECTIVE RESPONSE RATE,5,46,10.8696,0
Neoplastic disease,Breast Cancer,Phase 4,LENGTH OF HOSPITAL STAY,4,46,8.6957,12
Neoplastic disease,Breast Cancer,Phase 4,DURATION OF RESPONSE,3,46,6.5217,3
Neoplastic disease,Breast Cancer,Phase 4,NAUSEA,3,46,6.5217,13
Neoplastic disease,Breast Cancer,Phase 4,NUMBER OF PARTICIPANTS WITH ADVERSE EVENTS,3,46,6.5217,5
Neoplastic disease,Breast Cancer,Phase 4,OPIOID CONSUMPTION,3,46,6.5217,14
Respiratory disease,Bronchiectasis,Phase 1,MAXIMUM PLASMA CONCENTRATION,3,13,23.0769,7
Respiratory disease,Bronchiectasis,Phase 1,NUMBER OF PARTICIPANTS WITH ADVERSE EVENTS,3,13,23.0769,0
Respiratory disease,Bronchiectasis,Phase 1,TIME TO MAXIMUM CONCENTRATION,3,13,23.0769,2
Respiratory disease,Bronchiectasis,Phase 1,AUC FROM 0 TO INFINITY,2,13,15.3846,10
Respiratory disease,Bronchiectasis,Phase 1,AUC FROM 0 TO LAST MEASURABLE CONCENTRATION,2,13,15.3846,11
Respiratory disease,Bronchiectasis,Phase 1,CHANGE FROM BASELINE IN PULSE RATE,2,13,15.3846,13
Respiratory disease,Bronchiectasis,Phase 1,CHANGE FROM BASELINE IN RESPIRATORY RATE,2,13,15.3846,15
Respiratory disease,Bronchiectasis,Phase 2,CHANGE IN SGRQ SCORE,5,36,13.8889,1
Respiratory disease,Bronchiectasis,Phase 2,NUMBER OF PARTICIPANTS WITH SERIOUS ADVERSE EVENTS,5,36,13.8889,3
Respiratory disease,Bronchiectasis,Phase 2,CHANGE FROM BASELINE IN FEV1,4,36,11.1111,4
Respiratory disease,Bronchiectasis,Phase 2,CHANGE IN FEV1,3,36,8.3333,6
Respiratory disease,Bronchiectasis,Phase 2,NUMBER OF PARTICIPANTS WITH ADVERSE EVENTS,3,36,8.3333,0
Respiratory disease,Bronchiectasis,Phase 2,TIME TO MAXIMUM CONCENTRATION,3,36,8.3333,2
Respiratory disease,Bronchiectasis,Phase 2,CHANGE FROM BASELINE IN QOL-B RESPIRATORY SYMPTOMS DOMAIN SCORE,2,36,5.5556,14
Respiratory disease,Bronchiectasis,Phase 3,MEAN CHANGE IN FEV1,4,42,9.5238,5
Respiratory disease,Bronchiectasis,Phase 3,NUMBER OF PARTICIPANTS WITH ADVERSE EVENTS,4,42,9.5238,0
Respiratory disease,Bronchiectasis,Phase 3,TIME TO FIRST EXACERBATION,3,42,7.1429,8
Respiratory disease,Bronchiectasis,Phase 3,ANNUAL RATE OF DECLINE IN FORCED VITAL CAPACITY,2,42,4.7619,9
Respiratory disease,Bronchiectasis,Phase 3,CHANGE IN BLEPHAROSPASM DISABILITY INDEX SCORE,2,42,4.7619,16
Respiratory disease,Bronchiectasis,Phase 3,CHANGE IN QOL-B RESPIRATORY SYMPTOMS SCORE,2,42,4.7619,17
Respiratory disease,Bronchiectasis,Phase 3,CHANGE IN RHINORRHEA SCORE,2,42,4.7619,18
Respiratory disease,Bronchiectasis,Phase 4,BOOSTER RESPONSE RATE,2,39,5.1282,12
Respiratory disease,Bronchiectasis,Phase 4,CHANGE IN SGRQ SCORE,2,39,5.1282,1
Respiratory disease,Bronchiectasis,Phase 4,FORCED EXPIRATORY VOLUME IN 1 SECOND (FEV1),2,39,5.1282,19
Respiratory disease,Bronchiectasis,Phase 4,LENGTH OF HOSPITAL STAY,2,39,5.1282,20
Respiratory disease,Bronchiectasis,Phase 4,NUMBER OF PARTICIPANTS WITH ADVERSE EVENTS,2,39,5.1282,0
Respiratory disease,Bronchiectasis,Phase 4,SEROPROTECTION RATE,2,39,5.1282,21
Respiratory disease,Bronchiectasis,Phase 4,24 HOUR SPUTUM VOLUME,1,39,2.5641,22
Injury,Burns,Phase 1,CHANGE IN LACTULOSE/MANNITOL RATIO,1,3,33.3333,10
Injury,Burns,Phase 1,HEAD WRAP FEASIBILITY,1,3,33.3333,18
Injury,Burns,Phase 1,NUMBER OF PARTICIPANTS WITH A 20% DECREASE IN REQUIRED IV FLUID,1,3,33.3333,23
Injury,Burns,Phase 1,"REDNESS, IRRITATION, AND HYPERTHERMIA",1,3,33.3333,24
Injury,Burns,Phase 2,AIRE SCORE,1,5,20.0000,4
Injury,Burns,Phase 2,ANXIETY SEVERITY,1,5,20.0000,5
Injury,Burns,Phase 2,CHANGE IN PAIN SCORE,1,5,20.0000,11
Injury,Burns,Phase 2,COSMESIS,1,5,20.0000,14
Injury,Burns,Phase 2,GENERAL MENTAL HEALTH COMPONENT SCORE,1,5,20.0000,16
Injury,Burns,Phase 2,GENERAL PHYSICAL HEALTH SCORE,1,5,20.0000,17
Injury,Burns,Phase 2,HEART RATE,1,5,20.0000,19
Injury,Burns,Phase 3,TIME TO COMPLETE ESCHAR REMOVAL,2,10,20.0000,0
Injury,Burns,Phase 3,24 HOUR AVERAGE URINE OUTPUT,1,10,10.0000,1
Injury,Burns,Phase 3,24-HOUR RESUSCITATION VOLUME,1,10,10.0000,2
Injury,Burns,Phase 3,ACTUAL BLOOD LOSS DURING ESCHAR REMOVAL,1,10,10.0000,3
Injury,Burns,Phase 3,AREA UNDER THE CURVE TEMPERATURE,1,10,10.0000,7
Injury,Burns,Phase 3,BLOOD LOSS RELATED TO ESCHAR REMOVAL,1,10,10.0000,8
Injury,Burns,Phase 3,CUMULATIVE INCIDENCE OF RECOVERY OF LEVEL OF CONSCIOUSNESS,1,10,10.0000,15
Injury,Burns,Phase 4,ANXIOLYSIS SATISFACTION,1,10,10.0000,6
Injury,Burns,Phase 4,CEFTOLOZANE CLEARANCE,1,10,10.0000,9
Injury,Burns,Phase 4,CHANGE IN POSAS SCORE,1,10,10.0000,12
Injury,Burns,Phase 4,CHANGE IN VANCOUVER SCAR SCALE SCORE,1,10,10.0000,13
Injury,Burns,Phase 4,INFECTION RATE,1,10,10.0000,20
Injury,Burns,Phase 4,MYPAS SCORE,1,10,10.0000,21
Injury,Burns,Phase 4,NARCOTIC CONSUMPTION,1,10,10.0000,22
Infection,COVID-19,Phase 1,NUMBER OF PARTICIPANTS WITH SERIOUS ADVERSE EVENTS,16,67,23.8806,1
Infection,COVID-19,Phase 1,NUMBER OF PARTICIPANTS WITH ADVERSE EVENTS,13,67,19.4030,2
Infection,COVID-19,Phase 1,NUMBER OF PARTICIPANTS WITH TREATMENT-EMERGENT ADVERSE EVENTS,13,67,19.4030,8
Infection,COVID-19,Phase 1,TIME TO MAXIMUM CONCENTRATION,10,67,14.9254,10
Infection,COVID-19,Phase 1,MAXIMUM PLASMA CONCENTRATION,9,67,13.4328,11
Infection,COVID-19,Phase 1,VOLUME OF DISTRIBUTION,8,67,11.9403,13
Infection,COVID-19,Phase 1,AUC FROM 0 TO INFINITY,7,67,10.4478,14
Infection,COVID-19,Phase 2,ALL-CAUSE MORTALITY,46,258,17.8295,0
Infection,COVID-19,Phase 2,NUMBER OF PARTICIPANTS WITH SERIOUS ADVERSE EVENTS,33,258,12.7907,1
Infection,COVID-19,Phase 2,CHANGE IN VIRAL LOAD,24,258,9.3023,3
Infection,COVID-19,Phase 2,NUMBER OF PARTICIPANTS WITH ADVERSE EVENTS,22,258,8.5271,2
Infection,COVID-19,Phase 2,DURATION OF HOSPITALIZATION,15,258,5.8140,7
Infection,COVID-19,Phase 2,LENGTH OF HOSPITAL STAY,15,258,5.8140,5
Infection,COVID-19,Phase 2,TIME TO HOSPITAL DISCHARGE,15,258,5.8140,4
Infection,COVID-19,Phase 3,ALL-CAUSE MORTALITY,31,135,22.9630,0
Infection,COVID-19,Phase 3,NUMBER OF PARTICIPANTS WITH SERIOUS ADVERSE EVENTS,19,135,14.0741,1
Infection,COVID-19,Phase 3,NUMBER OF PARTICIPANTS WITH ADVERSE EVENTS,17,135,12.5926,2
Infection,COVID-19,Phase 3,SEROCONVERSION RATE,16,135,11.8519,6
Infection,COVID-19,Phase 3,TIME TO RECOVERY,12,135,8.8889,9
Infection,COVID-19,Phase 3,NUMBER OF PARTICIPANTS WITH UNSOLICITED ADVERSE EVENTS,9,135,6.6667,12
Infection,COVID-19,Phase 3,TIME TO HOSPITAL DISCHARGE,9,135,6.6667,4
Infection,COVID-19,Phase 4,ALL-CAUSE MORTALITY,3,28,10.7143,0
Infection,COVID-19,Phase 4,LENGTH OF HOSPITAL STAY,3,28,10.7143,5
Infection,COVID-19,Phase 4,28-DAY MORTALITY,2,28,7.1429,15
Infection,COVID-19,Phase 4,D-DIMER LEVEL,2,28,7.1429,16
Infection,COVID-19,Phase 4,DURATION OF ICU STAY,2,28,7.1429,17
Infection,COVID-19,Phase 4,SEROCONVERSION RATE,2,28,7.1429,6
Infection,COVID-19,Phase 4,SOFA SCORE,2,28,7.1429,18
Disorder of body system,Cachexia,Phase 1,1-YEAR SURVIVAL,1,3,33.3333,12
Disorder of body system,Cachexia,Phase 1,BODY WEIGHT,1,3,33.3333,13
Disorder of body system,Cachexia,Phase 1,CHANGE IN SF-36 GENERAL HEALTH SCORE,1,3,33.3333,17
Disorder of body system,Cachexia,Phase 1,CHANGE IN TOTAL LEAN BODY MASS,1,3,33.3333,18
Disorder of body system,Cachexia,Phase 1,CONCENTRATION OF CYTOKINE IL-12,1,3,33.3333,19
Disorder of body system,Cachexia,Phase 1,CONCENTRATION OF CYTOKINE IL-2,1,3,33.3333,20
Disorder of body system,Cachexia,Phase 1,CONCENTRATION OF CYTOKINE IL-7,1,3,33.3333,21
Disorder of body system,Cachexia,Phase 2,CHANGE IN BODY WEIGHT,6,21,28.5714,0
Disorder of body system,Cachexia,Phase 2,CHANGE IN QUALITY OF LIFE SCORE,3,21,14.2857,4
Disorder of body system,Cachexia,Phase 2,CHANGE IN TRIGLYCERIDES,3,21,14.2857,5
Disorder of body system,Cachexia,Phase 2,CHANGE IN 6-MINUTE WALK DISTANCE,2,21,9.5238,6
Disorder of body system,Cachexia,Phase 2,CHANGE IN APPETITE,2,21,9.5238,7
Disorder of body system,Cachexia,Phase 2,CHANGE IN LEAN BODY MASS,2,21,9.5238,1
Disorder of body system,Cachexia,Phase 2,CLEARANCE,2,21,9.5238,9
Disorder of body system,Cachexia,Phase 3,CHANGE IN LEAN BODY MASS,4,9,44.4444,1
Disorder of body system,Cachexia,Phase 3,CHANGE IN A/CS DOMAIN SCORE,3,9,33.3333,2
Disorder of body system,Cachexia,Phase 3,CHANGE IN BODY WEIGHT,3,9,33.3333,0
Disorder of body system,Cachexia,Phase 3,CHANGE IN HANDGRIP STRENGTH,3,9,33.3333,3
Disorder of body system,Cachexia,Phase 3,CHANGE IN FACIT-F FATIGUE DOMAIN SCORE,2,9,22.2222,8
Disorder of body system,Cachexia,Phase 3,DURATION OF TREATMENT BENEFIT,2,9,22.2222,10
Disorder of body system,Cachexia,Phase 3,MEAN CHANGE IN 5-IASS SCORE,2,9,22.2222,11
Disorder of body system,Cachexia,Phase 4,CHANGE IN BODY MASS INDEX,1,2,50.0000,14
Disorder of body system,Cachexia,Phase 4,CHANGE IN BODY WEIGHT,1,2,50.0000,0
Disorder of body system,Cachexia,Phase 4,CHANGE IN HEPATIC FAT,1,2,50.0000,15
Disorder of body system,Cachexia,Phase 4,CHANGE IN INSULIN SENSITIVITY,1,2,50.0000,16
Neoplastic disease,Cancer Immunotherapy,Phase 1,MAXIMUM PLASMA CONCENTRATION,17,40,42.5000,4
Neoplastic disease,Cancer Immunotherapy,Phase 1,OBJECTIVE RESPONSE RATE,16,40,40.0000,0
Neoplastic disease,Cancer Immunotherapy,Phase 1,MAXIMUM TOLERATED DOSE,11,40,27.5000,6
Neoplastic disease,Cancer Immunotherapy,Phase 1,NUMBER OF PARTICIPANTS WITH ADVERSE EVENTS,10,40,25.0000,3
Neoplastic disease,Cancer Immunotherapy,Phase 1,TIME TO MAXIMUM CONCENTRATION,9,40,22.5000,7
Neoplastic disease,Cancer Immunotherapy,Phase 1,AUC FROM 0 TO INFINITY,7,40,17.5000,8
Neoplastic disease,Cancer Immunotherapy,Phase 1,PROGRESSION-FREE SURVIVAL,6,40,15.0000,1
Neoplastic disease,Cancer Immunotherapy,Phase 2,OBJECTIVE RESPONSE RATE,28,64,43.7500,0
Neoplastic disease,Cancer Immunotherapy,Phase 2,PROGRESSION-FREE SURVIVAL,22,64,34.3750,1
Neoplastic disease,Cancer Immunotherapy,Phase 2,OVERALL SURVIVAL,21,64,32.8125,2
Neoplastic disease,Cancer Immunotherapy,Phase 2,DURATION OF RESPONSE,12,64,18.7500,5
Neoplastic disease,Cancer Immunotherapy,Phase 2,NUMBER OF PARTICIPANTS WITH ADVERSE EVENTS,11,64,17.1875,3
Neoplastic disease,Cancer Immunotherapy,Phase 2,TIME TO PROGRESSION,6,64,9.3750,9
Neoplastic disease,Cancer Immunotherapy,Phase 2,CLINICAL BENEFIT RATE,4,64,6.2500,10
Neoplastic disease,Cancer Immunotherapy,Phase 3,OVERALL SURVIVAL,9,23,39.1304,2
Neoplastic disease,Cancer Immunotherapy,Phase 3,OBJECTIVE RESPONSE RATE,5,23,21.7391,0
Neoplastic disease,Cancer Immunotherapy,Phase 3,PROGRESSION-FREE SURVIVAL,5,23,21.7391,1
Neoplastic disease,Cancer Immunotherapy,Phase 3,DURATION OF RESPONSE,3,23,13.0435,5
Neoplastic disease,Cancer Immunotherapy,Phase 3,ALL-CAUSE MORTALITY,2,23,8.6957,13
Neoplastic disease,Cancer Immunotherapy,Phase 3,CHANGE IN BPI SCORE,2,23,8.6957,14
Neoplastic disease,Cancer Immunotherapy,Phase 3,ADVERSE EVENT PROFILE,1,23,4.3478,16
Neoplastic disease,Cancer Immunotherapy,Phase 4,CHANGE IN HEART RATE,3,15,20.0000,11
Neoplastic disease,Cancer Immunotherapy,Phase 4,CHANGE IN NRS PAIN SCORE,3,15,20.0000,12
Neoplastic disease,Cancer Immunotherapy,Phase 4,PATIENT SATISFACTION,2,15,13.3333,15
Neoplastic disease,Cancer Immunotherapy,Phase 4,AVERAGE PAIN INTENSITY SCORE,1,15,6.6667,17
Neoplastic disease,Cancer Immunotherapy,Phase 4,BISPECTRAL INDEX,1,15,6.6667,18
Neoplastic disease,Cancer Immunotherapy,Phase 4,BLOCK LEVEL OF EPIDURAL ANESTHESIA,1,15,6.6667,19
Neoplastic disease,Cancer Immunotherapy,Phase 4,BRISTOL STOOL SCALE SCORE,1,15,6.6667,20
Neoplastic disease,Cancer Supportive Care,Phase 1,LIKABILITY OF MINDFULNESS PRACTICES,1,1,100.0000,18
Neoplastic disease,Cancer Supportive Care,Phase 1,PERCEIVED HELPFULNESS OF MINDFULNESS PRACTICES,1,1,100.0000,19
Neoplastic disease,Cancer Supportive Care,Phase 1,RETENTION RATE,1,1,100.0000,20
Neoplastic disease,Cancer Supportive Care,Phase 2,ANTI-EMETIC USE IN PACU,1,6,16.6667,3
Neoplastic disease,Cancer Supportive Care,Phase 2,ANXIETY SCORE,1,6,16.6667,4
Neoplastic disease,Cancer Supportive Care,Phase 2,AVERAGE TIME FROM SCREENING TO ENROLLMENT,1,6,16.6667,7
Neoplastic disease,Cancer Supportive Care,Phase 2,CHALLENGING EXPERIENCE QUESTIONNAIRE SCORE,1,6,16.6667,9
Neoplastic disease,Cancer Supportive Care,Phase 2,CHANGE IN BPI SCORE,1,6,16.6667,0
Neoplastic disease,Cancer Supportive Care,Phase 2,CHANGE IN DEMORALIZATION SCALE SCORE,1,6,16.6667,11
Neoplastic disease,Cancer Supportive Care,Phase 2,CHANGE IN GLOBAL QUALITY LIFE SCORE,1,6,16.6667,14
Neoplastic disease,Cancer Supportive Care,Phase 3,APPETITE SCORE,1,3,33.3333,5
Neoplastic disease,Cancer Supportive Care,Phase 3,CHANGE IN BPI SCORE,1,3,33.3333,0
Neoplastic disease,Cancer Supportive Care,Phase 3,CHANGE IN EORTC QLQ-C30 SCORE,1,3,33.3333,12
Neoplastic disease,Cancer Supportive Care,Phase 3,CHANGE IN FACIT-FATIGUE SCORE,1,3,33.3333,13
Neoplastic disease,Cancer Supportive Care,Phase 3,CHANGE IN HEMOGLOBIN,1,3,33.3333,15
Neoplastic disease,Cancer Supportive Care,Phase 3,CHANGE IN NRS PAIN SCORE,1,3,33.3333,1
Neoplastic disease,Cancer Supportive Care,Phase 3,CONCENTRATION NRS,1,3,33.3333,17
Neoplastic disease,Cancer Supportive Care,Phase 4,PATIENT SATISFACTION,2,4,50.0000,2
Neoplastic disease,Cancer Supportive Care,Phase 4,AVERAGE PAIN INTENSITY,1,4,25.0000,6
Neoplastic disease,Cancer Supportive Care,Phase 4,BREAKTHROUGH PAIN EPISODES REQUIRING RESCUE MEDICATION,1,4,25.0000,8
Neoplastic disease,Cancer Supportive Care,Phase 4,CHANGE IN BPI SCORE,1,4,25.0000,0
Neoplastic disease,Cancer Supportive Care,Phase 4,CHANGE IN BPI-7S RELATIONS WITH OTHER PEOPLE SCORE,1,4,25.0000,10
Neoplastic disease,Cancer Supportive Care,Phase 4,CHANGE IN NRS PAIN SCORE,1,4,25.0000,1
Neoplastic disease,Cancer Supportive Care,Phase 4,CHANGE IN VAS PAIN SCORE,1,4,25.0000,16
Cardiovascular disease,Cardiomyopathy,Phase 1,CHANGE IN EJECTION FRACTION,3,9,33.3333,0
Cardiovascular disease,Cardiomyopathy,Phase 1,LEFT VENTRICULAR EJECTION FRACTION,2,9,22.2222,13
Cardiovascular disease,Cardiomyopathy,Phase 1,LEFT VENTRICULAR MASS,2,9,22.2222,14
Cardiovascular disease,Cardiomyopathy,Phase 1,NUMBER OF PARTICIPANTS WITH ADVERSE EVENTS,2,9,22.2222,15
Cardiovascular disease,Cardiomyopathy,Phase 1,ANGIOGRAPHY LEFT VENTRICULAR EJECTION FRACTION,1,9,11.1111,18
Cardiovascular disease,Cardiomyopathy,Phase 1,APPARENT CLEARANCE,1,9,11.1111,19
Cardiovascular disease,Cardiomyopathy,Phase 1,APPARENT VOLUME OF DISTRIBUTION,1,9,11.1111,20
Cardiovascular disease,Cardiomyopathy,Phase 2,CHANGE IN EJECTION FRACTION,8,22,36.3636,0
Cardiovascular disease,Cardiomyopathy,Phase 2,CHANGE IN 6-MINUTE WALK DISTANCE,5,22,22.7273,1
Cardiovascular disease,Cardiomyopathy,Phase 2,CHANGE IN HEART RATE,3,22,13.6364,6
Cardiovascular disease,Cardiomyopathy,Phase 2,CHANGE FROM BASELINE IN LEFT VENTRICULAR MASS,2,22,9.0909,9
Cardiovascular disease,Cardiomyopathy,Phase 2,CHANGE IN KCCQ SCORE,2,22,9.0909,2
Cardiovascular disease,Cardiomyopathy,Phase 2,CHANGE IN LEFT VENTRICULAR MASS,2,22,9.0909,10
Cardiovascular disease,Cardiomyopathy,Phase 2,CHANGE IN MINNESOTA LIVING WITH HEART FAILURE QUESTIONNAIRE SCORE,2,22,9.0909,11
Cardiovascular disease,Cardiomyopathy,Phase 3,CHANGE IN 6-MINUTE WALK DISTANCE,5,21,23.8095,1
Cardiovascular disease,Cardiomyopathy,Phase 3,CHANGE IN KCCQ SCORE,5,21,23.8095,2
Cardiovascular disease,Cardiomyopathy,Phase 3,CHANGE IN NT-PROBNP,4,21,19.0476,3
Cardiovascular disease,Cardiomyopathy,Phase 3,ALL-CAUSE MORTALITY,3,21,14.2857,4
Cardiovascular disease,Cardiomyopathy,Phase 3,CHANGE IN BNP,3,21,14.2857,5
Cardiovascular disease,Cardiomyopathy,Phase 3,NUMBER OF PARTICIPANTS WITH TREATMENT-EMERGENT ADVERSE EVENTS,3,21,14.2857,7
Cardiovascular disease,Cardiomyopathy,Phase 3,CARDIOVASCULAR MORTALITY,2,21,9.5238,8
Cardiovascular disease,Cardiomyopathy,Phase 4,CHANGE IN KCCQ SCORE,2,12,16.6667,2
Cardiovascular disease,Cardiomyopathy,Phase 4,IMPROVEMENT IN EJECTION FRACTION,2,12,16.6667,12
Cardiovascular disease,Cardiomyopathy,Phase 4,ABSOLUTE CHANGE IN SERUM MARKERS OF COLLAGEN TURNOVER,1,12,8.3333,16
Cardiovascular disease,Cardiomyopathy,Phase 4,ANGINAL FREQUENCY,1,12,8.3333,17
Cardiovascular disease,Cardiomyopathy,Phase 4,CARDIAC MASS AND FIBROSIS ASSESSMENT,1,12,8.3333,21
Cardiovascular disease,Cardiomyopathy,Phase 4,CHANGE FROM BASELINE FOR MENTAL COMPONENT SUMMARY SCORE,1,12,8.3333,22
Cardiovascular disease,Cardiomyopathy,Phase 4,CHANGE FROM BASELINE FOR PHYSICAL COMPONENT SUMMARY,1,12,8.3333,23
Disorder of eye,Cataracts,Phase 1,ABILITY TO MEET SUBJECTIVE TRAVEL NEEDS,1,4,25.0000,17
Disorder of eye,Cataracts,Phase 1,AQUEOUS HUMOR DRUG CONCENTRATION,1,4,25.0000,21
Disorder of eye,Cataracts,Phase 1,CLEARANCE OF ANTERIOR CHAMBER INFLAMMATION,1,4,25.0000,22
Disorder of eye,Cataracts,Phase 1,FREQUENCY OF DEVICE FAILURES,1,4,25.0000,23
Disorder of eye,Cataracts,Phase 1,MEAN DIOPTER RANGE WITH VA OF 20/40 OR BETTER,1,4,25.0000,24
Disorder of eye,Cataracts,Phase 1,MEAN MONOCULAR DISTANCE-CORRECTED NEAR VISUAL ACUITY,1,4,25.0000,25
Disorder of eye,Cataracts,Phase 1,PLASMA DRUG CONCENTRATION,1,4,25.0000,26
Disorder of eye,Cataracts,Phase 2,IGA RESPONSE,3,27,11.1111,8
Disorder of eye,Cataracts,Phase 2,NUMBER OF PARTICIPANTS WITH TREATMENT-EMERGENT ADVERSE EVENTS,2,27,7.4074,0
Disorder of eye,Cataracts,Phase 2,PERCENTAGE OF PARTICIPANTS WITH A ≥ 3-LINE IMPROVEMENT IN NEAR VISION,2,27,7.4074,15
Disorder of eye,Cataracts,Phase 2,WEIGHTED AVERAGE CHANGE IN UNVA LETTERS,2,27,7.4074,16
Disorder of eye,Cataracts,Phase 2,ABSOLUTE ANTERIOR CHAMBER CELL COUNT,1,27,3.7037,18
Disorder of eye,Cataracts,Phase 2,ALL COLLECTED DEATHS,1,27,3.7037,19
Disorder of eye,Cataracts,Phase 2,ANTERIOR CHAMBER CELL COUNT,1,27,3.7037,20
Disorder of eye,Cataracts,Phase 3,NUMBER OF PARTICIPANTS WITH TREATMENT-EMERGENT ADVERSE EVENTS,6,50,12.0000,0
Disorder of eye,Cataracts,Phase 3,ANTERIOR CHAMBER CELL GRADE 0,3,50,6.0000,3
Disorder of eye,Cataracts,Phase 3,COMPLETE RESOLUTION OF ANTERIOR CHAMBER FLARE,3,50,6.0000,7
Disorder of eye,Cataracts,Phase 3,INTRAOCULAR PRESSURE,3,50,6.0000,9
Disorder of eye,Cataracts,Phase 3,PERCENTAGE OF PARTICIPANTS GAINING 3 LINES OR MORE IN DCNVA,3,50,6.0000,11
Disorder of eye,Cataracts,Phase 3,PERCENTAGE OF PARTICIPANTS WITH COMPLETE RESOLUTION OF ANTERIOR CHAMBER CELLS,3,50,6.0000,12
Disorder of eye,Cataracts,Phase 3,PERCENTAGE OF PARTICIPANTS WITH GRADE 0 PAIN,3,50,6.0000,13
Disorder of eye,Cataracts,Phase 4,CONTRAST SENSITIVITY,4,39,10.2564,1
Disorder of eye,Cataracts,Phase 4,UNCORRECTED VISUAL ACUITY,4,39,10.2564,2
Disorder of eye,Cataracts,Phase 4,BEST CORRECTED VISUAL ACUITY,3,39,7.6923,4
Disorder of eye,Cataracts,Phase 4,BINOCULAR VISUAL ACUITY,3,39,7.6923,5
Disorder of eye,Cataracts,Phase 4,CHANGE FROM BASELINE IN MACULAR THICKNESS,3,39,7.6923,6
Disorder of eye,Cataracts,Phase 4,PATIENT SATISFACTION,3,39,7.6923,10
Disorder of eye,Cataracts,Phase 4,SPECTACLE INDEPENDENCE,3,39,7.6923,14
Disorder of digestive system,Celiac Disease,Phase 1,MAXIMUM PLASMA CONCENTRATION,10,13,76.9231,0
Disorder of digestive system,Celiac Disease,Phase 1,TIME TO MAXIMUM CONCENTRATION,9,13,69.2308,1
Disorder of digestive system,Celiac Disease,Phase 1,AUC FROM 0 TO INFINITY,5,13,38.4615,3
Disorder of digestive system,Celiac Disease,Phase 1,AREA UNDER THE CONCENTRATION-TIME CURVE,4,13,30.7692,4
Disorder of digestive system,Celiac Disease,Phase 1,NUMBER OF PARTICIPANTS WITH ABNORMAL ECG FINDINGS,4,13,30.7692,5
Disorder of digestive system,Celiac Disease,Phase 1,NUMBER OF PARTICIPANTS WITH TREATMENT-EMERGENT ADVERSE EVENTS,4,13,30.7692,2
Disorder of digestive system,Celiac Disease,Phase 1,AUC FROM 0 TO LAST MEASURABLE CONCENTRATION,3,13,23.0769,6
Disorder of digestive system,Celiac Disease,Phase 2,CHANGE FROM BASELINE IN TOTAL CELIAC DISEASE GSRS SCORE,2,12,16.6667,7
Disorder of digestive system,Celiac Disease,Phase 2,CHANGE IN VILLOUS HEIGHT TO CRYPT DEPTH RATIO,2,12,16.6667,8
Disorder of digestive system,Celiac Disease,Phase 2,DIARRHEA,2,12,16.6667,9
Disorder of digestive system,Celiac Disease,Phase 2,IMPROVEMENT IN MARSH SCORE,2,12,16.6667,10
Disorder of digestive system,Celiac Disease,Phase 2,NUMBER OF PARTICIPANTS WITH TREATMENT-EMERGENT ADVERSE EVENTS,2,12,16.6667,2
Disorder of digestive system,Celiac Disease,Phase 2,NUMBER OF WEEKLY BOWEL MOVEMENTS,2,12,16.6667,11
Disorder of digestive system,Celiac Disease,Phase 2,PERCENT CHANGE IN VH:CD RATIO,2,12,16.6667,12
Disorder of digestive system,Celiac Disease,Phase 3,CHANGE IN ABSOLUTE NEUTROPHIL COUNT,1,4,25.0000,13
Disorder of digestive system,Celiac Disease,Phase 3,CHANGE IN BASOPHILS,1,4,25.0000,14
Disorder of digestive system,Celiac Disease,Phase 3,CHANGE IN BIOCHEMICAL PARAMETERS,1,4,25.0000,15
Disorder of digestive system,Celiac Disease,Phase 3,CHANGE IN BLOOD COAGULATION TEST,1,4,25.0000,16
Disorder of digestive system,Celiac Disease,Phase 3,CHANGE IN BLOOD PRESSURE,1,4,25.0000,17
Disorder of digestive system,Celiac Disease,Phase 3,CHANGE IN BONE AGE,1,4,25.0000,18
Disorder of digestive system,Celiac Disease,Phase 3,CHANGE IN CLINICAL LABORATORY TESTS,1,4,25.0000,20
Disorder of digestive system,Celiac Disease,Phase 4,CHANGE IN CELIAC SYMPTOM INDEX SCORE,1,1,100.0000,19
Disorder of digestive system,Celiac Disease,Phase 4,CHANGE OF GASTROINTESTINAL SYMPTOMS,1,1,100.0000,21
Disorder of digestive system,Celiac Disease,Phase 4,CORRELATION OF BASELINE FECAL ELASTASE AND CED-GSRS SCORE,1,1,100.0000,22
Neoplastic disease,Cervical Cancer,Phase 1,NUMBER OF PARTICIPANTS WITH SERIOUS ADVERSE EVENTS,3,13,23.0769,0
Neoplastic disease,Cervical Cancer,Phase 1,DISEASE-FREE SURVIVAL,2,13,15.3846,13
Neoplastic disease,Cervical Cancer,Phase 1,MAXIMUM PLASMA CONCENTRATION,2,13,15.3846,14
Neoplastic disease,Cervical Cancer,Phase 1,NUMBER OF SUBJECTS REPORTING CLINICALLY RELEVANT ABNORMALITIES,2,13,15.3846,15
Neoplastic disease,Cervical Cancer,Phase 1,PROGRESSION-FREE SURVIVAL,2,13,15.3846,1
Neoplastic disease,Cervical Cancer,Phase 1,ABSENCE OF CIN2/3 LESION,1,13,7.6923,17
Neoplastic disease,Cervical Cancer,Phase 1,ANTI-DRUG ANTIBODIES,1,13,7.6923,18
Neoplastic disease,Cervical Cancer,Phase 2,OBJECTIVE RESPONSE RATE,26,72,36.1111,3
Neoplastic disease,Cervical Cancer,Phase 2,PROGRESSION-FREE SURVIVAL,24,72,33.3333,1
Neoplastic disease,Cervical Cancer,Phase 2,OVERALL SURVIVAL,23,72,31.9444,2
Neoplastic disease,Cervical Cancer,Phase 2,DURATION OF RESPONSE,8,72,11.1111,8
Neoplastic disease,Cervical Cancer,Phase 2,NUMBER OF PARTICIPANTS WITH SERIOUS ADVERSE EVENTS,7,72,9.7222,0
Neoplastic disease,Cervical Cancer,Phase 2,COMPLETE RESPONSE RATE,3,72,4.1667,9
Neoplastic disease,Cervical Cancer,Phase 2,DISEASE CONTROL RATE,3,72,4.1667,10
Neoplastic disease,Cervical Cancer,Phase 3,NUMBER OF PARTICIPANTS WITH SERIOUS ADVERSE EVENTS,29,73,39.7260,0
Neoplastic disease,Cervical Cancer,Phase 3,SEROCONVERSION RATE,23,73,31.5068,4
Neoplastic disease,Cervical Cancer,Phase 3,NUMBER OF SUBJECTS REPORTING UNSOLICITED ADVERSE EVENTS,11,73,15.0685,5
Neoplastic disease,Cervical Cancer,Phase 3,NUMBER OF SUBJECTS REPORTING MEDICALLY SIGNIFICANT CONDITIONS,9,73,12.3288,6
Neoplastic disease,Cervical Cancer,Phase 3,OVERALL SURVIVAL,9,73,12.3288,2
Neoplastic disease,Cervical Cancer,Phase 3,ANTI-HPV ANTIBODY TITER,8,73,10.9589,7
Neoplastic disease,Cervical Cancer,Phase 3,PROGRESSION-FREE SURVIVAL,8,73,10.9589,1
Neoplastic disease,Cervical Cancer,Phase 4,NUMBER OF PARTICIPANTS WITH SERIOUS ADVERSE EVENTS,3,16,18.7500,0
Neoplastic disease,Cervical Cancer,Phase 4,ANTI-HPV-16 AND ANTI-HPV-18 ANTIBODY CONCENTRATIONS,2,16,12.5000,11
Neoplastic disease,Cervical Cancer,Phase 4,ANTIBODY TITER,2,16,12.5000,12
Neoplastic disease,Cervical Cancer,Phase 4,NUMBER OF SUBJECTS REPORTING PREGNANCIES AND OUTCOMES,2,16,12.5000,16
Neoplastic disease,Cervical Cancer,Phase 4,ANTI-HPV-16/18 ANTIBODY TITER,1,16,6.2500,19
Neoplastic disease,Cervical Cancer,Phase 4,AVERAGE DOSE OF PHENYLEPHRINE,1,16,6.2500,20
Neoplastic disease,Cervical Cancer,Phase 4,CD4+ CELL COUNT,1,16,6.2500,21
Neoplastic disease,Cholangiocarcinoma,Phase 1,OVERALL SURVIVAL,2,4,50.0000,0
Neoplastic disease,Cholangiocarcinoma,Phase 1,ANTI-DRUG ANTIBODIES,1,4,25.0000,8
Neoplastic disease,Cholangiocarcinoma,Phase 1,CHANGE IN LESION SIZE,1,4,25.0000,9
Neoplastic disease,Cholangiocarcinoma,Phase 1,FEASIBILITY AND SAFETY ASSESSMENT,1,4,25.0000,11
Neoplastic disease,Cholangiocarcinoma,Phase 1,INCIDENCE OF TREATMENT-EMERGENT ADVERSE EVENTS,1,4,25.0000,12
Neoplastic disease,Cholangiocarcinoma,Phase 1,NUMBER OF PARTICIPANTS EXPERIENCING TOXICITIES,1,4,25.0000,13
Neoplastic disease,Cholangiocarcinoma,Phase 1,NUMBER OF PARTICIPANTS WITH ADVERSE EVENTS,1,4,25.0000,5
Neoplastic disease,Cholangiocarcinoma,Phase 2,OBJECTIVE RESPONSE RATE,48,74,64.8649,1
Neoplastic disease,Cholangiocarcinoma,Phase 2,OVERALL SURVIVAL,48,74,64.8649,0
Neoplastic disease,Cholangiocarcinoma,Phase 2,PROGRESSION-FREE SURVIVAL,46,74,62.1622,2
Neoplastic disease,Cholangiocarcinoma,Phase 2,DISEASE CONTROL RATE,14,74,18.9189,3
Neoplastic disease,Cholangiocarcinoma,Phase 2,DURATION OF RESPONSE,11,74,14.8649,4
Neoplastic disease,Cholangiocarcinoma,Phase 2,NUMBER OF PARTICIPANTS WITH ADVERSE EVENTS,8,74,10.8108,5
Neoplastic disease,Cholangiocarcinoma,Phase 2,MEDIAN PROGRESSION FREE SURVIVAL,6,74,8.1081,6
Neoplastic disease,Cholangiocarcinoma,Phase 3,OBJECTIVE RESPONSE RATE,8,10,80.0000,1
Neoplastic disease,Cholangiocarcinoma,Phase 3,OVERALL SURVIVAL,8,10,80.0000,0
Neoplastic disease,Cholangiocarcinoma,Phase 3,PROGRESSION-FREE SURVIVAL,6,10,60.0000,2
Neoplastic disease,Cholangiocarcinoma,Phase 3,DURATION OF RESPONSE,5,10,50.0000,4
Neoplastic disease,Cholangiocarcinoma,Phase 3,DISEASE CONTROL RATE,3,10,30.0000,3
Neoplastic disease,Cholangiocarcinoma,Phase 3,NUMBER OF PARTICIPANTS WITH ADVERSE EVENTS,3,10,30.0000,5
Neoplastic disease,Cholangiocarcinoma,Phase 3,CHANGE IN EORTC QLQ-C30 SCORE,2,10,20.0000,7
Neoplastic disease,Cholangiocarcinoma,Phase 4,COST EFFECTIVE RATIO OF METALLIC AND PLASTIC STENT,1,1,100.0000,10
Neoplastic disease,Cholangiocarcinoma,Phase 4,PATIENTS SURVIVAL TIMES,1,1,100.0000,14
Neoplastic disease,Cholangiocarcinoma,Phase 4,PROPORTION OF PATIENTS WITH ADEQUATE BILIARY DRAINAGE,1,1,100.0000,15
Neurological disorder,Chronic Inflammatory Demyelinating Polyneuropathy,Phase 1,MAXIMUM PLASMA CONCENTRATION,2,3,66.6667,7
Neurological disorder,Chronic Inflammatory Demyelinating Polyneuropathy,Phase 1,AUC FOR MORPHINE WITH CBD,1,3,33.3333,10
Neurological disorder,Chronic Inflammatory Demyelinating Polyneuropathy,Phase 1,AUC FOR MORPHINE-3-GLUCURONIDE,1,3,33.3333,11
Neurological disorder,Chronic Inflammatory Demyelinating Polyneuropathy,Phase 1,AUC FOR MORPHINE-6-GLUCURONIDE,1,3,33.3333,12
Neurological disorder,Chronic Inflammatory Demyelinating Polyneuropathy,Phase 1,AUC FROM 0 TO INFINITY,1,3,33.3333,13
Neurological disorder,Chronic Inflammatory Demyelinating Polyneuropathy,Phase 1,AUC OF CITALOPRAM,1,3,33.3333,14
Neurological disorder,Chronic Inflammatory Demyelinating Polyneuropathy,Phase 1,CHANGE FROM BASELINE IN FREE T4,1,3,33.3333,15
Neurological disorder,Chronic Inflammatory Demyelinating Polyneuropathy,Phase 2,OVERALL SURVIVAL,2,7,28.5714,8
Neurological disorder,Chronic Inflammatory Demyelinating Polyneuropathy,Phase 2,ABSOLUTE CHANGE IN MRC SCORE,1,7,14.2857,9
Neurological disorder,Chronic Inflammatory Demyelinating Polyneuropathy,Phase 2,CHANGE IN 6-MINUTE WALK DISTANCE,1,7,14.2857,16
Neurological disorder,Chronic Inflammatory Demyelinating Polyneuropathy,Phase 2,CHANGE IN ADJUSTED INCAT SCORE,1,7,14.2857,17
Neurological disorder,Chronic Inflammatory Demyelinating Polyneuropathy,Phase 2,CHANGE IN EQ-5D-5L VAS SCORE,1,7,14.2857,18
Neurological disorder,Chronic Inflammatory Demyelinating Polyneuropathy,Phase 2,CHANGE IN GRIP STRENGTH,1,7,14.2857,19
Neurological disorder,Chronic Inflammatory Demyelinating Polyneuropathy,Phase 2,CHANGE IN I-RODS SCORE,1,7,14.2857,20
Neurological disorder,Chronic Inflammatory Demyelinating Polyneuropathy,Phase 3,RESPONDER RATE,5,16,31.2500,0
Neurological disorder,Chronic Inflammatory Demyelinating Polyneuropathy,Phase 3,NUMBER OF PARTICIPANTS WITH TREATMENT-EMERGENT ADVERSE EVENTS,4,16,25.0000,1
Neurological disorder,Chronic Inflammatory Demyelinating Polyneuropathy,Phase 3,CHANGE IN MRC SUM SCORE,3,16,18.7500,2
Neurological disorder,Chronic Inflammatory Demyelinating Polyneuropathy,Phase 3,NUMBER OF ADVERSE EVENTS,3,16,18.7500,3
Neurological disorder,Chronic Inflammatory Demyelinating Polyneuropathy,Phase 3,TIME TO RELAPSE,3,16,18.7500,4
Neurological disorder,Chronic Inflammatory Demyelinating Polyneuropathy,Phase 3,CHANGE FROM BASELINE IN FEV1,2,16,12.5000,5
Neurological disorder,Chronic Inflammatory Demyelinating Polyneuropathy,Phase 3,CHANGE FROM BASELINE IN NASAL PEAK INSPIRATORY FLOW,2,16,12.5000,6
Neurological disorder,Chronic Inflammatory Demyelinating Polyneuropathy,Phase 4,FATIGUE,1,1,100.0000,21
Neurological disorder,Chronic Inflammatory Demyelinating Polyneuropathy,Phase 4,PAIN RESPONSE RATE,1,1,100.0000,22
Neurological disorder,Chronic Inflammatory Demyelinating Polyneuropathy,Phase 4,PROMIS PAIN INTERFERENCE SCORE,1,1,100.0000,23
Neurological disorder,Chronic Inflammatory Demyelinating Polyneuropathy,Phase 4,PROMIS SLEEP DISTURBANCE SCORE,1,1,100.0000,24
Neurological disorder,Chronic Inflammatory Demyelinating Polyneuropathy,Phase 4,SF12 HEALTH COMPOSITE SCORES,1,1,100.0000,25
Disorder of the genitourinary system,Chronic Kidney Disease,Phase 1,MAXIMUM PLASMA CONCENTRATION,12,22,54.5455,1
Disorder of the genitourinary system,Chronic Kidney Disease,Phase 1,AUC FROM 0 TO INFINITY,6,22,27.2727,4
Disorder of the genitourinary system,Chronic Kidney Disease,Phase 1,TIME TO MAXIMUM CONCENTRATION,6,22,27.2727,5
Disorder of the genitourinary system,Chronic Kidney Disease,Phase 1,AREA UNDER THE CONCENTRATION-TIME CURVE,5,22,22.7273,6
Disorder of the genitourinary system,Chronic Kidney Disease,Phase 1,NUMBER OF PARTICIPANTS WITH ADVERSE EVENTS,5,22,22.7273,10
Disorder of the genitourinary system,Chronic Kidney Disease,Phase 1,APPARENT VOLUME OF DISTRIBUTION,4,22,18.1818,12
Disorder of the genitourinary system,Chronic Kidney Disease,Phase 1,NUMBER OF PARTICIPANTS WITH SERIOUS ADVERSE EVENTS,4,22,18.1818,18
Disorder of the genitourinary system,Chronic Kidney Disease,Phase 2,CHANGE IN EGFR,8,74,10.8108,0
Disorder of the genitourinary system,Chronic Kidney Disease,Phase 2,CHANGE IN BLOOD PRESSURE,5,74,6.7568,7
Disorder of the genitourinary system,Chronic Kidney Disease,Phase 2,CHANGE IN SYSTOLIC BLOOD PRESSURE,5,74,6.7568,8
Disorder of the genitourinary system,Chronic Kidney Disease,Phase 2,CHANGE IN BODY WEIGHT,4,74,5.4054,13
Disorder of the genitourinary system,Chronic Kidney Disease,Phase 2,CHANGE IN DIASTOLIC BLOOD PRESSURE,4,74,5.4054,15
Disorder of the genitourinary system,Chronic Kidney Disease,Phase 2,CHANGE IN HEMOGLOBIN,3,74,4.0541,2
Disorder of the genitourinary system,Chronic Kidney Disease,Phase 2,GLOMERULAR FILTRATION RATE,3,74,4.0541,20
Disorder of the genitourinary system,Chronic Kidney Disease,Phase 3,NUMBER OF PARTICIPANTS WITH TREATMENT-EMERGENT ADVERSE EVENTS,8,65,12.3077,3
Disorder of the genitourinary system,Chronic Kidney Disease,Phase 3,CHANGE IN HEMOGLOBIN,6,65,9.2308,2
Disorder of the genitourinary system,Chronic Kidney Disease,Phase 3,MEAN CHANGE IN HEMOGLOBIN,5,65,7.6923,9
Disorder of the genitourinary system,Chronic Kidney Disease,Phase 3,ALL-CAUSE MORTALITY,4,65,6.1538,11
Disorder of the genitourinary system,Chronic Kidney Disease,Phase 3,CHANGE IN FERRITIN,4,65,6.1538,16
Disorder of the genitourinary system,Chronic Kidney Disease,Phase 3,CHANGE IN SERUM PHOSPHORUS,4,65,6.1538,17
Disorder of the genitourinary system,Chronic Kidney Disease,Phase 3,PROPORTION OF PARTICIPANTS RECEIVING RBC TRANSFUSIONS,4,65,6.1538,19
Disorder of the genitourinary system,Chronic Kidney Disease,Phase 4,CHANGE IN CREATININE,4,42,9.5238,14
Disorder of the genitourinary system,Chronic Kidney Disease,Phase 4,CHANGE IN EGFR,4,42,9.5238,0
Disorder of the genitourinary system,Chronic Kidney Disease,Phase 4,CHANGE IN FMD,2,42,4.7619,21
Disorder of the genitourinary system,Chronic Kidney Disease,Phase 4,CHANGE IN HEMOGLOBIN,2,42,4.7619,2
Disorder of the genitourinary system,Chronic Kidney Disease,Phase 4,PERCENT CHANGE IN SERUM PHOSPHORUS,2,42,4.7619,22
Disorder of the genitourinary system,Chronic Kidney Disease,Phase 4,24 HOUR PROTEINURIA,1,42,2.3810,23
Disorder of the genitourinary system,Chronic Kidney Disease,Phase 4,24-HOUR URINE CREATININE EXCRETION RATE,1,42,2.3810,24
Neoplastic disease,Chronic Lymphocytic Leukemia,Phase 1,OBJECTIVE RESPONSE RATE,9,15,60.0000,0
Neoplastic disease,Chronic Lymphocytic Leukemia,Phase 1,MAXIMUM PLASMA CONCENTRATION,4,15,26.6667,9
Neoplastic disease,Chronic Lymphocytic Leukemia,Phase 1,PROGRESSION-FREE SURVIVAL,4,15,26.6667,1
Neoplastic disease,Chronic Lymphocytic Leukemia,Phase 1,TIME TO MAXIMUM CONCENTRATION,4,15,26.6667,10
Neoplastic disease,Chronic Lymphocytic Leukemia,Phase 1,MAXIMUM TOLERATED DOSE,3,15,20.0000,11
Neoplastic disease,Chronic Lymphocytic Leukemia,Phase 1,DOSE-LIMITING TOXICITIES,2,15,13.3333,13
Neoplastic disease,Chronic Lymphocytic Leukemia,Phase 1,NUMBER OF PARTICIPANTS WITH ADVERSE EVENTS,2,15,13.3333,14
Neoplastic disease,Chronic Lymphocytic Leukemia,Phase 2,OBJECTIVE RESPONSE RATE,74,108,68.5185,0
Neoplastic disease,Chronic Lymphocytic Leukemia,Phase 2,PROGRESSION-FREE SURVIVAL,44,108,40.7407,1
Neoplastic disease,Chronic Lymphocytic Leukemia,Phase 2,OVERALL SURVIVAL,32,108,29.6296,2
Neoplastic disease,Chronic Lymphocytic Leukemia,Phase 2,COMPLETE RESPONSE RATE,22,108,20.3704,4
Neoplastic disease,Chronic Lymphocytic Leukemia,Phase 2,DURATION OF RESPONSE,18,108,16.6667,3
Neoplastic disease,Chronic Lymphocytic Leukemia,Phase 2,TIME TO PROGRESSION,9,108,8.3333,7
Neoplastic disease,Chronic Lymphocytic Leukemia,Phase 2,COMPLETE RESPONSE,8,108,7.4074,8
Neoplastic disease,Chronic Lymphocytic Leukemia,Phase 3,PROGRESSION-FREE SURVIVAL,34,38,89.4737,1
Neoplastic disease,Chronic Lymphocytic Leukemia,Phase 3,OBJECTIVE RESPONSE RATE,32,38,84.2105,0
Neoplastic disease,Chronic Lymphocytic Leukemia,Phase 3,OVERALL SURVIVAL,28,38,73.6842,2
Neoplastic disease,Chronic Lymphocytic Leukemia,Phase 3,DURATION OF RESPONSE,20,38,52.6316,3
Neoplastic disease,Chronic Lymphocytic Leukemia,Phase 3,COMPLETE RESPONSE RATE,10,38,26.3158,4
Neoplastic disease,Chronic Lymphocytic Leukemia,Phase 3,MINIMAL RESIDUAL DISEASE NEGATIVITY,10,38,26.3158,5
Neoplastic disease,Chronic Lymphocytic Leukemia,Phase 3,EVENT-FREE SURVIVAL,6,38,15.7895,6
Neoplastic disease,Chronic Lymphocytic Leukemia,Phase 4,DURATION OF RESPONSE,3,3,100.0000,3
Neoplastic disease,Chronic Lymphocytic Leukemia,Phase 4,EVENT-FREE SURVIVAL,3,3,100.0000,6
Neoplastic disease,Chronic Lymphocytic Leukemia,Phase 4,OVERALL SURVIVAL,3,3,100.0000,2
Neoplastic disease,Chronic Lymphocytic Leukemia,Phase 4,PROGRESSION-FREE SURVIVAL,3,3,100.0000,1
Neoplastic disease,Chronic Lymphocytic Leukemia,Phase 4,COMPLETE REMISSION,2,3,66.6667,12
Neoplastic disease,Chronic Lymphocytic Leukemia,Phase 4,PERCENTAGE OF PARTICIPANTS WITH ADVERSE EVENTS,2,3,66.6667,15
Neoplastic disease,Chronic Lymphocytic Leukemia,Phase 4,PERCENTAGE OF PARTICIPANTS WITH DISEASE PROGRESSION,2,3,66.6667,16
Neoplastic disease,Chronic Myeloid Leukemia,Phase 1,OVERALL SURVIVAL,6,16,37.5000,0
Neoplastic disease,Chronic Myeloid Leukemia,Phase 1,MAXIMUM PLASMA CONCENTRATION,5,16,31.2500,10
Neoplastic disease,Chronic Myeloid Leukemia,Phase 1,HALF-LIFE,3,16,18.7500,11
Neoplastic disease,Chronic Myeloid Leukemia,Phase 1,MAXIMUM TOLERATED DOSE,3,16,18.7500,12
Neoplastic disease,Chronic Myeloid Leukemia,Phase 1,OBJECTIVE RESPONSE RATE,3,16,18.7500,2
Neoplastic disease,Chronic Myeloid Leukemia,Phase 1,PROGRESSION-FREE SURVIVAL,3,16,18.7500,1
Neoplastic disease,Chronic Myeloid Leukemia,Phase 1,AREA UNDER THE CONCENTRATION-TIME CURVE,2,16,12.5000,14
Neoplastic disease,Chronic Myeloid Leukemia,Phase 2,OVERALL SURVIVAL,85,234,36.3248,0
Neoplastic disease,Chronic Myeloid Leukemia,Phase 2,OBJECTIVE RESPONSE RATE,46,234,19.6581,2
Neoplastic disease,Chronic Myeloid Leukemia,Phase 2,PROGRESSION-FREE SURVIVAL,34,234,14.5299,1
Neoplastic disease,Chronic Myeloid Leukemia,Phase 2,DISEASE-FREE SURVIVAL,24,234,10.2564,3
Neoplastic disease,Chronic Myeloid Leukemia,Phase 2,DURATION OF RESPONSE,21,234,8.9744,4
Neoplastic disease,Chronic Myeloid Leukemia,Phase 2,COMPLETE RESPONSE RATE,17,234,7.2650,5
Neoplastic disease,Chronic Myeloid Leukemia,Phase 2,COMPLETE REMISSION,14,234,5.9829,6
Neoplastic disease,Chronic Myeloid Leukemia,Phase 3,OVERALL SURVIVAL,27,45,60.0000,0
Neoplastic disease,Chronic Myeloid Leukemia,Phase 3,PROGRESSION-FREE SURVIVAL,19,45,42.2222,1
Neoplastic disease,Chronic Myeloid Leukemia,Phase 3,EVENT-FREE SURVIVAL,10,45,22.2222,7
Neoplastic disease,Chronic Myeloid Leukemia,Phase 3,DURATION OF RESPONSE,7,45,15.5556,4
Neoplastic disease,Chronic Myeloid Leukemia,Phase 3,MAJOR MOLECULAR RESPONSE RATE,7,45,15.5556,9
Neoplastic disease,Chronic Myeloid Leukemia,Phase 3,PERCENTAGE OF PARTICIPANTS WITH MAJOR MOLECULAR RESPONSE,7,45,15.5556,8
Neoplastic disease,Chronic Myeloid Leukemia,Phase 3,DISEASE-FREE SURVIVAL,6,45,13.3333,3
Neoplastic disease,Chronic Myeloid Leukemia,Phase 4,EVENT-FREE SURVIVAL,3,12,25.0000,7
Neoplastic disease,Chronic Myeloid Leukemia,Phase 4,NUMBER OF PARTICIPANTS WITH ADVERSE EVENTS,3,12,25.0000,13
Neoplastic disease,Chronic Myeloid Leukemia,Phase 4,OVERALL SURVIVAL,3,12,25.0000,0
Neoplastic disease,Chronic Myeloid Leukemia,Phase 4,PROGRESSION-FREE SURVIVAL,3,12,25.0000,1
Neoplastic disease,Chronic Myeloid Leukemia,Phase 4,MAJOR CYTOGENETIC RESPONSE,2,12,16.6667,15
Neoplastic disease,Chronic Myeloid Leukemia,Phase 4,PERCENTAGE OF PARTICIPANTS WITH COMPLETE CYTOGENETIC RESPONSE,2,12,16.6667,16
Neoplastic disease,Chronic Myeloid Leukemia,Phase 4,PERCENTAGE OF PARTICIPANTS WITH MAJOR MOLECULAR RESPONSE,2,12,16.6667,8
Respiratory disease,Chronic Obstructive Pulmonary Disease,Phase 1,MAXIMUM PLASMA CONCENTRATION,23,32,71.8750,3
Respiratory disease,Chronic Obstructive Pulmonary Disease,Phase 1,TIME TO MAXIMUM CONCENTRATION,22,32,68.7500,5
Respiratory disease,Chronic Obstructive Pulmonary Disease,Phase 1,AUC FROM 0 TO INFINITY,16,32,50.0000,9
Respiratory disease,Chronic Obstructive Pulmonary Disease,Phase 1,NUMBER OF PARTICIPANTS WITH ADVERSE EVENTS,11,32,34.3750,4
Respiratory disease,Chronic Obstructive Pulmonary Disease,Phase 1,AREA UNDER THE CONCENTRATION-TIME CURVE,10,32,31.2500,11
Respiratory disease,Chronic Obstructive Pulmonary Disease,Phase 1,AUC FROM 0 TO LAST MEASURABLE CONCENTRATION,7,32,21.8750,12
Respiratory disease,Chronic Obstructive Pulmonary Disease,Phase 1,VOLUME OF DISTRIBUTION,6,32,18.7500,15
Respiratory disease,Chronic Obstructive Pulmonary Disease,Phase 2,MAXIMUM PLASMA CONCENTRATION,33,177,18.6441,3
Respiratory disease,Chronic Obstructive Pulmonary Disease,Phase 2,CHANGE FROM BASELINE IN FEV1,26,177,14.6893,1
Respiratory disease,Chronic Obstructive Pulmonary Disease,Phase 2,TIME TO MAXIMUM CONCENTRATION,26,177,14.6893,5
Respiratory disease,Chronic Obstructive Pulmonary Disease,Phase 2,NUMBER OF PARTICIPANTS WITH ADVERSE EVENTS,25,177,14.1243,4
Respiratory disease,Chronic Obstructive Pulmonary Disease,Phase 2,CHANGE FROM BASELINE IN TROUGH FEV1,24,177,13.5593,0
Respiratory disease,Chronic Obstructive Pulmonary Disease,Phase 2,CHANGE IN FEV1,14,177,7.9096,7
Respiratory disease,Chronic Obstructive Pulmonary Disease,Phase 2,CHANGE IN SGRQ SCORE,14,177,7.9096,2
Respiratory disease,Chronic Obstructive Pulmonary Disease,Phase 3,CHANGE IN SGRQ SCORE,53,255,20.7843,2
Respiratory disease,Chronic Obstructive Pulmonary Disease,Phase 3,CHANGE FROM BASELINE IN TROUGH FEV1,49,255,19.2157,0
Respiratory disease,Chronic Obstructive Pulmonary Disease,Phase 3,CHANGE FROM BASELINE IN FEV1,36,255,14.1176,1
Respiratory disease,Chronic Obstructive Pulmonary Disease,Phase 3,TROUGH FEV1,31,255,12.1569,6
Respiratory disease,Chronic Obstructive Pulmonary Disease,Phase 3,TROUGH FEV1 RESPONSE,17,255,6.6667,8
Respiratory disease,Chronic Obstructive Pulmonary Disease,Phase 3,NUMBER OF PARTICIPANTS WITH ADVERSE EVENTS,16,255,6.2745,4
Respiratory disease,Chronic Obstructive Pulmonary Disease,Phase 3,TROUGH FVC RESPONSE,13,255,5.0980,10
Respiratory disease,Chronic Obstructive Pulmonary Disease,Phase 4,CHANGE FROM BASELINE IN TROUGH FEV1,14,133,10.5263,0
Respiratory disease,Chronic Obstructive Pulmonary Disease,Phase 4,CHANGE FROM BASELINE IN FEV1,12,133,9.0226,1
Respiratory disease,Chronic Obstructive Pulmonary Disease,Phase 4,CHANGE IN FEV1,9,133,6.7669,7
Respiratory disease,Chronic Obstructive Pulmonary Disease,Phase 4,CHANGE IN SGRQ SCORE,7,133,5.2632,2
Respiratory disease,Chronic Obstructive Pulmonary Disease,Phase 4,TROUGH FEV1,7,133,5.2632,6
Respiratory disease,Chronic Obstructive Pulmonary Disease,Phase 4,CHANGE IN DYSPNEA SCORE,6,133,4.5113,13
Respiratory disease,Chronic Obstructive Pulmonary Disease,Phase 4,CHANGE IN FORCED VITAL CAPACITY,6,133,4.5113,14
Neurological disorder,Chronic Pain,Phase 1,AUC FROM 0 TO INFINITY,5,7,71.4286,5
Neurological disorder,Chronic Pain,Phase 1,AUCT OF OXYCODONE,3,7,42.8571,9
Neurological disorder,Chronic Pain,Phase 1,CMAX OF OXYCODONE,3,7,42.8571,10
Neurological disorder,Chronic Pain,Phase 1,NUMBER OF ADVERSE EVENTS,3,7,42.8571,11
Neurological disorder,Chronic Pain,Phase 1,NUMBER OF AES RELATED TO ECGS,3,7,42.8571,12
Neurological disorder,Chronic Pain,Phase 1,NUMBER OF LAB TESTS WITH CLINICAL SIGNIFICANCE,3,7,42.8571,13
Neurological disorder,Chronic Pain,Phase 1,AUC FROM 0 TO LAST MEASURABLE CONCENTRATION,2,7,28.5714,15
Neurological disorder,Chronic Pain,Phase 2,CHANGE IN PAIN SCORE,5,20,25.0000,0
Neurological disorder,Chronic Pain,Phase 2,PAIN RESPONSE RATE,2,20,10.0000,19
Neurological disorder,Chronic Pain,Phase 2,50% REDUCTION IN OPIOID DAILY DOSE,1,20,5.0000,20
Neurological disorder,Chronic Pain,Phase 2,BPI TOTAL SCORE,1,20,5.0000,21
Neurological disorder,Chronic Pain,Phase 2,BRIEF PAIN INVENTORY INTERFERENCE SCORE,1,20,5.0000,22
Neurological disorder,Chronic Pain,Phase 2,CHANGE IN AVERAGE PAIN INTENSITY,1,20,5.0000,23
Neurological disorder,Chronic Pain,Phase 2,CHANGE IN BPI SCORE,1,20,5.0000,6
Neurological disorder,Chronic Pain,Phase 3,NUMBER OF PARTICIPANTS WITH ADVERSE EVENTS,7,32,21.8750,3
Neurological disorder,Chronic Pain,Phase 3,PATIENT GLOBAL IMPRESSION OF CHANGE,7,32,21.8750,1
Neurological disorder,Chronic Pain,Phase 3,CHANGE IN SF-36 SCORE,6,32,18.7500,4
Neurological disorder,Chronic Pain,Phase 3,CHANGE IN NRS PAIN SCORE,5,32,15.6250,2
Neurological disorder,Chronic Pain,Phase 3,CHANGE IN BPI SCORE,4,32,12.5000,6
Neurological disorder,Chronic Pain,Phase 3,CHANGE IN EQ-5D SCORE,4,32,12.5000,7
Neurological disorder,Chronic Pain,Phase 3,CLINICIAN GLOBAL IMPRESSION OF CHANGE,4,32,12.5000,8
Neurological disorder,Chronic Pain,Phase 4,CHANGE IN PAIN SCORE,5,33,15.1515,0
Neurological disorder,Chronic Pain,Phase 4,CHANGE IN NRS PAIN SCORE,4,33,12.1212,2
Neurological disorder,Chronic Pain,Phase 4,PATIENT GLOBAL IMPRESSION OF CHANGE,3,33,9.0909,1
Neurological disorder,Chronic Pain,Phase 4,PATIENT SATISFACTION,3,33,9.0909,14
Neurological disorder,Chronic Pain,Phase 4,CHANGE IN VAS PAIN SCORE,2,33,6.0606,16
Neurological disorder,Chronic Pain,Phase 4,COWS SCORE,2,33,6.0606,17
Neurological disorder,Chronic Pain,Phase 4,LENGTH OF HOSPITAL STAY,2,33,6.0606,18
Disorder of digestive system,Chronic Pancreatitis,Phase 1,MAXIMUM PLASMA CONCENTRATION,3,12,25.0000,7
Disorder of digestive system,Chronic Pancreatitis,Phase 1,AREA UNDER THE CONCENTRATION-TIME CURVE,2,12,16.6667,12
Disorder of digestive system,Chronic Pancreatitis,Phase 1,PERCENTAGE OF PARTICIPANTS WITH TREATMENT-EMERGENT ADVERSE EVENTS,2,12,16.6667,15
Disorder of digestive system,Chronic Pancreatitis,Phase 1,TIME TO MAXIMUM CONCENTRATION,2,12,16.6667,16
Disorder of digestive system,Chronic Pancreatitis,Phase 1,AREA UNDER THE CURVE (AUCTAU),1,12,8.3333,21
Disorder of digestive system,Chronic Pancreatitis,Phase 1,AUC 0-T OF PRELADENANT,1,12,8.3333,22
Disorder of digestive system,Chronic Pancreatitis,Phase 1,AUC 0-T OF SCH 434748,1,12,8.3333,23
Disorder of digestive system,Chronic Pancreatitis,Phase 2,CHANGE IN PRURITUS SCORE,7,67,10.4478,1
Disorder of digestive system,Chronic Pancreatitis,Phase 2,COEFFICIENT OF FAT ABSORPTION,6,67,8.9552,3
Disorder of digestive system,Chronic Pancreatitis,Phase 2,CHANGE IN BILIRUBIN,5,67,7.4627,4
Disorder of digestive system,Chronic Pancreatitis,Phase 2,CHANGE IN ALT,4,67,5.9701,2
Disorder of digestive system,Chronic Pancreatitis,Phase 2,COEFFICIENT OF NITROGEN ABSORPTION,4,67,5.9701,5
Disorder of digestive system,Chronic Pancreatitis,Phase 2,NUMBER OF PARTICIPANTS WITH ADVERSE EVENTS,4,67,5.9701,0
Disorder of digestive system,Chronic Pancreatitis,Phase 2,CHANGE IN AST,3,67,4.4776,6
Disorder of digestive system,Chronic Pancreatitis,Phase 3,NUMBER OF PARTICIPANTS WITH ADVERSE EVENTS,4,39,10.2564,0
Disorder of digestive system,Chronic Pancreatitis,Phase 3,CHANGE IN ALT,3,39,7.6923,2
Disorder of digestive system,Chronic Pancreatitis,Phase 3,CHANGE IN PRURITUS SCORE,3,39,7.6923,1
Disorder of digestive system,Chronic Pancreatitis,Phase 3,1-LEVEL COMPOSITE RESPONDERS OF THE TARGET BUTTOCK,2,39,5.1282,8
Disorder of digestive system,Chronic Pancreatitis,Phase 3,1-LEVEL PR-PCSS RESPONDERS,2,39,5.1282,9
Disorder of digestive system,Chronic Pancreatitis,Phase 3,1-LEVEL S-GAIS RESPONDERS,2,39,5.1282,10
Disorder of digestive system,Chronic Pancreatitis,Phase 3,1-LEVEL SSRS RESPONDER,2,39,5.1282,11
Disorder of digestive system,Chronic Pancreatitis,Phase 4,NUMBER OF PARTICIPANTS WITH ADVERSE EVENTS,4,29,13.7931,0
Disorder of digestive system,Chronic Pancreatitis,Phase 4,BIOCHEMICAL RESPONSE,2,29,6.8966,13
Disorder of digestive system,Chronic Pancreatitis,Phase 4,BLEEDING ON PROBING,2,29,6.8966,14
Disorder of digestive system,Chronic Pancreatitis,Phase 4,ABSENCE OF SEVERE HYPOGLYCEMIA,1,29,3.4483,17
Disorder of digestive system,Chronic Pancreatitis,Phase 4,ABSOLUTE CHANGE IN ALKALINE PHOSPHATASE,1,29,3.4483,18
Disorder of digestive system,Chronic Pancreatitis,Phase 4,ABSOLUTE CHANGE IN ALT,1,29,3.4483,19
Disorder of digestive system,Chronic Pancreatitis,Phase 4,ACRMAX,1,29,3.4483,20
Disorder of skin,Chronic Urticaria,Phase 1,MAXIMUM PLASMA CONCENTRATION,4,7,57.1429,8
Disorder of skin,Chronic Urticaria,Phase 1,TIME TO MAXIMUM CONCENTRATION,4,7,57.1429,10
Disorder of skin,Chronic Urticaria,Phase 1,AREA UNDER THE CONCENTRATION-TIME CURVE,2,7,28.5714,14
Disorder of skin,Chronic Urticaria,Phase 1,AUC FROM 0 TO INFINITY,2,7,28.5714,15
Disorder of skin,Chronic Urticaria,Phase 1,TOTAL BODY CLEARANCE,2,7,28.5714,16
Disorder of skin,Chronic Urticaria,Phase 1,APPARENT VOLUME OF DISTRIBUTION,1,7,14.2857,19
Disorder of skin,Chronic Urticaria,Phase 1,AUC (0-24) OF GSK2646264,1,7,14.2857,20
Disorder of skin,Chronic Urticaria,Phase 2,CHANGE IN DLQI SCORE,5,47,10.6383,1
Disorder of skin,Chronic Urticaria,Phase 2,CHANGE IN PRURITUS SCORE,5,47,10.6383,4
Disorder of skin,Chronic Urticaria,Phase 2,NUMBER OF PARTICIPANTS WITH TREATMENT-EMERGENT ADVERSE EVENTS,5,47,10.6383,0
Disorder of skin,Chronic Urticaria,Phase 2,CHANGE IN ITCH SEVERITY SCORE,4,47,8.5106,2
Disorder of skin,Chronic Urticaria,Phase 2,PLASMA DRUG CONCENTRATION,4,47,8.5106,9
Disorder of skin,Chronic Urticaria,Phase 2,CHANGE FROM BASELINE IN URTICARIA ACTIVITY SCORE (UAS7),3,47,6.3830,11
Disorder of skin,Chronic Urticaria,Phase 2,CHANGE IN UAS7 SCORE,3,47,6.3830,12
Disorder of skin,Chronic Urticaria,Phase 3,NUMBER OF PARTICIPANTS WITH TREATMENT-EMERGENT ADVERSE EVENTS,15,65,23.0769,0
Disorder of skin,Chronic Urticaria,Phase 3,CHANGE IN DLQI SCORE,13,65,20.0000,1
Disorder of skin,Chronic Urticaria,Phase 3,CHANGE IN ITCH SEVERITY SCORE,8,65,12.3077,2
Disorder of skin,Chronic Urticaria,Phase 3,NUMBER OF PARTICIPANTS WITH ADVERSE EVENTS,7,65,10.7692,3
Disorder of skin,Chronic Urticaria,Phase 3,PERCENTAGE OF ANGIOEDEMA-FREE DAYS,5,65,7.6923,5
Disorder of skin,Chronic Urticaria,Phase 3,PERCENTAGE OF COMPLETE RESPONDERS,5,65,7.6923,6
Disorder of skin,Chronic Urticaria,Phase 3,TIME TO ONSET OF SYMPTOM RELIEF,5,65,7.6923,7
Disorder of skin,Chronic Urticaria,Phase 4,PRURITUS SCORE,3,16,18.7500,13
Disorder of skin,Chronic Urticaria,Phase 4,7-DAY ANGIOEDEMA ACTIVITY SCORE,1,16,6.2500,17
Disorder of skin,Chronic Urticaria,Phase 4,ANGIOEDEMA ACTIVITY SCORE,1,16,6.2500,18
Disorder of skin,Chronic Urticaria,Phase 4,AVERAGE ANGIOEDEMA ATTACK RATE,1,16,6.2500,21
Disorder of skin,Chronic Urticaria,Phase 4,CHANGE IN BASOPHIL PROTEOME,1,16,6.2500,22
Disorder of skin,Chronic Urticaria,Phase 4,CHANGE IN DLQI SCORE,1,16,6.2500,1
Disorder of skin,Chronic Urticaria,Phase 4,CHANGE IN DURATION OF IAE EPISODES,1,16,6.2500,23
Disorder of digestive system,Cirrhosis,Phase 1,MAXIMUM PLASMA CONCENTRATION,37,52,71.1538,0
Disorder of digestive system,Cirrhosis,Phase 1,AUC FROM 0 TO INFINITY,25,52,48.0769,1
Disorder of digestive system,Cirrhosis,Phase 1,TIME TO MAXIMUM CONCENTRATION,17,52,32.6923,2
Disorder of digestive system,Cirrhosis,Phase 1,AREA UNDER THE CONCENTRATION-TIME CURVE,12,52,23.0769,3
Disorder of digestive system,Cirrhosis,Phase 1,AUC FROM 0 TO LAST MEASURABLE CONCENTRATION,11,52,21.1538,4
Disorder of digestive system,Cirrhosis,Phase 1,APPARENT VOLUME OF DISTRIBUTION,9,52,17.3077,6
Disorder of digestive system,Cirrhosis,Phase 1,NUMBER OF PARTICIPANTS WITH TREATMENT-EMERGENT ADVERSE EVENTS,9,52,17.3077,7
Disorder of digestive system,Cirrhosis,Phase 2,CHANGE IN MELD SCORE,8,39,20.5128,5
Disorder of digestive system,Cirrhosis,Phase 2,CHANGE IN ALT,6,39,15.3846,8
Disorder of digestive system,Cirrhosis,Phase 2,CHANGE IN AST,4,39,10.2564,10
Disorder of digestive system,Cirrhosis,Phase 2,NUMBER OF PARTICIPANTS WITH ADVERSE EVENTS,4,39,10.2564,11
Disorder of digestive system,Cirrhosis,Phase 2,CHANGE IN ALBUMIN,3,39,7.6923,9
Disorder of digestive system,Cirrhosis,Phase 2,CHANGE IN BILIRUBIN,3,39,7.6923,12
Disorder of digestive system,Cirrhosis,Phase 2,LENGTH OF HOSPITAL STAY,3,39,7.6923,14
Disorder of digestive system,Cirrhosis,Phase 3,CHANGE IN BODY WEIGHT,3,11,27.2727,13
Disorder of digestive system,Cirrhosis,Phase 3,1-YEAR SURVIVAL RATE,1,11,9.0909,17
Disorder of digestive system,Cirrhosis,Phase 3,3-MONTH SURVIVAL RATE,1,11,9.0909,18
Disorder of digestive system,Cirrhosis,Phase 3,ALL-CAUSE MORTALITY,1,11,9.0909,19
Disorder of digestive system,Cirrhosis,Phase 3,APPARENT PORTAL CLEARANCE,1,11,9.0909,20
Disorder of digestive system,Cirrhosis,Phase 3,ASCITES VOLUME,1,11,9.0909,21
Disorder of digestive system,Cirrhosis,Phase 3,CHANGE IN ASCITES VOLUME,1,11,9.0909,22
Disorder of digestive system,Cirrhosis,Phase 4,MAXIMUM PLASMA CONCENTRATION,4,14,28.5714,0
Disorder of digestive system,Cirrhosis,Phase 4,TIME TO MAXIMUM CONCENTRATION,4,14,28.5714,2
Disorder of digestive system,Cirrhosis,Phase 4,CHANGE IN ALBUMIN,2,14,14.2857,9
Disorder of digestive system,Cirrhosis,Phase 4,CHANGE IN ALT,2,14,14.2857,8
Disorder of digestive system,Cirrhosis,Phase 4,CHANGE IN CHILD-PUGH SCORE,2,14,14.2857,15
Disorder of digestive system,Cirrhosis,Phase 4,CHANGE IN DIRECT BILIRUBIN,2,14,14.2857,16
Disorder of digestive system,Cirrhosis,Phase 4,CHANGE IN MELD SCORE,2,14,14.2857,5
Infection,Clostridium Difficile Infection,Phase 1,NUMBER OF PARTICIPANTS REPORTING TREATMENT-EMERGENT ADVERSE EVENTS,3,13,23.0769,8
Infection,Clostridium Difficile Infection,Phase 1,IGG ANTIBODY RESPONSE,2,13,15.3846,15
Infection,Clostridium Difficile Infection,Phase 1,IMMUNE RESPONSE RATE,2,13,15.3846,16
Infection,Clostridium Difficile Infection,Phase 1,SEROCONVERSION RATE,2,13,15.3846,17
Infection,Clostridium Difficile Infection,Phase 1,ANTI-CPS IGG ASC RESPONSE,1,13,7.6923,20
Infection,Clostridium Difficile Infection,Phase 1,ANTIGEN-SPECIFIC IGA GEOMETRIC MEAN TITERS,1,13,7.6923,21
Infection,Clostridium Difficile Infection,Phase 1,CLEARANCE OF ANTIBIOTIC RESISTANT BACTERIA,1,13,7.6923,26
Infection,Clostridium Difficile Infection,Phase 2,NUMBER OF PARTICIPANTS WITH TREATMENT-EMERGENT ADVERSE EVENTS,4,41,9.7561,3
Infection,Clostridium Difficile Infection,Phase 2,ALL-CAUSE MORTALITY,3,41,7.3171,1
Infection,Clostridium Difficile Infection,Phase 2,CHANGE IN SF-36 SCORE,3,41,7.3171,5
Infection,Clostridium Difficile Infection,Phase 2,PLASMA DRUG CONCENTRATION,3,41,7.3171,10
Infection,Clostridium Difficile Infection,Phase 2,TIME TO RESOLUTION OF DIARRHEA,3,41,7.3171,11
Infection,Clostridium Difficile Infection,Phase 2,ALL-CAUSE MORTALITY AT 60-DAYS,2,41,4.8780,12
Infection,Clostridium Difficile Infection,Phase 2,BACTEREMIA,2,41,4.8780,13
Infection,Clostridium Difficile Infection,Phase 3,SUSTAINED CLINICAL RESPONSE,8,32,25.0000,0
Infection,Clostridium Difficile Infection,Phase 3,CURE RATE,4,32,12.5000,2
Infection,Clostridium Difficile Infection,Phase 3,PERCENTAGE OF PARTICIPANTS WITH ADVERSE EVENTS,4,32,12.5000,4
Infection,Clostridium Difficile Infection,Phase 3,CLINICAL CURE RATE,3,32,9.3750,6
Infection,Clostridium Difficile Infection,Phase 3,GLOBAL CURE RATE,3,32,9.3750,7
Infection,Clostridium Difficile Infection,Phase 3,PERCENTAGE OF PARTICIPANTS WITH CDI RECURRENCE,3,32,9.3750,9
Infection,Clostridium Difficile Infection,Phase 3,CDI RECURRENCE,2,32,6.2500,14
Infection,Clostridium Difficile Infection,Phase 4,12 MONTH KAPLAN-MEIER ESTIMATE OF MAJOR OR MINOR CIED INFECTION,1,10,10.0000,18
Infection,Clostridium Difficile Infection,Phase 4,30-DAY MORTALITY,1,10,10.0000,19
Infection,Clostridium Difficile Infection,Phase 4,ALL-CAUSE MORTALITY,1,10,10.0000,1
Infection,Clostridium Difficile Infection,Phase 4,C DIFFICILE INFECTION RATE,1,10,10.0000,22
Infection,Clostridium Difficile Infection,Phase 4,C. DIFFICILE SHEDDING,1,10,10.0000,23
Infection,Clostridium Difficile Infection,Phase 4,C. DIFFICILE SPORE REDUCTION,1,10,10.0000,24
Infection,Clostridium Difficile Infection,Phase 4,C. DIFFICILE VEGETATIVE CELL REDUCTION,1,10,10.0000,25
Neoplastic disease,Colorectal Cancer,Phase 1,OBJECTIVE RESPONSE RATE,12,30,40.0000,0
Neoplastic disease,Colorectal Cancer,Phase 1,MAXIMUM PLASMA CONCENTRATION,6,30,20.0000,8
Neoplastic disease,Colorectal Cancer,Phase 1,NUMBER OF PARTICIPANTS WITH ADVERSE EVENTS,5,30,16.6667,4
Neoplastic disease,Colorectal Cancer,Phase 1,PROGRESSION-FREE SURVIVAL,5,30,16.6667,2
Neoplastic disease,Colorectal Cancer,Phase 1,AUC FROM 0 TO INFINITY,4,30,13.3333,9
Neoplastic disease,Colorectal Cancer,Phase 1,MAXIMUM TOLERATED DOSE,4,30,13.3333,10
Neoplastic disease,Colorectal Cancer,Phase 1,OVERALL SURVIVAL,3,30,10.0000,1
Neoplastic disease,Colorectal Cancer,Phase 2,OBJECTIVE RESPONSE RATE,116,221,52.4887,0
Neoplastic disease,Colorectal Cancer,Phase 2,OVERALL SURVIVAL,114,221,51.5837,1
Neoplastic disease,Colorectal Cancer,Phase 2,PROGRESSION-FREE SURVIVAL,106,221,47.9638,2
Neoplastic disease,Colorectal Cancer,Phase 2,DISEASE CONTROL RATE,29,221,13.1222,5
Neoplastic disease,Colorectal Cancer,Phase 2,DURATION OF RESPONSE,28,221,12.6697,3
Neoplastic disease,Colorectal Cancer,Phase 2,NUMBER OF PARTICIPANTS WITH ADVERSE EVENTS,26,221,11.7647,4
Neoplastic disease,Colorectal Cancer,Phase 2,TIME TO PROGRESSION,20,221,9.0498,6
Neoplastic disease,Colorectal Cancer,Phase 3,OVERALL SURVIVAL,35,64,54.6875,1
Neoplastic disease,Colorectal Cancer,Phase 3,PROGRESSION-FREE SURVIVAL,30,64,46.8750,2
Neoplastic disease,Colorectal Cancer,Phase 3,OBJECTIVE RESPONSE RATE,25,64,39.0625,0
Neoplastic disease,Colorectal Cancer,Phase 3,DURATION OF RESPONSE,12,64,18.7500,3
Neoplastic disease,Colorectal Cancer,Phase 3,DISEASE-FREE SURVIVAL,8,64,12.5000,7
Neoplastic disease,Colorectal Cancer,Phase 3,DISEASE CONTROL RATE,6,64,9.3750,5
Neoplastic disease,Colorectal Cancer,Phase 3,NUMBER OF PARTICIPANTS WITH ADVERSE EVENTS,6,64,9.3750,4
Neoplastic disease,Colorectal Cancer,Phase 4,OBJECTIVE RESPONSE RATE,4,19,21.0526,0
Neoplastic disease,Colorectal Cancer,Phase 4,PROGRESSION-FREE SURVIVAL,4,19,21.0526,2
Neoplastic disease,Colorectal Cancer,Phase 4,OVERALL SURVIVAL,2,19,10.5263,1
Neoplastic disease,Colorectal Cancer,Phase 4,ADENOMA DETECTION RATE,1,19,5.2632,11
Neoplastic disease,Colorectal Cancer,Phase 4,ADEQUATE DISTAL MARGINS,1,19,5.2632,12
Neoplastic disease,Colorectal Cancer,Phase 4,AQOL-8D GLOBAL UTILITY SCORE,1,19,5.2632,13
Neoplastic disease,Colorectal Cancer,Phase 4,AVERAGE INTRAOPERATIVE CO2 GAP,1,19,5.2632,14
Disorder of immune function,Common Variable Immunodeficiency,Phase 1,APPARENT CLEARANCE,1,2,50.0000,6
Disorder of immune function,Common Variable Immunodeficiency,Phase 1,APPARENT VOLUME OF DISTRIBUTION,1,2,50.0000,7
Disorder of immune function,Common Variable Immunodeficiency,Phase 1,AUC FROM 0 TO INFINITY,1,2,50.0000,8
Disorder of immune function,Common Variable Immunodeficiency,Phase 1,AUCLAST OF SCOPOLAMINE HBT,1,2,50.0000,9
Disorder of immune function,Common Variable Immunodeficiency,Phase 1,CMAX OF SCOPOLAMINE HBT,1,2,50.0000,22
Disorder of immune function,Common Variable Immunodeficiency,Phase 1,DEVELOPMENT OF RENAL CALCULI,1,2,50.0000,23
Disorder of immune function,Common Variable Immunodeficiency,Phase 1,HALF-LIFE,1,2,50.0000,24
Disorder of immune function,Common Variable Immunodeficiency,Phase 2,28-DAY CURE RATE,1,9,11.1111,0
Disorder of immune function,Common Variable Immunodeficiency,Phase 2,CAUSE SPECIFIC SURVIVAL,1,9,11.1111,15
Disorder of immune function,Common Variable Immunodeficiency,Phase 2,CHANGE FROM BASELINE IN SERUM CREATININE CONCENTRATION,1,9,11.1111,16
Disorder of immune function,Common Variable Immunodeficiency,Phase 2,CHANGE IN EGFR,1,9,11.1111,17
Disorder of immune function,Common Variable Immunodeficiency,Phase 2,CHANGE IN EJECTION FRACTION,1,9,11.1111,18
Disorder of immune function,Common Variable Immunodeficiency,Phase 2,CHANGE IN EXERCISE HEART RATE,1,9,11.1111,19
Disorder of immune function,Common Variable Immunodeficiency,Phase 2,CHANGE IN KI-67 LEVEL,1,9,11.1111,20
Disorder of immune function,Common Variable Immunodeficiency,Phase 3,ANNUAL RATE OF ANTIBIOTIC USE,1,2,50.0000,1
Disorder of immune function,Common Variable Immunodeficiency,Phase 3,ANNUAL RATE OF DAYS OUT OF WORK,1,2,50.0000,2
Disorder of immune function,Common Variable Immunodeficiency,Phase 3,ANNUAL RATE OF HOSPITALIZATION DUE TO INFECTIONS,1,2,50.0000,3
Disorder of immune function,Common Variable Immunodeficiency,Phase 3,ANNUAL RATE OF INFECTION EPISODES,1,2,50.0000,4
Disorder of immune function,Common Variable Immunodeficiency,Phase 3,ANNUAL RATE OF SERIOUS BACTERIAL INFECTIONS,1,2,50.0000,5
Disorder of immune function,Common Variable Immunodeficiency,Phase 3,AUC_LAST,1,2,50.0000,10
Disorder of immune function,Common Variable Immunodeficiency,Phase 3,AUCΤ OF TOTAL SERUM IGG,1,2,50.0000,11
Disorder of immune function,Common Variable Immunodeficiency,Phase 4,AVERAGE DIARRHEA DURATION,1,4,25.0000,12
Disorder of immune function,Common Variable Immunodeficiency,Phase 4,AVERAGE ILLNESS DURATION,1,4,25.0000,13
Disorder of immune function,Common Variable Immunodeficiency,Phase 4,AVERAGE VOMITING DURATION,1,4,25.0000,14
Disorder of immune function,Common Variable Immunodeficiency,Phase 4,CHANGE IN SF-36 SCORE,1,4,25.0000,21
Disorder of immune function,Common Variable Immunodeficiency,Phase 4,IGG INCREASE,1,4,25.0000,25
Disorder of immune function,Common Variable Immunodeficiency,Phase 4,NUMBER OF PATIENTS WITH ADVERSE EVENTS,1,4,25.0000,26
Disorder of immune function,Common Variable Immunodeficiency,Phase 4,NUMBER OF PATIENTS WITH CLINICALLY RELEVANT CHANGES IN LABORATORY PARAMETERS,1,4,25.0000,27
Disorder of eye,Conjunctivitis,Phase 1,BLOOD PRESSURE INCREMENT (SYSTOLIC),1,3,33.3333,11
Disorder of eye,Conjunctivitis,Phase 1,BREAKUP TIME,1,3,33.3333,12
Disorder of eye,Conjunctivitis,Phase 1,CHANGE IN TUMOR SIZE,1,3,33.3333,13
Disorder of eye,Conjunctivitis,Phase 1,HEART RATE INCREMENT,1,3,33.3333,14
Disorder of eye,Conjunctivitis,Phase 1,INCIDENCE OF CONJUNCTIVAL HYPEREMIA GRADES 3 AND 4,1,3,33.3333,15
Disorder of eye,Conjunctivitis,Phase 1,INCIDENCE OF PHARMACOLOGICAL MYDRIASIS,1,3,33.3333,16
Disorder of eye,Conjunctivitis,Phase 1,INTRAOCULAR PRESSURE,1,3,33.3333,17
Disorder of eye,Conjunctivitis,Phase 2,OCULAR ITCHING SCORE,13,36,36.1111,0
Disorder of eye,Conjunctivitis,Phase 2,CONJUNCTIVAL REDNESS,5,36,13.8889,1
Disorder of eye,Conjunctivitis,Phase 2,CILIARY REDNESS SCORE,4,36,11.1111,2
Disorder of eye,Conjunctivitis,Phase 2,CONJUNCTIVAL REDNESS SCORE,4,36,11.1111,3
Disorder of eye,Conjunctivitis,Phase 2,EPISCLERAL REDNESS SCORE,3,36,8.3333,7
Disorder of eye,Conjunctivitis,Phase 2,EAR OR PALATE PRURITUS SCORE,2,36,5.5556,9
Disorder of eye,Conjunctivitis,Phase 2,NUMBER OF ADVERSE EVENTS,2,36,5.5556,10
Disorder of eye,Conjunctivitis,Phase 3,OCULAR ITCHING SCORE,16,69,23.1884,0
Disorder of eye,Conjunctivitis,Phase 3,CONJUNCTIVAL REDNESS,8,69,11.5942,1
Disorder of eye,Conjunctivitis,Phase 3,CHEMOSIS SCORE,7,69,10.1449,4
Disorder of eye,Conjunctivitis,Phase 3,CLINICAL RESOLUTION,7,69,10.1449,6
Disorder of eye,Conjunctivitis,Phase 3,CILIARY REDNESS SCORE,6,69,8.6957,2
Disorder of eye,Conjunctivitis,Phase 3,CONJUNCTIVAL REDNESS SCORE,6,69,8.6957,3
Disorder of eye,Conjunctivitis,Phase 3,EYELID SWELLING SCORE,6,69,8.6957,5
Disorder of eye,Conjunctivitis,Phase 4,OCULAR ITCHING SCORE,6,31,19.3548,0
Disorder of eye,Conjunctivitis,Phase 4,CHANGE IN OCULAR ITCHING SCORE,3,31,9.6774,8
Disorder of eye,Conjunctivitis,Phase 4,CHEMOSIS SCORE,2,31,6.4516,4
Disorder of eye,Conjunctivitis,Phase 4,CILIARY REDNESS SCORE,2,31,6.4516,2
Disorder of eye,Conjunctivitis,Phase 4,CONJUNCTIVAL REDNESS SCORE,2,31,6.4516,3
Disorder of eye,Conjunctivitis,Phase 4,EPISCLERAL REDNESS SCORE,2,31,6.4516,7
Disorder of eye,Conjunctivitis,Phase 4,EYELID SWELLING SCORE,2,31,6.4516,5
Disorder of digestive system,Constipation,Phase 1,CHANGE IN METHANE PRODUCTION,1,2,50.0000,20
Disorder of digestive system,Constipation,Phase 1,CHANGE IN STOOL FREQUENCY,1,2,50.0000,21
Disorder of digestive system,Constipation,Phase 1,MEAN CHANGE IN BLOOD ALUMINIUM CONCENTRATIONS,1,2,50.0000,22
Disorder of digestive system,Constipation,Phase 1,MEAN CHANGE IN BLOOD ARSENIC CONCENTRATIONS,1,2,50.0000,23
Disorder of digestive system,Constipation,Phase 1,MEAN CHANGE IN BLOOD BARIUM CONCENTRATIONS,1,2,50.0000,24
Disorder of digestive system,Constipation,Phase 1,MEAN CHANGE IN BLOOD CADMIUM CONCENTRATIONS,1,2,50.0000,25
Disorder of digestive system,Constipation,Phase 1,MEAN CHANGE IN BLOOD COBALT CONCENTRATIONS,1,2,50.0000,26
Disorder of digestive system,Constipation,Phase 2,NUMBER OF PARTICIPANTS WITH ADVERSE EVENTS,4,32,12.5000,3
Disorder of digestive system,Constipation,Phase 2,CHANGE FROM BASELINE IN STOOL CONSISTENCY,3,32,9.3750,0
Disorder of digestive system,Constipation,Phase 2,TIME TO FIRST SPONTANEOUS BOWEL MOVEMENT,3,32,9.3750,9
Disorder of digestive system,Constipation,Phase 2,AUC FROM 0 TO LAST MEASURABLE CONCENTRATION,2,32,6.2500,10
Disorder of digestive system,Constipation,Phase 2,CHANGE FROM BASELINE IN ABDOMINAL BLOATING,2,32,6.2500,11
Disorder of digestive system,Constipation,Phase 2,CHANGE FROM BASELINE IN NUMBER OF COMPLETE SPONTANEOUS BOWEL MOVEMENTS,2,32,6.2500,12
Disorder of digestive system,Constipation,Phase 2,CHANGE FROM BASELINE IN NUMBER OF SPONTANEOUS BOWEL MOVEMENTS,2,32,6.2500,13
Disorder of digestive system,Constipation,Phase 3,CHANGE FROM BASELINE IN PAC-SYM SCORE,4,48,8.3333,1
Disorder of digestive system,Constipation,Phase 3,CHANGE IN STOOL CONSISTENCY,4,48,8.3333,2
Disorder of digestive system,Constipation,Phase 3,NUMBER OF PARTICIPANTS WITH TREATMENT-EMERGENT ADVERSE EVENTS,4,48,8.3333,4
Disorder of digestive system,Constipation,Phase 3,OBJECTIVE RESPONSE RATE,4,48,8.3333,5
Disorder of digestive system,Constipation,Phase 3,CHANGE FROM BASELINE IN STOOL CONSISTENCY,3,48,6.2500,0
Disorder of digestive system,Constipation,Phase 3,CHANGE IN STRAINING SCORE,3,48,6.2500,7
Disorder of digestive system,Constipation,Phase 3,MEAN DEGREE OF STRAINING SCORE,3,48,6.2500,8
Disorder of digestive system,Constipation,Phase 4,TIME TO FIRST BOWEL MOVEMENT,4,25,16.0000,6
Disorder of digestive system,Constipation,Phase 4,PATIENT PREFERENCE,2,25,8.0000,14
Disorder of digestive system,Constipation,Phase 4,STOOL CONSISTENCY,2,25,8.0000,15
Disorder of digestive system,Constipation,Phase 4,ABDOMINAL BLOATING,1,25,4.0000,16
Disorder of digestive system,Constipation,Phase 4,ABDOMINAL DISCOMFORT,1,25,4.0000,17
Disorder of digestive system,Constipation,Phase 4,ABDOMINAL DISCOMFORT SCORE,1,25,4.0000,18
Disorder of digestive system,Constipation,Phase 4,ABDOMINAL PRESSURE MEASUREMENT,1,25,4.0000,19
Situation with explicit context,Contraception,Phase 1,TIME TO MAXIMUM CONCENTRATION,4,8,50.0000,7
Situation with explicit context,Contraception,Phase 1,AREA UNDER THE CONCENTRATION-TIME CURVE,2,8,25.0000,8
Situation with explicit context,Contraception,Phase 1,MEAN AREA UNDER THE CONCENTRATION-TIME CURVE,2,8,25.0000,10
Situation with explicit context,Contraception,Phase 1,MEAN AREA UNDER THE CONCENTRATION-TIME CURVE (AUC(0-72H)),2,8,25.0000,11
Situation with explicit context,Contraception,Phase 1,MEAN AUC(0-TLAST) OF L-5-METHYL-THF,2,8,25.0000,12
Situation with explicit context,Contraception,Phase 1,MEAN MAXIMUM CONCENTRATION,2,8,25.0000,13
Situation with explicit context,Contraception,Phase 1,MEAN MAXIMUM CONCENTRATION OF L-5-METHYL-THF,2,8,25.0000,14
Situation with explicit context,Contraception,Phase 2,PEARL INDEX,2,6,33.3333,0
Situation with explicit context,Contraception,Phase 2,AREA UNDER THE CURVE OF NES AND E2,1,6,16.6667,18
Situation with explicit context,Contraception,Phase 2,BLEEDING AND SPOTTING PATTERNS,1,6,16.6667,21
Situation with explicit context,Contraception,Phase 2,BLEEDING PATTERN,1,6,16.6667,22
Situation with explicit context,Contraception,Phase 2,CERVICAL MUCUS PROTECTION DURATION,1,6,16.6667,23
Situation with explicit context,Contraception,Phase 2,CERVICAL MUCUS SCORE,1,6,16.6667,24
Situation with explicit context,Contraception,Phase 2,CHANGE FROM BASELINE IN BUN,1,6,16.6667,25
Situation with explicit context,Contraception,Phase 3,PEARL INDEX,8,41,19.5122,0
Situation with explicit context,Contraception,Phase 3,NUMBER OF IN-TREATMENT PREGNANCIES,7,41,17.0732,1
Situation with explicit context,Contraception,Phase 3,NUMBER OF PARTICIPANTS WITH ABSENCE OF WITHDRAWAL BLEEDING,6,41,14.6341,2
Situation with explicit context,Contraception,Phase 3,NUMBER OF PARTICIPANTS WITH BREAKTHROUGH BLEEDING,5,41,12.1951,3
Situation with explicit context,Contraception,Phase 3,NUMBER OF PARTICIPANTS WITH BREAKTHROUGH BLEEDING/SPOTTING,5,41,12.1951,4
Situation with explicit context,Contraception,Phase 3,NUMBER OF PARTICIPANTS WITH BREAKTHROUGH SPOTTING,5,41,12.1951,5
Situation with explicit context,Contraception,Phase 3,NUMBER OF PARTICIPANTS WITH EARLY WITHDRAWAL BLEEDING,5,41,12.1951,6
Situation with explicit context,Contraception,Phase 4,CONTINUATION RATE,2,34,5.8824,9
Situation with explicit context,Contraception,Phase 4,NUMBER OF PARTICIPANTS WITH ADVERSE EVENTS,2,34,5.8824,15
Situation with explicit context,Contraception,Phase 4,SERUM ETONOGESTREL CONCENTRATION,2,34,5.8824,16
Situation with explicit context,Contraception,Phase 4,ADHERENCE RATE,1,34,2.9412,17
Situation with explicit context,Contraception,Phase 4,AREA UNDER THE CONCENTRATION-TIME CURVE,1,34,2.9412,8
Situation with explicit context,Contraception,Phase 4,AUC 0-21 DAYS,1,34,2.9412,19
Situation with explicit context,Contraception,Phase 4,AUC 0-24 H,1,34,2.9412,20
Cardiovascular disease,Coronary Artery Disease,Phase 1,AUC FROM 0 TO LAST MEASURABLE CONCENTRATION,2,17,11.7647,18
Cardiovascular disease,Coronary Artery Disease,Phase 1,CHANGE FROM BASELINE IN MAXIMUM PLATELET AGGREGATION,2,17,11.7647,19
Cardiovascular disease,Coronary Artery Disease,Phase 1,CHANGE IN TOTAL CHOLESTEROL,2,17,11.7647,20
Cardiovascular disease,Coronary Artery Disease,Phase 1,CHANGE IN VASP PHOSPHORYLATION LEVELS,2,17,11.7647,21
Cardiovascular disease,Coronary Artery Disease,Phase 1,MAXIMUM PLASMA CONCENTRATION,2,17,11.7647,4
Cardiovascular disease,Coronary Artery Disease,Phase 1,TIME TO MAXIMUM CONCENTRATION,2,17,11.7647,3
Cardiovascular disease,Coronary Artery Disease,Phase 1,ACUTE SUCCESS,1,17,5.8824,22
Cardiovascular disease,Coronary Artery Disease,Phase 2,ALL-CAUSE MORTALITY,5,81,6.1728,0
Cardiovascular disease,Coronary Artery Disease,Phase 2,CHANGE IN EJECTION FRACTION,4,81,4.9383,5
Cardiovascular disease,Coronary Artery Disease,Phase 2,NUMBER OF PARTICIPANTS WITH ADVERSE EVENTS,4,81,4.9383,9
Cardiovascular disease,Coronary Artery Disease,Phase 2,TIME TO MAXIMUM CONCENTRATION,4,81,4.9383,3
Cardiovascular disease,Coronary Artery Disease,Phase 2,CHANGE IN LEFT VENTRICULAR EJECTION FRACTION,3,81,3.7037,12
Cardiovascular disease,Coronary Artery Disease,Phase 2,INHIBITION OF PLATELET AGGREGATION,3,81,3.7037,13
Cardiovascular disease,Coronary Artery Disease,Phase 2,MAXIMUM PLASMA CONCENTRATION,3,81,3.7037,4
Cardiovascular disease,Coronary Artery Disease,Phase 3,ALL-CAUSE MORTALITY,19,87,21.8391,0
Cardiovascular disease,Coronary Artery Disease,Phase 3,CARDIOVASCULAR MORTALITY,12,87,13.7931,1
Cardiovascular disease,Coronary Artery Disease,Phase 3,DEFINITE + PROBABLE STENT THROMBOSIS RATE,4,87,4.5977,7
Cardiovascular disease,Coronary Artery Disease,Phase 3,MAJOR ADVERSE CARDIAC EVENTS,3,87,3.4483,14
Cardiovascular disease,Coronary Artery Disease,Phase 3,PERCENT CHANGE IN LDL CHOLESTEROL,3,87,3.4483,15
Cardiovascular disease,Coronary Artery Disease,Phase 3,TARGET LESION FAILURE,3,87,3.4483,16
Cardiovascular disease,Coronary Artery Disease,Phase 3,TARGET LESION REVASCULARIZATION,3,87,3.4483,17
Cardiovascular disease,Coronary Artery Disease,Phase 4,PLATELET REACTIVITY,6,111,5.4054,2
Cardiovascular disease,Coronary Artery Disease,Phase 4,ALL-CAUSE MORTALITY,4,111,3.6036,0
Cardiovascular disease,Coronary Artery Disease,Phase 4,CHANGE IN LDL CHOLESTEROL,4,111,3.6036,6
Cardiovascular disease,Coronary Artery Disease,Phase 4,IN-STENT LATE LOSS,4,111,3.6036,8
Cardiovascular disease,Coronary Artery Disease,Phase 4,ADJUDICATED STENT THROMBOSIS,3,111,2.7027,10
Cardiovascular disease,Coronary Artery Disease,Phase 4,CARDIOVASCULAR MORTALITY,3,111,2.7027,1
Cardiovascular disease,Coronary Artery Disease,Phase 4,CHANGE IN BODY WEIGHT,3,111,2.7027,11
Situation with explicit context,Critical Illness,Phase 1,AUC FROM 0 TO INFINITY,1,1,100.0000,8
Situation with explicit context,Critical Illness,Phase 1,AUC FROM 0 TO LAST MEASURABLE CONCENTRATION,1,1,100.0000,9
Situation with explicit context,Critical Illness,Phase 1,AUC FROM THE TIME OF THE DOSE TO INFINITY,1,1,100.0000,10
Situation with explicit context,Critical Illness,Phase 1,AUC0-LAST,1,1,100.0000,11
Situation with explicit context,Critical Illness,Phase 1,CLAST OF CEFTOLOZANE/TAZOBACTAM,1,1,100.0000,18
Situation with explicit context,Critical Illness,Phase 1,CLEARANCE OF CEFTOLOZANE/TAZOBACTAM,1,1,100.0000,19
Situation with explicit context,Critical Illness,Phase 1,ELF TO PLASMA RATIO OF CEFTOLOZANE AND TAZOBACTAM,1,1,100.0000,24
Situation with explicit context,Critical Illness,Phase 2,28-DAY MORTALITY,1,6,16.6667,2
Situation with explicit context,Critical Illness,Phase 2,ALL-CAUSE MORTALITY,1,6,16.6667,0
Situation with explicit context,Critical Illness,Phase 2,APPLIED COGNITION,1,6,16.6667,7
Situation with explicit context,Critical Illness,Phase 2,BRADYCARDIA,1,6,16.6667,14
Situation with explicit context,Critical Illness,Phase 2,CHANGE IN CENTRAL VENOUS OXYGEN SATURATION,1,6,16.6667,15
Situation with explicit context,Critical Illness,Phase 2,CHANGE IN MOCA SCORE,1,6,16.6667,16
Situation with explicit context,Critical Illness,Phase 2,CHANGE IN VO2,1,6,16.6667,17
Situation with explicit context,Critical Illness,Phase 3,ICU MORTALITY,3,6,50.0000,1
Situation with explicit context,Critical Illness,Phase 3,DURATION OF ICU STAY,2,6,33.3333,3
Situation with explicit context,Critical Illness,Phase 3,28-DAY MORTALITY,1,6,16.6667,2
Situation with explicit context,Critical Illness,Phase 3,6 MONTH MORTALITY,1,6,16.6667,4
Situation with explicit context,Critical Illness,Phase 3,ALL-CAUSE MORTALITY,1,6,16.6667,0
Situation with explicit context,Critical Illness,Phase 3,ANTIBIOTIC FREE DAYS,1,6,16.6667,6
Situation with explicit context,Critical Illness,Phase 3,AVERAGE INOTROPIC SUPPORT INFUSION RATE,1,6,16.6667,12
Situation with explicit context,Critical Illness,Phase 4,6-MONTH SURVIVAL,1,4,25.0000,5
Situation with explicit context,Critical Illness,Phase 4,ALL-CAUSE MORTALITY,1,4,25.0000,0
Situation with explicit context,Critical Illness,Phase 4,BLOOD PRESSURE MONITORING,1,4,25.0000,13
Situation with explicit context,Critical Illness,Phase 4,CLINICALLY SIGNIFICANT HYPOTENSION,1,4,25.0000,20
Situation with explicit context,Critical Illness,Phase 4,DAPTOMYCIN CLEARANCE,1,4,25.0000,21
Situation with explicit context,Critical Illness,Phase 4,DAPTOMYCIN DOSE ACTUALLY ADMINISTERED,1,4,25.0000,22
Situation with explicit context,Critical Illness,Phase 4,DAPTOMYCIN FREE FRACTION,1,4,25.0000,23
Disorder of digestive system,Crohn's Disease,Phase 1,ANTI-DRUG ANTIBODIES,1,5,20.0000,13
Disorder of digestive system,Crohn's Disease,Phase 1,AREA UNDER THE CONCENTRATION-TIME CURVE (AUCΤ),1,5,20.0000,14
Disorder of digestive system,Crohn's Disease,Phase 1,CHANGE FROM BASELINE IN GENERAL WELL-BEING,1,5,20.0000,17
Disorder of digestive system,Crohn's Disease,Phase 1,CHANGE FROM BASELINE IN IBD-Q SCORE,1,5,20.0000,18
Disorder of digestive system,Crohn's Disease,Phase 1,CHANGE FROM BASELINE IN SES-CD SCORE,1,5,20.0000,19
Disorder of digestive system,Crohn's Disease,Phase 1,CHANGE IN CDAI SCORE,1,5,20.0000,1
Disorder of digestive system,Crohn's Disease,Phase 1,CHANGE IN DAILY STOOL FREQUENCY,1,5,20.0000,20
Disorder of digestive system,Crohn's Disease,Phase 2,CHANGE IN CDAI SCORE,18,63,28.5714,1
Disorder of digestive system,Crohn's Disease,Phase 2,CLINICAL REMISSION,16,63,25.3968,0
Disorder of digestive system,Crohn's Disease,Phase 2,NUMBER OF PARTICIPANTS WITH TREATMENT-EMERGENT ADVERSE EVENTS,10,63,15.8730,5
Disorder of digestive system,Crohn's Disease,Phase 2,ENDOSCOPIC REMISSION,8,63,12.6984,2
Disorder of digestive system,Crohn's Disease,Phase 2,CHANGE IN CRP,7,63,11.1111,4
Disorder of digestive system,Crohn's Disease,Phase 2,NUMBER OF PARTICIPANTS WITH ADVERSE EVENTS,6,63,9.5238,10
Disorder of digestive system,Crohn's Disease,Phase 2,CDAI SCORE,5,63,7.9365,9
Disorder of digestive system,Crohn's Disease,Phase 3,CLINICAL REMISSION,44,86,51.1628,0
Disorder of digestive system,Crohn's Disease,Phase 3,CHANGE IN CDAI SCORE,16,86,18.6047,1
Disorder of digestive system,Crohn's Disease,Phase 3,ENDOSCOPIC RESPONSE,16,86,18.6047,3
Disorder of digestive system,Crohn's Disease,Phase 3,ENDOSCOPIC REMISSION,14,86,16.2791,2
Disorder of digestive system,Crohn's Disease,Phase 3,PERCENTAGE OF PARTICIPANTS WITH CLINICAL REMISSION,10,86,11.6279,6
Disorder of digestive system,Crohn's Disease,Phase 3,CHANGE FROM BASELINE IN IBDQ TOTAL SCORE,9,86,10.4651,7
Disorder of digestive system,Crohn's Disease,Phase 3,CORTICOSTEROID-FREE CLINICAL REMISSION,8,86,9.3023,8
Disorder of digestive system,Crohn's Disease,Phase 4,CHANGE IN CRP,4,15,26.6667,4
Disorder of digestive system,Crohn's Disease,Phase 4,CLINICAL REMISSION,3,15,20.0000,0
Disorder of digestive system,Crohn's Disease,Phase 4,ENDOSCOPIC RECURRENCE,2,15,13.3333,11
Disorder of digestive system,Crohn's Disease,Phase 4,ACCEPTABILITY OF VAXCHORA,1,15,6.6667,12
Disorder of digestive system,Crohn's Disease,Phase 4,CDAI SCORE,1,15,6.6667,9
Disorder of digestive system,Crohn's Disease,Phase 4,CHANGE FROM BASELINE IN ANALYTIC MARKERS OF INFLAMMATION,1,15,6.6667,15
Disorder of digestive system,Crohn's Disease,Phase 4,CHANGE FROM BASELINE IN FECAL CALPROTECTIN CONCENTRATIONS,1,15,6.6667,16
Disorder of endocrine system,Cushing's Syndrome,Phase 1,17-HYDROXYPROGESTERONE LEVELS,1,3,33.3333,11
Disorder of endocrine system,Cushing's Syndrome,Phase 1,17-OHP AUC,1,3,33.3333,12
Disorder of endocrine system,Cushing's Syndrome,Phase 1,AUC FOR ANDROSTENEDIONE,1,3,33.3333,16
Disorder of endocrine system,Cushing's Syndrome,Phase 1,AUC FOR C-PEPTIDE LEVELS,1,3,33.3333,17
Disorder of endocrine system,Cushing's Syndrome,Phase 1,AUC FOR INSULIN LEVELS,1,3,33.3333,18
Disorder of endocrine system,Cushing's Syndrome,Phase 1,AUC FOR PLASMA GLUCOSE,1,3,33.3333,19
Disorder of endocrine system,Cushing's Syndrome,Phase 1,CORTISOL AUC,1,3,33.3333,22
Disorder of endocrine system,Cushing's Syndrome,Phase 2,CHANGE IN BODY WEIGHT,2,24,8.3333,0
Disorder of endocrine system,Cushing's Syndrome,Phase 2,CHANGE IN HEMOGLOBIN A1C,2,24,8.3333,1
Disorder of endocrine system,Cushing's Syndrome,Phase 2,INCIDENCE OF TREATMENT-EMERGENT ADVERSE EVENTS,2,24,8.3333,7
Disorder of endocrine system,Cushing's Syndrome,Phase 2,NUMBER OF PARTICIPANTS WITH ADVERSE EVENTS,2,24,8.3333,4
Disorder of endocrine system,Cushing's Syndrome,Phase 2,OBJECTIVE RESPONSE RATE,2,24,8.3333,8
Disorder of endocrine system,Cushing's Syndrome,Phase 2,PERCENT CHANGE IN ACTH,2,24,8.3333,9
Disorder of endocrine system,Cushing's Syndrome,Phase 2,PERCENT CHANGE IN ANDROSTENEDIONE,2,24,8.3333,10
Disorder of endocrine system,Cushing's Syndrome,Phase 3,CHANGE IN BODY WEIGHT,6,20,30.0000,0
Disorder of endocrine system,Cushing's Syndrome,Phase 3,CHANGE IN HEMOGLOBIN A1C,6,20,30.0000,1
Disorder of endocrine system,Cushing's Syndrome,Phase 3,CHANGE IN WAIST CIRCUMFERENCE,6,20,30.0000,2
Disorder of endocrine system,Cushing's Syndrome,Phase 3,CHANGE IN BONE MINERAL DENSITY,5,20,25.0000,3
Disorder of endocrine system,Cushing's Syndrome,Phase 3,CHANGE IN BODY MASS INDEX,4,20,20.0000,5
Disorder of endocrine system,Cushing's Syndrome,Phase 3,CHANGE IN BLOOD PRESSURE,3,20,15.0000,6
Disorder of endocrine system,Cushing's Syndrome,Phase 3,NUMBER OF PARTICIPANTS WITH ADVERSE EVENTS,3,20,15.0000,4
Disorder of endocrine system,Cushing's Syndrome,Phase 4,CHANGE IN BODY WEIGHT,2,7,28.5714,0
Disorder of endocrine system,Cushing's Syndrome,Phase 4,CHANGE IN HEMOGLOBIN A1C,2,7,28.5714,1
Disorder of endocrine system,Cushing's Syndrome,Phase 4,24 HOUR URINE FREE CORTISOL LEVEL,1,7,14.2857,13
Disorder of endocrine system,Cushing's Syndrome,Phase 4,ABSOLUTE CHANGE IN FASTING PLASMA GLUCOSE,1,7,14.2857,14
Disorder of endocrine system,Cushing's Syndrome,Phase 4,ABSOLUTE CHANGE IN HEMOGLOBIN A1C,1,7,14.2857,15
Disorder of endocrine system,Cushing's Syndrome,Phase 4,BECK'S DEPRESSION SCALE,1,7,14.2857,20
Disorder of endocrine system,Cushing's Syndrome,Phase 4,CHANGE IN 24 HOUR URINE FREE CORTISOL LEVEL,1,7,14.2857,21
Respiratory disease,Cystic Fibrosis,Phase 1,MAXIMUM PLASMA CONCENTRATION,3,13,23.0769,9
Respiratory disease,Cystic Fibrosis,Phase 1,AUC FROM 0 TO LAST MEASURABLE CONCENTRATION,2,13,15.3846,10
Respiratory disease,Cystic Fibrosis,Phase 1,MUCOCILIARY CLEARANCE RATE,2,13,15.3846,12
Respiratory disease,Cystic Fibrosis,Phase 1,TERMINAL HALF-LIFE,2,13,15.3846,15
Respiratory disease,Cystic Fibrosis,Phase 1,VOLUME OF DISTRIBUTION,2,13,15.3846,16
Respiratory disease,Cystic Fibrosis,Phase 1,ABSOLUTE SYSTEMIC BIOAVAILABILITY,1,13,7.6923,18
Respiratory disease,Cystic Fibrosis,Phase 1,ABSORPTIVE CLEARANCE RATE,1,13,7.6923,19
Respiratory disease,Cystic Fibrosis,Phase 2,NUMBER OF PARTICIPANTS WITH ADVERSE EVENTS,12,74,16.2162,6
Respiratory disease,Cystic Fibrosis,Phase 2,ABSOLUTE CHANGE IN PERCENT PREDICTED FEV1,10,74,13.5135,3
Respiratory disease,Cystic Fibrosis,Phase 2,ABSOLUTE CHANGE IN CFQ-R RESPIRATORY DOMAIN SCORE,9,74,12.1622,1
Respiratory disease,Cystic Fibrosis,Phase 2,CHANGE IN BODY WEIGHT,9,74,12.1622,8
Respiratory disease,Cystic Fibrosis,Phase 2,NUMBER OF PARTICIPANTS WITH TREATMENT-EMERGENT ADVERSE EVENTS,8,74,10.8108,0
Respiratory disease,Cystic Fibrosis,Phase 2,ABSOLUTE CHANGE IN SWEAT CHLORIDE,7,74,9.4595,2
Respiratory disease,Cystic Fibrosis,Phase 2,CHANGE IN BODY MASS INDEX,7,74,9.4595,5
Respiratory disease,Cystic Fibrosis,Phase 3,NUMBER OF PARTICIPANTS WITH TREATMENT-EMERGENT ADVERSE EVENTS,43,98,43.8776,0
Respiratory disease,Cystic Fibrosis,Phase 3,ABSOLUTE CHANGE IN SWEAT CHLORIDE,33,98,33.6735,2
Respiratory disease,Cystic Fibrosis,Phase 3,ABSOLUTE CHANGE IN CFQ-R RESPIRATORY DOMAIN SCORE,31,98,31.6327,1
Respiratory disease,Cystic Fibrosis,Phase 3,ABSOLUTE CHANGE IN PERCENT PREDICTED FEV1,23,98,23.4694,3
Respiratory disease,Cystic Fibrosis,Phase 3,ABSOLUTE CHANGE IN BODY MASS INDEX,19,98,19.3878,4
Respiratory disease,Cystic Fibrosis,Phase 3,CHANGE IN BODY MASS INDEX,12,98,12.2449,5
Respiratory disease,Cystic Fibrosis,Phase 3,NUMBER OF PULMONARY EXACERBATIONS,11,98,11.2245,7
Respiratory disease,Cystic Fibrosis,Phase 4,CHANGE IN FEV1,2,33,6.0606,11
Respiratory disease,Cystic Fibrosis,Phase 4,NUMBER OF PARTICIPANTS WITH ADVERSE EVENTS,2,33,6.0606,6
Respiratory disease,Cystic Fibrosis,Phase 4,PEAK PLASMA CONCENTRATION,2,33,6.0606,13
Respiratory disease,Cystic Fibrosis,Phase 4,PEAK SPUTUM CONCENTRATION,2,33,6.0606,14
Respiratory disease,Cystic Fibrosis,Phase 4,ABSOLUTE CHANGE IN BODY MASS INDEX,1,33,3.0303,4
Respiratory disease,Cystic Fibrosis,Phase 4,ABSOLUTE CHANGE IN CFQ-R RESPIRATORY DOMAIN SCORE,1,33,3.0303,1
Respiratory disease,Cystic Fibrosis,Phase 4,ABSOLUTE CHANGE IN DAILY PHYSICAL ACTIVITY COUNTS,1,33,3.0303,17
Infection,Cytomegalovirus,Phase 1,MAXIMUM PLASMA CONCENTRATION,7,19,36.8421,9
Infection,Cytomegalovirus,Phase 1,NUMBER OF PARTICIPANTS WITH SERIOUS ADVERSE EVENTS,5,19,26.3158,4
Infection,Cytomegalovirus,Phase 1,NUMBER OF PARTICIPANTS WITH TREATMENT-EMERGENT ADVERSE EVENTS,5,19,26.3158,10
Infection,Cytomegalovirus,Phase 1,TIME TO MAXIMUM CONCENTRATION,5,19,26.3158,11
Infection,Cytomegalovirus,Phase 1,AUC FROM 0 TO INFINITY,4,19,21.0526,12
Infection,Cytomegalovirus,Phase 1,SEROCONVERSION RATE,4,19,21.0526,5
Infection,Cytomegalovirus,Phase 1,GEOMETRIC MEAN TITER OF NEUTRALIZING ANTIBODY,3,19,15.7895,15
Infection,Cytomegalovirus,Phase 2,SEROPROTECTION RATE,11,60,18.3333,0
Infection,Cytomegalovirus,Phase 2,NUMBER OF PARTICIPANTS WITH ADVERSE EVENTS,10,60,16.6667,1
Infection,Cytomegalovirus,Phase 2,NUMBER OF PARTICIPANTS WITH SERIOUS ADVERSE EVENTS,9,60,15.0000,4
Infection,Cytomegalovirus,Phase 2,GEOMETRIC MEAN TITER,7,60,11.6667,7
Infection,Cytomegalovirus,Phase 2,SERORESPONSE RATE,5,60,8.3333,2
Infection,Cytomegalovirus,Phase 2,GEOMETRIC MEAN HSBA TITERS,4,60,6.6667,13
Infection,Cytomegalovirus,Phase 2,GEOMETRIC MEAN TITER OF ANTIBODIES,4,60,6.6667,14
Infection,Cytomegalovirus,Phase 3,SEROPROTECTION RATE,18,70,25.7143,0
Infection,Cytomegalovirus,Phase 3,NUMBER OF PARTICIPANTS WITH ADVERSE EVENTS,14,70,20.0000,1
Infection,Cytomegalovirus,Phase 3,ANTIBODY TITER,13,70,18.5714,3
Infection,Cytomegalovirus,Phase 3,SERORESPONSE RATE,11,70,15.7143,2
Infection,Cytomegalovirus,Phase 3,GEOMETRIC MEAN TITERS,10,70,14.2857,6
Infection,Cytomegalovirus,Phase 3,SEROCONVERSION RATE,10,70,14.2857,5
Infection,Cytomegalovirus,Phase 3,IMMUNE RESPONSE RATE,7,70,10.0000,8
Infection,Cytomegalovirus,Phase 4,NUMBER OF PARTICIPANTS WITH ADVERSE EVENTS,4,12,33.3333,1
Infection,Cytomegalovirus,Phase 4,ALL-CAUSE MORTALITY,1,12,8.3333,16
Infection,Cytomegalovirus,Phase 4,ANTI-DIPHTHERIA AND ANTI-TETANUS ANTIBODY CONCENTRATIONS,1,12,8.3333,17
Infection,Cytomegalovirus,Phase 4,ANTIBODY TITER,1,12,8.3333,3
Infection,Cytomegalovirus,Phase 4,CHANGE IN FSH LEVEL,1,12,8.3333,18
Infection,Cytomegalovirus,Phase 4,CHANGE IN INHIBIN B LEVEL,1,12,8.3333,19
Infection,Cytomegalovirus,Phase 4,CHANGE IN LH LEVEL,1,12,8.3333,20
Disorder of haemostatic system,Deep Vein Thrombosis,Phase 1,APPARENT SYSTEMIC CLEARANCE (CL/F),1,3,33.3333,9
Disorder of haemostatic system,Deep Vein Thrombosis,Phase 1,APPARENT VOLUME OF DISTRIBUTION (V/F),1,3,33.3333,10
Disorder of haemostatic system,Deep Vein Thrombosis,Phase 1,MEAN ACTIVATED PARTIAL THROMBOPLASTIN TIME,1,3,33.3333,22
Disorder of haemostatic system,Deep Vein Thrombosis,Phase 1,MEAN ANTI-FACTOR XA,1,3,33.3333,23
Disorder of haemostatic system,Deep Vein Thrombosis,Phase 1,MEAN PALATABILITY SCORE,1,3,33.3333,24
Disorder of haemostatic system,Deep Vein Thrombosis,Phase 1,MEAN PROTHROMBIN TIME,1,3,33.3333,25
Disorder of haemostatic system,Deep Vein Thrombosis,Phase 1,NUMBER OF PARTICIPANTS WHO WERE DISCONTINUED DUE TO ADVERSE EVENTS,1,3,33.3333,26
Disorder of haemostatic system,Deep Vein Thrombosis,Phase 2,CHANGE IN THROMBUS PRESENCE,1,8,12.5000,15
Disorder of haemostatic system,Deep Vein Thrombosis,Phase 2,ELIMINATION OF SAPHENOUS VEIN REFLUX,1,8,12.5000,16
Disorder of haemostatic system,Deep Vein Thrombosis,Phase 2,ENDOGENOUS THROMBIN POTENTIAL,1,8,12.5000,17
Disorder of haemostatic system,Deep Vein Thrombosis,Phase 2,IMPROVEMENT IN PATIENT-REPORTED SYMPTOMS,1,8,12.5000,18
Disorder of haemostatic system,Deep Vein Thrombosis,Phase 2,IN-HOSPITAL MORTALITY,1,8,12.5000,19
Disorder of haemostatic system,Deep Vein Thrombosis,Phase 2,LENGTH OF HOSPITAL STAY,1,8,12.5000,20
Disorder of haemostatic system,Deep Vein Thrombosis,Phase 2,LENGTH OF STAY IN PEDIATRIC ICU,1,8,12.5000,21
Disorder of haemostatic system,Deep Vein Thrombosis,Phase 3,CHANGE IN QUALITY OF LIFE SCORE,4,17,23.5294,0
Disorder of haemostatic system,Deep Vein Thrombosis,Phase 3,NUMBER OF PARTICIPANTS WITH SERIOUS ADVERSE EVENTS,3,17,17.6471,2
Disorder of haemostatic system,Deep Vein Thrombosis,Phase 3,ALL-CAUSE MORTALITY,2,17,11.7647,1
Disorder of haemostatic system,Deep Vein Thrombosis,Phase 3,CHANGE IN APPEARANCE OF VARICOSE VEINS,2,17,11.7647,3
Disorder of haemostatic system,Deep Vein Thrombosis,Phase 3,CHANGE IN RUTHERFORD BECKER CLINICAL CATEGORY,2,17,11.7647,4
Disorder of haemostatic system,Deep Vein Thrombosis,Phase 3,CHANGE IN THIGH BRACHIAL INDEX,2,17,11.7647,5
Disorder of haemostatic system,Deep Vein Thrombosis,Phase 3,CHANGE IN VVSYMQ SCORE,2,17,11.7647,6
Disorder of haemostatic system,Deep Vein Thrombosis,Phase 4,14-DAY AVERAGE VAS PAIN SCORE,1,12,8.3333,7
Disorder of haemostatic system,Deep Vein Thrombosis,Phase 4,ALL-CAUSE MORTALITY,1,12,8.3333,1
Disorder of haemostatic system,Deep Vein Thrombosis,Phase 4,ALTERNATE PEAK SYSTOLIC VELOCITY RATIO,1,12,8.3333,8
Disorder of haemostatic system,Deep Vein Thrombosis,Phase 4,CHANGE FROM BASELINE IN CLAUDICATION ONSET TIME,1,12,8.3333,11
Disorder of haemostatic system,Deep Vein Thrombosis,Phase 4,CHANGE FROM BASELINE IN EXTENT OF TELANGIECTASIAS,1,12,8.3333,12
Disorder of haemostatic system,Deep Vein Thrombosis,Phase 4,CHANGE FROM BASELINE IN OURIEL SCORE,1,12,8.3333,13
Disorder of haemostatic system,Deep Vein Thrombosis,Phase 4,CHANGE FROM BASELINE IN PEAK WALKING TIME,1,12,8.3333,14
Mental illness,Delirium,Phase 1,MEMORY TEST ACCURACY,1,1,100.0000,19
Mental illness,Delirium,Phase 2,CHANGE IN ADAS-COG SCORE,3,28,10.7143,1
Mental illness,Delirium,Phase 2,CHANGE IN MMSE SCORE,3,28,10.7143,0
Mental illness,Delirium,Phase 2,CHANGE IN CDR SCORE,2,28,7.1429,4
Mental illness,Delirium,Phase 2,CHANGE IN NPI SCORE,2,28,7.1429,5
Mental illness,Delirium,Phase 2,CHANGE IN TOTAL TAU LEVELS,2,28,7.1429,6
Mental illness,Delirium,Phase 2,HIPPOCAMPAL VOLUME,2,28,7.1429,7
Mental illness,Delirium,Phase 2,NUMBER OF PARTICIPANTS WITH TREATMENT-EMERGENT ADVERSE EVENTS,2,28,7.1429,8
Mental illness,Delirium,Phase 3,28-DAY ALL-CAUSE MORTALITY,1,10,10.0000,9
Mental illness,Delirium,Phase 3,90-DAY ALL-CAUSE MORTALITY,1,10,10.0000,11
Mental illness,Delirium,Phase 3,ALL-CAUSE MORTALITY,1,10,10.0000,13
Mental illness,Delirium,Phase 3,CGI-EI SCORE,1,10,10.0000,16
Mental illness,Delirium,Phase 3,CHANGE IN ADAS-COG SCORE,1,10,10.0000,1
Mental illness,Delirium,Phase 3,CHANGE IN BARTHEL INDEX SCORE,1,10,10.0000,17
Mental illness,Delirium,Phase 3,CHANGE IN FUNCTIONAL SCORES: IADL,1,10,10.0000,18
Mental illness,Delirium,Phase 4,LENGTH OF HOSPITAL STAY,4,15,26.6667,2
Mental illness,Delirium,Phase 4,INCIDENCE OF DELIRIUM,3,15,20.0000,3
Mental illness,Delirium,Phase 4,CHANGE IN MMSE SCORE,2,15,13.3333,0
Mental illness,Delirium,Phase 4,30-DAY MORTALITY,1,15,6.6667,10
Mental illness,Delirium,Phase 4,90-DAY MORTALITY,1,15,6.6667,12
Mental illness,Delirium,Phase 4,AVERAGE DURATION OF INFUSION,1,15,6.6667,14
Mental illness,Delirium,Phase 4,AVERAGE MAXIMUM INFUSION RATE,1,15,6.6667,15
Neurological disorder,Dementia,Phase 1,STANDARD UPTAKE VALUE RATIO,2,5,40.0000,4
Neurological disorder,Dementia,Phase 1,CAREGIVERS' BURDEN SCORE,1,5,20.0000,13
Neurological disorder,Dementia,Phase 1,CAREGIVERS' DEPRESSION SCORE,1,5,20.0000,14
Neurological disorder,Dementia,Phase 1,CAREGIVERS' QUALITY OF LIFE,1,5,20.0000,15
Neurological disorder,Dementia,Phase 1,IMPORTANCE OF NAVIGATORS TO PROVIDERS,1,5,20.0000,24
Neurological disorder,Dementia,Phase 1,NEUROPSYCHIATRIC SYMPTOMS SEVERITY,1,5,20.0000,25
Neurological disorder,Dementia,Phase 1,NUMBER OF PARTICIPANTS LINKED TO CARE SERVICES,1,5,20.0000,26
Neurological disorder,Dementia,Phase 2,CHANGE IN ADAS-COG SCORE,2,15,13.3333,0
Neurological disorder,Dementia,Phase 2,CHANGE IN MOCA SCORE,2,15,13.3333,2
Neurological disorder,Dementia,Phase 2,ANIMAL FLUENCY SCORE,1,15,6.6667,5
Neurological disorder,Dementia,Phase 2,ANY TEAE LEADING TO STUDY DRUG DISCONTINUATION,1,15,6.6667,6
Neurological disorder,Dementia,Phase 2,ARCMAX OF LATOZINEMAB,1,15,6.6667,7
Neurological disorder,Dementia,Phase 2,CHANGE FROM BASELINE IN ADAS-COG13 SCORE,1,15,6.6667,17
Neurological disorder,Dementia,Phase 2,CHANGE FROM BASELINE IN CANTAB COGNITIVE ASSESSMENTS,1,15,6.6667,18
Neurological disorder,Dementia,Phase 3,CAREGIVER BURDEN,1,5,20.0000,9
Neurological disorder,Dementia,Phase 3,CAREGIVER REPORTED OVERALL PAIN SCORE,1,5,20.0000,10
Neurological disorder,Dementia,Phase 3,CAREGIVER-PERCEIVED TOTAL MUTUALITY,1,5,20.0000,11
Neurological disorder,Dementia,Phase 3,CAREGIVER-REPORTED WORST PAIN,1,5,20.0000,12
Neurological disorder,Dementia,Phase 3,CHANGE IN ACTIVITIES OF DAILY LIVING SCORE,1,5,20.0000,20
Neurological disorder,Dementia,Phase 3,CHANGE IN CLOX 1 SCORE,1,5,20.0000,22
Neurological disorder,Dementia,Phase 3,CHANGE IN CLOX 2 SCORE,1,5,20.0000,23
Neurological disorder,Dementia,Phase 4,CHANGE IN ADAS-COG SCORE,3,11,27.2727,0
Neurological disorder,Dementia,Phase 4,CHANGE IN MMSE SCORE,2,11,18.1818,1
Neurological disorder,Dementia,Phase 4,HORIZONTAL ACTION HALO DIAMETER,2,11,18.1818,3
Neurological disorder,Dementia,Phase 4,C2D6 PHENOTYPE,1,11,9.0909,8
Neurological disorder,Dementia,Phase 4,CHANGE FROM BASELINE IN ADAS-COG+ SCORE,1,11,9.0909,16
Neurological disorder,Dementia,Phase 4,CHANGE IN ACE TEST SCORE,1,11,9.0909,19
Neurological disorder,Dementia,Phase 4,CHANGE IN AMYLOID BETA 42,1,11,9.0909,21
Disorder of eye,Diabetic Macular Edema,Phase 1,NUMBER OF PARTICIPANTS WITH ADVERSE EVENTS,2,4,50.0000,13
Disorder of eye,Diabetic Macular Edema,Phase 1,AQUEOUS HUMOR LEVELS OF MP0112,1,4,25.0000,14
Disorder of eye,Diabetic Macular Edema,Phase 1,BEST-CORRECTED VISUAL ACUITY,1,4,25.0000,15
Disorder of eye,Diabetic Macular Edema,Phase 1,CHANGE FROM BASELINE IN BEST CORRECTED VISUAL ACUITY,1,4,25.0000,1
Disorder of eye,Diabetic Macular Edema,Phase 1,CHANGE FROM BASELINE IN FOVEAL THICKNESS,1,4,25.0000,16
Disorder of eye,Diabetic Macular Edema,Phase 1,CHANGE IN BLOOD PRESSURE,1,4,25.0000,17
Disorder of eye,Diabetic Macular Edema,Phase 1,CHANGE IN CONJUNCTIVAL STAINING SCORE,1,4,25.0000,18
Disorder of eye,Diabetic Macular Edema,Phase 2,MEAN CHANGE IN BEST CORRECTED VISUAL ACUITY,7,55,12.7273,0
Disorder of eye,Diabetic Macular Edema,Phase 2,CHANGE IN BCVA,5,55,9.0909,9
Disorder of eye,Diabetic Macular Edema,Phase 2,MEAN CHANGE IN CENTRAL SUBFIELD THICKNESS,5,55,9.0909,3
Disorder of eye,Diabetic Macular Edema,Phase 2,CHANGE FROM BASELINE IN BEST CORRECTED VISUAL ACUITY,4,55,7.2727,1
Disorder of eye,Diabetic Macular Edema,Phase 2,CHANGE IN BEST CORRECTED VISUAL ACUITY,4,55,7.2727,6
Disorder of eye,Diabetic Macular Edema,Phase 2,CHANGE IN CENTRAL SUBFIELD THICKNESS,3,55,5.4545,7
Disorder of eye,Diabetic Macular Edema,Phase 2,CHANGE IN VISUAL ACUITY,3,55,5.4545,2
Disorder of eye,Diabetic Macular Edema,Phase 3,MEAN CHANGE IN BEST CORRECTED VISUAL ACUITY,10,61,16.3934,0
Disorder of eye,Diabetic Macular Edema,Phase 3,CHANGE FROM BASELINE IN BCVA,9,61,14.7541,4
Disorder of eye,Diabetic Macular Edema,Phase 3,CHANGE FROM BASELINE IN CENTRAL SUBFIELD THICKNESS,9,61,14.7541,5
Disorder of eye,Diabetic Macular Edema,Phase 3,MEAN CHANGE IN BCVA,6,61,9.8361,8
Disorder of eye,Diabetic Macular Edema,Phase 3,CHANGE FROM BASELINE IN BEST CORRECTED VISUAL ACUITY,5,61,8.1967,1
Disorder of eye,Diabetic Macular Edema,Phase 3,CHANGE IN VISUAL ACUITY,5,61,8.1967,2
Disorder of eye,Diabetic Macular Edema,Phase 3,MEAN CHANGE IN CENTRAL SUBFIELD THICKNESS,5,61,8.1967,3
Disorder of eye,Diabetic Macular Edema,Phase 4,CHANGE IN CENTRAL SUBFIELD THICKNESS,3,26,11.5385,7
Disorder of eye,Diabetic Macular Edema,Phase 4,CHANGE IN VISUAL ACUITY,3,26,11.5385,2
Disorder of eye,Diabetic Macular Edema,Phase 4,CHANGE FROM BASELINE IN BEST CORRECTED VISUAL ACUITY,2,26,7.6923,1
Disorder of eye,Diabetic Macular Edema,Phase 4,CHANGE FROM BASELINE IN CENTRAL RETINAL THICKNESS,2,26,7.6923,10
Disorder of eye,Diabetic Macular Edema,Phase 4,CHANGE IN BCVA SCORE,2,26,7.6923,11
Disorder of eye,Diabetic Macular Edema,Phase 4,CHANGE IN BEST CORRECTED VISUAL ACUITY,2,26,7.6923,6
Disorder of eye,Diabetic Macular Edema,Phase 4,CHANGE IN CENTRAL MACULAR THICKNESS,2,26,7.6923,12
Disorder of endocrine system,Diabetic Nephropathy,Phase 1,AREA UNDER THE CONCENTRATION-TIME CURVE,2,4,50.0000,6
Disorder of endocrine system,Diabetic Nephropathy,Phase 1,AUCINF OF SELONSERTIB,1,4,25.0000,11
Disorder of endocrine system,Diabetic Nephropathy,Phase 1,AUCLAST OF SELONSERTIB AND GS-607509,1,4,25.0000,12
Disorder of endocrine system,Diabetic Nephropathy,Phase 1,CHANGE FROM BASELINE IN BLOOD PRESSURE,1,4,25.0000,14
Disorder of endocrine system,Diabetic Nephropathy,Phase 1,CHANGE FROM BASELINE IN SERUM POTASSIUM,1,4,25.0000,15
Disorder of endocrine system,Diabetic Nephropathy,Phase 1,CHANGE FROM BASELINE IN SITTING PULSE RATE,1,4,25.0000,16
Disorder of endocrine system,Diabetic Nephropathy,Phase 1,CMAX OF SELONSERTIB,1,4,25.0000,22
Disorder of endocrine system,Diabetic Nephropathy,Phase 2,CHANGE IN EGFR,8,23,34.7826,0
Disorder of endocrine system,Diabetic Nephropathy,Phase 2,CHANGE IN HEMOGLOBIN A1C,5,23,21.7391,1
Disorder of endocrine system,Diabetic Nephropathy,Phase 2,NUMBER OF PARTICIPANTS WITH TREATMENT-EMERGENT ADVERSE EVENTS,3,23,13.0435,4
Disorder of endocrine system,Diabetic Nephropathy,Phase 2,PLASMA DRUG CONCENTRATION,3,23,13.0435,5
Disorder of endocrine system,Diabetic Nephropathy,Phase 2,CHANGE IN BLOOD PRESSURE,2,23,8.6957,2
Disorder of endocrine system,Diabetic Nephropathy,Phase 2,CHANGE IN CREATININE,2,23,8.6957,3
Disorder of endocrine system,Diabetic Nephropathy,Phase 2,CHANGE IN CREATININE CLEARANCE,2,23,8.6957,7
Disorder of endocrine system,Diabetic Nephropathy,Phase 3,AER,1,12,8.3333,8
Disorder of endocrine system,Diabetic Nephropathy,Phase 3,ALL-CAUSE HOSPITALIZATION,1,12,8.3333,9
Disorder of endocrine system,Diabetic Nephropathy,Phase 3,ALL-CAUSE MORTALITY,1,12,8.3333,10
Disorder of endocrine system,Diabetic Nephropathy,Phase 3,CARDIOVASCULAR COMPOSITE OUTCOMES,1,12,8.3333,13
Disorder of endocrine system,Diabetic Nephropathy,Phase 3,CHANGE FROM BASELINE IN UACR,1,12,8.3333,17
Disorder of endocrine system,Diabetic Nephropathy,Phase 3,CHANGE IN ALBUMINURIA,1,12,8.3333,18
Disorder of endocrine system,Diabetic Nephropathy,Phase 3,CHANGE IN CREATININE,1,12,8.3333,3
Disorder of endocrine system,Diabetic Nephropathy,Phase 4,CHANGE IN BLOOD PRESSURE,1,9,11.1111,2
Disorder of endocrine system,Diabetic Nephropathy,Phase 4,CHANGE IN HS-CRP,1,9,11.1111,19
Disorder of endocrine system,Diabetic Nephropathy,Phase 4,CHANGE IN TISSUE CONTENT OF DEOXYHEMOGLOBIN,1,9,11.1111,20
Disorder of endocrine system,Diabetic Nephropathy,Phase 4,CHANGE IN URINARY PROTEIN/CREATININE RATIO,1,9,11.1111,21
Disorder of endocrine system,Diabetic Nephropathy,Phase 4,DOUBLING OF INTERSTITIUM OR ANY ESRD,1,9,11.1111,23
Disorder of endocrine system,Diabetic Nephropathy,Phase 4,EFFECT OF ALISKIREN ON KIDNEY METABOLISM,1,9,11.1111,24
Disorder of endocrine system,Diabetic Nephropathy,Phase 4,ESTIMATED GFR,1,9,11.1111,25
Disorder of endocrine system,Diabetic Neuropathy,Phase 2,CHANGE IN NRS PAIN SCORE,19,41,46.3415,1
Disorder of endocrine system,Diabetic Neuropathy,Phase 2,PATIENT GLOBAL IMPRESSION OF CHANGE,11,41,26.8293,0
Disorder of endocrine system,Diabetic Neuropathy,Phase 2,CHANGE IN PAIN SCORE,9,41,21.9512,2
Disorder of endocrine system,Diabetic Neuropathy,Phase 2,CHANGE IN BPI SCORE,8,41,19.5122,3
Disorder of endocrine system,Diabetic Neuropathy,Phase 2,NUMBER OF PARTICIPANTS WITH TREATMENT-EMERGENT ADVERSE EVENTS,7,41,17.0732,6
Disorder of endocrine system,Diabetic Neuropathy,Phase 2,PAIN RESPONSE RATE,7,41,17.0732,4
Disorder of endocrine system,Diabetic Neuropathy,Phase 2,CHANGE IN VAS PAIN SCORE,6,41,14.6341,5
Disorder of endocrine system,Diabetic Neuropathy,Phase 3,PATIENT GLOBAL IMPRESSION OF CHANGE,14,33,42.4242,0
Disorder of endocrine system,Diabetic Neuropathy,Phase 3,CHANGE IN PAIN SCORE,11,33,33.3333,2
Disorder of endocrine system,Diabetic Neuropathy,Phase 3,CHANGE IN BPI SCORE,7,33,21.2121,3
Disorder of endocrine system,Diabetic Neuropathy,Phase 3,PAIN RESPONSE RATE,7,33,21.2121,4
Disorder of endocrine system,Diabetic Neuropathy,Phase 3,CHANGE IN NRS PAIN SCORE,5,33,15.1515,1
Disorder of endocrine system,Diabetic Neuropathy,Phase 3,CHANGE IN VAS PAIN SCORE,5,33,15.1515,5
Disorder of endocrine system,Diabetic Neuropathy,Phase 3,CHANGE IN EQ-5D SCORE,4,33,12.1212,7
Disorder of endocrine system,Diabetic Neuropathy,Phase 4,CHANGE IN PAIN SCORE,6,13,46.1538,2
Disorder of endocrine system,Diabetic Neuropathy,Phase 4,CHANGE IN BPI SCORE,4,13,30.7692,3
Disorder of endocrine system,Diabetic Neuropathy,Phase 4,CHANGE IN VAS PAIN SCORE,4,13,30.7692,5
Disorder of endocrine system,Diabetic Neuropathy,Phase 4,CHANGE IN HEART RATE,3,13,23.0769,8
Disorder of endocrine system,Diabetic Neuropathy,Phase 4,PAIN RESPONSE RATE,3,13,23.0769,4
Disorder of endocrine system,Diabetic Neuropathy,Phase 4,PATIENT GLOBAL IMPRESSION OF CHANGE,3,13,23.0769,0
Disorder of endocrine system,Diabetic Neuropathy,Phase 4,CHANGE IN NRS PAIN SCORE,2,13,15.3846,1
Disorder of eye,Diabetic Retinopathy,Phase 1,ANY ADVERSE EVENTS,1,1,100.0000,14
Disorder of eye,Diabetic Retinopathy,Phase 1,COUNT OF INFANTS WITH SERIOUS ADVERSE EVENTS,1,1,100.0000,22
Disorder of eye,Diabetic Retinopathy,Phase 1,DISTRIBUTION OF AVASTIN LEVELS,1,1,100.0000,23
Disorder of eye,Diabetic Retinopathy,Phase 1,DISTRIBUTION OF VEGF LEVELS,1,1,100.0000,24
Disorder of eye,Diabetic Retinopathy,Phase 1,NUMBER OF FELLOW EYES REQUIRING ADDITIONAL TREATMENT,1,1,100.0000,25
Disorder of eye,Diabetic Retinopathy,Phase 1,NUMBER OF INFANT DEATHS,1,1,100.0000,26
Disorder of eye,Diabetic Retinopathy,Phase 1,NUMBER OF INFANTS WITH 24-MONTH FOLLOW UP EXAM,1,1,100.0000,27
Disorder of eye,Diabetic Retinopathy,Phase 2,CHANGE FROM BASELINE IN BEST CORRECTED VISUAL ACUITY,2,22,9.0909,3
Disorder of eye,Diabetic Retinopathy,Phase 2,CHANGE FROM BASELINE IN CENTRAL SUBFIELD THICKNESS,2,22,9.0909,4
Disorder of eye,Diabetic Retinopathy,Phase 2,CHANGE IN CENTRAL SUBFIELD THICKNESS,2,22,9.0909,5
Disorder of eye,Diabetic Retinopathy,Phase 2,CHANGE IN MACULAR VOLUME,2,22,9.0909,6
Disorder of eye,Diabetic Retinopathy,Phase 2,NUMBER OF PARTICIPANTS WITH ADVERSE EVENTS,2,22,9.0909,9
Disorder of eye,Diabetic Retinopathy,Phase 2,AREA UNDER THE CURVE FOR CHANGE IN CST,1,22,4.5455,15
Disorder of eye,Diabetic Retinopathy,Phase 2,AUC FOR BCVA,1,22,4.5455,16
Disorder of eye,Diabetic Retinopathy,Phase 3,CHANGE IN VISUAL ACUITY,3,18,16.6667,1
Disorder of eye,Diabetic Retinopathy,Phase 3,SUSTAINED MODERATE VISUAL LOSS,3,18,16.6667,2
Disorder of eye,Diabetic Retinopathy,Phase 3,CHANGE IN OPTICAL COHERENCE TOMOGRAPHY CENTRAL SUBFIELD THICKNESS,2,18,11.1111,7
Disorder of eye,Diabetic Retinopathy,Phase 3,MEAN CHANGE IN VISUAL ACUITY,2,18,11.1111,8
Disorder of eye,Diabetic Retinopathy,Phase 3,PERCENTAGE OF PARTICIPANTS WITH > 10-LETTER LOSS IN BCVA,2,18,11.1111,10
Disorder of eye,Diabetic Retinopathy,Phase 3,PERCENTAGE OF PARTICIPANTS WITH A > 5-LETTER LOSS IN BCVA,2,18,11.1111,11
Disorder of eye,Diabetic Retinopathy,Phase 3,PERCENTAGE OF PARTICIPANTS WITH BCVA IMPROVEMENT,2,18,11.1111,12
Disorder of eye,Diabetic Retinopathy,Phase 4,CHANGE IN BEST CORRECTED VISUAL ACUITY,3,8,37.5000,0
Disorder of eye,Diabetic Retinopathy,Phase 4,ABSENCE OF RETINAL FLUID,1,8,12.5000,13
Disorder of eye,Diabetic Retinopathy,Phase 4,BEST CORRECTED VISUAL ACUITY CHANGE,1,8,12.5000,17
Disorder of eye,Diabetic Retinopathy,Phase 4,BEST-CORRECTED VISUAL ACUITY,1,8,12.5000,18
Disorder of eye,Diabetic Retinopathy,Phase 4,CAPILLARY PERFUSION DENSITY CHANGE,1,8,12.5000,19
Disorder of eye,Diabetic Retinopathy,Phase 4,CHANGE IN CENTRAL MACULAR THICKNESS,1,8,12.5000,20
Disorder of eye,Diabetic Retinopathy,Phase 4,CHANGE IN CENTRAL RETINAL THICKNESS,1,8,12.5000,21
Neoplastic disease,Diffuse Large B-Cell Lymphoma,Phase 1,OBJECTIVE RESPONSE RATE,13,20,65.0000,0
Neoplastic disease,Diffuse Large B-Cell Lymphoma,Phase 1,PROGRESSION-FREE SURVIVAL,13,20,65.0000,1
Neoplastic disease,Diffuse Large B-Cell Lymphoma,Phase 1,DURATION OF RESPONSE,9,20,45.0000,3
Neoplastic disease,Diffuse Large B-Cell Lymphoma,Phase 1,OVERALL SURVIVAL,9,20,45.0000,2
Neoplastic disease,Diffuse Large B-Cell Lymphoma,Phase 1,COMPLETE RESPONSE RATE,8,20,40.0000,4
Neoplastic disease,Diffuse Large B-Cell Lymphoma,Phase 1,AREA UNDER THE CONCENTRATION-TIME CURVE,6,20,30.0000,7
Neoplastic disease,Diffuse Large B-Cell Lymphoma,Phase 1,MAXIMUM PLASMA CONCENTRATION,6,20,30.0000,8
Neoplastic disease,Diffuse Large B-Cell Lymphoma,Phase 2,OBJECTIVE RESPONSE RATE,64,112,57.1429,0
Neoplastic disease,Diffuse Large B-Cell Lymphoma,Phase 2,PROGRESSION-FREE SURVIVAL,53,112,47.3214,1
Neoplastic disease,Diffuse Large B-Cell Lymphoma,Phase 2,OVERALL SURVIVAL,50,112,44.6429,2
Neoplastic disease,Diffuse Large B-Cell Lymphoma,Phase 2,DURATION OF RESPONSE,27,112,24.1071,3
Neoplastic disease,Diffuse Large B-Cell Lymphoma,Phase 2,COMPLETE RESPONSE RATE,20,112,17.8571,4
Neoplastic disease,Diffuse Large B-Cell Lymphoma,Phase 2,NUMBER OF PARTICIPANTS WITH ADVERSE EVENTS,13,112,11.6071,6
Neoplastic disease,Diffuse Large B-Cell Lymphoma,Phase 2,EVENT-FREE SURVIVAL,12,112,10.7143,5
Neoplastic disease,Diffuse Large B-Cell Lymphoma,Phase 3,OVERALL SURVIVAL,16,27,59.2593,2
Neoplastic disease,Diffuse Large B-Cell Lymphoma,Phase 3,OBJECTIVE RESPONSE RATE,14,27,51.8519,0
Neoplastic disease,Diffuse Large B-Cell Lymphoma,Phase 3,PROGRESSION-FREE SURVIVAL,12,27,44.4444,1
Neoplastic disease,Diffuse Large B-Cell Lymphoma,Phase 3,EVENT-FREE SURVIVAL,10,27,37.0370,5
Neoplastic disease,Diffuse Large B-Cell Lymphoma,Phase 3,COMPLETE RESPONSE RATE,8,27,29.6296,4
Neoplastic disease,Diffuse Large B-Cell Lymphoma,Phase 3,DURATION OF RESPONSE,6,27,22.2222,3
Neoplastic disease,Diffuse Large B-Cell Lymphoma,Phase 3,DISEASE-FREE SURVIVAL,4,27,14.8148,9
Neoplastic disease,Diffuse Large B-Cell Lymphoma,Phase 4,COST PER PATIENT OF ADMINISTERING YESCARTA,1,1,100.0000,10
Neoplastic disease,Diffuse Large B-Cell Lymphoma,Phase 4,COUNT OF RISK FACTORS FOR OUT-PATIENT ADMINISTRATION,1,1,100.0000,11
Neoplastic disease,Diffuse Large B-Cell Lymphoma,Phase 4,CYTOKINE RELEASE SYNDROME,1,1,100.0000,12
Neoplastic disease,Diffuse Large B-Cell Lymphoma,Phase 4,INCIDENCE OF STEROID ADMINISTRATION,1,1,100.0000,13
Neoplastic disease,Diffuse Large B-Cell Lymphoma,Phase 4,NUMBER OF PARTICIPANTS THAT RECEIVED YESCARTA,1,1,100.0000,14
Neoplastic disease,Diffuse Large B-Cell Lymphoma,Phase 4,PARTICIPANTS THAT REQUIRED HOSPITALIZATION,1,1,100.0000,15
Neoplastic disease,Diffuse Large B-Cell Lymphoma,Phase 4,PARTICIPANTS WITH IMMUNE EFFECTOR CELL-ASSOCIATED NEUROTOXICITY SYNDROME EVENTS,1,1,100.0000,16
Disorder of haemostatic system,Disseminated Intravascular Coagulation,Phase 1,ADJUSTED GEOMETRIC MEAN AUC (0-12) OF APIXABAN,1,4,25.0000,20
Disorder of haemostatic system,Disseminated Intravascular Coagulation,Phase 1,ADJUSTED GEOMETRIC MEAN AUC (0-24),1,4,25.0000,21
Disorder of haemostatic system,Disseminated Intravascular Coagulation,Phase 1,ADJUSTED MEAN CHANGE IN COAGULATION PARAMETERS,1,4,25.0000,22
Disorder of haemostatic system,Disseminated Intravascular Coagulation,Phase 1,ADJUSTED MEAN CHANGE IN COAGULATION PARAMETERS PT AND APTT,1,4,25.0000,23
Disorder of haemostatic system,Disseminated Intravascular Coagulation,Phase 1,ADJUSTED MEAN CHANGE IN ENDOGENOUS THROMBIN POTENTIAL,1,4,25.0000,24
Disorder of haemostatic system,Disseminated Intravascular Coagulation,Phase 1,ADJUSTED MEAN CHANGE IN INR,1,4,25.0000,25
Disorder of haemostatic system,Disseminated Intravascular Coagulation,Phase 1,ADJUSTED MEAN CHANGE IN PLASMA ANTI-XA ACTIVITY,1,4,25.0000,26
Disorder of haemostatic system,Disseminated Intravascular Coagulation,Phase 2,180 DAY FOLLOW-UP GLASGOW OUTCOME SCALE SCORE,1,7,14.2857,12
Disorder of haemostatic system,Disseminated Intravascular Coagulation,Phase 2,180 DAY FOLLOW-UP MRS SCORE,1,7,14.2857,13
Disorder of haemostatic system,Disseminated Intravascular Coagulation,Phase 2,30-DAY MORTALITY,1,7,14.2857,14
Disorder of haemostatic system,Disseminated Intravascular Coagulation,Phase 2,60-DAY SURVIVAL,1,7,14.2857,16
Disorder of haemostatic system,Disseminated Intravascular Coagulation,Phase 2,90 DAY FOLLOW-UP GLASGOW OUTCOME SCALE SCORE,1,7,14.2857,17
Disorder of haemostatic system,Disseminated Intravascular Coagulation,Phase 2,90 DAY FOLLOW-UP MRS SCORE,1,7,14.2857,18
Disorder of haemostatic system,Disseminated Intravascular Coagulation,Phase 2,90-DAY MORTALITY,1,7,14.2857,19
Disorder of haemostatic system,Disseminated Intravascular Coagulation,Phase 3,GEOMETRIC MEAN TITERS,11,34,32.3529,1
Disorder of haemostatic system,Disseminated Intravascular Coagulation,Phase 3,SEROPROTECTION RATE,9,34,26.4706,0
Disorder of haemostatic system,Disseminated Intravascular Coagulation,Phase 3,SOLICITED INJECTION SITE AND SYSTEMIC REACTIONS,7,34,20.5882,2
Disorder of haemostatic system,Disseminated Intravascular Coagulation,Phase 3,ANTIBODY TITER,5,34,14.7059,3
Disorder of haemostatic system,Disseminated Intravascular Coagulation,Phase 3,GEOMETRIC MEAN TITERS OF ANTIBODIES,5,34,14.7059,4
Disorder of haemostatic system,Disseminated Intravascular Coagulation,Phase 3,SEROCONVERSION RATE,4,34,11.7647,5
Disorder of haemostatic system,Disseminated Intravascular Coagulation,Phase 3,NUMBER OF PARTICIPANTS REPORTING INJECTION SITE OR SYSTEMIC REACTIONS,3,34,8.8235,7
Disorder of haemostatic system,Disseminated Intravascular Coagulation,Phase 4,BOOSTER RESPONSE RATE,3,21,14.2857,6
Disorder of haemostatic system,Disseminated Intravascular Coagulation,Phase 4,NUMBER OF PARTICIPANTS WITH SERIOUS ADVERSE EVENTS,3,21,14.2857,8
Disorder of haemostatic system,Disseminated Intravascular Coagulation,Phase 4,SEROPROTECTION RATE,3,21,14.2857,0
Disorder of haemostatic system,Disseminated Intravascular Coagulation,Phase 4,NUMBER OF PARTICIPANTS REPORTING UNEXPECTED ADVERSE EVENTS,2,21,9.5238,9
Disorder of haemostatic system,Disseminated Intravascular Coagulation,Phase 4,NUMBER OF SEROPOSITIVE SUBJECTS,2,21,9.5238,10
Disorder of haemostatic system,Disseminated Intravascular Coagulation,Phase 4,NUMBER OF SUBJECTS WITH UNSOLICITED ADVERSE EVENTS,2,21,9.5238,11
Disorder of haemostatic system,Disseminated Intravascular Coagulation,Phase 4,4-FOLD RISE IN ANTIBODY CONCENTRATIONS,1,21,4.7619,15
Situation with explicit context,Drug-Drug Interaction,Phase 1,MAXIMUM PLASMA CONCENTRATION,45,74,60.8108,0
Situation with explicit context,Drug-Drug Interaction,Phase 1,AUC FROM 0 TO INFINITY,29,74,39.1892,1
Situation with explicit context,Drug-Drug Interaction,Phase 1,TIME TO MAXIMUM CONCENTRATION,24,74,32.4324,2
Situation with explicit context,Drug-Drug Interaction,Phase 1,AREA UNDER THE CONCENTRATION-TIME CURVE,12,74,16.2162,3
Situation with explicit context,Drug-Drug Interaction,Phase 1,AUC FROM 0 TO LAST MEASURABLE CONCENTRATION,11,74,14.8649,4
Situation with explicit context,Drug-Drug Interaction,Phase 1,NUMBER OF PARTICIPANTS WITH ADVERSE EVENTS,7,74,9.4595,5
Situation with explicit context,Drug-Drug Interaction,Phase 1,VOLUME OF DISTRIBUTION,6,74,8.1081,6
Situation with explicit context,Drug-Drug Interaction,Phase 2,TIME TO MAXIMUM CONCENTRATION,2,11,18.1818,2
Situation with explicit context,Drug-Drug Interaction,Phase 2,24 HR SODIUM URINARY EXCRETION,1,11,9.0909,11
Situation with explicit context,Drug-Drug Interaction,Phase 2,AUC 0-24H AFTER SINGLE DOSE,1,11,9.0909,19
Situation with explicit context,Drug-Drug Interaction,Phase 2,AUC INHIBITION,1,11,9.0909,20
Situation with explicit context,Drug-Drug Interaction,Phase 2,AUC12,1,11,9.0909,21
Situation with explicit context,Drug-Drug Interaction,Phase 2,"AUC12,SS",1,11,9.0909,22
Situation with explicit context,Drug-Drug Interaction,Phase 2,"AUC12,SS OF N-OXIDE VORICONAZOLE METABOLITE",1,11,9.0909,23
Situation with explicit context,Drug-Drug Interaction,Phase 3,APPARENT CLEARANCE (CL/F),1,4,25.0000,12
Situation with explicit context,Drug-Drug Interaction,Phase 3,APPARENT TERMINAL ELIMINATION RATE CONSTANT (ΛZ),1,4,25.0000,13
Situation with explicit context,Drug-Drug Interaction,Phase 3,AUC (0-24) OF PLASMA DPP-4 ACTIVITY,1,4,25.0000,14
Situation with explicit context,Drug-Drug Interaction,Phase 3,AUC (0-48),1,4,25.0000,15
Situation with explicit context,Drug-Drug Interaction,Phase 3,AUC (0-72),1,4,25.0000,16
Situation with explicit context,Drug-Drug Interaction,Phase 3,AUC (0-72) FOR SYR-322 METABOLITES,1,4,25.0000,17
Situation with explicit context,Drug-Drug Interaction,Phase 3,AUC (0-INF),1,4,25.0000,18
Situation with explicit context,Drug-Drug Interaction,Phase 4,MAXIMUM PLASMA CONCENTRATION,8,28,28.5714,0
Situation with explicit context,Drug-Drug Interaction,Phase 4,TIME TO MAXIMUM CONCENTRATION,6,28,21.4286,2
Situation with explicit context,Drug-Drug Interaction,Phase 4,AUC FROM 0 TO INFINITY,4,28,14.2857,1
Situation with explicit context,Drug-Drug Interaction,Phase 4,PLASMA DRUG CONCENTRATION,3,28,10.7143,7
Situation with explicit context,Drug-Drug Interaction,Phase 4,TERMINAL HALF-LIFE,3,28,10.7143,8
Situation with explicit context,Drug-Drug Interaction,Phase 4,ANTIMICROBIAL EFFICACY,2,28,7.1429,9
Situation with explicit context,Drug-Drug Interaction,Phase 4,APPARENT VOLUME OF DISTRIBUTION (VZ/F),2,28,7.1429,10
Disorder of eye,Dry Eye Disease,Phase 1,CHEMOSIS,3,7,42.8571,14
Disorder of eye,Dry Eye Disease,Phase 1,CONJUNCTIVAL HYPEREMIA,3,7,42.8571,15
Disorder of eye,Dry Eye Disease,Phase 1,EPITHELIAL DEFECTS,3,7,42.8571,16
Disorder of eye,Dry Eye Disease,Phase 1,PRESENCE OF ADVERSE EVENTS,3,7,42.8571,18
Disorder of eye,Dry Eye Disease,Phase 1,BREAKUP TIME,2,7,28.5714,19
Disorder of eye,Dry Eye Disease,Phase 1,FOREIGN BODY SENSATION,2,7,28.5714,24
Disorder of eye,Dry Eye Disease,Phase 1,GOBLET CELL DENSITY,2,7,28.5714,25
Disorder of eye,Dry Eye Disease,Phase 2,OCULAR DISCOMFORT SCORE,6,71,8.4507,2
Disorder of eye,Dry Eye Disease,Phase 2,CHANGE IN OCULAR DISCOMFORT SCORE,5,71,7.0423,1
Disorder of eye,Dry Eye Disease,Phase 2,CHANGE IN SANDE SCORE,5,71,7.0423,7
Disorder of eye,Dry Eye Disease,Phase 2,TEAR FILM BREAK-UP TIME,5,71,7.0423,8
Disorder of eye,Dry Eye Disease,Phase 2,CHANGE FROM BASELINE IN SANDE SCORE,4,71,5.6338,9
Disorder of eye,Dry Eye Disease,Phase 2,CHANGE IN CORNEAL STAINING SCORE,4,71,5.6338,10
Disorder of eye,Dry Eye Disease,Phase 2,CHANGE IN EYE DRYNESS SCORE,4,71,5.6338,0
Disorder of eye,Dry Eye Disease,Phase 3,CHANGE IN EYE DRYNESS SCORE,7,58,12.0690,0
Disorder of eye,Dry Eye Disease,Phase 3,CHANGE FROM BASELINE IN OSDI SCORE,5,58,8.6207,3
Disorder of eye,Dry Eye Disease,Phase 3,CHANGE FROM BASELINE IN SCHIRMER TEST,5,58,8.6207,4
Disorder of eye,Dry Eye Disease,Phase 3,CHANGE FROM BASELINE IN TEAR BREAK-UP TIME,5,58,8.6207,5
Disorder of eye,Dry Eye Disease,Phase 3,CHANGE FROM BASELINE IN TEAR FILM BREAK-UP TIME,5,58,8.6207,6
Disorder of eye,Dry Eye Disease,Phase 3,CHANGE IN LISSAMINE GREEN CONJUNCTIVAL STAINING SCORE,4,58,6.8966,11
Disorder of eye,Dry Eye Disease,Phase 3,CHANGE IN OCULAR DISCOMFORT SCORE,4,58,6.8966,1
Disorder of eye,Dry Eye Disease,Phase 4,CHANGE IN OSDI SCORE,4,42,9.5238,12
Disorder of eye,Dry Eye Disease,Phase 4,OCULAR SURFACE DISEASE INDEX SCORE,4,42,9.5238,13
Disorder of eye,Dry Eye Disease,Phase 4,INTRAOCULAR PRESSURE,3,42,7.1429,17
Disorder of eye,Dry Eye Disease,Phase 4,CHANGE FROM BASELINE IN CONJUNCTIVAL STAINING,2,42,4.7619,20
Disorder of eye,Dry Eye Disease,Phase 4,CHANGE FROM BASELINE IN CORNEAL STAINING,2,42,4.7619,21
Disorder of eye,Dry Eye Disease,Phase 4,CHANGE FROM BASELINE IN GLOBAL OCULAR STAINING SCORE,2,42,4.7619,22
Disorder of eye,Dry Eye Disease,Phase 4,CHANGE FROM BASELINE IN INTERBLINK INTERVAL,2,42,4.7619,23
Neurological disorder,Duchenne Muscular Dystrophy,Phase 1,MAXIMUM PLASMA CONCENTRATION,5,12,41.6667,2
Neurological disorder,Duchenne Muscular Dystrophy,Phase 1,NUMBER OF PARTICIPANTS WITH ADVERSE EVENTS,4,12,33.3333,8
Neurological disorder,Duchenne Muscular Dystrophy,Phase 1,NUMBER OF PARTICIPANTS WITH TREATMENT-EMERGENT ADVERSE EVENTS,3,12,25.0000,1
Neurological disorder,Duchenne Muscular Dystrophy,Phase 1,TIME TO MAXIMUM CONCENTRATION,3,12,25.0000,11
Neurological disorder,Duchenne Muscular Dystrophy,Phase 1,AUC FROM 0 TO INFINITY,2,12,16.6667,13
Neurological disorder,Duchenne Muscular Dystrophy,Phase 1,AUC FROM 0 TO LAST MEASURABLE CONCENTRATION,2,12,16.6667,14
Neurological disorder,Duchenne Muscular Dystrophy,Phase 1,ELIMINATION HALF-LIFE,2,12,16.6667,15
Neurological disorder,Duchenne Muscular Dystrophy,Phase 2,CHANGE IN 6-MINUTE WALK DISTANCE,15,56,26.7857,0
Neurological disorder,Duchenne Muscular Dystrophy,Phase 2,NUMBER OF PARTICIPANTS WITH TREATMENT-EMERGENT ADVERSE EVENTS,14,56,25.0000,1
Neurological disorder,Duchenne Muscular Dystrophy,Phase 2,NUMBER OF PARTICIPANTS WITH TREATMENT EMERGENT ADVERSE EVENTS,6,56,10.7143,4
Neurological disorder,Duchenne Muscular Dystrophy,Phase 2,PLASMA DRUG CONCENTRATION,6,56,10.7143,5
Neurological disorder,Duchenne Muscular Dystrophy,Phase 2,MAXIMUM PLASMA CONCENTRATION,5,56,8.9286,2
Neurological disorder,Duchenne Muscular Dystrophy,Phase 2,CHANGE FROM BASELINE IN TIME TO CLIMB 4 STAIRS,4,56,7.1429,3
Neurological disorder,Duchenne Muscular Dystrophy,Phase 2,CHANGE IN HEART RATE,4,56,7.1429,7
Neurological disorder,Duchenne Muscular Dystrophy,Phase 3,CHANGE IN 6-MINUTE WALK DISTANCE,6,25,24.0000,0
Neurological disorder,Duchenne Muscular Dystrophy,Phase 3,CHANGE FROM BASELINE IN NSAA TOTAL SCORE,5,25,20.0000,6
Neurological disorder,Duchenne Muscular Dystrophy,Phase 3,CHANGE FROM BASELINE IN TIME TO CLIMB 4 STAIRS,3,25,12.0000,3
Neurological disorder,Duchenne Muscular Dystrophy,Phase 3,CHANGE FROM BASELINE IN TIME TO DESCEND 4 STAIRS,3,25,12.0000,9
Neurological disorder,Duchenne Muscular Dystrophy,Phase 3,NUMBER OF PARTICIPANTS WITH TREATMENT-EMERGENT ADVERSE EVENTS,3,25,12.0000,1
Neurological disorder,Duchenne Muscular Dystrophy,Phase 3,PERCENT REDUCTION IN CONTRACTURE,3,25,12.0000,10
Neurological disorder,Duchenne Muscular Dystrophy,Phase 3,TIME TO REACH CLINICAL SUCCESS,3,25,12.0000,12
Neurological disorder,Duchenne Muscular Dystrophy,Phase 4,CHANGE IN FVC (%-PREDICTED),1,5,20.0000,16
Neurological disorder,Duchenne Muscular Dystrophy,Phase 4,CHANGE IN HEALTH-RELATED QUALITY OF LIFE SCORE,1,5,20.0000,17
Neurological disorder,Duchenne Muscular Dystrophy,Phase 4,CHANGE IN MAXIMAL EXPIRATORY PRESSURES,1,5,20.0000,18
Neurological disorder,Duchenne Muscular Dystrophy,Phase 4,CHANGE IN MAXIMAL INSUFFLATION CAPACITY,1,5,20.0000,19
Neurological disorder,Duchenne Muscular Dystrophy,Phase 4,CHANGE IN MAXIMUM INSPIRATORY PRESSURES,1,5,20.0000,20
Neurological disorder,Duchenne Muscular Dystrophy,Phase 4,CHANGE IN PEAK COUGH FLOW DIFFERENCE,1,5,20.0000,21
Neurological disorder,Duchenne Muscular Dystrophy,Phase 4,CHANGE IN RANGE OF MOTION,1,5,20.0000,22
Mental illness,Eating Disorders,Phase 2,CHANGE IN BEHAVIORAL INHIBITION SCORE,2,12,16.6667,7
Mental illness,Eating Disorders,Phase 2,CHANGE IN BINGE EATING SCORE,2,12,16.6667,8
Mental illness,Eating Disorders,Phase 2,CHANGE IN BODY MASS INDEX,2,12,16.6667,3
Mental illness,Eating Disorders,Phase 2,CHANGE IN BODY WEIGHT,2,12,16.6667,0
Mental illness,Eating Disorders,Phase 2,CHANGE IN FASTING PLASMA GLUCOSE,2,12,16.6667,2
Mental illness,Eating Disorders,Phase 2,CHANGE IN HAM-A SCORE,2,12,16.6667,9
Mental illness,Eating Disorders,Phase 2,CHANGE IN HEMOGLOBIN A1C,2,12,16.6667,1
Mental illness,Eating Disorders,Phase 3,CHANGE IN HEMOGLOBIN A1C,12,20,60.0000,1
Mental illness,Eating Disorders,Phase 3,CHANGE IN BODY WEIGHT,11,20,55.0000,0
Mental illness,Eating Disorders,Phase 3,CHANGE IN TOTAL CHOLESTEROL,9,20,45.0000,4
Mental illness,Eating Disorders,Phase 3,CHANGE IN FASTING PLASMA GLUCOSE,8,20,40.0000,2
Mental illness,Eating Disorders,Phase 3,CHANGE IN WAIST CIRCUMFERENCE,8,20,40.0000,5
Mental illness,Eating Disorders,Phase 3,CHANGE IN BODY MASS INDEX,7,20,35.0000,3
Mental illness,Eating Disorders,Phase 3,CHANGE IN LDL CHOLESTEROL,7,20,35.0000,6
Mental illness,Eating Disorders,Phase 4,5-HT TRANSPORTER BINDING POTENTIAL,1,5,20.0000,10
Mental illness,Eating Disorders,Phase 4,BINGE EATING DAYS,1,5,20.0000,11
Mental illness,Eating Disorders,Phase 4,CHANGE IN BODY WEIGHT,1,5,20.0000,0
Mental illness,Eating Disorders,Phase 4,CHANGE IN CHILD QUALITY OF LIFE SCORE,1,5,20.0000,12
Mental illness,Eating Disorders,Phase 4,CHANGE IN GAD-7 SCORE,1,5,20.0000,13
Mental illness,Eating Disorders,Phase 4,CHANGE IN PARENT QUALITY OF LIFE,1,5,20.0000,14
Mental illness,Eating Disorders,Phase 4,CHANGE IN PARENT STRESS,1,5,20.0000,15
Clinical finding,Edema,Phase 2,CHANGE IN VAS PAIN SCORE,2,13,15.3846,2
Clinical finding,Edema,Phase 2,AESTHETIC APPEARANCE IMPROVEMENT,1,13,7.6923,10
Clinical finding,Edema,Phase 2,AESTHETIC APPEARANCE IMPROVEMENT LIKERT SCORES,1,13,7.6923,11
Clinical finding,Edema,Phase 2,AUC FROM 0 TO INFINITY,1,13,7.6923,14
Clinical finding,Edema,Phase 2,AUC [0-24],1,13,7.6923,15
Clinical finding,Edema,Phase 2,CHANGE FROM BASELINE IN POSTOPERATIVE SKIN SENSITIVITY,1,13,7.6923,17
Clinical finding,Edema,Phase 2,CHANGE IN ARM IMPEDANCE,1,13,7.6923,19
Clinical finding,Edema,Phase 3,CHANGE IN BODY WEIGHT,3,15,20.0000,0
Clinical finding,Edema,Phase 3,NUMBER OF PARTICIPANTS WITH TREATMENT EMERGENT ADVERSE EVENTS,3,15,20.0000,1
Clinical finding,Edema,Phase 3,NUMBER OF INVESTIGATOR-CONFIRMED ANGIOEDEMA ATTACKS,2,15,13.3333,3
Clinical finding,Edema,Phase 3,PLASMA DRUG CONCENTRATION,2,15,13.3333,4
Clinical finding,Edema,Phase 3,PLASMA KALLIKREIN ACTIVITY,2,15,13.3333,5
Clinical finding,Edema,Phase 3,ADHERENCE TO LYMPHEDEMA PREVENTION EXERCISES,1,15,6.6667,9
Clinical finding,Edema,Phase 3,AGREEMENT BETWEEN SELF-REPORT AND CIRCUMFERENTIAL MEASUREMENT,1,15,6.6667,12
Clinical finding,Edema,Phase 4,24-HOUR URINE OUTPUT,1,19,5.2632,6
Clinical finding,Edema,Phase 4,30-DAY MORTALITY,1,19,5.2632,7
Clinical finding,Edema,Phase 4,ACUTE KIDNEY INJURY,1,19,5.2632,8
Clinical finding,Edema,Phase 4,ATTEMPTS NEEDED TO SUCCESSFULLY PLACE SUBCUTANEOUS CATHETER/BUTTON,1,19,5.2632,13
Clinical finding,Edema,Phase 4,CHANGE FROM BASELINE IN HYDRATION STATUS,1,19,5.2632,16
Clinical finding,Edema,Phase 4,CHANGE FROM BASELINE OF VENOUS SERUM BICARBONATE,1,19,5.2632,18
Clinical finding,Edema,Phase 4,CHANGE IN BIOIMPEDANCE RATIO,1,19,5.2632,20
Disorder of the genitourinary system,End-Stage Renal Disease,Phase 1,MAXIMUM PLASMA CONCENTRATION,11,17,64.7059,0
Disorder of the genitourinary system,End-Stage Renal Disease,Phase 1,TIME TO MAXIMUM CONCENTRATION,9,17,52.9412,2
Disorder of the genitourinary system,End-Stage Renal Disease,Phase 1,AUC FROM 0 TO INFINITY,8,17,47.0588,3
Disorder of the genitourinary system,End-Stage Renal Disease,Phase 1,VOLUME OF DISTRIBUTION,5,17,29.4118,7
Disorder of the genitourinary system,End-Stage Renal Disease,Phase 1,NUMBER OF PARTICIPANTS WITH ADVERSE EVENTS,4,17,23.5294,4
Disorder of the genitourinary system,End-Stage Renal Disease,Phase 1,PLASMA DRUG CONCENTRATION,4,17,23.5294,8
Disorder of the genitourinary system,End-Stage Renal Disease,Phase 1,TIME TO MAXIMUM PLASMA CONCENTRATION,3,17,17.6471,10
Disorder of the genitourinary system,End-Stage Renal Disease,Phase 2,NUMBER OF PARTICIPANTS WITH TREATMENT-EMERGENT ADVERSE EVENTS,6,35,17.1429,6
Disorder of the genitourinary system,End-Stage Renal Disease,Phase 2,CHANGE IN HEMOGLOBIN,5,35,14.2857,1
Disorder of the genitourinary system,End-Stage Renal Disease,Phase 2,CHANGE IN ALBUMIN,4,35,11.4286,5
Disorder of the genitourinary system,End-Stage Renal Disease,Phase 2,NUMBER OF PARTICIPANTS WITH ADVERSE EVENTS,3,35,8.5714,4
Disorder of the genitourinary system,End-Stage Renal Disease,Phase 2,ANTI-DRUG ANTIBODIES,2,35,5.7143,11
Disorder of the genitourinary system,End-Stage Renal Disease,Phase 2,CHANGE IN ALT,2,35,5.7143,19
Disorder of the genitourinary system,End-Stage Renal Disease,Phase 2,CHANGE IN AST,2,35,5.7143,20
Disorder of the genitourinary system,End-Stage Renal Disease,Phase 3,CHANGE IN HEMOGLOBIN,4,28,14.2857,1
Disorder of the genitourinary system,End-Stage Renal Disease,Phase 3,AUC(0-24) FOR TACROLIMUS,2,28,7.1429,13
Disorder of the genitourinary system,End-Stage Renal Disease,Phase 3,CHANGE FROM BASELINE OF METABOLIC CONTROL,2,28,7.1429,14
Disorder of the genitourinary system,End-Stage Renal Disease,Phase 3,CHANGE FROM BASELINE OF MRI BODY COMPOSITION,2,28,7.1429,15
Disorder of the genitourinary system,End-Stage Renal Disease,Phase 3,CHANGE FROM BASELINE OF NUTRITIONAL STATUS,2,28,7.1429,16
Disorder of the genitourinary system,End-Stage Renal Disease,Phase 3,CHANGE FROM BASELINE OF PRO-INSULIN LEVELS,2,28,7.1429,17
Disorder of the genitourinary system,End-Stage Renal Disease,Phase 3,CHANGE IN ALBUMIN AND TOTAL PROTEIN,2,28,7.1429,18
Disorder of the genitourinary system,End-Stage Renal Disease,Phase 4,SUSTAINED VIROLOGIC RESPONSE,3,31,9.6774,9
Disorder of the genitourinary system,End-Stage Renal Disease,Phase 4,ANTIBODY DEVELOPMENT,2,31,6.4516,12
Disorder of the genitourinary system,End-Stage Renal Disease,Phase 4,CHANGE IN ALBUMIN,2,31,6.4516,5
Disorder of the genitourinary system,End-Stage Renal Disease,Phase 4,CHANGE IN HEMOGLOBIN A1C,2,31,6.4516,21
Disorder of the genitourinary system,End-Stage Renal Disease,Phase 4,KIDNEY FUNCTION,2,31,6.4516,22
Disorder of the genitourinary system,End-Stage Renal Disease,Phase 4,NUMBER OF PARTICIPANTS WITH GRADE 3 OR HIGHER TREATMENT-RELATED ADVERSE EVENTS,2,31,6.4516,23
Disorder of the genitourinary system,End-Stage Renal Disease,Phase 4,NUMBER OF PARTICIPANTS WITH TREATMENT EMERGENT ADVERSE EVENTS,2,31,6.4516,24
Neoplastic disease,Endometrial Cancer,Phase 1,MAXIMUM TOLERATED DOSE,4,10,40.0000,7
Neoplastic disease,Endometrial Cancer,Phase 1,OBJECTIVE RESPONSE RATE,4,10,40.0000,0
Neoplastic disease,Endometrial Cancer,Phase 1,PROGRESSION-FREE SURVIVAL,4,10,40.0000,1
Neoplastic disease,Endometrial Cancer,Phase 1,OVERALL SURVIVAL,2,10,20.0000,2
Neoplastic disease,Endometrial Cancer,Phase 1,ANY GRADE TREATMENT RELATED ADVERSE EVENTS,1,10,10.0000,12
Neoplastic disease,Endometrial Cancer,Phase 1,BEST OVERALL TUMOR RESPONSE,1,10,10.0000,13
Neoplastic disease,Endometrial Cancer,Phase 1,BEST RESPONSE RATE,1,10,10.0000,14
Neoplastic disease,Endometrial Cancer,Phase 2,OBJECTIVE RESPONSE RATE,72,150,48.0000,0
Neoplastic disease,Endometrial Cancer,Phase 2,PROGRESSION-FREE SURVIVAL,65,150,43.3333,1
Neoplastic disease,Endometrial Cancer,Phase 2,OVERALL SURVIVAL,61,150,40.6667,2
Neoplastic disease,Endometrial Cancer,Phase 2,CLINICAL BENEFIT RATE,15,150,10.0000,3
Neoplastic disease,Endometrial Cancer,Phase 2,DURATION OF RESPONSE,11,150,7.3333,4
Neoplastic disease,Endometrial Cancer,Phase 2,NUMBER OF PARTICIPANTS WITH ADVERSE EVENTS,11,150,7.3333,5
Neoplastic disease,Endometrial Cancer,Phase 2,TIME TO PROGRESSION,10,150,6.6667,6
Neoplastic disease,Endometrial Cancer,Phase 3,PROGRESSION-FREE SURVIVAL,9,22,40.9091,1
Neoplastic disease,Endometrial Cancer,Phase 3,OVERALL SURVIVAL,8,22,36.3636,2
Neoplastic disease,Endometrial Cancer,Phase 3,OBJECTIVE RESPONSE RATE,7,22,31.8182,0
Neoplastic disease,Endometrial Cancer,Phase 3,ANTI-DRUG ANTIBODIES,3,22,13.6364,8
Neoplastic disease,Endometrial Cancer,Phase 3,COMPLETE RESPONSE RATE,2,22,9.0909,9
Neoplastic disease,Endometrial Cancer,Phase 3,DISEASE-FREE SURVIVAL,2,22,9.0909,10
Neoplastic disease,Endometrial Cancer,Phase 3,NUMBER OF PARTICIPANTS WITH SERIOUS ADVERSE EVENTS,2,22,9.0909,11
Neoplastic disease,Endometrial Cancer,Phase 4,CHANGE IN NRS PAIN SCORE,1,1,100.0000,15
Neoplastic disease,Endometrial Cancer,Phase 4,CHANGE IN SF-36 SCORE,1,1,100.0000,16
Neoplastic disease,Endometrial Cancer,Phase 4,LENGTH OF HOSPITAL STAY,1,1,100.0000,17
Disorder of the genitourinary system,Endometriosis,Phase 1,AUC (0-INF) OF ALBENDAZOLE SULPHOXIDE,1,4,25.0000,15
Disorder of the genitourinary system,Endometriosis,Phase 1,AUC (0-T) OF ACTIVE METABOLITE - ALBENDAZOLE SULPHOXIDE,1,4,25.0000,16
Disorder of the genitourinary system,Endometriosis,Phase 1,AUC FROM 0 TO INFINITY,1,4,25.0000,17
Disorder of the genitourinary system,Endometriosis,Phase 1,AUC(0-T),1,4,25.0000,18
Disorder of the genitourinary system,Endometriosis,Phase 1,CHANGE IN LH PULSES,1,4,25.0000,19
Disorder of the genitourinary system,Endometriosis,Phase 1,CHANGE IN MEAN LH,1,4,25.0000,20
Disorder of the genitourinary system,Endometriosis,Phase 1,CHANGE IN MEAN LH AMPLITUDE,1,4,25.0000,21
Disorder of the genitourinary system,Endometriosis,Phase 2,CHANGE IN NRS PAIN SCORE,9,41,21.9512,0
Disorder of the genitourinary system,Endometriosis,Phase 2,CHANGE IN PAIN SCORE,7,41,17.0732,1
Disorder of the genitourinary system,Endometriosis,Phase 2,CHANGE IN DYSPAREUNIA SCORE,6,41,14.6341,3
Disorder of the genitourinary system,Endometriosis,Phase 2,CHANGE FROM BASELINE IN EHP-5 SCORE,4,41,9.7561,7
Disorder of the genitourinary system,Endometriosis,Phase 2,CHANGE IN DYSMENORRHEA SCORE,4,41,9.7561,8
Disorder of the genitourinary system,Endometriosis,Phase 2,OBJECTIVE RESPONSE RATE,4,41,9.7561,9
Disorder of the genitourinary system,Endometriosis,Phase 2,PATIENT GLOBAL IMPRESSION OF CHANGE,4,41,9.7561,2
Disorder of the genitourinary system,Endometriosis,Phase 3,PAIN RESPONSE RATE,8,39,20.5128,4
Disorder of the genitourinary system,Endometriosis,Phase 3,PATIENT GLOBAL IMPRESSION OF CHANGE,8,39,20.5128,2
Disorder of the genitourinary system,Endometriosis,Phase 3,CHANGE IN DYSPAREUNIA SCORE,5,39,12.8205,3
Disorder of the genitourinary system,Endometriosis,Phase 3,CHANGE IN NRS PAIN SCORE,5,39,12.8205,0
Disorder of the genitourinary system,Endometriosis,Phase 3,PERCENT CHANGE IN BONE MINERAL DENSITY,5,39,12.8205,6
Disorder of the genitourinary system,Endometriosis,Phase 3,CHANGE IN HEMOGLOBIN,4,39,10.2564,5
Disorder of the genitourinary system,Endometriosis,Phase 3,CHANGE IN PAIN SCORE,4,39,10.2564,1
Disorder of the genitourinary system,Endometriosis,Phase 4,CHANGE IN FERRITIN,2,29,6.8966,10
Disorder of the genitourinary system,Endometriosis,Phase 4,CHANGE IN HEMOGLOBIN,2,29,6.8966,5
Disorder of the genitourinary system,Endometriosis,Phase 4,CHANGE IN PAIN SCORE,2,29,6.8966,1
Disorder of the genitourinary system,Endometriosis,Phase 4,CHANGE IN QUALITY OF LIFE SCORE,2,29,6.8966,11
Disorder of the genitourinary system,Endometriosis,Phase 4,PATIENT SATISFACTION,2,29,6.8966,12
Disorder of the genitourinary system,Endometriosis,Phase 4,PREGNANCY RATE,2,29,6.8966,13
Disorder of the genitourinary system,Endometriosis,Phase 4,ADHESION SCORE,1,29,3.4483,14
Disorder of digestive system,Eosinophilic Esophagitis,Phase 1,AREA UNDER THE CONCENTRATION-TIME CURVE,2,4,50.0000,11
Disorder of digestive system,Eosinophilic Esophagitis,Phase 1,ACCUMULATION RATIO,1,4,25.0000,14
Disorder of digestive system,Eosinophilic Esophagitis,Phase 1,ANTIGEN-SPECIFIC NEUTRALIZING ANTIBODY GMTS,1,4,25.0000,18
Disorder of digestive system,Eosinophilic Esophagitis,Phase 1,AUC FROM 0 TO INFINITY,1,4,25.0000,19
Disorder of digestive system,Eosinophilic Esophagitis,Phase 1,AUCΤ OF METABOLITE AQ282,1,4,25.0000,20
Disorder of digestive system,Eosinophilic Esophagitis,Phase 1,AVERAGE DRUG CONCENTRATION OF VONOPRAZAN IN BREAST MILK,1,4,25.0000,21
Disorder of digestive system,Eosinophilic Esophagitis,Phase 1,DIFFERENCE IN AUC FROM 0 TO INFINITY,1,4,25.0000,23
Disorder of digestive system,Eosinophilic Esophagitis,Phase 2,NUMBER OF PARTICIPANTS WITH ADVERSE EVENTS,5,48,10.4167,2
Disorder of digestive system,Eosinophilic Esophagitis,Phase 2,SEROCONVERSION RATE,5,48,10.4167,1
Disorder of digestive system,Eosinophilic Esophagitis,Phase 2,NUMBER OF PARTICIPANTS WITH TREATMENT-EMERGENT ADVERSE EVENTS,4,48,8.3333,0
Disorder of digestive system,Eosinophilic Esophagitis,Phase 2,GEOMETRIC MEAN TITERS,3,48,6.2500,8
Disorder of digestive system,Eosinophilic Esophagitis,Phase 2,MAXIMUM PLASMA CONCENTRATION,3,48,6.2500,9
Disorder of digestive system,Eosinophilic Esophagitis,Phase 2,TIME TO MAXIMUM CONCENTRATION,3,48,6.2500,10
Disorder of digestive system,Eosinophilic Esophagitis,Phase 2,AUC FROM 0 TO LAST MEASURABLE CONCENTRATION,2,48,4.1667,12
Disorder of digestive system,Eosinophilic Esophagitis,Phase 3,NUMBER OF PARTICIPANTS WITH TREATMENT-EMERGENT ADVERSE EVENTS,12,53,22.6415,0
Disorder of digestive system,Eosinophilic Esophagitis,Phase 3,SEROCONVERSION RATE,11,53,20.7547,1
Disorder of digestive system,Eosinophilic Esophagitis,Phase 3,SEROPROTECTION RATE,7,53,13.2075,3
Disorder of digestive system,Eosinophilic Esophagitis,Phase 3,ANTI-DRUG ANTIBODIES,5,53,9.4340,4
Disorder of digestive system,Eosinophilic Esophagitis,Phase 3,CHANGE FROM BASELINE IN FEV1,4,53,7.5472,5
Disorder of digestive system,Eosinophilic Esophagitis,Phase 3,CHANGE IN ACQ SCORE,4,53,7.5472,6
Disorder of digestive system,Eosinophilic Esophagitis,Phase 3,PARTICIPANTS WITH TREATMENT-EMERGENT POTENTIALLY CLINICALLY SIGNIFICANT ABNORMAL LAB VALUES,4,53,7.5472,7
Disorder of digestive system,Eosinophilic Esophagitis,Phase 4,NUMBER OF PARTICIPANTS WITH ADVERSE EVENTS,3,22,13.6364,2
Disorder of digestive system,Eosinophilic Esophagitis,Phase 4,NUMBER OF PARTICIPANTS WITH TREATMENT-EMERGENT ADVERSE EVENTS,2,22,9.0909,0
Disorder of digestive system,Eosinophilic Esophagitis,Phase 4,PEDIATRIC EOSINOPHILIC ESOPHAGITIS SYMPTOM SCORE,2,22,9.0909,13
Disorder of digestive system,Eosinophilic Esophagitis,Phase 4,ADVERSE SYMPTOMS FROM SEDATIVE AGENTS,1,22,4.5455,15
Disorder of digestive system,Eosinophilic Esophagitis,Phase 4,ANAESTHETIST SATISFACTION,1,22,4.5455,16
Disorder of digestive system,Eosinophilic Esophagitis,Phase 4,ANNUAL EXACERBATION RATE,1,22,4.5455,17
Disorder of digestive system,Eosinophilic Esophagitis,Phase 4,AVERAGE PERCENTAGE OF SEDATION FAILURES,1,22,4.5455,22
Neurological disorder,Epilepsy,Phase 1,MAXIMUM PLASMA CONCENTRATION,17,36,47.2222,1
Neurological disorder,Epilepsy,Phase 1,AREA UNDER THE CONCENTRATION-TIME CURVE,13,36,36.1111,6
Neurological disorder,Epilepsy,Phase 1,TIME TO MAXIMUM CONCENTRATION,13,36,36.1111,3
Neurological disorder,Epilepsy,Phase 1,AUC FROM 0 TO INFINITY,4,36,11.1111,12
Neurological disorder,Epilepsy,Phase 1,AUC FROM 0 TO LAST MEASURABLE CONCENTRATION,4,36,11.1111,13
Neurological disorder,Epilepsy,Phase 1,AUC0-∞,3,36,8.3333,16
Neurological disorder,Epilepsy,Phase 1,NUMBER OF ADVERSE EVENTS,3,36,8.3333,18
Neurological disorder,Epilepsy,Phase 2,NUMBER OF PARTICIPANTS WITH TREATMENT-EMERGENT ADVERSE EVENTS,15,83,18.0723,0
Neurological disorder,Epilepsy,Phase 2,PERCENT CHANGE IN SEIZURE FREQUENCY,10,83,12.0482,2
Neurological disorder,Epilepsy,Phase 2,TIME TO MAXIMUM CONCENTRATION,10,83,12.0482,3
Neurological disorder,Epilepsy,Phase 2,MAXIMUM PLASMA CONCENTRATION,9,83,10.8434,1
Neurological disorder,Epilepsy,Phase 2,NUMBER OF PARTICIPANTS WITH ADVERSE EVENTS,8,83,9.6386,4
Neurological disorder,Epilepsy,Phase 2,SEIZURE FREQUENCY,6,83,7.2289,10
Neurological disorder,Epilepsy,Phase 2,50% RESPONDER RATE,5,83,6.0241,11
Neurological disorder,Epilepsy,Phase 3,NUMBER OF PARTICIPANTS WITH TREATMENT-EMERGENT ADVERSE EVENTS,28,160,17.5000,0
Neurological disorder,Epilepsy,Phase 3,RESPONDER RATE,17,160,10.6250,5
Neurological disorder,Epilepsy,Phase 3,PERCENT CHANGE IN SEIZURE FREQUENCY,16,160,10.0000,2
Neurological disorder,Epilepsy,Phase 3,CHANGE IN SEIZURE FREQUENCY,9,160,5.6250,8
Neurological disorder,Epilepsy,Phase 3,NUMBER OF PARTICIPANTS WITH ADVERSE EVENTS,9,160,5.6250,4
Neurological disorder,Epilepsy,Phase 3,CHANGE IN QUALITY OF LIFE SCORE,8,160,5.0000,7
Neurological disorder,Epilepsy,Phase 3,PARTIAL ONSET SEIZURE FREQUENCY,8,160,5.0000,9
Neurological disorder,Epilepsy,Phase 4,CHANGE IN QUALITY OF LIFE SCORE,4,52,7.6923,7
Neurological disorder,Epilepsy,Phase 4,NUMBER OF PARTICIPANTS WITH ADVERSE EVENTS,4,52,7.6923,4
Neurological disorder,Epilepsy,Phase 4,RESPONDER RATE,4,52,7.6923,5
Neurological disorder,Epilepsy,Phase 4,RETENTION RATE,4,52,7.6923,14
Neurological disorder,Epilepsy,Phase 4,SEIZURE FREE RATE,4,52,7.6923,15
Neurological disorder,Epilepsy,Phase 4,CHANGE IN HADS SCORE,3,52,5.7692,17
Neurological disorder,Epilepsy,Phase 4,NUMBER OF PARTICIPANTS WITH SERIOUS ADVERSE EVENTS,3,52,5.7692,19
Disorder of the genitourinary system,Erectile Dysfunction,Phase 1,AUC FROM 0 TO INFINITY,4,7,57.1429,2
Disorder of the genitourinary system,Erectile Dysfunction,Phase 1,MAXIMUM PLASMA CONCENTRATION,4,7,57.1429,1
Disorder of the genitourinary system,Erectile Dysfunction,Phase 1,AREA UNDER THE CURVE (AUC 0-T),1,7,14.2857,21
Disorder of the genitourinary system,Erectile Dysfunction,Phase 1,AREA UNDER THE CURVE FROM TIME ZERO TO LAST QUANTIFIABLE CONCENTRATION,1,7,14.2857,22
Disorder of the genitourinary system,Erectile Dysfunction,Phase 1,AUC FOR DIHYDROTESTOSTERONE,1,7,14.2857,23
Disorder of the genitourinary system,Erectile Dysfunction,Phase 1,AUC FOR ESTRADIOL,1,7,14.2857,24
Disorder of the genitourinary system,Erectile Dysfunction,Phase 1,"AUC Τ,SS OF FLIBANSERIN",1,7,14.2857,25
Disorder of the genitourinary system,Erectile Dysfunction,Phase 2,CHANGE FROM BASELINE IN GEOMETRIC MEAN IELT,2,19,10.5263,10
Disorder of the genitourinary system,Erectile Dysfunction,Phase 2,MAXIMUM PLASMA CONCENTRATION,2,19,10.5263,1
Disorder of the genitourinary system,Erectile Dysfunction,Phase 2,MEAN CHANGE IN EJACULATION-RELATED PERSONAL DISTRESS SCORE,2,19,10.5263,14
Disorder of the genitourinary system,Erectile Dysfunction,Phase 2,ABILITY TO DEFLATE CYLINDERS,1,19,5.2632,16
Disorder of the genitourinary system,Erectile Dysfunction,Phase 2,ABILITY TO DEFLATE DEVICE WITH ONE HAND,1,19,5.2632,17
Disorder of the genitourinary system,Erectile Dysfunction,Phase 2,ABILITY TO INFLATE DEVICE USING ONE HAND,1,19,5.2632,18
Disorder of the genitourinary system,Erectile Dysfunction,Phase 2,AFFIRMATIVE RESPONSE TO GAQ QUESTION 1,1,19,5.2632,19
Disorder of the genitourinary system,Erectile Dysfunction,Phase 3,CHANGE FROM BASELINE IN PENILE LENGTH,4,35,11.4286,3
Disorder of the genitourinary system,Erectile Dysfunction,Phase 3,CHANGE IN IIEF-EF SCORE,4,35,11.4286,0
Disorder of the genitourinary system,Erectile Dysfunction,Phase 3,CHANGE IN OVERALL SATISFACTION DOMAIN OF IIEF,4,35,11.4286,4
Disorder of the genitourinary system,Erectile Dysfunction,Phase 3,CHANGE IN OVERALL SATISFACTION SCORE,4,35,11.4286,5
Disorder of the genitourinary system,Erectile Dysfunction,Phase 3,CHANGE IN PAIN SCORE,4,35,11.4286,6
Disorder of the genitourinary system,Erectile Dysfunction,Phase 3,CHANGE IN PENILE PLAQUE CONSISTENCY,4,35,11.4286,7
Disorder of the genitourinary system,Erectile Dysfunction,Phase 3,CHANGE IN PERCENTAGE OF SEXUAL ATTEMPTS,4,35,11.4286,8
Disorder of the genitourinary system,Erectile Dysfunction,Phase 4,CHANGE IN IIEF OVERALL SATISFACTION SCORE,3,19,15.7895,9
Disorder of the genitourinary system,Erectile Dysfunction,Phase 4,CHANGE FROM BASELINE IN IIEF-EF SCORE,2,19,10.5263,11
Disorder of the genitourinary system,Erectile Dysfunction,Phase 4,CHANGE IN IIEF ORGASMIC FUNCTION SCORE,2,19,10.5263,12
Disorder of the genitourinary system,Erectile Dysfunction,Phase 4,CHANGE IN IIEF-EF SCORE,2,19,10.5263,0
Disorder of the genitourinary system,Erectile Dysfunction,Phase 4,ERECTILE DYSFUNCTION INVENTORY OF TREATMENT SATISFACTION SCORE,2,19,10.5263,13
Disorder of the genitourinary system,Erectile Dysfunction,Phase 4,QUALITY OF ERECTION QUESTIONNAIRE TOTAL SCORE,2,19,10.5263,15
Disorder of the genitourinary system,Erectile Dysfunction,Phase 4,ANALOG SCALE RELIABILITY,1,19,5.2632,20
Neoplastic disease,Esophageal Cancer,Phase 1,CLINICAL COMPLETE RESPONSE,1,5,20.0000,18
Neoplastic disease,Esophageal Cancer,Phase 1,CLINICAL RESPONSE RATE,1,5,20.0000,19
Neoplastic disease,Esophageal Cancer,Phase 1,COMPLETION RATE OF CHEMOTHERAPY,1,5,20.0000,20
Neoplastic disease,Esophageal Cancer,Phase 1,DOSE-LIMITING TOXICITIES,1,5,20.0000,21
Neoplastic disease,Esophageal Cancer,Phase 1,GRADE 3 OR HIGHER ADVERSE EVENTS,1,5,20.0000,22
Neoplastic disease,Esophageal Cancer,Phase 1,MAXIMUM TOLERATED DOSE,1,5,20.0000,23
Neoplastic disease,Esophageal Cancer,Phase 1,NUMBER OF DOSE LIMITING TOXICITIES,1,5,20.0000,24
Neoplastic disease,Esophageal Cancer,Phase 2,OVERALL SURVIVAL,41,92,44.5652,0
Neoplastic disease,Esophageal Cancer,Phase 2,OBJECTIVE RESPONSE RATE,40,92,43.4783,1
Neoplastic disease,Esophageal Cancer,Phase 2,PROGRESSION-FREE SURVIVAL,34,92,36.9565,2
Neoplastic disease,Esophageal Cancer,Phase 2,PATHOLOGIC COMPLETE RESPONSE,8,92,8.6957,3
Neoplastic disease,Esophageal Cancer,Phase 2,TIME TO PROGRESSION,8,92,8.6957,4
Neoplastic disease,Esophageal Cancer,Phase 2,DISEASE CONTROL RATE,7,92,7.6087,5
Neoplastic disease,Esophageal Cancer,Phase 2,CLINICAL BENEFIT RATE,5,92,5.4348,6
Neoplastic disease,Esophageal Cancer,Phase 3,OVERALL SURVIVAL,11,15,73.3333,0
Neoplastic disease,Esophageal Cancer,Phase 3,PROGRESSION-FREE SURVIVAL,6,15,40.0000,2
Neoplastic disease,Esophageal Cancer,Phase 3,OBJECTIVE RESPONSE RATE,5,15,33.3333,1
Neoplastic disease,Esophageal Cancer,Phase 3,DURATION OF RESPONSE,4,15,26.6667,7
Neoplastic disease,Esophageal Cancer,Phase 3,DISEASE-FREE SURVIVAL,3,15,20.0000,8
Neoplastic disease,Esophageal Cancer,Phase 3,NUMBER OF PARTICIPANTS WITH ADVERSE EVENTS,3,15,20.0000,9
Neoplastic disease,Esophageal Cancer,Phase 3,CHANGE IN EORTC QLQ-C30 GLOBAL HEALTH STATUS/QOL SCORE,2,15,13.3333,10
Neoplastic disease,Esophageal Cancer,Phase 4,ALL ADVERSE EFFECTS,1,3,33.3333,11
Neoplastic disease,Esophageal Cancer,Phase 4,ALL UPPER GASTROINTESTINAL BLEEDING,1,3,33.3333,12
Neoplastic disease,Esophageal Cancer,Phase 4,ALL-CAUSE MORTALITY OR LIVER TRANSPLANTATION,1,3,33.3333,13
Neoplastic disease,Esophageal Cancer,Phase 4,BETA POWER CORRELATION WITH PACU DELIRIUM,1,3,33.3333,14
Neoplastic disease,Esophageal Cancer,Phase 4,CHANGE IN CAM-ICU DELIRIUM SCORE,1,3,33.3333,15
Neoplastic disease,Esophageal Cancer,Phase 4,CHANGE IN COGNITIVE FAILURE QUESTIONNAIRE SCORE,1,3,33.3333,16
Neoplastic disease,Esophageal Cancer,Phase 4,CHANGE IN MINI COG SCORE,1,3,33.3333,17
Neurological disorder,Essential Tremor,Phase 1,APPARENT TERMINAL ELIMINATION HALF-LIFE,1,2,50.0000,16
Neurological disorder,Essential Tremor,Phase 1,APPARENT TOTAL PLASMA CLEARANCE,1,2,50.0000,17
Neurological disorder,Essential Tremor,Phase 1,APPARENT VOLUME OF DISTRIBUTION,1,2,50.0000,18
Neurological disorder,Essential Tremor,Phase 1,AREA UNDER THE CONCENTRATION-TIME CURVE,1,2,50.0000,19
Neurological disorder,Essential Tremor,Phase 1,AUC FROM TIME 0 TO INFINITY,1,2,50.0000,20
Neurological disorder,Essential Tremor,Phase 1,CHANGE FROM BASELINE IN PR INTERVAL,1,2,50.0000,25
Neurological disorder,Essential Tremor,Phase 1,CHANGE FROM BASELINE IN QRS,1,2,50.0000,26
Neurological disorder,Essential Tremor,Phase 2,CLINICAL GLOBAL IMPRESSION - GLOBAL IMPROVEMENT OF TD,3,38,7.8947,2
Neurological disorder,Essential Tremor,Phase 2,MEAN CHANGE IN TWSTRS SEVERITY SCORE,3,38,7.8947,3
Neurological disorder,Essential Tremor,Phase 2,MEAN CHANGE IN TWSTRS TOTAL SCORE,3,38,7.8947,4
Neurological disorder,Essential Tremor,Phase 2,NUMBER OF PARTICIPANTS WITH TREATMENT-EMERGENT ADVERSE EVENTS,3,38,7.8947,0
Neurological disorder,Essential Tremor,Phase 2,AIMS DYSKINESIA TOTAL SCORE CHANGE,2,38,5.2632,6
Neurological disorder,Essential Tremor,Phase 2,AUC FROM 0 TO INFINITY,2,38,5.2632,7
Neurological disorder,Essential Tremor,Phase 2,CGI-TS-IMPROVEMENT RESPONDER,2,38,5.2632,8
Neurological disorder,Essential Tremor,Phase 3,CHANGE FROM BASELINE IN TWSTRS TOTAL SCORE,3,27,11.1111,1
Neurological disorder,Essential Tremor,Phase 3,NUMBER OF PARTICIPANTS WITH TREATMENT-EMERGENT ADVERSE EVENTS,3,27,11.1111,0
Neurological disorder,Essential Tremor,Phase 3,TREATMENT DISCONTINUATION RATE,3,27,11.1111,5
Neurological disorder,Essential Tremor,Phase 3,CHANGE FROM BASELINE IN TS-PGII SCORE,2,27,7.4074,9
Neurological disorder,Essential Tremor,Phase 3,CHANGE FROM BASELINE IN TWSTRS DISABILITY SCORE,2,27,7.4074,10
Neurological disorder,Essential Tremor,Phase 3,CHANGE FROM BASELINE IN YGTSS TOTAL TIC SCORE,2,27,7.4074,11
Neurological disorder,Essential Tremor,Phase 3,CHANGE IN CDI-2 TOTAL SCORE,2,27,7.4074,12
Neurological disorder,Essential Tremor,Phase 4,CHANGE IN VAS PAIN SCORE,2,23,8.6957,13
Neurological disorder,Essential Tremor,Phase 4,PATIENT GLOBAL IMPRESSION OF IMPROVEMENT,2,23,8.6957,14
Neurological disorder,Essential Tremor,Phase 4,ABSOLUTE WORST TOTAL SCORE ON PWC-20,1,23,4.3478,15
Neurological disorder,Essential Tremor,Phase 4,AUC0-24 OF THIAMINE,1,23,4.3478,21
Neurological disorder,Essential Tremor,Phase 4,CERVICAL RANGE OF MOTION,1,23,4.3478,22
Neurological disorder,Essential Tremor,Phase 4,CGI-I RESPONSE RATE,1,23,4.3478,23
Neurological disorder,Essential Tremor,Phase 4,CHANGE FROM BASELINE IN CDIP-58 SUBSCALES' SCORES,1,23,4.3478,24
Cardiovascular disease,Familial Hypercholesterolemia,Phase 1,TIME TO MAXIMUM CONCENTRATION,5,9,55.5556,9
Cardiovascular disease,Familial Hypercholesterolemia,Phase 1,APPARENT CLEARANCE,4,9,44.4444,10
Cardiovascular disease,Familial Hypercholesterolemia,Phase 1,APPARENT VOLUME OF DISTRIBUTION,4,9,44.4444,11
Cardiovascular disease,Familial Hypercholesterolemia,Phase 1,PERCENT CHANGE IN LDL CHOLESTEROL,4,9,44.4444,0
Cardiovascular disease,Familial Hypercholesterolemia,Phase 1,CMAX OF PF-04950615,3,9,33.3333,14
Cardiovascular disease,Familial Hypercholesterolemia,Phase 1,MAXIMUM PLASMA CONCENTRATION,3,9,33.3333,15
Cardiovascular disease,Familial Hypercholesterolemia,Phase 1,NUMBER OF PARTICIPANTS WITH TREATMENT-EMERGENT ADVERSE EVENTS,3,9,33.3333,16
Cardiovascular disease,Familial Hypercholesterolemia,Phase 2,PERCENT CHANGE IN LDL CHOLESTEROL,23,57,40.3509,0
Cardiovascular disease,Familial Hypercholesterolemia,Phase 2,PERCENT CHANGE IN APOLIPOPROTEIN B,12,57,21.0526,2
Cardiovascular disease,Familial Hypercholesterolemia,Phase 2,PERCENT CHANGE IN LDL-C,12,57,21.0526,5
Cardiovascular disease,Familial Hypercholesterolemia,Phase 2,PERCENT CHANGE IN TOTAL CHOLESTEROL,12,57,21.0526,1
Cardiovascular disease,Familial Hypercholesterolemia,Phase 2,CHANGE IN LDL CHOLESTEROL,11,57,19.2982,7
Cardiovascular disease,Familial Hypercholesterolemia,Phase 2,PERCENT CHANGE IN TRIGLYCERIDES,11,57,19.2982,4
Cardiovascular disease,Familial Hypercholesterolemia,Phase 2,PERCENTAGE OF PARTICIPANTS ACHIEVING TARGET,11,57,19.2982,8
Cardiovascular disease,Familial Hypercholesterolemia,Phase 3,PERCENT CHANGE IN LDL CHOLESTEROL,75,122,61.4754,0
Cardiovascular disease,Familial Hypercholesterolemia,Phase 3,PERCENT CHANGE IN TOTAL CHOLESTEROL,58,122,47.5410,1
Cardiovascular disease,Familial Hypercholesterolemia,Phase 3,PERCENT CHANGE IN APOLIPOPROTEIN B,51,122,41.8033,2
Cardiovascular disease,Familial Hypercholesterolemia,Phase 3,PERCENT CHANGE IN HDL CHOLESTEROL,50,122,40.9836,3
Cardiovascular disease,Familial Hypercholesterolemia,Phase 3,PERCENT CHANGE IN NON-HDL-C,37,122,30.3279,6
Cardiovascular disease,Familial Hypercholesterolemia,Phase 3,PERCENT CHANGE IN TRIGLYCERIDES,35,122,28.6885,4
Cardiovascular disease,Familial Hypercholesterolemia,Phase 3,PERCENT CHANGE IN LDL-C,33,122,27.0492,5
Cardiovascular disease,Familial Hypercholesterolemia,Phase 4,CHANGE IN LDL CHOLESTEROL,10,29,34.4828,7
Cardiovascular disease,Familial Hypercholesterolemia,Phase 4,PERCENTAGE OF PARTICIPANTS ACHIEVING TARGET,7,29,24.1379,8
Cardiovascular disease,Familial Hypercholesterolemia,Phase 4,PERCENT CHANGE IN LDL CHOLESTEROL,6,29,20.6897,0
Cardiovascular disease,Familial Hypercholesterolemia,Phase 4,PERCENT CHANGE IN TOTAL CHOLESTEROL,5,29,17.2414,1
Cardiovascular disease,Familial Hypercholesterolemia,Phase 4,CHANGE IN HDL CHOLESTEROL,4,29,13.7931,12
Cardiovascular disease,Familial Hypercholesterolemia,Phase 4,CHANGE IN TOTAL CHOLESTEROL,4,29,13.7931,13
Cardiovascular disease,Familial Hypercholesterolemia,Phase 4,PERCENT CHANGE IN HDL CHOLESTEROL,4,29,13.7931,3
Clinical finding,Fatigue,Phase 1,CHANGE IN ALZHEIMER'S DISEASE KNOWLEDGE SCORE,1,2,50.0000,15
Clinical finding,Fatigue,Phase 1,CHANGE IN BARRIERS TO WALKING,1,2,50.0000,16
Clinical finding,Fatigue,Phase 1,CHANGE IN CAREGIVER SOCIAL SUPPORT SCORE,1,2,50.0000,19
Clinical finding,Fatigue,Phase 1,CHANGE IN CAREGIVING SELF-EFFICACY SCORE,1,2,50.0000,20
Clinical finding,Fatigue,Phase 1,CHANGE IN CES-D-10 SCORE,1,2,50.0000,22
Clinical finding,Fatigue,Phase 1,CHANGE IN DAILY STEPS,1,2,50.0000,24
Clinical finding,Fatigue,Phase 1,CHANGE IN DISCREPANCY IN BEHAVIOR,1,2,50.0000,25
Clinical finding,Fatigue,Phase 2,BORG FATIGUE SCALE,1,7,14.2857,11
Clinical finding,Fatigue,Phase 2,CHANGE IN BFI SCORE,1,7,14.2857,17
Clinical finding,Fatigue,Phase 2,CHANGE IN BPI SCORE,1,7,14.2857,18
Clinical finding,Fatigue,Phase 2,CHANGE IN CD4 CELL COUNT,1,7,14.2857,21
Clinical finding,Fatigue,Phase 2,CHANGE IN CLINICAL GLOBAL IMPRESSIONS,1,7,14.2857,23
Clinical finding,Fatigue,Phase 2,CHANGE IN EPWORTH SLEEPINESS SCALE SCORE,1,7,14.2857,26
Clinical finding,Fatigue,Phase 2,CHANGE IN FATIGUE SCORE,1,7,14.2857,27
Clinical finding,Fatigue,Phase 3,CHANGE IN QUALITY OF LIFE SCORE,2,8,25.0000,2
Clinical finding,Fatigue,Phase 3,EPWORTH SLEEPINESS SCALE SCORE,2,8,25.0000,3
Clinical finding,Fatigue,Phase 3,ACCEPTABILITY OF TREATMENT,1,8,12.5000,4
Clinical finding,Fatigue,Phase 3,AUC OF OTHER FATIGUE SCORES,1,8,12.5000,7
Clinical finding,Fatigue,Phase 3,AUC OF QUALITY OF LIFE SCORE,1,8,12.5000,8
Clinical finding,Fatigue,Phase 3,AUC OF SF-36 VITALITY SUBSCALE,1,8,12.5000,9
Clinical finding,Fatigue,Phase 3,AUC OF SLEEP QUALITY,1,8,12.5000,10
Clinical finding,Fatigue,Phase 4,CHANGE IN AEROBIC CAPACITY,2,9,22.2222,0
Clinical finding,Fatigue,Phase 4,CHANGE IN FERRITIN,2,9,22.2222,1
Clinical finding,Fatigue,Phase 4,ADIPONECTIN LEVEL,1,9,11.1111,5
Clinical finding,Fatigue,Phase 4,AEROBIC CAPACITY,1,9,11.1111,6
Clinical finding,Fatigue,Phase 4,CHANGE FROM BASELINE IN DEPRESSION SCORE,1,9,11.1111,12
Clinical finding,Fatigue,Phase 4,CHANGE FROM BASELINE IN FOLATE LEVEL,1,9,11.1111,13
Clinical finding,Fatigue,Phase 4,CHANGE FROM BASELINE IN ISOMETRIC AND DYNAMIC MUSCULAR STRENGTH,1,9,11.1111,14
Clinical finding,Fever,Phase 1,NUMBER OF PARTICIPANTS WITH SERIOUS ADVERSE EVENTS,5,13,38.4615,2
Clinical finding,Fever,Phase 1,NUMBER OF PARTICIPANTS WITH SOLICITED SYSTEMIC ADVERSE EVENTS,3,13,23.0769,12
Clinical finding,Fever,Phase 1,INJECTION SITE REACTIONS,2,13,15.3846,13
Clinical finding,Fever,Phase 1,NUMBER OF PARTICIPANTS WITH ADVERSE EVENTS,2,13,15.3846,5
Clinical finding,Fever,Phase 1,NUMBER OF PARTICIPANTS WITH UNSOLICITED SYSTEMIC ADVERSE EVENTS,2,13,15.3846,14
Clinical finding,Fever,Phase 1,SEROCONVERSION RATE,2,13,15.3846,1
Clinical finding,Fever,Phase 1,ANTI-DENGUE IMMUNE RESPONSE RATE,1,13,7.6923,16
Clinical finding,Fever,Phase 2,GEOMETRIC MEAN TITER OF ANTIBODIES,10,60,16.6667,3
Clinical finding,Fever,Phase 2,ANTIBODY TITER,8,60,13.3333,4
Clinical finding,Fever,Phase 2,SEROPOSITIVITY RATE,8,60,13.3333,0
Clinical finding,Fever,Phase 2,NUMBER OF PARTICIPANTS WITH SERIOUS ADVERSE EVENTS,7,60,11.6667,2
Clinical finding,Fever,Phase 2,SEROCONVERSION RATE,6,60,10.0000,1
Clinical finding,Fever,Phase 2,NUMBER OF PARTICIPANTS WITH ADVERSE EVENTS,5,60,8.3333,5
Clinical finding,Fever,Phase 2,ANTI-VI ELISA GEOMETRIC MEAN CONCENTRATION,4,60,6.6667,10
Clinical finding,Fever,Phase 3,SEROPOSITIVITY RATE,8,44,18.1818,0
Clinical finding,Fever,Phase 3,PERCENTAGE OF PARTICIPANTS WITH SOLICITED SYSTEMIC ADVERSE EVENTS,6,44,13.6364,6
Clinical finding,Fever,Phase 3,GEOMETRIC MEAN TITER OF NEUTRALIZING ANTIBODIES,5,44,11.3636,7
Clinical finding,Fever,Phase 3,GEOMETRIC MEAN TITERS,5,44,11.3636,8
Clinical finding,Fever,Phase 3,PERCENTAGE OF PARTICIPANTS WITH SERIOUS ADVERSE EVENTS,5,44,11.3636,9
Clinical finding,Fever,Phase 3,SEROCONVERSION RATE,5,44,11.3636,1
Clinical finding,Fever,Phase 3,GEOMETRIC MEAN TITER,4,44,9.0909,11
Clinical finding,Fever,Phase 4,ANTERIOR CHAMBER CELL CLEARING RATE,1,15,6.6667,15
Clinical finding,Fever,Phase 4,CHANGE IN CORE TEMPERATURE,1,15,6.6667,17
Clinical finding,Fever,Phase 4,CHANGE IN COX-2 GENE EXPRESSION,1,15,6.6667,18
Clinical finding,Fever,Phase 4,CHANGE IN CREATININE,1,15,6.6667,19
Clinical finding,Fever,Phase 4,CHANGE IN HEART RATE,1,15,6.6667,20
Clinical finding,Fever,Phase 4,CHANGE IN INFLAMMATION BIOMARKER TISSUE PGE2 LEVEL,1,15,6.6667,21
Clinical finding,Fever,Phase 4,CHANGE IN MRNA EXPRESSION OF CD68,1,15,6.6667,22
Musculoskeletal disorder,Fibromyalgia,Phase 1,AFFECTIVE TOTAL SCORE,1,4,25.0000,12
Musculoskeletal disorder,Fibromyalgia,Phase 1,AUC 0-12 FOR INTERLEUKIN 1 RECEPTOR ANTAGONIST,1,4,25.0000,13
Musculoskeletal disorder,Fibromyalgia,Phase 1,AUC 0-INF,1,4,25.0000,14
Musculoskeletal disorder,Fibromyalgia,Phase 1,CHANGE IN BONE MARROW FIBROSIS,1,4,25.0000,15
Musculoskeletal disorder,Fibromyalgia,Phase 1,CHANGE IN BONE MARROW FIBROSIS GRADE,1,4,25.0000,16
Musculoskeletal disorder,Fibromyalgia,Phase 1,CHANGE IN NRS PAIN SCORE,1,4,25.0000,1
Musculoskeletal disorder,Fibromyalgia,Phase 1,CHANGE IN SPLEEN LENGTH,1,4,25.0000,17
Musculoskeletal disorder,Fibromyalgia,Phase 2,PATIENT GLOBAL IMPRESSION OF CHANGE,9,65,13.8462,0
Musculoskeletal disorder,Fibromyalgia,Phase 2,CHANGE IN PAIN SCORE,7,65,10.7692,2
Musculoskeletal disorder,Fibromyalgia,Phase 2,CHANGE IN NRS PAIN SCORE,6,65,9.2308,1
Musculoskeletal disorder,Fibromyalgia,Phase 2,NUMBER OF PARTICIPANTS WITH TREATMENT-EMERGENT ADVERSE EVENTS,5,65,7.6923,7
Musculoskeletal disorder,Fibromyalgia,Phase 2,TIME TO MAXIMUM CONCENTRATION,5,65,7.6923,8
Musculoskeletal disorder,Fibromyalgia,Phase 2,MAXIMUM PLASMA CONCENTRATION,4,65,6.1538,9
Musculoskeletal disorder,Fibromyalgia,Phase 2,OVERALL SURVIVAL,4,65,6.1538,10
Musculoskeletal disorder,Fibromyalgia,Phase 3,PATIENT GLOBAL IMPRESSION OF CHANGE,15,50,30.0000,0
Musculoskeletal disorder,Fibromyalgia,Phase 3,CHANGE IN SF-36 SCORE,11,50,22.0000,3
Musculoskeletal disorder,Fibromyalgia,Phase 3,CHANGE IN NRS PAIN SCORE,8,50,16.0000,1
Musculoskeletal disorder,Fibromyalgia,Phase 3,CHANGE IN PAIN SCORE,8,50,16.0000,2
Musculoskeletal disorder,Fibromyalgia,Phase 3,CHANGE IN VAS PAIN SCORE,8,50,16.0000,4
Musculoskeletal disorder,Fibromyalgia,Phase 3,PAIN RESPONSE RATE,8,50,16.0000,6
Musculoskeletal disorder,Fibromyalgia,Phase 3,CHANGE IN BPI SCORE,6,50,12.0000,5
Musculoskeletal disorder,Fibromyalgia,Phase 4,CHANGE IN NRS PAIN SCORE,5,27,18.5185,1
Musculoskeletal disorder,Fibromyalgia,Phase 4,CHANGE IN BPI SCORE,4,27,14.8148,5
Musculoskeletal disorder,Fibromyalgia,Phase 4,CHANGE IN PAIN SCORE,4,27,14.8148,2
Musculoskeletal disorder,Fibromyalgia,Phase 4,CHANGE IN SF-36 SCORE,3,27,11.1111,3
Musculoskeletal disorder,Fibromyalgia,Phase 4,CHANGE IN VAS PAIN SCORE,3,27,11.1111,4
Musculoskeletal disorder,Fibromyalgia,Phase 4,PATIENT GLOBAL IMPRESSION OF CHANGE,3,27,11.1111,0
Musculoskeletal disorder,Fibromyalgia,Phase 4,CHANGE FROM BASELINE IN BECK ANXIETY INVENTORY SCORE,2,27,7.4074,11
Disorder of the genitourinary system,Focal Segmental Glomerulosclerosis,Phase 1,RENAL CLEARANCE OF CEFOTAXIME,1,1,100.0000,18
Disorder of the genitourinary system,Focal Segmental Glomerulosclerosis,Phase 2,PROGRESSION-FREE SURVIVAL,4,18,22.2222,1
Disorder of the genitourinary system,Focal Segmental Glomerulosclerosis,Phase 2,CHANGE IN EGFR,3,18,16.6667,0
Disorder of the genitourinary system,Focal Segmental Glomerulosclerosis,Phase 2,OBJECTIVE RESPONSE RATE,3,18,16.6667,2
Disorder of the genitourinary system,Focal Segmental Glomerulosclerosis,Phase 2,CHANGE IN BILIRUBIN,2,18,11.1111,3
Disorder of the genitourinary system,Focal Segmental Glomerulosclerosis,Phase 2,CHANGE IN HEART RATE,2,18,11.1111,4
Disorder of the genitourinary system,Focal Segmental Glomerulosclerosis,Phase 2,CLINICAL BENEFIT RATE,2,18,11.1111,5
Disorder of the genitourinary system,Focal Segmental Glomerulosclerosis,Phase 2,COMPLETE REMISSION,2,18,11.1111,6
Disorder of the genitourinary system,Focal Segmental Glomerulosclerosis,Phase 3,CHANGE IN EGFR,1,6,16.6667,0
Disorder of the genitourinary system,Focal Segmental Glomerulosclerosis,Phase 3,CHANGE IN EORTC QLQ-C30 GLOBAL HEALTH STATUS SCORE,1,6,16.6667,7
Disorder of the genitourinary system,Focal Segmental Glomerulosclerosis,Phase 3,CHANGE IN HEIGHT SDS,1,6,16.6667,8
Disorder of the genitourinary system,Focal Segmental Glomerulosclerosis,Phase 3,CHANGE IN HEIGHT STANDARD DEVIATION SCORES,1,6,16.6667,9
Disorder of the genitourinary system,Focal Segmental Glomerulosclerosis,Phase 3,CHANGE IN HEIGHT VELOCITY SDS,1,6,16.6667,10
Disorder of the genitourinary system,Focal Segmental Glomerulosclerosis,Phase 3,CHANGE IN IGF-1 SDS,1,6,16.6667,11
Disorder of the genitourinary system,Focal Segmental Glomerulosclerosis,Phase 3,CHANGE IN IGFBP-3 SDS,1,6,16.6667,12
Disorder of the genitourinary system,Focal Segmental Glomerulosclerosis,Phase 4,IMMUNOLOGIC GRAFT REJECTION EPISODE,1,3,33.3333,13
Disorder of the genitourinary system,Focal Segmental Glomerulosclerosis,Phase 4,INTRAOCULAR PRESSURE,1,3,33.3333,14
Disorder of the genitourinary system,Focal Segmental Glomerulosclerosis,Phase 4,NUMBER OF PARTICIPANTS WITH ADVERSE EVENTS,1,3,33.3333,15
Disorder of the genitourinary system,Focal Segmental Glomerulosclerosis,Phase 4,PATIENT SATISFACTION,1,3,33.3333,16
Disorder of the genitourinary system,Focal Segmental Glomerulosclerosis,Phase 4,REDUCTION OF FACIAL WRINKLE SCALE,1,3,33.3333,17
Neoplastic disease,Follicular Lymphoma,Phase 1,OBJECTIVE RESPONSE RATE,13,24,54.1667,0
Neoplastic disease,Follicular Lymphoma,Phase 1,MAXIMUM TOLERATED DOSE,9,24,37.5000,7
Neoplastic disease,Follicular Lymphoma,Phase 1,OVERALL SURVIVAL,9,24,37.5000,2
Neoplastic disease,Follicular Lymphoma,Phase 1,PROGRESSION-FREE SURVIVAL,9,24,37.5000,1
Neoplastic disease,Follicular Lymphoma,Phase 1,DURATION OF RESPONSE,7,24,29.1667,3
Neoplastic disease,Follicular Lymphoma,Phase 1,COMPLETE RESPONSE RATE,5,24,20.8333,4
Neoplastic disease,Follicular Lymphoma,Phase 1,AUC FROM 0 TO INFINITY,3,24,12.5000,9
Neoplastic disease,Follicular Lymphoma,Phase 2,OBJECTIVE RESPONSE RATE,69,102,67.6471,0
Neoplastic disease,Follicular Lymphoma,Phase 2,PROGRESSION-FREE SURVIVAL,53,102,51.9608,1
Neoplastic disease,Follicular Lymphoma,Phase 2,OVERALL SURVIVAL,36,102,35.2941,2
Neoplastic disease,Follicular Lymphoma,Phase 2,DURATION OF RESPONSE,35,102,34.3137,3
Neoplastic disease,Follicular Lymphoma,Phase 2,COMPLETE RESPONSE RATE,25,102,24.5098,4
Neoplastic disease,Follicular Lymphoma,Phase 2,NUMBER OF PARTICIPANTS WITH ADVERSE EVENTS,13,102,12.7451,5
Neoplastic disease,Follicular Lymphoma,Phase 2,TIME TO RESPONSE,12,102,11.7647,6
Neoplastic disease,Follicular Lymphoma,Phase 3,OBJECTIVE RESPONSE RATE,14,23,60.8696,0
Neoplastic disease,Follicular Lymphoma,Phase 3,PROGRESSION-FREE SURVIVAL,14,23,60.8696,1
Neoplastic disease,Follicular Lymphoma,Phase 3,OVERALL SURVIVAL,13,23,56.5217,2
Neoplastic disease,Follicular Lymphoma,Phase 3,DURATION OF RESPONSE,8,23,34.7826,3
Neoplastic disease,Follicular Lymphoma,Phase 3,COMPLETE RESPONSE RATE,5,23,21.7391,4
Neoplastic disease,Follicular Lymphoma,Phase 3,MAXIMUM PLASMA CONCENTRATION,4,23,17.3913,8
Neoplastic disease,Follicular Lymphoma,Phase 3,EVENT-FREE SURVIVAL,3,23,13.0435,10
Neoplastic disease,Follicular Lymphoma,Phase 4,OBJECTIVE RESPONSE RATE,3,5,60.0000,0
Neoplastic disease,Follicular Lymphoma,Phase 4,COMPLETE RESPONSE RATE,2,5,40.0000,4
Neoplastic disease,Follicular Lymphoma,Phase 4,PROGRESSION-FREE SURVIVAL,2,5,40.0000,1
Neoplastic disease,Follicular Lymphoma,Phase 4,CHANGE FROM BASELINE IN ALKALINE PHOSPHATASE,1,5,20.0000,11
Neoplastic disease,Follicular Lymphoma,Phase 4,CHANGE FROM BASELINE IN ALT,1,5,20.0000,12
Neoplastic disease,Follicular Lymphoma,Phase 4,CHANGE FROM BASELINE IN AST,1,5,20.0000,13
Neoplastic disease,Follicular Lymphoma,Phase 4,CHANGE FROM BASELINE IN HEMOGLOBIN,1,5,20.0000,14
Disorder of immune function,Food Allergy,Phase 1,PERCENTAGE OF PARTICIPANTS SUCCESSFULLY DESENSITIZED,1,2,50.0000,13
Disorder of immune function,Food Allergy,Phase 1,PERCENTAGE OF PATIENTS TOLERATING TREATMENT,1,2,50.0000,14
Disorder of immune function,Food Allergy,Phase 1,SUSTAINED UNRESPONSIVENESS,1,2,50.0000,15
Disorder of immune function,Food Allergy,Phase 2,CHANGE IN PEANUT-SPECIFIC IGE,5,29,17.2414,0
Disorder of immune function,Food Allergy,Phase 2,CHANGE IN PEANUT-SPECIFIC IGG4,5,29,17.2414,1
Disorder of immune function,Food Allergy,Phase 2,CHANGE FROM BASELINE IN CUMULATIVE TOLERATED DOSE,2,29,6.8966,3
Disorder of immune function,Food Allergy,Phase 2,CHANGE IN PEANUT WHEAL DIAMETER,2,29,6.8966,7
Disorder of immune function,Food Allergy,Phase 2,NUMBER OF PARTICIPANTS WITH NO OR MILD SYMPTOMS AT EXIT,2,29,6.8966,9
Disorder of immune function,Food Allergy,Phase 2,NUMBER OF PARTICIPANTS WITH TREATMENT-EMERGENT ADVERSE EVENTS,2,29,6.8966,2
Disorder of immune function,Food Allergy,Phase 2,PERCENTAGE OF PARTICIPANTS PASSING DBPCFC,2,29,6.8966,10
Disorder of immune function,Food Allergy,Phase 3,CHANGE FROM BASELINE IN FAIM-AF SCORE,2,13,15.3846,4
Disorder of immune function,Food Allergy,Phase 3,CHANGE FROM BASELINE IN FAIM-TF SCORE,2,13,15.3846,5
Disorder of immune function,Food Allergy,Phase 3,CHANGE FROM BASELINE IN FAQLQ-TF SCORE,2,13,15.3846,6
Disorder of immune function,Food Allergy,Phase 3,MAXIMUM SEVERITY OF SYMPTOMS,2,13,15.3846,8
Disorder of immune function,Food Allergy,Phase 3,NUMBER OF PARTICIPANTS WITH TREATMENT-EMERGENT ADVERSE EVENTS,2,13,15.3846,2
Disorder of immune function,Food Allergy,Phase 3,PERCENTAGE OF TREATMENT RESPONDERS,2,13,15.3846,11
Disorder of immune function,Food Allergy,Phase 3,ASSESSMENT OF ASTHMA CONTROL,1,13,7.6923,12
Infection,Fungal Infection,Phase 1,MAXIMUM PLASMA CONCENTRATION,8,15,53.3333,1
Infection,Fungal Infection,Phase 1,TIME TO MAXIMUM CONCENTRATION,6,15,40.0000,2
Infection,Fungal Infection,Phase 1,AUC FROM 0 TO LAST MEASURABLE CONCENTRATION,4,15,26.6667,9
Infection,Fungal Infection,Phase 1,NUMBER OF PARTICIPANTS WITH ADVERSE EVENTS,4,15,26.6667,3
Infection,Fungal Infection,Phase 1,AUC FROM 0 TO INFINITY,3,15,20.0000,12
Infection,Fungal Infection,Phase 1,NUMBER OF PARTICIPANTS WITH ABNORMAL URINALYSIS RESULTS,3,15,20.0000,16
Infection,Fungal Infection,Phase 1,AREA UNDER THE CONCENTRATION-TIME CURVE,2,15,13.3333,8
Infection,Fungal Infection,Phase 2,TIME TO MAXIMUM CONCENTRATION,4,41,9.7561,2
Infection,Fungal Infection,Phase 2,ALL-CAUSE MORTALITY,3,41,7.3171,0
Infection,Fungal Infection,Phase 2,COMPLETE CURE RATE,3,41,7.3171,13
Infection,Fungal Infection,Phase 2,MAXIMUM PLASMA CONCENTRATION,3,41,7.3171,1
Infection,Fungal Infection,Phase 2,MYCOLOGICAL CURE RATE,3,41,7.3171,15
Infection,Fungal Infection,Phase 2,MYCOLOGICAL ERADICATION,3,41,7.3171,4
Infection,Fungal Infection,Phase 2,NUMBER OF PARTICIPANTS WITH TREATMENT EMERGENT ADVERSE EVENTS,3,41,7.3171,17
Infection,Fungal Infection,Phase 3,ALL-CAUSE MORTALITY,10,64,15.6250,0
Infection,Fungal Infection,Phase 3,OBJECTIVE RESPONSE RATE,7,64,10.9375,5
Infection,Fungal Infection,Phase 3,COMPLETE CURE,6,64,9.3750,6
Infection,Fungal Infection,Phase 3,MYCOLOGICAL ERADICATION,5,64,7.8125,4
Infection,Fungal Infection,Phase 3,NUMBER OF PARTICIPANTS WITH ADVERSE EVENTS,5,64,7.8125,3
Infection,Fungal Infection,Phase 3,NUMBER OF PARTICIPANTS WITH TREATMENT-EMERGENT ADVERSE EVENTS,5,64,7.8125,7
Infection,Fungal Infection,Phase 3,CLINICAL CURE,4,64,6.2500,10
Infection,Fungal Infection,Phase 4,MAXIMUM PLASMA CONCENTRATION,4,39,10.2564,1
Infection,Fungal Infection,Phase 4,PLASMA DRUG CONCENTRATION,4,39,10.2564,11
Infection,Fungal Infection,Phase 4,MYCOLOGICAL CURE,3,39,7.6923,14
Infection,Fungal Infection,Phase 4,TIME TO MAXIMUM CONCENTRATION,3,39,7.6923,2
Infection,Fungal Infection,Phase 4,ALL-CAUSE MORTALITY,2,39,5.1282,0
Infection,Fungal Infection,Phase 4,AREA UNDER THE CONCENTRATION-TIME CURVE,2,39,5.1282,8
Infection,Fungal Infection,Phase 4,CHANGE IN HEART RATE,2,39,5.1282,18
Neoplastic disease,Gastric Cancer,Phase 1,OBJECTIVE RESPONSE RATE,10,17,58.8235,0
Neoplastic disease,Gastric Cancer,Phase 1,DURATION OF RESPONSE,5,17,29.4118,3
Neoplastic disease,Gastric Cancer,Phase 1,MAXIMUM PLASMA CONCENTRATION,5,17,29.4118,8
Neoplastic disease,Gastric Cancer,Phase 1,NUMBER OF PARTICIPANTS WITH TREATMENT-EMERGENT ADVERSE EVENTS,5,17,29.4118,9
Neoplastic disease,Gastric Cancer,Phase 1,PROGRESSION-FREE SURVIVAL,5,17,29.4118,2
Neoplastic disease,Gastric Cancer,Phase 1,TIME TO MAXIMUM CONCENTRATION,5,17,29.4118,10
Neoplastic disease,Gastric Cancer,Phase 1,AREA UNDER THE CONCENTRATION-TIME CURVE,2,17,11.7647,11
Neoplastic disease,Gastric Cancer,Phase 2,OBJECTIVE RESPONSE RATE,64,106,60.3774,0
Neoplastic disease,Gastric Cancer,Phase 2,OVERALL SURVIVAL,64,106,60.3774,1
Neoplastic disease,Gastric Cancer,Phase 2,PROGRESSION-FREE SURVIVAL,57,106,53.7736,2
Neoplastic disease,Gastric Cancer,Phase 2,DURATION OF RESPONSE,24,106,22.6415,3
Neoplastic disease,Gastric Cancer,Phase 2,DISEASE CONTROL RATE,21,106,19.8113,4
Neoplastic disease,Gastric Cancer,Phase 2,NUMBER OF PARTICIPANTS WITH ADVERSE EVENTS,14,106,13.2075,5
Neoplastic disease,Gastric Cancer,Phase 2,DISEASE-FREE SURVIVAL,8,106,7.5472,6
Neoplastic disease,Gastric Cancer,Phase 3,OVERALL SURVIVAL,28,32,87.5000,1
Neoplastic disease,Gastric Cancer,Phase 3,PROGRESSION-FREE SURVIVAL,25,32,78.1250,2
Neoplastic disease,Gastric Cancer,Phase 3,OBJECTIVE RESPONSE RATE,22,32,68.7500,0
Neoplastic disease,Gastric Cancer,Phase 3,DURATION OF RESPONSE,11,32,34.3750,3
Neoplastic disease,Gastric Cancer,Phase 3,NUMBER OF PARTICIPANTS WITH ADVERSE EVENTS,10,32,31.2500,5
Neoplastic disease,Gastric Cancer,Phase 3,CHANGE IN EORTC QLQ-C30 SCORE,6,32,18.7500,7
Neoplastic disease,Gastric Cancer,Phase 3,DISEASE CONTROL RATE,6,32,18.7500,4
Neoplastic disease,Gastric Cancer,Phase 4,CLINICAL BENEFIT RESPONSE,1,2,50.0000,12
Neoplastic disease,Gastric Cancer,Phase 4,DURATION OF RESPONSE,1,2,50.0000,3
Neoplastic disease,Gastric Cancer,Phase 4,MEDIAN PROGRESSION FREE SURVIVAL,1,2,50.0000,13
Neoplastic disease,Gastric Cancer,Phase 4,NUMBER OF PARTICIPANTS WITH ADVERSE EVENTS,1,2,50.0000,5
Neoplastic disease,Gastric Cancer,Phase 4,NUMBER OF PARTICIPANTS WITH CLINICALLY SIGNIFICANT CHANGE IN LABORATORY PARAMETERS,1,2,50.0000,14
Neoplastic disease,Gastric Cancer,Phase 4,NUMBER OF PARTICIPANTS WITH CLINICALLY SIGNIFICANT CHANGE IN LVEF,1,2,50.0000,15
Neoplastic disease,Gastric Cancer,Phase 4,NUMBER OF PARTICIPANTS WITH HER2 POSITIVE GASTRIC CANCER,1,2,50.0000,16
Disorder of digestive system,Gastroesophageal Reflux Disease,Phase 1,MAXIMUM PLASMA CONCENTRATION,6,9,66.6667,1
Disorder of digestive system,Gastroesophageal Reflux Disease,Phase 1,TIME TO MAXIMUM CONCENTRATION,3,9,33.3333,8
Disorder of digestive system,Gastroesophageal Reflux Disease,Phase 1,AUC(0-24),2,9,22.2222,10
Disorder of digestive system,Gastroesophageal Reflux Disease,Phase 1,PEAK PLASMA CONCENTRATION,2,9,22.2222,17
Disorder of digestive system,Gastroesophageal Reflux Disease,Phase 1,APPARENT CENTRAL VOLUME OF DISTRIBUTION (VC/F),1,9,11.1111,22
Disorder of digestive system,Gastroesophageal Reflux Disease,Phase 1,APPARENT CENTRAL VOLUME OF DISTRIBUTION (VZ/F),1,9,11.1111,23
Disorder of digestive system,Gastroesophageal Reflux Disease,Phase 1,APPARENT ORAL CLEARANCE,1,9,11.1111,3
Disorder of digestive system,Gastroesophageal Reflux Disease,Phase 2,AREA UNDER THE CONCENTRATION-TIME CURVE,2,18,11.1111,9
Disorder of digestive system,Gastroesophageal Reflux Disease,Phase 2,CHANGE IN HEARTBURN-FREE DAYS,2,18,11.1111,13
Disorder of digestive system,Gastroesophageal Reflux Disease,Phase 2,NUMBER OF PARTICIPANTS WITH ADVERSE EVENTS,2,18,11.1111,16
Disorder of digestive system,Gastroesophageal Reflux Disease,Phase 2,PERCENT OF PARTICIPANTS WITH TREATMENT-EMERGENT ADVERSE EVENTS,2,18,11.1111,18
Disorder of digestive system,Gastroesophageal Reflux Disease,Phase 2,ABSOLUTE CHANGE IN PERCENT DAYS WITH MILD GERD SYMPTOMS,1,18,5.5556,19
Disorder of digestive system,Gastroesophageal Reflux Disease,Phase 2,AREA UNDER THE PLASMA CONCENTRATION VS. TIME CURVE (AUCTAU),1,18,5.5556,24
Disorder of digestive system,Gastroesophageal Reflux Disease,Phase 2,AVERAGE PLASMA CONCENTRATION,1,18,5.5556,26
Disorder of digestive system,Gastroesophageal Reflux Disease,Phase 3,PERCENTAGE OF DAYS WITHOUT NIGHTTIME HEARTBURN,7,52,13.4615,0
Disorder of digestive system,Gastroesophageal Reflux Disease,Phase 3,COMPLETE HEALING OF EROSIVE ESOPHAGITIS,5,52,9.6154,2
Disorder of digestive system,Gastroesophageal Reflux Disease,Phase 3,PERCENTAGE OF DAYS HEARTBURN-FREE,4,52,7.6923,4
Disorder of digestive system,Gastroesophageal Reflux Disease,Phase 3,PERCENTAGE OF DAYS WITHOUT HEARTBURN,4,52,7.6923,5
Disorder of digestive system,Gastroesophageal Reflux Disease,Phase 3,APPARENT ORAL CLEARANCE,3,52,5.7692,3
Disorder of digestive system,Gastroesophageal Reflux Disease,Phase 3,ENDOSCOPIC HEALING,3,52,5.7692,6
Disorder of digestive system,Gastroesophageal Reflux Disease,Phase 3,PERCENTAGE OF PARTICIPANTS ACHIEVING DIARY-RECORDED SUSTAINED RESOLUTION OF HEARTBURN,3,52,5.7692,7
Disorder of digestive system,Gastroesophageal Reflux Disease,Phase 4,CHANGE IN FREQUENCY OF HEARTBURN,2,20,10.0000,11
Disorder of digestive system,Gastroesophageal Reflux Disease,Phase 4,CHANGE IN HEARTBURN FREQUENCY,2,20,10.0000,12
Disorder of digestive system,Gastroesophageal Reflux Disease,Phase 4,CHANGE IN MAXIMUM SEVERITY OF HEARTBURN,2,20,10.0000,14
Disorder of digestive system,Gastroesophageal Reflux Disease,Phase 4,CHANGE IN PITTSBURGH SLEEP QUALITY INDEX SCORE,2,20,10.0000,15
Disorder of digestive system,Gastroesophageal Reflux Disease,Phase 4,ACHIEVEMENT OF GOOD SLEEP,1,20,5.0000,20
Disorder of digestive system,Gastroesophageal Reflux Disease,Phase 4,ACID EXPOSURE TIME,1,20,5.0000,21
Disorder of digestive system,Gastroesophageal Reflux Disease,Phase 4,AUC FROM 0 TO INFINITY,1,20,5.0000,25
Disorder of digestive system,Gastroparesis,Phase 1,ABILITY TO ACHIEVE PAIN FREE INTERCOURSE,1,6,16.6667,15
Disorder of digestive system,Gastroparesis,Phase 1,APPARENT CLEARANCE,1,6,16.6667,18
Disorder of digestive system,Gastroparesis,Phase 1,AREA UNDER THE CONCENTRATION-TIME CURVE,1,6,16.6667,11
Disorder of digestive system,Gastroparesis,Phase 1,AUC FROM 0 TO INFINITY,1,6,16.6667,21
Disorder of digestive system,Gastroparesis,Phase 1,AUCTAU,1,6,16.6667,22
Disorder of digestive system,Gastroparesis,Phase 1,CARDIAC OUTPUT DURING ORTHOSTATIC CHALLENGE,1,6,16.6667,24
Disorder of digestive system,Gastroparesis,Phase 1,CHANGE IN ALDOSTERONE LEVEL,1,6,16.6667,26
Disorder of digestive system,Gastroparesis,Phase 2,MAXIMUM PLASMA CONCENTRATION,6,31,19.3548,0
Disorder of digestive system,Gastroparesis,Phase 2,CHANGE IN HEART RATE,3,31,9.6774,7
Disorder of digestive system,Gastroparesis,Phase 2,NUMBER OF PARTICIPANTS WITH ADVERSE EVENTS,3,31,9.6774,9
Disorder of digestive system,Gastroparesis,Phase 2,TIME TO MAXIMUM CONCENTRATION,3,31,9.6774,10
Disorder of digestive system,Gastroparesis,Phase 2,AUC FROM 0 TO LAST MEASURABLE CONCENTRATION,2,31,6.4516,12
Disorder of digestive system,Gastroparesis,Phase 2,CHANGE FROM BASELINE IN BLOOD PRESSURE,2,31,6.4516,13
Disorder of digestive system,Gastroparesis,Phase 2,CHANGE IN ALBUMIN,2,31,6.4516,14
Disorder of digestive system,Gastroparesis,Phase 3,NUMBER OF PARTICIPANTS WITH CLINICALLY MEANINGFUL TRENDS FOR VITAL SIGNS,5,21,23.8095,1
Disorder of digestive system,Gastroparesis,Phase 3,NUMBER OF PARTICIPANTS WITH POTENTIAL CLINICALLY SIGNIFICANT LABORATORY RESULTS,5,21,23.8095,2
Disorder of digestive system,Gastroparesis,Phase 3,NUMBER OF PARTICIPANTS WITH TREATMENT-EMERGENT ADVERSE EVENTS,5,21,23.8095,3
Disorder of digestive system,Gastroparesis,Phase 3,NUMBER OF PARTICIPANTS WITH A ≥1% INCREASE IN HEMOGLOBIN A1C,4,21,19.0476,4
Disorder of digestive system,Gastroparesis,Phase 3,NUMBER OF PARTICIPANTS WITH CLINICALLY SIGNIFICANT ABNORMAL ECG RESULTS,4,21,19.0476,5
Disorder of digestive system,Gastroparesis,Phase 3,CHANGE IN DIABETIC GASTROPARESIS SYMPTOM SEVERITY SCORE,3,21,14.2857,6
Disorder of digestive system,Gastroparesis,Phase 3,COMPLETE RESPONSE,3,21,14.2857,8
Disorder of digestive system,Gastroparesis,Phase 4,AMOUNT OF 24 HOUR OPIOID CONSUMPTION,1,14,7.1429,16
Disorder of digestive system,Gastroparesis,Phase 4,AMOUNT OF INTRAOPERATIVE IV OPIOID CONSUMPTION,1,14,7.1429,17
Disorder of digestive system,Gastroparesis,Phase 4,AREA UNDER THE CONCENTRATION-TIME CURVE,1,14,7.1429,11
Disorder of digestive system,Gastroparesis,Phase 4,AREAS OF PAIN REPORTED,1,14,7.1429,19
Disorder of digestive system,Gastroparesis,Phase 4,AST/ALT RATIO CHANGE,1,14,7.1429,20
Disorder of digestive system,Gastroparesis,Phase 4,BLOOD GLUCOSE CHANGE,1,14,7.1429,23
Disorder of digestive system,Gastroparesis,Phase 4,CHANGE FROM BASELINE IN SF-12 SCORE,1,14,7.1429,25
Mental illness,Generalized Anxiety Disorder,Phase 2,CHANGE IN HAM-A SCORE,5,8,62.5000,0
Mental illness,Generalized Anxiety Disorder,Phase 2,CHANGE IN MADRS SCORE,2,8,25.0000,8
Mental illness,Generalized Anxiety Disorder,Phase 2,QUALITY OF LIFE SCORE,2,8,25.0000,12
Mental illness,Generalized Anxiety Disorder,Phase 2,50 PERCENT OR GREATER REDUCTION IN PSWQ SCORE,1,8,12.5000,13
Mental illness,Generalized Anxiety Disorder,Phase 2,50% ANXIOLYTIC RESPONSE,1,8,12.5000,14
Mental illness,Generalized Anxiety Disorder,Phase 2,ACCEPTABILITY OF THE INTERVENTION,1,8,12.5000,15
Mental illness,Generalized Anxiety Disorder,Phase 2,ANXIETY SYMPTOM SEVERITY,1,8,12.5000,17
Mental illness,Generalized Anxiety Disorder,Phase 3,CHANGE IN HAM-A SCORE,12,15,80.0000,0
Mental illness,Generalized Anxiety Disorder,Phase 3,CHANGE FROM BASELINE IN SHEEHAN DISABILITY SCALE TOTAL SCORE,6,15,40.0000,1
Mental illness,Generalized Anxiety Disorder,Phase 3,CHANGE FROM BASELINE IN CLINICAL GLOBAL IMPRESSION SCALE-SEVERITY OF ILLNESS,4,15,26.6667,2
Mental illness,Generalized Anxiety Disorder,Phase 3,PERCENTAGE OF PARTICIPANTS IN HAM-A REMISSION,4,15,26.6667,3
Mental illness,Generalized Anxiety Disorder,Phase 3,PERCENTAGE OF RESPONDERS IN HAM-A TOTAL SCORE,4,15,26.6667,4
Mental illness,Generalized Anxiety Disorder,Phase 3,CHANGE FROM BASELINE IN HAD-DEPRESSION SCORE,3,15,20.0000,5
Mental illness,Generalized Anxiety Disorder,Phase 3,CHANGE FROM BASELINE IN SHEEHAN DISABILITY SCALE SCORE,3,15,20.0000,6
Mental illness,Generalized Anxiety Disorder,Phase 4,CHANGE IN HAM-A SCORE,4,10,40.0000,0
Mental illness,Generalized Anxiety Disorder,Phase 4,CHANGE IN HAMA SCORE,3,10,30.0000,7
Mental illness,Generalized Anxiety Disorder,Phase 4,CHANGE IN SHEEHAN DISABILITY SCALE SCORE,2,10,20.0000,9
Mental illness,Generalized Anxiety Disorder,Phase 4,CLINICIAN GLOBAL IMPRESSION OF IMPROVEMENT,2,10,20.0000,10
Mental illness,Generalized Anxiety Disorder,Phase 4,PATIENT GLOBAL IMPRESSION OF CHANGE,2,10,20.0000,11
Mental illness,Generalized Anxiety Disorder,Phase 4,ADVERSE EVENTS LEADING TO DISCONTINUATION,1,10,10.0000,16
Mental illness,Generalized Anxiety Disorder,Phase 4,ATTACHMENT LOSS,1,10,10.0000,18
Situation with explicit context,Geriatric Population,Phase 1,WALKING SPEED CHANGE,2,8,25.0000,0
Situation with explicit context,Geriatric Population,Phase 1,ACCURACY OF VOICES TOOL,1,8,12.5000,1
Situation with explicit context,Geriatric Population,Phase 1,AMOUNT OF PADSEVONIL EXCRETED IN URINE,1,8,12.5000,4
Situation with explicit context,Geriatric Population,Phase 1,AREA UNDER THE CONCENTRATION-TIME CURVE,1,8,12.5000,6
Situation with explicit context,Geriatric Population,Phase 1,AUC FROM 0 TO LAST MEASURABLE CONCENTRATION,1,8,12.5000,8
Situation with explicit context,Geriatric Population,Phase 1,AUCTAU,1,8,12.5000,9
Situation with explicit context,Geriatric Population,Phase 1,BRAIN RESTING STATE NETWORK SEGREGATION,1,8,12.5000,12
Situation with explicit context,Geriatric Population,Phase 2,ANTIBODY TITER,1,13,7.6923,5
Situation with explicit context,Geriatric Population,Phase 2,ATP PRODUCTION CHANGE,1,13,7.6923,7
Situation with explicit context,Geriatric Population,Phase 2,AVERAGE DISTANCE TRAVELED,1,13,7.6923,10
Situation with explicit context,Geriatric Population,Phase 2,BORG RATING OF PERCEIVED EXERTION,1,13,7.6923,11
Situation with explicit context,Geriatric Population,Phase 2,CARDIORESPIRATORY FITNESS,1,13,7.6923,13
Situation with explicit context,Geriatric Population,Phase 2,CHANGE IN 6-MINUTE WALK DISTANCE,1,13,7.6923,15
Situation with explicit context,Geriatric Population,Phase 2,CHANGE IN ARENA COMPOSITE SCORE,1,13,7.6923,16
Situation with explicit context,Geriatric Population,Phase 3,ALL-CAUSE MORTALITY,1,4,25.0000,3
Situation with explicit context,Geriatric Population,Phase 3,CHANGE IN BPI SCORE,1,4,25.0000,18
Situation with explicit context,Geriatric Population,Phase 3,CHANGE IN SHORT PHYSICAL PERFORMANCE BATTERY TEST SCORE,1,4,25.0000,23
Situation with explicit context,Geriatric Population,Phase 3,DISCHARGE DISPOSITION,1,4,25.0000,24
Situation with explicit context,Geriatric Population,Phase 3,GASTROINTESTINAL INTOLERANCE,1,4,25.0000,25
Situation with explicit context,Geriatric Population,Phase 3,GLOBAL AESTHETIC IMPROVEMENT,1,4,25.0000,26
Situation with explicit context,Geriatric Population,Phase 3,GLOBAL BASE CHANGES OF PAIN,1,4,25.0000,27
Situation with explicit context,Geriatric Population,Phase 4,ACTIVATION,1,12,8.3333,2
Situation with explicit context,Geriatric Population,Phase 4,CEREBRAL SPINAL FLUID LEVELS OF TROSPIUM,1,12,8.3333,14
Situation with explicit context,Geriatric Population,Phase 4,CHANGE IN ARTERIAL STIFFNESS,1,12,8.3333,17
Situation with explicit context,Geriatric Population,Phase 4,CHANGE IN ENDOTHELIAL FUNCTION,1,12,8.3333,19
Situation with explicit context,Geriatric Population,Phase 4,CHANGE IN KNOWLEDGE AND AWARENESS OF PNEUMOCOCCAL DISEASE,1,12,8.3333,20
Situation with explicit context,Geriatric Population,Phase 4,CHANGE IN LEAN BODY MASS,1,12,8.3333,21
Situation with explicit context,Geriatric Population,Phase 4,CHANGE IN MEMORY RECALL,1,12,8.3333,22
Disorder of endocrine system,Gestational Diabetes,Phase 1,MAXIMUM PLASMA CONCENTRATION,8,22,36.3636,10
Disorder of endocrine system,Gestational Diabetes,Phase 1,TIME TO MAXIMUM CONCENTRATION,5,22,22.7273,14
Disorder of endocrine system,Gestational Diabetes,Phase 1,AUC FROM 0 TO INFINITY,3,22,13.6364,15
Disorder of endocrine system,Gestational Diabetes,Phase 1,MAXIMUM GLUCOSE INFUSION RATE,3,22,13.6364,16
Disorder of endocrine system,Gestational Diabetes,Phase 1,NUMBER OF PARTICIPANTS WITH ADVERSE EVENTS,3,22,13.6364,17
Disorder of endocrine system,Gestational Diabetes,Phase 1,NUMBER OF PARTICIPANTS WITH TREATMENT-EMERGENT ADVERSE EVENTS,3,22,13.6364,18
Disorder of endocrine system,Gestational Diabetes,Phase 1,CLINICALLY SIGNIFICANT ABNORMALITIES,2,22,9.0909,19
Disorder of endocrine system,Gestational Diabetes,Phase 2,CHANGE IN HEMOGLOBIN A1C,30,87,34.4828,0
Disorder of endocrine system,Gestational Diabetes,Phase 2,CHANGE IN BODY WEIGHT,15,87,17.2414,2
Disorder of endocrine system,Gestational Diabetes,Phase 2,CHANGE IN FASTING PLASMA GLUCOSE,13,87,14.9425,1
Disorder of endocrine system,Gestational Diabetes,Phase 2,CHANGE IN ALT,8,87,9.1954,8
Disorder of endocrine system,Gestational Diabetes,Phase 2,CHANGE IN CREATININE,8,87,9.1954,9
Disorder of endocrine system,Gestational Diabetes,Phase 2,CHANGE IN BLOOD PRESSURE,7,87,8.0460,4
Disorder of endocrine system,Gestational Diabetes,Phase 2,DIASTOLIC BLOOD PRESSURE,7,87,8.0460,11
Disorder of endocrine system,Gestational Diabetes,Phase 3,CHANGE IN HEMOGLOBIN A1C,140,203,68.9655,0
Disorder of endocrine system,Gestational Diabetes,Phase 3,CHANGE IN FASTING PLASMA GLUCOSE,92,203,45.3202,1
Disorder of endocrine system,Gestational Diabetes,Phase 3,CHANGE IN BODY WEIGHT,91,203,44.8276,2
Disorder of endocrine system,Gestational Diabetes,Phase 3,PERCENTAGE OF PARTICIPANTS ACHIEVING TARGET,54,203,26.6010,3
Disorder of endocrine system,Gestational Diabetes,Phase 3,CHANGE IN BODY MASS INDEX,29,203,14.2857,5
Disorder of endocrine system,Gestational Diabetes,Phase 3,CHANGE IN BLOOD PRESSURE,28,203,13.7931,4
Disorder of endocrine system,Gestational Diabetes,Phase 3,CHANGE IN HDL CHOLESTEROL,27,203,13.3005,6
Disorder of endocrine system,Gestational Diabetes,Phase 4,CHANGE IN HEMOGLOBIN A1C,38,125,30.4000,0
Disorder of endocrine system,Gestational Diabetes,Phase 4,CHANGE IN FASTING PLASMA GLUCOSE,21,125,16.8000,1
Disorder of endocrine system,Gestational Diabetes,Phase 4,CHANGE IN BODY WEIGHT,16,125,12.8000,2
Disorder of endocrine system,Gestational Diabetes,Phase 4,PERCENTAGE OF PARTICIPANTS ACHIEVING TARGET,13,125,10.4000,3
Disorder of endocrine system,Gestational Diabetes,Phase 4,NUMBER OF HYPOGLYCAEMIC EPISODES,9,125,7.2000,7
Disorder of endocrine system,Gestational Diabetes,Phase 4,INCIDENCE OF HYPOGLYCAEMIC EPISODES,6,125,4.8000,12
Disorder of endocrine system,Gestational Diabetes,Phase 4,NUMBER OF TREATMENT EMERGENT HYPOGLYCAEMIC EPISODES,6,125,4.8000,13
Disorder of eye,Glaucoma,Phase 1,CHANGE IN INTRAOCULAR PRESSURE,2,10,20.0000,1
Disorder of eye,Glaucoma,Phase 1,EYE COMFORT INDEX,2,10,20.0000,12
Disorder of eye,Glaucoma,Phase 1,NUMBER OF EYES WITH EPITHELIAL DEFECTS,2,10,20.0000,13
Disorder of eye,Glaucoma,Phase 1,NUMBER OF PARTICIPANTS WITH ADVERSE EVENTS,2,10,20.0000,14
Disorder of eye,Glaucoma,Phase 1,AUC FROM 0 TO INFINITY,1,10,10.0000,15
Disorder of eye,Glaucoma,Phase 1,AUC FROM 0 TO LAST MEASURABLE CONCENTRATION,1,10,10.0000,16
Disorder of eye,Glaucoma,Phase 1,CHANGE FROM BASELINE IN INTRA OCULAR PRESSURE,1,10,10.0000,17
Disorder of eye,Glaucoma,Phase 2,INTRAOCULAR PRESSURE,9,59,15.2542,0
Disorder of eye,Glaucoma,Phase 2,CHANGE IN INTRAOCULAR PRESSURE,5,59,8.4746,1
Disorder of eye,Glaucoma,Phase 2,MEAN CHANGE IN INTRAOCULAR PRESSURE,5,59,8.4746,4
Disorder of eye,Glaucoma,Phase 2,MEAN DIURNAL INTRAOCULAR PRESSURE,5,59,8.4746,8
Disorder of eye,Glaucoma,Phase 2,CHANGE FROM BASELINE IN INTRAOCULAR PRESSURE,4,59,6.7797,2
Disorder of eye,Glaucoma,Phase 2,CHANGE FROM BASELINE IN MEAN INTRAOCULAR PRESSURE,4,59,6.7797,10
Disorder of eye,Glaucoma,Phase 2,CHANGE FROM BASELINE IN IOP,3,59,5.0847,5
Disorder of eye,Glaucoma,Phase 3,MEAN INTRAOCULAR PRESSURE,9,93,9.6774,3
Disorder of eye,Glaucoma,Phase 3,CHANGE FROM BASELINE IN INTRAOCULAR PRESSURE,7,93,7.5269,2
Disorder of eye,Glaucoma,Phase 3,CHANGE FROM BASELINE IN IOP,7,93,7.5269,5
Disorder of eye,Glaucoma,Phase 3,CHANGE IN INTRAOCULAR PRESSURE,7,93,7.5269,1
Disorder of eye,Glaucoma,Phase 3,INTRAOCULAR PRESSURE,7,93,7.5269,0
Disorder of eye,Glaucoma,Phase 3,EXTENT OF EXPOSURE,5,93,5.3763,7
Disorder of eye,Glaucoma,Phase 3,MEAN DIURNAL IOP CHANGE,5,93,5.3763,9
Disorder of eye,Glaucoma,Phase 4,INTRAOCULAR PRESSURE,11,98,11.2245,0
Disorder of eye,Glaucoma,Phase 4,CHANGE IN INTRAOCULAR PRESSURE,10,98,10.2041,1
Disorder of eye,Glaucoma,Phase 4,MEAN CHANGE IN IOP,8,98,8.1633,6
Disorder of eye,Glaucoma,Phase 4,MEAN CHANGE IN INTRAOCULAR PRESSURE,6,98,6.1224,4
Disorder of eye,Glaucoma,Phase 4,MEAN INTRAOCULAR PRESSURE,6,98,6.1224,3
Disorder of eye,Glaucoma,Phase 4,CHANGE FROM BASELINE IN INTRAOCULAR PRESSURE,4,98,4.0816,2
Disorder of eye,Glaucoma,Phase 4,MEAN CHANGE IN OSDI SCORE,4,98,4.0816,11
Neoplastic disease,Glioblastoma,Phase 1,MAXIMUM TOLERATED DOSE,19,38,50.0000,6
Neoplastic disease,Glioblastoma,Phase 1,PROGRESSION-FREE SURVIVAL,19,38,50.0000,1
Neoplastic disease,Glioblastoma,Phase 1,OVERALL SURVIVAL,16,38,42.1053,0
Neoplastic disease,Glioblastoma,Phase 1,OBJECTIVE RESPONSE RATE,9,38,23.6842,2
Neoplastic disease,Glioblastoma,Phase 1,AREA UNDER THE CONCENTRATION-TIME CURVE,5,38,13.1579,8
Neoplastic disease,Glioblastoma,Phase 1,DOSE-LIMITING TOXICITIES,5,38,13.1579,9
Neoplastic disease,Glioblastoma,Phase 1,MAXIMUM PLASMA CONCENTRATION,5,38,13.1579,10
Neoplastic disease,Glioblastoma,Phase 2,OVERALL SURVIVAL,112,229,48.9083,0
Neoplastic disease,Glioblastoma,Phase 2,PROGRESSION-FREE SURVIVAL,107,229,46.7249,1
Neoplastic disease,Glioblastoma,Phase 2,OBJECTIVE RESPONSE RATE,85,229,37.1179,2
Neoplastic disease,Glioblastoma,Phase 2,MEDIAN OVERALL SURVIVAL,33,229,14.4105,4
Neoplastic disease,Glioblastoma,Phase 2,NUMBER OF PARTICIPANTS WITH ADVERSE EVENTS,32,229,13.9738,3
Neoplastic disease,Glioblastoma,Phase 2,MEDIAN PROGRESSION-FREE SURVIVAL,21,229,9.1703,5
Neoplastic disease,Glioblastoma,Phase 2,6-MONTH PROGRESSION-FREE SURVIVAL,17,229,7.4236,7
Neoplastic disease,Glioblastoma,Phase 3,OVERALL SURVIVAL,14,20,70.0000,0
Neoplastic disease,Glioblastoma,Phase 3,PROGRESSION-FREE SURVIVAL,13,20,65.0000,1
Neoplastic disease,Glioblastoma,Phase 3,EVENT-FREE SURVIVAL,4,20,20.0000,11
Neoplastic disease,Glioblastoma,Phase 3,OBJECTIVE RESPONSE RATE,4,20,20.0000,2
Neoplastic disease,Glioblastoma,Phase 3,NUMBER OF PARTICIPANTS WITH ADVERSE EVENTS,3,20,15.0000,3
Neoplastic disease,Glioblastoma,Phase 3,DURATION OF RESPONSE,2,20,10.0000,12
Neoplastic disease,Glioblastoma,Phase 3,1-YEAR SURVIVAL RATE,1,20,5.0000,13
Neoplastic disease,Glioblastoma,Phase 4,OVERALL RESPONSE,1,1,100.0000,14
Neoplastic disease,Glioblastoma,Phase 4,OVERALL SURVIVAL,1,1,100.0000,0
Neoplastic disease,Glioblastoma,Phase 4,OVERALL SURVIVAL RATE,1,1,100.0000,15
Neoplastic disease,Glioblastoma,Phase 4,PROGRESSION-FREE SURVIVAL,1,1,100.0000,1
Musculoskeletal disorder,Gout,Phase 1,APPARENT TERMINAL HALF-LIFE,3,6,50.0000,4
Musculoskeletal disorder,Gout,Phase 1,INCIDENCE OF TREATMENT-EMERGENT ADVERSE EVENTS,3,6,50.0000,11
Musculoskeletal disorder,Gout,Phase 1,MAXIMUM PLASMA CONCENTRATION,3,6,50.0000,3
Musculoskeletal disorder,Gout,Phase 1,AUC LAST,2,6,33.3333,14
Musculoskeletal disorder,Gout,Phase 1,AUC∞,2,6,33.3333,15
Musculoskeletal disorder,Gout,Phase 1,CMAX OF RDEA3170,2,6,33.3333,18
Musculoskeletal disorder,Gout,Phase 1,RENAL CLEARANCE,2,6,33.3333,21
Musculoskeletal disorder,Gout,Phase 2,CHANGE IN VAS PAIN SCORE,6,30,20.0000,2
Musculoskeletal disorder,Gout,Phase 2,MAXIMUM PLASMA CONCENTRATION,3,30,10.0000,3
Musculoskeletal disorder,Gout,Phase 2,NUMBER OF GOUT FLARES,3,30,10.0000,12
Musculoskeletal disorder,Gout,Phase 2,AMOUNT OF RESCUE MEDICATION TAKEN,2,30,6.6667,0
Musculoskeletal disorder,Gout,Phase 2,APPARENT TERMINAL HALF-LIFE,2,30,6.6667,4
Musculoskeletal disorder,Gout,Phase 2,AREA UNDER THE CONCENTRATION-TIME CURVE,2,30,6.6667,13
Musculoskeletal disorder,Gout,Phase 2,CHANGE IN CRP,2,30,6.6667,16
Musculoskeletal disorder,Gout,Phase 3,AMOUNT OF RESCUE MEDICATION TAKEN,7,45,15.5556,0
Musculoskeletal disorder,Gout,Phase 3,CHANGE IN PAIN SCORE,6,45,13.3333,1
Musculoskeletal disorder,Gout,Phase 3,PAIN RESPONSE RATE,4,45,8.8889,5
Musculoskeletal disorder,Gout,Phase 3,PATIENT GLOBAL IMPRESSION OF CHANGE,4,45,8.8889,6
Musculoskeletal disorder,Gout,Phase 3,PATIENT'S ASSESSMENT OF GOUT PAIN INTENSITY,4,45,8.8889,7
Musculoskeletal disorder,Gout,Phase 3,PERCENTAGE OF SUBJECTS WITH SERUM URATE <6.0 MG/DL,4,45,8.8889,9
Musculoskeletal disorder,Gout,Phase 3,PHYSICIAN'S ASSESSMENT OF ERYTHEMA,4,45,8.8889,10
Musculoskeletal disorder,Gout,Phase 4,PERCENTAGE OF SERUM URIC ACID RESPONDERS,4,22,18.1818,8
Musculoskeletal disorder,Gout,Phase 4,CHANGE IN HEMOGLOBIN,2,22,9.0909,17
Musculoskeletal disorder,Gout,Phase 4,MEAN CHANGE IN HAQ-DI SCORE,2,22,9.0909,19
Musculoskeletal disorder,Gout,Phase 4,PERCENTAGE OF SUA RESPONDERS,2,22,9.0909,20
Musculoskeletal disorder,Gout,Phase 4,AMBULATORY DIASTOLIC BLOOD PRESSURE,1,22,4.5455,22
Musculoskeletal disorder,Gout,Phase 4,AMBULATORY SYSTOLIC BLOOD PRESSURE,1,22,4.5455,23
Musculoskeletal disorder,Gout,Phase 4,AOFAS SCORE,1,22,4.5455,24
Disorder of immune function,Graft-versus-Host Disease,Phase 1,MAXIMUM TOLERATED DOSE,2,6,33.3333,11
Disorder of immune function,Graft-versus-Host Disease,Phase 1,APPARENT CLEARANCE,1,6,16.6667,15
Disorder of immune function,Graft-versus-Host Disease,Phase 1,APPARENT VOLUME OF DISTRIBUTION,1,6,16.6667,16
Disorder of immune function,Graft-versus-Host Disease,Phase 1,AREA UNDER THE CONCENTRATION-TIME CURVE,1,6,16.6667,17
Disorder of immune function,Graft-versus-Host Disease,Phase 1,CHANGE IN IMMUNE CELL COUNTS,1,6,16.6667,21
Disorder of immune function,Graft-versus-Host Disease,Phase 1,CHANGE IN VAS PAIN SCORE,1,6,16.6667,22
Disorder of immune function,Graft-versus-Host Disease,Phase 1,COMPLETE RESPONSE AND PARTIAL RESPONSE,1,6,16.6667,23
Disorder of immune function,Graft-versus-Host Disease,Phase 2,OVERALL SURVIVAL,34,96,35.4167,0
Disorder of immune function,Graft-versus-Host Disease,Phase 2,OBJECTIVE RESPONSE RATE,23,96,23.9583,1
Disorder of immune function,Graft-versus-Host Disease,Phase 2,NON-RELAPSE MORTALITY,11,96,11.4583,3
Disorder of immune function,Graft-versus-Host Disease,Phase 2,FAILURE-FREE SURVIVAL,10,96,10.4167,4
Disorder of immune function,Graft-versus-Host Disease,Phase 2,DURATION OF RESPONSE,9,96,9.3750,2
Disorder of immune function,Graft-versus-Host Disease,Phase 2,PROGRESSION-FREE SURVIVAL,7,96,7.2917,5
Disorder of immune function,Graft-versus-Host Disease,Phase 2,COMPLETE RESPONSE RATE,4,96,4.1667,6
Disorder of immune function,Graft-versus-Host Disease,Phase 3,OVERALL SURVIVAL,10,22,45.4545,0
Disorder of immune function,Graft-versus-Host Disease,Phase 3,OBJECTIVE RESPONSE RATE,9,22,40.9091,1
Disorder of immune function,Graft-versus-Host Disease,Phase 3,DURATION OF RESPONSE,7,22,31.8182,2
Disorder of immune function,Graft-versus-Host Disease,Phase 3,TIME TO MAXIMUM CONCENTRATION,4,22,18.1818,7
Disorder of immune function,Graft-versus-Host Disease,Phase 3,CHANGE IN EQ-5D SCORE,2,22,9.0909,8
Disorder of immune function,Graft-versus-Host Disease,Phase 3,COMPLETE RESPONSE,2,22,9.0909,9
Disorder of immune function,Graft-versus-Host Disease,Phase 3,DISEASE-FREE SURVIVAL,2,22,9.0909,10
Disorder of immune function,Graft-versus-Host Disease,Phase 4,ACUTE REJECTION RATE,1,6,16.6667,12
Disorder of immune function,Graft-versus-Host Disease,Phase 4,ACUTE REJECTION-FREE SURVIVAL,1,6,16.6667,13
Disorder of immune function,Graft-versus-Host Disease,Phase 4,ADVERSE DRUG REACTIONS,1,6,16.6667,14
Disorder of immune function,Graft-versus-Host Disease,Phase 4,BRONCHIOLITIS OBLITERANS SYNDROME AT 36 MONTHS,1,6,16.6667,18
Disorder of immune function,Graft-versus-Host Disease,Phase 4,BRONCHIOLITIS OBLITERANS SYNDROME FREE RATE AT 24 MONTHS,1,6,16.6667,19
Disorder of immune function,Graft-versus-Host Disease,Phase 4,CHANGE IN EGFR,1,6,16.6667,20
Disorder of immune function,Graft-versus-Host Disease,Phase 4,KIDNEY ALLOGRAFT FIBROSIS,1,6,16.6667,24
Disorder of endocrine system,Growth Hormone Deficiency,Phase 2,ANNUALIZED HEIGHT VELOCITY,2,8,25.0000,7
Disorder of endocrine system,Growth Hormone Deficiency,Phase 2,CHANGE IN HEIGHT SDS,2,8,25.0000,2
Disorder of endocrine system,Growth Hormone Deficiency,Phase 2,CMAX OF HGH,2,8,25.0000,8
Disorder of endocrine system,Growth Hormone Deficiency,Phase 2,HEIGHT VELOCITY,2,8,25.0000,0
Disorder of endocrine system,Growth Hormone Deficiency,Phase 2,NUMBER OF SUBJECTS REPORTING LOCAL TOLERABILITY EVENTS,2,8,25.0000,10
Disorder of endocrine system,Growth Hormone Deficiency,Phase 2,ANNUAL HEIGHT VELOCITY,1,8,12.5000,13
Disorder of endocrine system,Growth Hormone Deficiency,Phase 2,AUC0-168H OF HGH,1,8,12.5000,15
Disorder of endocrine system,Growth Hormone Deficiency,Phase 3,HEIGHT VELOCITY,7,30,23.3333,0
Disorder of endocrine system,Growth Hormone Deficiency,Phase 3,CHANGE IN BONE AGE,5,30,16.6667,3
Disorder of endocrine system,Growth Hormone Deficiency,Phase 3,NUMBER OF PARTICIPANTS WITH TREATMENT-EMERGENT ADVERSE EVENTS,5,30,16.6667,4
Disorder of endocrine system,Growth Hormone Deficiency,Phase 3,CHANGE IN BODY WEIGHT,4,30,13.3333,1
Disorder of endocrine system,Growth Hormone Deficiency,Phase 3,CHANGE IN FASTING PLASMA GLUCOSE,4,30,13.3333,5
Disorder of endocrine system,Growth Hormone Deficiency,Phase 3,CHANGE IN HEIGHT SDS,4,30,13.3333,2
Disorder of endocrine system,Growth Hormone Deficiency,Phase 3,CHANGE IN HEIGHT STANDARD DEVIATION SCORE,4,30,13.3333,6
Disorder of endocrine system,Growth Hormone Deficiency,Phase 4,CHANGE IN BODY WEIGHT,2,13,15.3846,1
Disorder of endocrine system,Growth Hormone Deficiency,Phase 4,LEAN BODY MASS,2,13,15.3846,9
Disorder of endocrine system,Growth Hormone Deficiency,Phase 4,AGE AT MENARCHE/THELARCHE/ADRENARCHE,1,13,7.6923,11
Disorder of endocrine system,Growth Hormone Deficiency,Phase 4,ALL-CAUSE MORTALITY,1,13,7.6923,12
Disorder of endocrine system,Growth Hormone Deficiency,Phase 4,ANNUALIZED GROWTH VELOCITY,1,13,7.6923,14
Disorder of endocrine system,Growth Hormone Deficiency,Phase 4,BODY MASS,1,13,7.6923,16
Disorder of endocrine system,Growth Hormone Deficiency,Phase 4,CALIFORNIA VERBAL LEARNING TEST-II DELAYED RECALL SCORE,1,13,7.6923,17
Neurological disorder,Guillain-Barré Syndrome,Phase 1,NUMBER OF PARTICIPANTS WITH SERIOUS ADVERSE EVENTS,2,3,66.6667,0
Neurological disorder,Guillain-Barré Syndrome,Phase 1,NUMBER OF PARTICIPANTS WITH SOLICITED ADVERSE EVENTS,2,3,66.6667,10
Neurological disorder,Guillain-Barré Syndrome,Phase 1,NUMBER OF PARTICIPANTS WITH UNSOLICITED ADVERSE EVENTS,2,3,66.6667,11
Neurological disorder,Guillain-Barré Syndrome,Phase 1,SEROCONVERSION RATE,2,3,66.6667,2
Neurological disorder,Guillain-Barré Syndrome,Phase 1,AMOUNT OF TYPE 1 VACCINE VIRUS IN STOOL,1,3,33.3333,12
Neurological disorder,Guillain-Barré Syndrome,Phase 1,AMOUNT OF TYPE 3 VACCINE VIRUS IN STOOL,1,3,33.3333,13
Neurological disorder,Guillain-Barré Syndrome,Phase 1,ANTI-POLIOVIRUS TYPE-2 NEUTRALIZING ANTIBODY TITERS,1,3,33.3333,8
Neurological disorder,Guillain-Barré Syndrome,Phase 2,NUMBER OF PARTICIPANTS WITH SERIOUS ADVERSE EVENTS,2,6,33.3333,0
Neurological disorder,Guillain-Barré Syndrome,Phase 2,SEROCONVERSION RATE,2,6,33.3333,2
Neurological disorder,Guillain-Barré Syndrome,Phase 2,SEROPROTECTION RATE,2,6,33.3333,1
Neurological disorder,Guillain-Barré Syndrome,Phase 2,ANTI-DRUG ANTIBODIES,1,6,16.6667,3
Neurological disorder,Guillain-Barré Syndrome,Phase 2,ANTI-POLIOVIRUS TYPE-2 NEUTRALIZING ANTIBODY TITERS,1,6,16.6667,8
Neurological disorder,Guillain-Barré Syndrome,Phase 2,"ANY OTHER SAES, AES AND IMES INCIDENCE",1,6,16.6667,17
Neurological disorder,Guillain-Barré Syndrome,Phase 2,APGAR SCORE,1,6,16.6667,18
Neurological disorder,Guillain-Barré Syndrome,Phase 3,NUMBER OF PARTICIPANTS WITH SERIOUS ADVERSE EVENTS,6,21,28.5714,0
Neurological disorder,Guillain-Barré Syndrome,Phase 3,SEROPROTECTION RATE,6,21,28.5714,1
Neurological disorder,Guillain-Barré Syndrome,Phase 3,SEROCONVERSION RATE,4,21,19.0476,2
Neurological disorder,Guillain-Barré Syndrome,Phase 3,NUMBER OF PARTICIPANTS WITH ADVERSE EVENTS,3,21,14.2857,4
Neurological disorder,Guillain-Barré Syndrome,Phase 3,NUMBER OF SEROPOSITIVE SUBJECTS,3,21,14.2857,5
Neurological disorder,Guillain-Barré Syndrome,Phase 3,NUMBER OF SEROPROTECTED SUBJECTS,3,21,14.2857,6
Neurological disorder,Guillain-Barré Syndrome,Phase 3,NUMBER OF SUBJECTS WITH ANY AND GRADE 3 SOLICITED LOCAL SYMPTOMS,3,21,14.2857,7
Neurological disorder,Guillain-Barré Syndrome,Phase 4,NUMBER OF PARTICIPANTS WITH SERIOUS ADVERSE EVENTS,4,7,57.1429,0
Neurological disorder,Guillain-Barré Syndrome,Phase 4,SEROPROTECTION RATE,3,7,42.8571,1
Neurological disorder,Guillain-Barré Syndrome,Phase 4,ANTI-DRUG ANTIBODIES,2,7,28.5714,3
Neurological disorder,Guillain-Barré Syndrome,Phase 4,BOOSTER RESPONSE RATE,2,7,28.5714,9
Neurological disorder,Guillain-Barré Syndrome,Phase 4,ANTI-D AND ANTI-T ANTIBODY CONCENTRATION,1,7,14.2857,14
Neurological disorder,Guillain-Barré Syndrome,Phase 4,ANTI-D AND ANTI-T ANTIBODY CONCENTRATIONS,1,7,14.2857,15
Neurological disorder,Guillain-Barré Syndrome,Phase 4,ANTI-DIPHTHERIA AND ANTI-TETANUS ANTIBODIES,1,7,14.2857,16
Infection,HIV/AIDS,Phase 1,MAXIMUM PLASMA CONCENTRATION,60,159,37.7358,1
Infection,HIV/AIDS,Phase 1,TIME TO MAXIMUM CONCENTRATION,55,159,34.5912,3
Infection,HIV/AIDS,Phase 1,AUC FROM 0 TO INFINITY,33,159,20.7547,8
Infection,HIV/AIDS,Phase 1,PLASMA DRUG CONCENTRATION,33,159,20.7547,5
Infection,HIV/AIDS,Phase 1,NUMBER OF PARTICIPANTS WITH ADVERSE EVENTS,30,159,18.8679,2
Infection,HIV/AIDS,Phase 1,NUMBER OF PARTICIPANTS WITH SERIOUS ADVERSE EVENTS,21,159,13.2075,9
Infection,HIV/AIDS,Phase 1,CHANGE IN HEMOGLOBIN,18,159,11.3208,10
Infection,HIV/AIDS,Phase 2,CHANGE IN CD4 COUNT,74,250,29.6000,0
Infection,HIV/AIDS,Phase 2,CHANGE IN VIRAL LOAD,48,250,19.2000,4
Infection,HIV/AIDS,Phase 2,MAXIMUM PLASMA CONCENTRATION,33,250,13.2000,1
Infection,HIV/AIDS,Phase 2,NUMBER OF PARTICIPANTS WITH ADVERSE EVENTS,32,250,12.8000,2
Infection,HIV/AIDS,Phase 2,TIME TO MAXIMUM CONCENTRATION,29,250,11.6000,3
Infection,HIV/AIDS,Phase 2,PLASMA DRUG CONCENTRATION,28,250,11.2000,5
Infection,HIV/AIDS,Phase 2,VIRAL SUPPRESSION RATE,22,250,8.8000,6
Infection,HIV/AIDS,Phase 3,CHANGE IN CD4 COUNT,87,207,42.0290,0
Infection,HIV/AIDS,Phase 3,PERCENTAGE OF PARTICIPANTS ACHIEVING TARGET,49,207,23.6715,7
Infection,HIV/AIDS,Phase 3,NUMBER OF PARTICIPANTS WITH ADVERSE EVENTS,27,207,13.0435,2
Infection,HIV/AIDS,Phase 3,CHANGE IN VIRAL LOAD,25,207,12.0773,4
Infection,HIV/AIDS,Phase 3,VIRAL SUPPRESSION RATE,19,207,9.1787,6
Infection,HIV/AIDS,Phase 3,PERCENTAGE OF PARTICIPANTS WITH HIV-1 RNA < 50 COPIES/ML,16,207,7.7295,11
Infection,HIV/AIDS,Phase 3,CHANGE FROM BASELINE IN CD4+ CELL COUNT,15,207,7.2464,12
Infection,HIV/AIDS,Phase 4,CHANGE IN CD4 COUNT,35,159,22.0126,0
Infection,HIV/AIDS,Phase 4,VIRAL SUPPRESSION RATE,18,159,11.3208,6
Infection,HIV/AIDS,Phase 4,CHANGE IN TOTAL CHOLESTEROL,12,159,7.5472,13
Infection,HIV/AIDS,Phase 4,CHANGE IN HDL CHOLESTEROL,9,159,5.6604,14
Infection,HIV/AIDS,Phase 4,CHANGE IN VIRAL LOAD,9,159,5.6604,4
Infection,HIV/AIDS,Phase 4,CHANGE IN LDL CHOLESTEROL,8,159,5.0314,15
Infection,HIV/AIDS,Phase 4,CHANGE IN TRIGLYCERIDES,7,159,4.4025,16
Neoplastic disease,Head and Neck Cancer,Phase 1,OBJECTIVE RESPONSE RATE,8,22,36.3636,0
Neoplastic disease,Head and Neck Cancer,Phase 1,MAXIMUM TOLERATED DOSE,6,22,27.2727,7
Neoplastic disease,Head and Neck Cancer,Phase 1,NUMBER OF PARTICIPANTS WITH ADVERSE EVENTS,4,22,18.1818,4
Neoplastic disease,Head and Neck Cancer,Phase 1,PROGRESSION-FREE SURVIVAL,4,22,18.1818,2
Neoplastic disease,Head and Neck Cancer,Phase 1,TIME TO MAXIMUM CONCENTRATION,3,22,13.6364,9
Neoplastic disease,Head and Neck Cancer,Phase 1,AUC FROM 0 TO INFINITY,2,22,9.0909,10
Neoplastic disease,Head and Neck Cancer,Phase 1,COMPLETE RESPONSE RATE,2,22,9.0909,6
Neoplastic disease,Head and Neck Cancer,Phase 2,OBJECTIVE RESPONSE RATE,118,248,47.5806,0
Neoplastic disease,Head and Neck Cancer,Phase 2,OVERALL SURVIVAL,107,248,43.1452,1
Neoplastic disease,Head and Neck Cancer,Phase 2,PROGRESSION-FREE SURVIVAL,107,248,43.1452,2
Neoplastic disease,Head and Neck Cancer,Phase 2,DURATION OF RESPONSE,31,248,12.5000,3
Neoplastic disease,Head and Neck Cancer,Phase 2,DISEASE CONTROL RATE,24,248,9.6774,5
Neoplastic disease,Head and Neck Cancer,Phase 2,NUMBER OF PARTICIPANTS WITH ADVERSE EVENTS,24,248,9.6774,4
Neoplastic disease,Head and Neck Cancer,Phase 2,COMPLETE RESPONSE RATE,11,248,4.4355,6
Neoplastic disease,Head and Neck Cancer,Phase 3,OVERALL SURVIVAL,33,51,64.7059,1
Neoplastic disease,Head and Neck Cancer,Phase 3,PROGRESSION-FREE SURVIVAL,30,51,58.8235,2
Neoplastic disease,Head and Neck Cancer,Phase 3,OBJECTIVE RESPONSE RATE,22,51,43.1373,0
Neoplastic disease,Head and Neck Cancer,Phase 3,DURATION OF RESPONSE,15,51,29.4118,3
Neoplastic disease,Head and Neck Cancer,Phase 3,NUMBER OF PARTICIPANTS WITH ADVERSE EVENTS,8,51,15.6863,4
Neoplastic disease,Head and Neck Cancer,Phase 3,DISEASE CONTROL RATE,5,51,9.8039,5
Neoplastic disease,Head and Neck Cancer,Phase 3,DISEASE-FREE SURVIVAL,4,51,7.8431,8
Neoplastic disease,Head and Neck Cancer,Phase 4,OVERALL SURVIVAL,2,4,50.0000,1
Neoplastic disease,Head and Neck Cancer,Phase 4,CHANGE IN DAILY NARCOTIC CONSUMPTION,1,4,25.0000,11
Neoplastic disease,Head and Neck Cancer,Phase 4,COMPLICATION RATE,1,4,25.0000,12
Neoplastic disease,Head and Neck Cancer,Phase 4,DURATION OF RESPONSE,1,4,25.0000,3
Neoplastic disease,Head and Neck Cancer,Phase 4,INTRAOPERATIVE BLOOD LOSS,1,4,25.0000,13
Neoplastic disease,Head and Neck Cancer,Phase 4,LOCAL CONTROL RATE,1,4,25.0000,14
Neoplastic disease,Head and Neck Cancer,Phase 4,LOCAL RECURRENCE,1,4,25.0000,15
Situation with explicit context,Healthy Volunteers,Phase 1,MAXIMUM PLASMA CONCENTRATION,903,1336,67.5898,0
Situation with explicit context,Healthy Volunteers,Phase 1,AUC FROM 0 TO INFINITY,496,1336,37.1257,1
Situation with explicit context,Healthy Volunteers,Phase 1,TIME TO MAXIMUM CONCENTRATION,404,1336,30.2395,2
Situation with explicit context,Healthy Volunteers,Phase 1,AREA UNDER THE CONCENTRATION-TIME CURVE,383,1336,28.6677,3
Situation with explicit context,Healthy Volunteers,Phase 1,AUC FROM 0 TO LAST MEASURABLE CONCENTRATION,215,1336,16.0928,4
Situation with explicit context,Healthy Volunteers,Phase 1,NUMBER OF PARTICIPANTS WITH TREATMENT-EMERGENT ADVERSE EVENTS,167,1336,12.5000,5
Situation with explicit context,Healthy Volunteers,Phase 1,APPARENT VOLUME OF DISTRIBUTION,133,1336,9.9551,6
Situation with explicit context,Healthy Volunteers,Phase 2,PERCENTAGE OF PARTICIPANTS WITH SERIOUS ADVERSE EVENTS,6,69,8.6957,13
Situation with explicit context,Healthy Volunteers,Phase 2,NUMBER OF PARTICIPANTS WITH SERIOUS ADVERSE EVENTS,5,69,7.2464,8
Situation with explicit context,Healthy Volunteers,Phase 2,VOLUME OF DISTRIBUTION,5,69,7.2464,15
Situation with explicit context,Healthy Volunteers,Phase 2,AUC FROM 0 TO INFINITY,4,69,5.7971,1
Situation with explicit context,Healthy Volunteers,Phase 2,MAXIMUM PLASMA CONCENTRATION,4,69,5.7971,0
Situation with explicit context,Healthy Volunteers,Phase 2,NUMBER OF PARTICIPANTS WITH ADVERSE EVENTS,4,69,5.7971,7
Situation with explicit context,Healthy Volunteers,Phase 2,NUMBER OF PARTICIPANTS WITH UNSOLICITED ADVERSE EVENTS,4,69,5.7971,9
Situation with explicit context,Healthy Volunteers,Phase 3,SEROPROTECTION RATE,8,60,13.3333,10
Situation with explicit context,Healthy Volunteers,Phase 3,VACCINE SERORESPONSE,7,60,11.6667,11
Situation with explicit context,Healthy Volunteers,Phase 3,GEOMETRIC MEAN TITER OF ANTIBODIES,6,60,10.0000,12
Situation with explicit context,Healthy Volunteers,Phase 3,ANTIBODY TITER,5,60,8.3333,14
Situation with explicit context,Healthy Volunteers,Phase 3,NUMBER OF PARTICIPANTS WITH SERIOUS ADVERSE EVENTS,5,60,8.3333,8
Situation with explicit context,Healthy Volunteers,Phase 3,NUMBER OF PARTICIPANTS WITH UNSOLICITED ADVERSE EVENTS,5,60,8.3333,9
Situation with explicit context,Healthy Volunteers,Phase 3,NUMBER OF PARTICIPANTS WITH SOLICITED SYSTEMIC REACTIONS,4,60,6.6667,16
Situation with explicit context,Healthy Volunteers,Phase 4,MAXIMUM PLASMA CONCENTRATION,9,88,10.2273,0
Situation with explicit context,Healthy Volunteers,Phase 4,AREA UNDER THE CONCENTRATION-TIME CURVE,7,88,7.9545,3
Situation with explicit context,Healthy Volunteers,Phase 4,NUMBER OF PARTICIPANTS WITH ADVERSE EVENTS,6,88,6.8182,7
Situation with explicit context,Healthy Volunteers,Phase 4,TIME TO MAXIMUM CONCENTRATION,6,88,6.8182,2
Situation with explicit context,Healthy Volunteers,Phase 4,AUC FROM 0 TO INFINITY,5,88,5.6818,1
Situation with explicit context,Healthy Volunteers,Phase 4,AUC FROM 0 TO LAST MEASURABLE CONCENTRATION,3,88,3.4091,4
Situation with explicit context,Healthy Volunteers,Phase 4,CHANGE IN BODY WEIGHT,3,88,3.4091,17
Disorder of ear,Hearing Loss,Phase 1,CHANGE IN HEARING AID SATISFACTION,1,6,16.6667,9
Disorder of ear,Hearing Loss,Phase 1,CHANGE IN PERCENT WORDS CORRECT,1,6,16.6667,11
Disorder of ear,Hearing Loss,Phase 1,CHANGE IN PERCENTAGE OF CORRECT RATINGS,1,6,16.6667,12
Disorder of ear,Hearing Loss,Phase 1,MAXIMUM EFFECTIVE SOUND PRESSURE LEVEL,1,6,16.6667,17
Disorder of ear,Hearing Loss,Phase 1,NORMALIZED F3-F2 DISTANCE,1,6,16.6667,18
Disorder of ear,Hearing Loss,Phase 1,PERCENTAGE OF WORDS IDENTIFIED,1,6,16.6667,19
Disorder of ear,Hearing Loss,Phase 1,PRELIMINARY EFFICACY OF HEARING ACCESS,1,6,16.6667,20
Disorder of ear,Hearing Loss,Phase 2,MEAN OVERALL PURE TONE AVERAGE,2,10,20.0000,0
Disorder of ear,Hearing Loss,Phase 2,WORD RECOGNITION IMPROVEMENT,2,10,20.0000,1
Disorder of ear,Hearing Loss,Phase 2,WORDS-IN-NOISE RECOGNITION,2,10,20.0000,2
Disorder of ear,Hearing Loss,Phase 2,AUDITORY COMPREHENSION STANDARD SCORE,1,10,10.0000,4
Disorder of ear,Hearing Loss,Phase 2,AVERAGE THRESHOLD SHIFT AT 4 KHZ,1,10,10.0000,5
Disorder of ear,Hearing Loss,Phase 2,CHANGE FROM BASELINE IN ATTR,1,10,10.0000,6
Disorder of ear,Hearing Loss,Phase 2,CHANGE IN CPHI MALADAPTIVE STRATEGIES SCORE,1,10,10.0000,8
Disorder of ear,Hearing Loss,Phase 3,ASHA SHIFT EAR,1,2,50.0000,3
Disorder of ear,Hearing Loss,Phase 3,DOEHRSHC SHIFT,1,2,50.0000,14
Disorder of ear,Hearing Loss,Phase 3,EWS STS SHIFT,1,2,50.0000,15
Disorder of ear,Hearing Loss,Phase 3,HEARING IMPROVEMENT,1,2,50.0000,16
Disorder of ear,Hearing Loss,Phase 3,SIGNIFICANT CHANGE IN TINNITUS,1,2,50.0000,22
Disorder of ear,Hearing Loss,Phase 3,TOTAL THI SCORE CHANGE,1,2,50.0000,23
Disorder of ear,Hearing Loss,Phase 4,CHANGE IN CNC SCORE,1,2,50.0000,7
Disorder of ear,Hearing Loss,Phase 4,CHANGE IN HRSD SCORE,1,2,50.0000,10
Disorder of ear,Hearing Loss,Phase 4,CLINICAL GLOBAL IMPRESSION - SEVERITY,1,2,50.0000,13
Disorder of ear,Hearing Loss,Phase 4,SAS-SR SCORE,1,2,50.0000,21
Cardiovascular disease,Heart Failure,Phase 1,CHANGE IN EJECTION FRACTION,3,17,17.6471,9
Cardiovascular disease,Heart Failure,Phase 1,MAXIMUM PLASMA CONCENTRATION,3,17,17.6471,13
Cardiovascular disease,Heart Failure,Phase 1,NUMBER OF PARTICIPANTS WITH TREATMENT-EMERGENT ADVERSE EVENTS,3,17,17.6471,14
Cardiovascular disease,Heart Failure,Phase 1,CHANGE IN NYHA FUNCTIONAL CLASS,2,17,11.7647,15
Cardiovascular disease,Heart Failure,Phase 1,LEFT VENTRICULAR EJECTION FRACTION,2,17,11.7647,16
Cardiovascular disease,Heart Failure,Phase 1,NUMBER OF ADVERSE EVENTS,2,17,11.7647,17
Cardiovascular disease,Heart Failure,Phase 1,ABSOLUTE CHANGE IN LEFT VENTRICULAR EJECTION FRACTION,1,17,5.8824,18
Cardiovascular disease,Heart Failure,Phase 2,CHANGE IN BLOOD PRESSURE,12,112,10.7143,5
Cardiovascular disease,Heart Failure,Phase 2,CHANGE IN 6-MINUTE WALK DISTANCE,9,112,8.0357,0
Cardiovascular disease,Heart Failure,Phase 2,CHANGE IN HEART RATE,9,112,8.0357,6
Cardiovascular disease,Heart Failure,Phase 2,CHANGE IN KCCQ SCORE,9,112,8.0357,1
Cardiovascular disease,Heart Failure,Phase 2,CHANGE IN NT-PROBNP,9,112,8.0357,2
Cardiovascular disease,Heart Failure,Phase 2,NUMBER OF PARTICIPANTS WITH ADVERSE EVENTS,9,112,8.0357,7
Cardiovascular disease,Heart Failure,Phase 2,CHANGE IN BODY WEIGHT,8,112,7.1429,3
Cardiovascular disease,Heart Failure,Phase 3,ALL-CAUSE MORTALITY,21,86,24.4186,4
Cardiovascular disease,Heart Failure,Phase 3,CHANGE IN BODY WEIGHT,10,86,11.6279,3
Cardiovascular disease,Heart Failure,Phase 3,CHANGE IN KCCQ SCORE,10,86,11.6279,1
Cardiovascular disease,Heart Failure,Phase 3,CARDIOVASCULAR MORTALITY,8,86,9.3023,8
Cardiovascular disease,Heart Failure,Phase 3,CHANGE IN 6-MINUTE WALK DISTANCE,8,86,9.3023,0
Cardiovascular disease,Heart Failure,Phase 3,CHANGE IN NT-PROBNP,6,86,6.9767,2
Cardiovascular disease,Heart Failure,Phase 3,DYSPNEA SCORE,5,86,5.8140,12
Cardiovascular disease,Heart Failure,Phase 4,CHANGE IN 6-MINUTE WALK DISTANCE,11,77,14.2857,0
Cardiovascular disease,Heart Failure,Phase 4,CHANGE IN NT-PROBNP,11,77,14.2857,2
Cardiovascular disease,Heart Failure,Phase 4,CHANGE IN KCCQ SCORE,9,77,11.6883,1
Cardiovascular disease,Heart Failure,Phase 4,CHANGE IN BODY WEIGHT,6,77,7.7922,3
Cardiovascular disease,Heart Failure,Phase 4,LENGTH OF HOSPITAL STAY,6,77,7.7922,10
Cardiovascular disease,Heart Failure,Phase 4,CHANGE IN BNP,5,77,6.4935,11
Cardiovascular disease,Heart Failure,Phase 4,CHANGE IN EJECTION FRACTION,4,77,5.1948,9
Infection,Helicobacter Pylori,Phase 1,MAXIMUM PLASMA CONCENTRATION,3,4,75.0000,0
Infection,Helicobacter Pylori,Phase 1,AUCΤ: AREA UNDER THE PLASMA CONCENTRATION-TIME CURVE,2,4,50.0000,2
Infection,Helicobacter Pylori,Phase 1,ACCUMULATION INDEX RAC,1,4,25.0000,5
Infection,Helicobacter Pylori,Phase 1,ACCUMULATION RATIO RAC,1,4,25.0000,6
Infection,Helicobacter Pylori,Phase 1,AMOUNT OF DRUG EXCRETED IN URINE,1,4,25.0000,8
Infection,Helicobacter Pylori,Phase 1,AREA UNDER THE CONCENTRATION-TIME CURVE,1,4,25.0000,14
Infection,Helicobacter Pylori,Phase 1,AUC FROM 0 TO INFINITY,1,4,25.0000,15
Infection,Helicobacter Pylori,Phase 2,ERADICATION OF S. AUREUS OROPHARYNGEAL COLONIZATION,1,3,33.3333,20
Infection,Helicobacter Pylori,Phase 2,ERADICATION RATE OF H. PYLORI,1,3,33.3333,22
Infection,Helicobacter Pylori,Phase 2,MICROBIOLOGICAL ERADICATION,1,3,33.3333,1
Infection,Helicobacter Pylori,Phase 2,NUMBER OF PARTICIPANTS WITH PERSISTENT DIFFERENT STRAIN OF S. AUREUS,1,3,33.3333,23
Infection,Helicobacter Pylori,Phase 2,NUMBER OF PARTICIPANTS WITH PERSISTENT SAME STRAIN OF S. AUREUS,1,3,33.3333,24
Infection,Helicobacter Pylori,Phase 2,OVERALL PERCENT AGREEMENT,1,3,33.3333,25
Infection,Helicobacter Pylori,Phase 3,MICROBIOLOGICAL ERADICATION,2,9,22.2222,1
Infection,Helicobacter Pylori,Phase 3,NUMBER OF PARTICIPANTS WITH TREATMENT-EMERGENT ADVERSE EVENTS,2,9,22.2222,4
Infection,Helicobacter Pylori,Phase 3,ANTIMICROBIAL SPECIES IN PLAQUE,1,9,11.1111,9
Infection,Helicobacter Pylori,Phase 3,ANTIMICROBIAL SPECIES IN PLAQUE (ACTINOMYCES),1,9,11.1111,10
Infection,Helicobacter Pylori,Phase 3,ANTIMICROBIAL SPECIES IN PLAQUE (FUSOBACTERIA),1,9,11.1111,11
Infection,Helicobacter Pylori,Phase 3,ANTIMICROBIAL SPECIES IN PLAQUE (VEILLONELLA),1,9,11.1111,12
Infection,Helicobacter Pylori,Phase 3,ANTIMICROBIAL SPECIES IN SALIVA,1,9,11.1111,13
Infection,Helicobacter Pylori,Phase 4,CHANGE IN ABUNDANCE OF STAPHYLOCOCCUS AUREUS,2,12,16.6667,3
Infection,Helicobacter Pylori,Phase 4,AGREEMENT BETWEEN POCONE AND UBIT-IR300 UHR VALUES,1,12,8.3333,7
Infection,Helicobacter Pylori,Phase 4,CHANGE IN METABOLITES OF INTEREST,1,12,8.3333,16
Infection,Helicobacter Pylori,Phase 4,CHANGE IN PEAK INTENSITY OF 1H-INDOLE-4-CARBALDEHYDE,1,12,8.3333,17
Infection,Helicobacter Pylori,Phase 4,CHANGE IN RELATIVE ABUNDANCE OF BACTERIAL PHYLA,1,12,8.3333,18
Infection,Helicobacter Pylori,Phase 4,COMPLETE ERADICATION OF HELICOBACTER PYLORI,1,12,8.3333,19
Infection,Helicobacter Pylori,Phase 4,ERADICATION RATE,1,12,8.3333,21
Neoplastic disease,Hematologic Malignancies General,Phase 1,OBJECTIVE RESPONSE RATE,13,26,50.0000,0
Neoplastic disease,Hematologic Malignancies General,Phase 1,MAXIMUM PLASMA CONCENTRATION,11,26,42.3077,3
Neoplastic disease,Hematologic Malignancies General,Phase 1,TIME TO MAXIMUM CONCENTRATION,11,26,42.3077,4
Neoplastic disease,Hematologic Malignancies General,Phase 1,AREA UNDER THE CONCENTRATION-TIME CURVE,6,26,23.0769,7
Neoplastic disease,Hematologic Malignancies General,Phase 1,DURATION OF RESPONSE,6,26,23.0769,5
Neoplastic disease,Hematologic Malignancies General,Phase 1,NUMBER OF PARTICIPANTS WITH ADVERSE EVENTS,6,26,23.0769,8
Neoplastic disease,Hematologic Malignancies General,Phase 1,PROGRESSION-FREE SURVIVAL,6,26,23.0769,2
Neoplastic disease,Hematologic Malignancies General,Phase 2,OVERALL SURVIVAL,18,61,29.5082,1
Neoplastic disease,Hematologic Malignancies General,Phase 2,OBJECTIVE RESPONSE RATE,10,61,16.3934,0
Neoplastic disease,Hematologic Malignancies General,Phase 2,EVENT-FREE SURVIVAL,9,61,14.7541,6
Neoplastic disease,Hematologic Malignancies General,Phase 2,PROGRESSION-FREE SURVIVAL,8,61,13.1148,2
Neoplastic disease,Hematologic Malignancies General,Phase 2,DISEASE-FREE SURVIVAL,5,61,8.1967,9
Neoplastic disease,Hematologic Malignancies General,Phase 2,DURATION OF RESPONSE,4,61,6.5574,5
Neoplastic disease,Hematologic Malignancies General,Phase 2,TRANSPLANT-RELATED MORTALITY,4,61,6.5574,10
Neoplastic disease,Hematologic Malignancies General,Phase 3,ALL-CAUSE MORTALITY,1,12,8.3333,11
Neoplastic disease,Hematologic Malignancies General,Phase 3,AREA UNDER THE CURVE FOR SALIVARY CORTISOL,1,12,8.3333,12
Neoplastic disease,Hematologic Malignancies General,Phase 3,AREA UNDER THE CURVE FOR SALIVARY DHEA,1,12,8.3333,13
Neoplastic disease,Hematologic Malignancies General,Phase 3,CANCER AND TREATMENT DISTRESS RATE,1,12,8.3333,14
Neoplastic disease,Hematologic Malignancies General,Phase 3,CAREGIVER BURDEN,1,12,8.3333,15
Neoplastic disease,Hematologic Malignancies General,Phase 3,CHANGE FROM BASELINE IN DTPA GFR,1,12,8.3333,16
Neoplastic disease,Hematologic Malignancies General,Phase 3,CHANGE IN CRP,1,12,8.3333,17
Neoplastic disease,Hematologic Malignancies General,Phase 4,CLINICALLY OVERT BLEEDING,1,3,33.3333,18
Neoplastic disease,Hematologic Malignancies General,Phase 4,DURATION OF HOSPITALIZATION,1,3,33.3333,19
Neoplastic disease,Hematologic Malignancies General,Phase 4,DYSPEPSIA,1,3,33.3333,20
Neoplastic disease,Hematologic Malignancies General,Phase 4,FLUID RETENTION,1,3,33.3333,21
Neoplastic disease,Hematologic Malignancies General,Phase 4,GASTROINTESTINAL ULCERATION,1,3,33.3333,22
Neoplastic disease,Hematologic Malignancies General,Phase 4,GILBERT SCORE,1,3,33.3333,23
Neoplastic disease,Hematologic Malignancies General,Phase 4,MICROSCOPIC HEMATURIA,1,3,33.3333,24
Blood disease,Hemoglobinopathies,Phase 1,AREA UNDER THE CURVE RATIO,1,1,100.0000,4
Blood disease,Hemoglobinopathies,Phase 1,AUC FROM 0 TO INFINITY,1,1,100.0000,5
Blood disease,Hemoglobinopathies,Phase 1,AUC FROM 0 TO LAST MEASURABLE CONCENTRATION,1,1,100.0000,6
Blood disease,Hemoglobinopathies,Phase 1,AUC%EXTRAP,1,1,100.0000,8
Blood disease,Hemoglobinopathies,Phase 1,MAXIMUM PLASMA CONCENTRATION,1,1,100.0000,22
Blood disease,Hemoglobinopathies,Phase 1,MEAN RESIDENCE TIME,1,1,100.0000,23
Blood disease,Hemoglobinopathies,Phase 1,TERMINAL ELIMINATION HALF-LIFE,1,1,100.0000,26
Blood disease,Hemoglobinopathies,Phase 2,CHANGE IN ABSOLUTE NEUTROPHIL COUNT,1,4,25.0000,11
Blood disease,Hemoglobinopathies,Phase 2,CHANGE IN ABSOLUTE RETICULOCYTE COUNT,1,4,25.0000,12
Blood disease,Hemoglobinopathies,Phase 2,CHANGE IN HBF,1,4,25.0000,14
Blood disease,Hemoglobinopathies,Phase 2,CHANGE IN HEMATOCRIT TO VISCOSITY RATIO,1,4,25.0000,16
Blood disease,Hemoglobinopathies,Phase 2,CHANGE IN HEMATOCRIT VISCOSITY RATIO,1,4,25.0000,17
Blood disease,Hemoglobinopathies,Phase 2,CHANGE IN HEMOGLOBIN,1,4,25.0000,18
Blood disease,Hemoglobinopathies,Phase 2,CHANGE IN LDH,1,4,25.0000,0
Blood disease,Hemoglobinopathies,Phase 3,CHANGE IN QUALITY OF LIFE SCORE,2,2,100.0000,1
Blood disease,Hemoglobinopathies,Phase 3,BARTHEL INDEX,1,2,50.0000,9
Blood disease,Hemoglobinopathies,Phase 3,CHANGE IN BODY WEIGHT,1,2,50.0000,13
Blood disease,Hemoglobinopathies,Phase 3,CHANGE IN HEIGHT,1,2,50.0000,15
Blood disease,Hemoglobinopathies,Phase 3,CHANGE IN LDH,1,2,50.0000,0
Blood disease,Hemoglobinopathies,Phase 3,CHANGE IN PEDIATRIC QUALITY OF LIFE SCORE,1,2,50.0000,19
Blood disease,Hemoglobinopathies,Phase 3,CHANGE IN WJ-C AND WJ-III SCORES,1,2,50.0000,20
Blood disease,Hemoglobinopathies,Phase 4,NUMBER OF PARTICIPANTS WITH TREATMENT-EMERGENT ADVERSE EVENTS,2,2,100.0000,2
Blood disease,Hemoglobinopathies,Phase 4,50% REDUCTION IN METHB LEVEL,1,2,50.0000,3
Blood disease,Hemoglobinopathies,Phase 4,AUC OF LDH CHANGE,1,2,50.0000,7
Blood disease,Hemoglobinopathies,Phase 4,CHANGE FROM BASELINE IN LDH LEVELS,1,2,50.0000,10
Blood disease,Hemoglobinopathies,Phase 4,CONCENTRATION OF PLASMA-FREE HEMOGLOBIN,1,2,50.0000,21
Blood disease,Hemoglobinopathies,Phase 4,NORMALIZATION OF BLOOD PRESSURE,1,2,50.0000,24
Blood disease,Hemoglobinopathies,Phase 4,NORMALIZATION OF HEART RATE,1,2,50.0000,25
Disorder of haemostatic system,Hemophilia A,Phase 1,MEAN RESIDENCE TIME,6,7,85.7143,1
Disorder of haemostatic system,Hemophilia A,Phase 1,TIME TO MAXIMUM CONCENTRATION,5,7,71.4286,9
Disorder of haemostatic system,Hemophilia A,Phase 1,AUC FROM 0 TO INFINITY,4,7,57.1429,7
Disorder of haemostatic system,Hemophilia A,Phase 1,MAXIMUM PLASMA CONCENTRATION,4,7,57.1429,2
Disorder of haemostatic system,Hemophilia A,Phase 1,TERMINAL HALF-LIFE,4,7,57.1429,10
Disorder of haemostatic system,Hemophilia A,Phase 1,CLEARANCE,3,7,42.8571,3
Disorder of haemostatic system,Hemophilia A,Phase 1,NUMBER OF PARTICIPANTS WITH TREATMENT-EMERGENT ADVERSE EVENTS,3,7,42.8571,4
Disorder of haemostatic system,Hemophilia A,Phase 2,AREA UNDER THE CONCENTRATION-TIME CURVE,3,20,15.0000,8
Disorder of haemostatic system,Hemophilia A,Phase 2,CLEARANCE,3,20,15.0000,3
Disorder of haemostatic system,Hemophilia A,Phase 2,MAXIMUM PLASMA CONCENTRATION,3,20,15.0000,2
Disorder of haemostatic system,Hemophilia A,Phase 2,MEAN RESIDENCE TIME,3,20,15.0000,1
Disorder of haemostatic system,Hemophilia A,Phase 2,ANNUALIZED BLEEDING RATE,2,20,10.0000,0
Disorder of haemostatic system,Hemophilia A,Phase 2,CHANGE IN ACTIVATED PARTIAL THROMBOPLASTIN TIME,2,20,10.0000,12
Disorder of haemostatic system,Hemophilia A,Phase 2,NUMBER OF PARTICIPANTS WITH ABNORMAL LABORATORY FINDINGS,2,20,10.0000,13
Disorder of haemostatic system,Hemophilia A,Phase 3,ANNUALIZED BLEEDING RATE,19,70,27.1429,0
Disorder of haemostatic system,Hemophilia A,Phase 3,MEAN RESIDENCE TIME,13,70,18.5714,1
Disorder of haemostatic system,Hemophilia A,Phase 3,CLEARANCE,12,70,17.1429,3
Disorder of haemostatic system,Hemophilia A,Phase 3,INCREMENTAL RECOVERY,12,70,17.1429,5
Disorder of haemostatic system,Hemophilia A,Phase 3,MAXIMUM PLASMA CONCENTRATION,11,70,15.7143,2
Disorder of haemostatic system,Hemophilia A,Phase 3,NUMBER OF PARTICIPANTS WITH TREATMENT-EMERGENT ADVERSE EVENTS,10,70,14.2857,4
Disorder of haemostatic system,Hemophilia A,Phase 3,NUMBER OF PARTICIPANTS WITH ADVERSE EVENTS,9,70,12.8571,6
Disorder of haemostatic system,Hemophilia A,Phase 4,ANNUALIZED BLEEDING RATE,7,25,28.0000,0
Disorder of haemostatic system,Hemophilia A,Phase 4,MEAN RESIDENCE TIME,5,25,20.0000,1
Disorder of haemostatic system,Hemophilia A,Phase 4,NUMBER OF PARTICIPANTS WITH TREATMENT-EMERGENT ADVERSE EVENTS,5,25,20.0000,4
Disorder of haemostatic system,Hemophilia A,Phase 4,AUC FROM 0 TO INFINITY,4,25,16.0000,7
Disorder of haemostatic system,Hemophilia A,Phase 4,MAXIMUM PLASMA CONCENTRATION,4,25,16.0000,2
Disorder of haemostatic system,Hemophilia A,Phase 4,VOLUME OF DISTRIBUTION AT STEADY STATE,4,25,16.0000,11
Disorder of haemostatic system,Hemophilia A,Phase 4,AREA UNDER THE CONCENTRATION-TIME CURVE,3,25,12.0000,8
Disorder of haemostatic system,Hemophilia B,Phase 1,MEAN RESIDENCE TIME,2,4,50.0000,0
Disorder of haemostatic system,Hemophilia B,Phase 1,NUMBER OF ADVERSE EVENTS,2,4,50.0000,2
Disorder of haemostatic system,Hemophilia B,Phase 1,APPARENT VOLUME OF DISTRIBUTION AT STEADY STATE,1,4,25.0000,14
Disorder of haemostatic system,Hemophilia B,Phase 1,AREA UNDER THE CONCENTRATION-TIME CURVE (AUCLAST),1,4,25.0000,15
Disorder of haemostatic system,Hemophilia B,Phase 1,AREA UNDER THE CONCENTRATION-TIME CURVE FROM TIME 0 TO INFINITY,1,4,25.0000,16
Disorder of haemostatic system,Hemophilia B,Phase 1,AUC FROM 0 TO INFINITY,1,4,25.0000,17
Disorder of haemostatic system,Hemophilia B,Phase 1,AUC0-24 FOR FVIIA ACTIVITY,1,4,25.0000,18
Disorder of haemostatic system,Hemophilia B,Phase 2,MEAN RESIDENCE TIME,3,10,30.0000,0
Disorder of haemostatic system,Hemophilia B,Phase 2,CHANGE IN PROTHROMBIN TIME,2,10,20.0000,7
Disorder of haemostatic system,Hemophilia B,Phase 2,TERMINAL HALF-LIFE,2,10,20.0000,9
Disorder of haemostatic system,Hemophilia B,Phase 2,ACTIVATED PARTIAL THROMBOPLASTIN TIME,1,10,10.0000,10
Disorder of haemostatic system,Hemophilia B,Phase 2,ACTIVATED RECOMBINANT HUMAN FACTOR VII ANALOGUE ACTIVITY,1,10,10.0000,11
Disorder of haemostatic system,Hemophilia B,Phase 2,AES CONSISTENT WITH BH4 DEFICIENCY,1,10,10.0000,12
Disorder of haemostatic system,Hemophilia B,Phase 2,ANNUALIZED BLEEDING RATE,1,10,10.0000,1
Disorder of haemostatic system,Hemophilia B,Phase 3,MEAN RESIDENCE TIME,10,41,24.3902,0
Disorder of haemostatic system,Hemophilia B,Phase 3,CLEARANCE,9,41,21.9512,3
Disorder of haemostatic system,Hemophilia B,Phase 3,INCREMENTAL RECOVERY,9,41,21.9512,4
Disorder of haemostatic system,Hemophilia B,Phase 3,ANNUALIZED BLEEDING RATE,8,41,19.5122,1
Disorder of haemostatic system,Hemophilia B,Phase 3,NUMBER OF ADVERSE EVENTS,8,41,19.5122,2
Disorder of haemostatic system,Hemophilia B,Phase 3,FREQUENCY OF ADVERSE EVENTS,6,41,14.6341,5
Disorder of haemostatic system,Hemophilia B,Phase 3,HAEMOSTATIC RESPONSE RATE,6,41,14.6341,6
Disorder of haemostatic system,Hemophilia B,Phase 4,NUMBER OF PARTICIPANTS WITH TREATMENT-EMERGENT ADVERSE EVENTS,2,6,33.3333,8
Disorder of haemostatic system,Hemophilia B,Phase 4,ANNUALIZED BLEEDING RATE,1,6,16.6667,1
Disorder of haemostatic system,Hemophilia B,Phase 4,ANNUALIZED BLEEDING RATES,1,6,16.6667,13
Disorder of haemostatic system,Hemophilia B,Phase 4,AVERAGE INFUSION DOSE,1,6,16.6667,19
Disorder of haemostatic system,Hemophilia B,Phase 4,CHANGE IN HEMOGLOBIN,1,6,16.6667,20
Disorder of haemostatic system,Hemophilia B,Phase 4,CHANGE IN INR,1,6,16.6667,21
Disorder of haemostatic system,Hemophilia B,Phase 4,CHANGE IN PLATELET COUNT,1,6,16.6667,22
Infection,Hepatitis B,Phase 1,MAXIMUM PLASMA CONCENTRATION,8,17,47.0588,3
Infection,Hepatitis B,Phase 1,TIME TO MAXIMUM CONCENTRATION,7,17,41.1765,4
Infection,Hepatitis B,Phase 1,AUC FROM 0 TO INFINITY,4,17,23.5294,15
Infection,Hepatitis B,Phase 1,PERCENTAGE OF PARTICIPANTS WITH ADVERSE EVENTS,4,17,23.5294,16
Infection,Hepatitis B,Phase 1,NUMBER OF PARTICIPANTS WITH TREATMENT-EMERGENT ADVERSE EVENTS,3,17,17.6471,7
Infection,Hepatitis B,Phase 1,ACCUMULATION RATIO,2,17,11.7647,17
Infection,Hepatitis B,Phase 1,AUC0-LAST,2,17,11.7647,18
Infection,Hepatitis B,Phase 2,CHANGE IN VIRAL LOAD,12,73,16.4384,1
Infection,Hepatitis B,Phase 2,MAXIMUM PLASMA CONCENTRATION,8,73,10.9589,3
Infection,Hepatitis B,Phase 2,NUMBER OF PARTICIPANTS WITH SERIOUS ADVERSE EVENTS,8,73,10.9589,0
Infection,Hepatitis B,Phase 2,NUMBER OF PARTICIPANTS WITH TREATMENT-EMERGENT ADVERSE EVENTS,8,73,10.9589,7
Infection,Hepatitis B,Phase 2,SUSTAINED VIROLOGIC RESPONSE,8,73,10.9589,12
Infection,Hepatitis B,Phase 2,TIME TO MAXIMUM CONCENTRATION,8,73,10.9589,4
Infection,Hepatitis B,Phase 2,CHANGE IN ALT,7,73,9.5890,14
Infection,Hepatitis B,Phase 3,SEROPROTECTION RATE,15,76,19.7368,2
Infection,Hepatitis B,Phase 3,HBEAG SEROCONVERSION RATE,13,76,17.1053,6
Infection,Hepatitis B,Phase 3,NUMBER OF PARTICIPANTS WITH SERIOUS ADVERSE EVENTS,11,76,14.4737,0
Infection,Hepatitis B,Phase 3,PERCENTAGE OF PARTICIPANTS WITH HBSAG LOSS,10,76,13.1579,8
Infection,Hepatitis B,Phase 3,CHANGE IN VIRAL LOAD,9,76,11.8421,1
Infection,Hepatitis B,Phase 3,PERCENTAGE OF PARTICIPANTS ACHIEVING TARGET,9,76,11.8421,11
Infection,Hepatitis B,Phase 3,NUMBER OF PARTICIPANTS WITH ADVERSE EVENTS,8,76,10.5263,5
Infection,Hepatitis B,Phase 4,NUMBER OF PARTICIPANTS WITH SERIOUS ADVERSE EVENTS,22,70,31.4286,0
Infection,Hepatitis B,Phase 4,ANAMNESTIC RESPONSE RATE,9,70,12.8571,9
Infection,Hepatitis B,Phase 4,ANTI-HBS ANTIBODY CONCENTRATIONS,9,70,12.8571,10
Infection,Hepatitis B,Phase 4,SEROPROTECTION RATE,9,70,12.8571,2
Infection,Hepatitis B,Phase 4,ANTI-HBS ANTIBODY CONCENTRATION,7,70,10.0000,13
Infection,Hepatitis B,Phase 4,CHANGE IN VIRAL LOAD,6,70,8.5714,1
Infection,Hepatitis B,Phase 4,NUMBER OF PARTICIPANTS WITH ADVERSE EVENTS,6,70,8.5714,5
Infection,Hepatitis C,Phase 1,MAXIMUM PLASMA CONCENTRATION,27,52,51.9231,4
Infection,Hepatitis C,Phase 1,TIME TO MAXIMUM CONCENTRATION,15,52,28.8462,9
Infection,Hepatitis C,Phase 1,AUC FROM 0 TO INFINITY,12,52,23.0769,10
Infection,Hepatitis C,Phase 1,NUMBER OF PARTICIPANTS WITH ADVERSE EVENTS,8,52,15.3846,5
Infection,Hepatitis C,Phase 1,CHANGE IN VIRAL LOAD,7,52,13.4615,2
Infection,Hepatitis C,Phase 1,PLASMA DRUG CONCENTRATION,7,52,13.4615,11
Infection,Hepatitis C,Phase 1,AREA UNDER THE CONCENTRATION-TIME CURVE,6,52,11.5385,12
Infection,Hepatitis C,Phase 2,SUSTAINED VIROLOGIC RESPONSE,137,186,73.6559,0
Infection,Hepatitis C,Phase 2,PERCENTAGE OF PARTICIPANTS WITH VIROLOGIC FAILURE,37,186,19.8925,1
Infection,Hepatitis C,Phase 2,PERCENTAGE OF PARTICIPANTS WITH HCV RNA < LLOQ,29,186,15.5914,3
Infection,Hepatitis C,Phase 2,CHANGE IN VIRAL LOAD,26,186,13.9785,2
Infection,Hepatitis C,Phase 2,MAXIMUM PLASMA CONCENTRATION,24,186,12.9032,4
Infection,Hepatitis C,Phase 2,NUMBER OF PARTICIPANTS WITH ADVERSE EVENTS,22,186,11.8280,5
Infection,Hepatitis C,Phase 2,PERCENTAGE OF PARTICIPANTS WHO PERMANENTLY DISCONTINUED ANY STUDY DRUG DUE TO AN ADVERSE EVENT,16,186,8.6022,6
Infection,Hepatitis C,Phase 3,SUSTAINED VIROLOGIC RESPONSE,179,200,89.5000,0
Infection,Hepatitis C,Phase 3,PERCENTAGE OF PARTICIPANTS WITH VIROLOGIC FAILURE,50,200,25.0000,1
Infection,Hepatitis C,Phase 3,PERCENTAGE OF PARTICIPANTS WITH POST-TREATMENT RELAPSE,29,200,14.5000,7
Infection,Hepatitis C,Phase 3,PERCENTAGE OF PARTICIPANTS WITH HCV RNA < LLOQ,25,200,12.5000,3
Infection,Hepatitis C,Phase 3,PERCENTAGE OF PARTICIPANTS WHO PERMANENTLY DISCONTINUED ANY STUDY DRUG DUE TO AN ADVERSE EVENT,18,200,9.0000,6
Infection,Hepatitis C,Phase 3,CHANGE IN VIRAL LOAD,16,200,8.0000,2
Infection,Hepatitis C,Phase 3,ON-TREATMENT VIROLOGIC FAILURE,16,200,8.0000,8
Infection,Hepatitis C,Phase 4,SUSTAINED VIROLOGIC RESPONSE,65,83,78.3133,0
Infection,Hepatitis C,Phase 4,NUMBER OF PARTICIPANTS WITH ADVERSE EVENTS,8,83,9.6386,5
Infection,Hepatitis C,Phase 4,CHANGE IN VIRAL LOAD,7,83,8.4337,2
Infection,Hepatitis C,Phase 4,PERCENTAGE OF PARTICIPANTS WITH UNDETECTABLE HCV RNA,5,83,6.0241,13
Infection,Hepatitis C,Phase 4,CHANGE IN HEMOGLOBIN,4,83,4.8193,14
Infection,Hepatitis C,Phase 4,PERCENTAGE OF PARTICIPANTS WITH ADVERSE EVENTS,4,83,4.8193,15
Infection,Hepatitis C,Phase 4,CHANGE IN EGFR,3,83,3.6145,16
Neoplastic disease,Hepatocellular Carcinoma,Phase 1,MAXIMUM PLASMA CONCENTRATION,8,14,57.1429,7
Neoplastic disease,Hepatocellular Carcinoma,Phase 1,OBJECTIVE RESPONSE RATE,7,14,50.0000,1
Neoplastic disease,Hepatocellular Carcinoma,Phase 1,PROGRESSION-FREE SURVIVAL,7,14,50.0000,2
Neoplastic disease,Hepatocellular Carcinoma,Phase 1,OVERALL SURVIVAL,6,14,42.8571,0
Neoplastic disease,Hepatocellular Carcinoma,Phase 1,DURATION OF RESPONSE,3,14,21.4286,5
Neoplastic disease,Hepatocellular Carcinoma,Phase 1,NUMBER OF PARTICIPANTS WITH DOSE LIMITING TOXICITIES,3,14,21.4286,8
Neoplastic disease,Hepatocellular Carcinoma,Phase 1,TIME TO MAXIMUM CONCENTRATION,3,14,21.4286,9
Neoplastic disease,Hepatocellular Carcinoma,Phase 2,OBJECTIVE RESPONSE RATE,80,133,60.1504,1
Neoplastic disease,Hepatocellular Carcinoma,Phase 2,OVERALL SURVIVAL,78,133,58.6466,0
Neoplastic disease,Hepatocellular Carcinoma,Phase 2,PROGRESSION-FREE SURVIVAL,66,133,49.6241,2
Neoplastic disease,Hepatocellular Carcinoma,Phase 2,TIME TO PROGRESSION,36,133,27.0677,3
Neoplastic disease,Hepatocellular Carcinoma,Phase 2,DISEASE CONTROL RATE,26,133,19.5489,4
Neoplastic disease,Hepatocellular Carcinoma,Phase 2,DURATION OF RESPONSE,22,133,16.5414,5
Neoplastic disease,Hepatocellular Carcinoma,Phase 2,NUMBER OF PARTICIPANTS WITH ADVERSE EVENTS,18,133,13.5338,6
Neoplastic disease,Hepatocellular Carcinoma,Phase 3,OVERALL SURVIVAL,32,50,64.0000,0
Neoplastic disease,Hepatocellular Carcinoma,Phase 3,PROGRESSION-FREE SURVIVAL,24,50,48.0000,2
Neoplastic disease,Hepatocellular Carcinoma,Phase 3,OBJECTIVE RESPONSE RATE,19,50,38.0000,1
Neoplastic disease,Hepatocellular Carcinoma,Phase 3,TIME TO PROGRESSION,18,50,36.0000,3
Neoplastic disease,Hepatocellular Carcinoma,Phase 3,DISEASE CONTROL RATE,9,50,18.0000,4
Neoplastic disease,Hepatocellular Carcinoma,Phase 3,DURATION OF RESPONSE,9,50,18.0000,5
Neoplastic disease,Hepatocellular Carcinoma,Phase 3,NUMBER OF PARTICIPANTS WITH ADVERSE EVENTS,7,50,14.0000,6
Neoplastic disease,Hepatocellular Carcinoma,Phase 4,ACCURACY OF CEUS IN DIFFERENTIATING FNH FROM HCA,1,12,8.3333,10
Neoplastic disease,Hepatocellular Carcinoma,Phase 4,ALL-CAUSE MORTALITY,1,12,8.3333,11
Neoplastic disease,Hepatocellular Carcinoma,Phase 4,ARTERIAL LIVER PERFUSION,1,12,8.3333,12
Neoplastic disease,Hepatocellular Carcinoma,Phase 4,AUC FOR DIFFERENTIATING FNH FROM HCA,1,12,8.3333,13
Neoplastic disease,Hepatocellular Carcinoma,Phase 4,BLOOD FLOW DIFFERENTIATION,1,12,8.3333,14
Neoplastic disease,Hepatocellular Carcinoma,Phase 4,BLOOD VOLUME BY CD31 QUANTIFICATION,1,12,8.3333,15
Neoplastic disease,Hepatocellular Carcinoma,Phase 4,BLOOD VOLUME BY GLUTAMINE SYNTHETASE,1,12,8.3333,16
Infection,Herpes Simplex Virus,Phase 1,HALF-LIFE,3,11,27.2727,8
Infection,Herpes Simplex Virus,Phase 1,NUMBER OF PARTICIPANTS WITH SERIOUS ADVERSE EVENTS,2,11,18.1818,2
Infection,Herpes Simplex Virus,Phase 1,TIME TO MAXIMUM CONCENTRATION,2,11,18.1818,16
Infection,Herpes Simplex Virus,Phase 1,VOLUME OF DISTRIBUTION,2,11,18.1818,17
Infection,Herpes Simplex Virus,Phase 1,ANTI-HSVTI ANTIBODY GMC,1,11,9.0909,23
Infection,Herpes Simplex Virus,Phase 1,AREA UNDER THE CONCENTRATION-TIME CURVE,1,11,9.0909,24
Infection,Herpes Simplex Virus,Phase 1,AREA UNDER THE GASTRIC EMPTYING CURVE,1,11,9.0909,25
Infection,Herpes Simplex Virus,Phase 2,PROGRESSION-FREE SURVIVAL,4,32,12.5000,4
Infection,Herpes Simplex Virus,Phase 2,CHANGE IN CDLQI SCORE,2,32,6.2500,10
Infection,Herpes Simplex Virus,Phase 2,NUMBER OF PARTICIPANTS WITH ADVERSE EVENTS,2,32,6.2500,1
Infection,Herpes Simplex Virus,Phase 2,OVERALL SURVIVAL RATE,2,32,6.2500,14
Infection,Herpes Simplex Virus,Phase 2,2-YEAR DISTANT METASTASIS-FREE SURVIVAL RATE,1,32,3.1250,18
Infection,Herpes Simplex Virus,Phase 2,2-YEAR LOCO-REGIONAL TUMOR CONTROL RATE,1,32,3.1250,19
Infection,Herpes Simplex Virus,Phase 2,2-YEAR OVERALL SURVIVAL RATE,1,32,3.1250,20
Infection,Herpes Simplex Virus,Phase 3,SEROCONVERSION RATE,14,43,32.5581,0
Infection,Herpes Simplex Virus,Phase 3,GEOMETRIC MEAN TITERS,5,43,11.6279,3
Infection,Herpes Simplex Virus,Phase 3,NUMBER OF PARTICIPANTS WITH ADVERSE EVENTS,5,43,11.6279,1
Infection,Herpes Simplex Virus,Phase 3,NUMBER OF PARTICIPANTS WITH SERIOUS ADVERSE EVENTS,4,43,9.3023,2
Infection,Herpes Simplex Virus,Phase 3,ANTIBODY TITER,3,43,6.9767,5
Infection,Herpes Simplex Virus,Phase 3,COMPLETE CLEARANCE,3,43,6.9767,6
Infection,Herpes Simplex Virus,Phase 3,CHANGE FROM BASELINE IN THE NUMBER OF TREATABLE MOLLUSCUM LESIONS,2,43,4.6512,9
Infection,Herpes Simplex Virus,Phase 4,FREQUENCY OF HSV-2 TOTAL SHEDDING,3,19,15.7895,7
Infection,Herpes Simplex Virus,Phase 4,CHANGE IN VIRAL LOAD,2,19,10.5263,11
Infection,Herpes Simplex Virus,Phase 4,DURATION OF GENITAL HSV SHEDDING EPISODES,2,19,10.5263,12
Infection,Herpes Simplex Virus,Phase 4,NUMBER OF GENITAL HSV SHEDDING EPISODES,2,19,10.5263,13
Infection,Herpes Simplex Virus,Phase 4,QUANTITY OF HSV DETECTED,2,19,10.5263,15
Infection,Herpes Simplex Virus,Phase 4,ADJUSTED MEAN CHANGE IN MAPSS SCORE,1,19,5.2632,21
Infection,Herpes Simplex Virus,Phase 4,ADJUSTED MEAN CHANGE IN VALID REACTION TIME,1,19,5.2632,22
Infection,Herpes Zoster,Phase 1,PERCENTAGE OF PARTICIPANTS WITH A SYSTEMIC ADVERSE EVENT,3,7,42.8571,8
Infection,Herpes Zoster,Phase 1,GEOMETRIC MEAN FOLD RISE OF VZV-SPECIFIC IMMUNE RESPONSES,2,7,28.5714,10
Infection,Herpes Zoster,Phase 1,PERCENTAGE OF PARTICIPANTS WITH INJECTION-SITE ADVERSE EVENTS,2,7,28.5714,13
Infection,Herpes Zoster,Phase 1,PERCENTAGE OF PARTICIPANTS WITH SERIOUS ADVERSE EVENTS,2,7,28.5714,5
Infection,Herpes Zoster,Phase 1,AUC0-Τ,1,7,14.2857,14
Infection,Herpes Zoster,Phase 1,AUC0-∞,1,7,14.2857,15
Infection,Herpes Zoster,Phase 1,GEOMETRIC MEAN FOLD CHANGE IN VZV-SPECIFIC ANTIBODIES,1,7,14.2857,19
Infection,Herpes Zoster,Phase 2,NUMBER OF PARTICIPANTS WITH SERIOUS ADVERSE EVENTS,12,16,75.0000,0
Infection,Herpes Zoster,Phase 2,NUMBER OF SUBJECTS WITH ANY AND GRADE 3 SOLICITED LOCAL SYMPTOMS,4,16,25.0000,1
Infection,Herpes Zoster,Phase 2,"NUMBER OF SUBJECTS WITH ANY, GRADE 3 AND RELATED SOLICITED GENERAL SYMPTOMS",4,16,25.0000,3
Infection,Herpes Zoster,Phase 2,ANTI-GE ANTIBODY CONCENTRATIONS,3,16,18.7500,2
Infection,Herpes Zoster,Phase 2,ANTIBODY TITER,3,16,18.7500,7
Infection,Herpes Zoster,Phase 2,FREQUENCY OF GE-SPECIFIC CD4 T-CELLS,2,16,12.5000,9
Infection,Herpes Zoster,Phase 2,NUMBER OF PARTICIPANTS WITH UNSOLICITED ADVERSE EVENTS,2,16,12.5000,12
Infection,Herpes Zoster,Phase 3,NUMBER OF PARTICIPANTS WITH SERIOUS ADVERSE EVENTS,24,46,52.1739,0
Infection,Herpes Zoster,Phase 3,ANTI-GE ANTIBODY CONCENTRATIONS,12,46,26.0870,2
Infection,Herpes Zoster,Phase 3,NUMBER OF SUBJECTS WITH ANY AND GRADE 3 SOLICITED LOCAL SYMPTOMS,12,46,26.0870,1
Infection,Herpes Zoster,Phase 3,"NUMBER OF SUBJECTS WITH ANY, GRADE 3 AND RELATED UNSOLICITED ADVERSE EVENTS",11,46,23.9130,4
Infection,Herpes Zoster,Phase 3,"NUMBER OF SUBJECTS WITH ANY, GRADE 3 AND RELATED SOLICITED GENERAL SYMPTOMS",8,46,17.3913,3
Infection,Herpes Zoster,Phase 3,NUMBER OF DAYS WITH SOLICITED GENERAL SYMPTOMS,7,46,15.2174,6
Infection,Herpes Zoster,Phase 3,PERCENTAGE OF PARTICIPANTS WITH SERIOUS ADVERSE EVENTS,7,46,15.2174,5
Infection,Herpes Zoster,Phase 4,NUMBER OF PARTICIPANTS WITH ADVERSE EVENTS,2,11,18.1818,11
Infection,Herpes Zoster,Phase 4,NUMBER OF PARTICIPANTS WITH SERIOUS ADVERSE EVENTS,2,11,18.1818,0
Infection,Herpes Zoster,Phase 4,AVERAGE DURATION OF POSTHERPETIC NEURALGIA PAIN,1,11,9.0909,16
Infection,Herpes Zoster,Phase 4,CHANGE IN ANTIBODY TITER,1,11,9.0909,17
Infection,Herpes Zoster,Phase 4,CHANGE IN CELL-MEDIATED IMMUNE RESPONSE,1,11,9.0909,18
Infection,Herpes Zoster,Phase 4,GEOMETRIC MEAN FOLD RISE IN VZV ANTIBODY,1,11,9.0909,20
Infection,Herpes Zoster,Phase 4,GEOMETRIC MEAN TITER OF VZV ANTIBODY,1,11,9.0909,21
Disorder of skin,Hidradenitis Suppurativa,Phase 2,NUMBER OF PARTICIPANTS WITH TREATMENT-EMERGENT ADVERSE EVENTS,9,43,20.9302,1
Disorder of skin,Hidradenitis Suppurativa,Phase 2,PERCENTAGE OF PARTICIPANTS ACHIEVING HISCR,8,43,18.6047,0
Disorder of skin,Hidradenitis Suppurativa,Phase 2,CHANGE IN DLQI SCORE,6,43,13.9535,2
Disorder of skin,Hidradenitis Suppurativa,Phase 2,CHANGE IN NRS PAIN SCORE,4,43,9.3023,4
Disorder of skin,Hidradenitis Suppurativa,Phase 2,PATIENT GLOBAL IMPRESSION OF CHANGE,4,43,9.3023,5
Disorder of skin,Hidradenitis Suppurativa,Phase 2,ABSOLUTE CHANGE IN SWEAT PRODUCTION,3,43,6.9767,6
Disorder of skin,Hidradenitis Suppurativa,Phase 2,CHANGE FROM BASELINE IN IHS4 SCORE,3,43,6.9767,7
Disorder of skin,Hidradenitis Suppurativa,Phase 3,"PERCENTAGE OF PARTICIPANTS ACHIEVING AN COUNT OF 0, 1, OR 2",5,21,23.8095,3
Disorder of skin,Hidradenitis Suppurativa,Phase 3,HISCR50 RESPONSE RATE,3,21,14.2857,8
Disorder of skin,Hidradenitis Suppurativa,Phase 3,MEAN ABSOLUTE CHANGE IN SWEAT PRODUCTION,3,21,14.2857,9
Disorder of skin,Hidradenitis Suppurativa,Phase 3,PERCENTAGE OF PARTICIPANTS ACHIEVING HISCR,3,21,14.2857,0
Disorder of skin,Hidradenitis Suppurativa,Phase 3,PERCENTAGE OF PARTICIPANTS ACHIEVING NRS30,3,21,14.2857,10
Disorder of skin,Hidradenitis Suppurativa,Phase 3,ABSOLUTE CHANGE IN DLQI SCORE,2,21,9.5238,11
Disorder of skin,Hidradenitis Suppurativa,Phase 3,ABSOLUTE CHANGE IN WORST SKIN PAIN SCORE,2,21,9.5238,12
Disorder of skin,Hidradenitis Suppurativa,Phase 4,AREA UNDER THE CONCENTRATION-TIME CURVE,1,12,8.3333,13
Disorder of skin,Hidradenitis Suppurativa,Phase 4,AREA UNDER THE SERUM CONCENTRATION-TIME CURVE (AUCINF),1,12,8.3333,14
Disorder of skin,Hidradenitis Suppurativa,Phase 4,BACTERIAL COLONY FORMING UNITS,1,12,8.3333,15
Disorder of skin,Hidradenitis Suppurativa,Phase 4,BASELINE COLONY FORMING UNITS,1,12,8.3333,16
Disorder of skin,Hidradenitis Suppurativa,Phase 4,CHANGE FROM BASELINE IN %FVC,1,12,8.3333,17
Disorder of skin,Hidradenitis Suppurativa,Phase 4,CHANGE FROM BASELINE IN CHAQ DOMAIN SCORES,1,12,8.3333,18
Disorder of skin,Hidradenitis Suppurativa,Phase 4,CHANGE FROM BASELINE IN GLOBAL JOINT RANGE OF MOTION SCORE,1,12,8.3333,19
Neoplastic disease,Hodgkin Lymphoma,Phase 1,MAXIMUM TOLERATED DOSE,18,38,47.3684,7
Neoplastic disease,Hodgkin Lymphoma,Phase 1,OBJECTIVE RESPONSE RATE,16,38,42.1053,0
Neoplastic disease,Hodgkin Lymphoma,Phase 1,PROGRESSION-FREE SURVIVAL,14,38,36.8421,1
Neoplastic disease,Hodgkin Lymphoma,Phase 1,TIME TO MAXIMUM CONCENTRATION,13,38,34.2105,8
Neoplastic disease,Hodgkin Lymphoma,Phase 1,OVERALL SURVIVAL,12,38,31.5789,2
Neoplastic disease,Hodgkin Lymphoma,Phase 1,DURATION OF RESPONSE,11,38,28.9474,3
Neoplastic disease,Hodgkin Lymphoma,Phase 1,MAXIMUM PLASMA CONCENTRATION,10,38,26.3158,9
Neoplastic disease,Hodgkin Lymphoma,Phase 2,OBJECTIVE RESPONSE RATE,122,253,48.2213,0
Neoplastic disease,Hodgkin Lymphoma,Phase 2,PROGRESSION-FREE SURVIVAL,108,253,42.6877,1
Neoplastic disease,Hodgkin Lymphoma,Phase 2,OVERALL SURVIVAL,90,253,35.5731,2
Neoplastic disease,Hodgkin Lymphoma,Phase 2,DURATION OF RESPONSE,60,253,23.7154,3
Neoplastic disease,Hodgkin Lymphoma,Phase 2,COMPLETE RESPONSE RATE,59,253,23.3202,4
Neoplastic disease,Hodgkin Lymphoma,Phase 2,EVENT-FREE SURVIVAL,23,253,9.0909,5
Neoplastic disease,Hodgkin Lymphoma,Phase 2,NUMBER OF PARTICIPANTS WITH ADVERSE EVENTS,19,253,7.5099,6
Neoplastic disease,Hodgkin Lymphoma,Phase 3,OVERALL SURVIVAL,37,59,62.7119,2
Neoplastic disease,Hodgkin Lymphoma,Phase 3,PROGRESSION-FREE SURVIVAL,31,59,52.5424,1
Neoplastic disease,Hodgkin Lymphoma,Phase 3,OBJECTIVE RESPONSE RATE,26,59,44.0678,0
Neoplastic disease,Hodgkin Lymphoma,Phase 3,EVENT-FREE SURVIVAL,22,59,37.2881,5
Neoplastic disease,Hodgkin Lymphoma,Phase 3,DURATION OF RESPONSE,18,59,30.5085,3
Neoplastic disease,Hodgkin Lymphoma,Phase 3,COMPLETE RESPONSE RATE,15,59,25.4237,4
Neoplastic disease,Hodgkin Lymphoma,Phase 3,DISEASE-FREE SURVIVAL,8,59,13.5593,10
Neoplastic disease,Hodgkin Lymphoma,Phase 4,OVERALL SURVIVAL,5,8,62.5000,2
Neoplastic disease,Hodgkin Lymphoma,Phase 4,OBJECTIVE RESPONSE RATE,4,8,50.0000,0
Neoplastic disease,Hodgkin Lymphoma,Phase 4,PROGRESSION-FREE SURVIVAL,4,8,50.0000,1
Neoplastic disease,Hodgkin Lymphoma,Phase 4,COMPLETE REMISSION,2,8,25.0000,11
Neoplastic disease,Hodgkin Lymphoma,Phase 4,DURATION OF RESPONSE,2,8,25.0000,3
Neoplastic disease,Hodgkin Lymphoma,Phase 4,AREA UNDER THE CONCENTRATION-TIME CURVE (AUC [0-10]),1,8,12.5000,12
Neoplastic disease,Hodgkin Lymphoma,Phase 4,AUC FROM 0 TO INFINITY,1,8,12.5000,13
Neurological disorder,Huntington's Disease,Phase 1,AMOUNT OF RO7234292 IN URINE,1,3,33.3333,12
Neurological disorder,Huntington's Disease,Phase 1,CHANGE FROM BASELINE IN BIOMARKERS OF NEURONAL INJURY,1,3,33.3333,13
Neurological disorder,Huntington's Disease,Phase 1,CHANGE FROM BASELINE IN BRAIN ATROPHY ENDPOINTS,1,3,33.3333,14
Neurological disorder,Huntington's Disease,Phase 1,"CHANGE IN CUHDRS, TFC, TMS, SDMT, SWR, IS SCORES",1,3,33.3333,15
Neurological disorder,Huntington's Disease,Phase 1,CONCENTRATIONS OF RO7234292 IN CSF,1,3,33.3333,17
Neurological disorder,Huntington's Disease,Phase 1,DOPAMINE-2 RECEPTOR OCCUPANCY,1,3,33.3333,18
Neurological disorder,Huntington's Disease,Phase 1,INCIDENCE OF ANTI-DRUG ANTIBODIES,1,3,33.3333,19
Neurological disorder,Huntington's Disease,Phase 2,NUMBER OF PARTICIPANTS WITH TREATMENT-EMERGENT ADVERSE EVENTS,5,28,17.8571,0
Neurological disorder,Huntington's Disease,Phase 2,CHANGE FROM BASELINE IN TOTAL MOTOR SCORE,3,28,10.7143,1
Neurological disorder,Huntington's Disease,Phase 2,CHANGE FROM BASELINE IN UHDRS TOTAL MOTOR SCORE,3,28,10.7143,3
Neurological disorder,Huntington's Disease,Phase 2,NUMBER OF PARTICIPANTS WITH ADVERSE EVENTS,3,28,10.7143,4
Neurological disorder,Huntington's Disease,Phase 2,CHANGE FROM BASELINE IN Q-MOTOR MEASUREMENTS,2,28,7.1429,6
Neurological disorder,Huntington's Disease,Phase 2,CHANGE FROM BASELINE IN TOTAL FUNCTIONAL CAPACITY,2,28,7.1429,8
Neurological disorder,Huntington's Disease,Phase 2,CHANGE FROM BASELINE IN UHDRS INDEPENDENCE SCALE,2,28,7.1429,9
Neurological disorder,Huntington's Disease,Phase 3,CHANGE IN MOCA SCORE,4,9,44.4444,2
Neurological disorder,Huntington's Disease,Phase 3,NUMBER OF PARTICIPANTS WITH TREATMENT-EMERGENT ADVERSE EVENTS,3,9,33.3333,0
Neurological disorder,Huntington's Disease,Phase 3,CHANGE FROM BASELINE IN ERYTHROCYTES MEAN CORPUSCULAR VOLUME,2,9,22.2222,5
Neurological disorder,Huntington's Disease,Phase 3,CHANGE FROM BASELINE IN SDMT SCORE,2,9,22.2222,7
Neurological disorder,Huntington's Disease,Phase 3,CHANGE FROM BASELINE IN TOTAL MOTOR SCORE,2,9,22.2222,1
Neurological disorder,Huntington's Disease,Phase 3,CHANGE IN HEART RATE,2,9,22.2222,10
Neurological disorder,Huntington's Disease,Phase 3,CHANGE IN HEMOGLOBIN,2,9,22.2222,11
Neurological disorder,Huntington's Disease,Phase 4,CHANGE IN STROOP INTERFERENCE SCORE,1,1,100.0000,16
Cardiovascular disease,Hyperlipidemia,Phase 1,MAXIMUM PLASMA CONCENTRATION,8,14,57.1429,10
Cardiovascular disease,Hyperlipidemia,Phase 1,AUC FROM 0 TO INFINITY,3,14,21.4286,13
Cardiovascular disease,Hyperlipidemia,Phase 1,CHANGE IN HDL CHOLESTEROL,2,14,14.2857,6
Cardiovascular disease,Hyperlipidemia,Phase 1,CHANGE IN LDL CHOLESTEROL,2,14,14.2857,0
Cardiovascular disease,Hyperlipidemia,Phase 1,CHANGE IN TOTAL CHOLESTEROL,2,14,14.2857,9
Cardiovascular disease,Hyperlipidemia,Phase 1,CHANGE IN TRIGLYCERIDES,2,14,14.2857,5
Cardiovascular disease,Hyperlipidemia,Phase 1,NUMBER OF PARTICIPANTS WITH ADVERSE EVENTS,2,14,14.2857,12
Cardiovascular disease,Hyperlipidemia,Phase 2,CHANGE IN LDL CHOLESTEROL,15,51,29.4118,0
Cardiovascular disease,Hyperlipidemia,Phase 2,PERCENT CHANGE IN LDL CHOLESTEROL,12,51,23.5294,1
Cardiovascular disease,Hyperlipidemia,Phase 2,PERCENT CHANGE IN APOLIPOPROTEIN B,10,51,19.6078,3
Cardiovascular disease,Hyperlipidemia,Phase 2,CHANGE IN HDL CHOLESTEROL,8,51,15.6863,6
Cardiovascular disease,Hyperlipidemia,Phase 2,PERCENT CHANGE IN HDL CHOLESTEROL,8,51,15.6863,2
Cardiovascular disease,Hyperlipidemia,Phase 2,CHANGE IN TRIGLYCERIDES,6,51,11.7647,5
Cardiovascular disease,Hyperlipidemia,Phase 2,NUMBER OF PARTICIPANTS WITH TREATMENT-EMERGENT ADVERSE EVENTS,6,51,11.7647,11
Cardiovascular disease,Hyperlipidemia,Phase 3,PERCENT CHANGE IN LDL CHOLESTEROL,28,61,45.9016,1
Cardiovascular disease,Hyperlipidemia,Phase 3,PERCENT CHANGE IN HDL CHOLESTEROL,19,61,31.1475,2
Cardiovascular disease,Hyperlipidemia,Phase 3,PERCENT CHANGE IN TOTAL CHOLESTEROL,19,61,31.1475,4
Cardiovascular disease,Hyperlipidemia,Phase 3,CHANGE IN LDL CHOLESTEROL,16,61,26.2295,0
Cardiovascular disease,Hyperlipidemia,Phase 3,PERCENT CHANGE IN TRIGLYCERIDES,16,61,26.2295,7
Cardiovascular disease,Hyperlipidemia,Phase 3,PERCENT CHANGE IN APOLIPOPROTEIN B,14,61,22.9508,3
Cardiovascular disease,Hyperlipidemia,Phase 3,PERCENT CHANGE IN NON-HDL-C,13,61,21.3115,8
Cardiovascular disease,Hyperlipidemia,Phase 4,CHANGE IN TRIGLYCERIDES,10,30,33.3333,5
Cardiovascular disease,Hyperlipidemia,Phase 4,CHANGE IN LDL CHOLESTEROL,7,30,23.3333,0
Cardiovascular disease,Hyperlipidemia,Phase 4,CHANGE IN HDL CHOLESTEROL,6,30,20.0000,6
Cardiovascular disease,Hyperlipidemia,Phase 4,CHANGE IN TOTAL CHOLESTEROL,6,30,20.0000,9
Cardiovascular disease,Hyperlipidemia,Phase 4,PERCENTAGE OF PARTICIPANTS ACHIEVING TARGET,3,30,10.0000,14
Cardiovascular disease,Hyperlipidemia,Phase 4,CHANGE IN CRP,2,30,6.6667,15
Cardiovascular disease,Hyperlipidemia,Phase 4,NUMBER OF PARTICIPANTS WITH ADVERSE EVENTS,2,30,6.6667,12
Disorder of endocrine system,Hyperparathyroidism,Phase 1,TIME TO MAXIMUM CONCENTRATION,6,8,75.0000,2
Disorder of endocrine system,Hyperparathyroidism,Phase 1,MAXIMUM PLASMA CONCENTRATION,5,8,62.5000,3
Disorder of endocrine system,Hyperparathyroidism,Phase 1,NUMBER OF PARTICIPANTS WITH ADVERSE EVENTS,5,8,62.5000,0
Disorder of endocrine system,Hyperparathyroidism,Phase 1,AREA UNDER THE CONCENTRATION-TIME CURVE,3,8,37.5000,6
Disorder of endocrine system,Hyperparathyroidism,Phase 1,AUC FROM 0 TO INFINITY,3,8,37.5000,7
Disorder of endocrine system,Hyperparathyroidism,Phase 1,AUCINFOBS,2,8,25.0000,15
Disorder of endocrine system,Hyperparathyroidism,Phase 1,CHANGE IN BLOOD PRESSURE,2,8,25.0000,16
Disorder of endocrine system,Hyperparathyroidism,Phase 2,PROGRESSION-FREE SURVIVAL,4,34,11.7647,5
Disorder of endocrine system,Hyperparathyroidism,Phase 2,OBJECTIVE RESPONSE RATE,3,34,8.8235,11
Disorder of endocrine system,Hyperparathyroidism,Phase 2,OVERALL SURVIVAL,3,34,8.8235,12
Disorder of endocrine system,Hyperparathyroidism,Phase 2,PERCENT CHANGE IN PARATHYROID HORMONE,3,34,8.8235,13
Disorder of endocrine system,Hyperparathyroidism,Phase 2,PERCENTAGE OF PARTICIPANTS ACHIEVING TARGET,3,34,8.8235,1
Disorder of endocrine system,Hyperparathyroidism,Phase 2,CHANGE IN SERUM POTASSIUM,2,34,5.8824,17
Disorder of endocrine system,Hyperparathyroidism,Phase 2,DURATION OF RESPONSE,2,34,5.8824,18
Disorder of endocrine system,Hyperparathyroidism,Phase 3,MEAN CHANGE IN S-K LEVELS,4,35,11.4286,4
Disorder of endocrine system,Hyperparathyroidism,Phase 3,PERCENTAGE OF PARTICIPANTS ACHIEVING TARGET,4,35,11.4286,1
Disorder of endocrine system,Hyperparathyroidism,Phase 3,CHANGE IN SERUM PHOSPHORUS,3,35,8.5714,9
Disorder of endocrine system,Hyperparathyroidism,Phase 3,EXPONENTIAL RATE OF CHANGE IN S-K LEVELS,3,35,8.5714,10
Disorder of endocrine system,Hyperparathyroidism,Phase 3,NUMBER OF PARTICIPANTS WITH ADVERSE EVENTS,3,35,8.5714,0
Disorder of endocrine system,Hyperparathyroidism,Phase 3,PERCENT CHANGE IN PREDIALYSIS CORRECTED CALCIUM,3,35,8.5714,14
Disorder of endocrine system,Hyperparathyroidism,Phase 3,CHANGE FROM BASELINE IN SERUM PHOSPHORUS,2,35,5.7143,8
Disorder of endocrine system,Hyperparathyroidism,Phase 4,PERCENTAGE OF PATIENTS ACHIEVING TARGET,2,19,10.5263,19
Disorder of endocrine system,Hyperparathyroidism,Phase 4,ACHIEVING NORMAL SERUM PHOSPHORUS LEVEL,1,19,5.2632,20
Disorder of endocrine system,Hyperparathyroidism,Phase 4,ACUTE REJECTION EVENTS,1,19,5.2632,21
Disorder of endocrine system,Hyperparathyroidism,Phase 4,AMOUNT OF IV IRON USED,1,19,5.2632,22
Disorder of endocrine system,Hyperparathyroidism,Phase 4,AREAL BONE MINERAL DENSITY,1,19,5.2632,23
Disorder of endocrine system,Hyperparathyroidism,Phase 4,BREAKTHROUGH NARCOTIC REQUIREMENT,1,19,5.2632,24
Disorder of endocrine system,Hyperparathyroidism,Phase 4,CHANGE FROM BASELINE IN SERUM PHOSPHORUS,1,19,5.2632,8
Cardiovascular disease,Hypertension,Phase 1,MAXIMUM PLASMA CONCENTRATION,15,33,45.4545,7
Cardiovascular disease,Hypertension,Phase 1,TIME TO MAXIMUM CONCENTRATION,13,33,39.3939,10
Cardiovascular disease,Hypertension,Phase 1,NUMBER OF PARTICIPANTS WITH ADVERSE EVENTS,9,33,27.2727,8
Cardiovascular disease,Hypertension,Phase 1,AUC FROM 0 TO INFINITY,8,33,24.2424,11
Cardiovascular disease,Hypertension,Phase 1,AREA UNDER THE CONCENTRATION-TIME CURVE,6,33,18.1818,12
Cardiovascular disease,Hypertension,Phase 1,CHANGE IN HEART RATE,5,33,15.1515,13
Cardiovascular disease,Hypertension,Phase 1,CHANGE IN BLOOD PRESSURE,4,33,12.1212,0
Cardiovascular disease,Hypertension,Phase 2,CHANGE IN BLOOD PRESSURE,28,71,39.4366,0
Cardiovascular disease,Hypertension,Phase 2,NUMBER OF PARTICIPANTS WITH ADVERSE EVENTS,9,71,12.6761,8
Cardiovascular disease,Hypertension,Phase 2,CHANGE IN SYSTOLIC BLOOD PRESSURE,8,71,11.2676,3
Cardiovascular disease,Hypertension,Phase 2,CHANGE IN DIASTOLIC BLOOD PRESSURE,7,71,9.8592,2
Cardiovascular disease,Hypertension,Phase 2,PERCENTAGE OF PARTICIPANTS ACHIEVING TARGET,6,71,8.4507,1
Cardiovascular disease,Hypertension,Phase 2,MAXIMUM PLASMA CONCENTRATION,5,71,7.0423,7
Cardiovascular disease,Hypertension,Phase 2,CHANGE FROM BASELINE IN MEAN SITTING SYSTOLIC BLOOD PRESSURE,4,71,5.6338,9
Cardiovascular disease,Hypertension,Phase 3,CHANGE IN BLOOD PRESSURE,42,129,32.5581,0
Cardiovascular disease,Hypertension,Phase 3,PERCENTAGE OF PARTICIPANTS ACHIEVING TARGET,34,129,26.3566,1
Cardiovascular disease,Hypertension,Phase 3,CHANGE IN DIASTOLIC BLOOD PRESSURE,23,129,17.8295,2
Cardiovascular disease,Hypertension,Phase 3,CHANGE IN SYSTOLIC BLOOD PRESSURE,21,129,16.2791,3
Cardiovascular disease,Hypertension,Phase 3,CHANGE IN MEAN SITTING DIASTOLIC BLOOD PRESSURE,19,129,14.7287,4
Cardiovascular disease,Hypertension,Phase 3,CHANGE IN MEAN SITTING SYSTOLIC BLOOD PRESSURE,17,129,13.1783,5
Cardiovascular disease,Hypertension,Phase 3,CHANGE FROM BASELINE IN MEAN SITTING DIASTOLIC BLOOD PRESSURE,14,129,10.8527,6
Cardiovascular disease,Hypertension,Phase 4,CHANGE IN BLOOD PRESSURE,35,121,28.9256,0
Cardiovascular disease,Hypertension,Phase 4,PERCENTAGE OF PARTICIPANTS ACHIEVING TARGET,13,121,10.7438,1
Cardiovascular disease,Hypertension,Phase 4,CHANGE FROM BASELINE IN MEAN SITTING SYSTOLIC BLOOD PRESSURE,10,121,8.2645,9
Cardiovascular disease,Hypertension,Phase 4,CHANGE IN MEAN SITTING SYSTOLIC BLOOD PRESSURE,10,121,8.2645,5
Cardiovascular disease,Hypertension,Phase 4,CHANGE FROM BASELINE IN MEAN SITTING DIASTOLIC BLOOD PRESSURE,9,121,7.4380,6
Cardiovascular disease,Hypertension,Phase 4,CHANGE IN DIASTOLIC BLOOD PRESSURE,9,121,7.4380,2
Cardiovascular disease,Hypertension,Phase 4,CHANGE IN MEAN SITTING DIASTOLIC BLOOD PRESSURE,9,121,7.4380,4
Disorder of endocrine system,Hyperthyroidism,Phase 1,CHANGE IN SERUM ANTI-TSHR ANTIBODIES,1,1,100.0000,12
Disorder of endocrine system,Hyperthyroidism,Phase 1,CHANGE IN SERUM FREE THYROXINE (T4),1,1,100.0000,13
Disorder of endocrine system,Hyperthyroidism,Phase 1,CHANGE IN SERUM FREE TRIIODOTHYRONINE (FT3),1,1,100.0000,14
Disorder of endocrine system,Hyperthyroidism,Phase 1,CHANGE IN SERUM TSH,1,1,100.0000,15
Disorder of endocrine system,Hyperthyroidism,Phase 1,OCCURRENCE OF TREATMENT EMERGENT ADVERSE EVENTS,1,1,100.0000,23
Disorder of endocrine system,Hyperthyroidism,Phase 2,ANTI-DRUG ANTIBODIES,1,8,12.5000,1
Disorder of endocrine system,Hyperthyroidism,Phase 2,APOLIPOPROTEIN A-I LEVEL,1,8,12.5000,2
Disorder of endocrine system,Hyperthyroidism,Phase 2,APOLIPOPROTEIN A-I LEVELS,1,8,12.5000,3
Disorder of endocrine system,Hyperthyroidism,Phase 2,APOLIPOPROTEIN B LEVEL,1,8,12.5000,4
Disorder of endocrine system,Hyperthyroidism,Phase 2,CD206 LEVEL,1,8,12.5000,7
Disorder of endocrine system,Hyperthyroidism,Phase 2,CD80 LEVEL,1,8,12.5000,8
Disorder of endocrine system,Hyperthyroidism,Phase 2,CHANGE IN APOLIPOPROTEIN B,1,8,12.5000,9
Disorder of endocrine system,Hyperthyroidism,Phase 3,CAS CATEGORICAL RESPONSE RATE,1,3,33.3333,6
Disorder of endocrine system,Hyperthyroidism,Phase 3,CHANGE FROM BASELINE IN PROPTOSIS,1,3,33.3333,0
Disorder of endocrine system,Hyperthyroidism,Phase 3,CHANGE IN GO-QOL SCORE,1,3,33.3333,10
Disorder of endocrine system,Hyperthyroidism,Phase 3,CHANGE IN PROPTOSIS,1,3,33.3333,11
Disorder of endocrine system,Hyperthyroidism,Phase 3,GO-QOL SCORE (VISUAL FUNCTIONING),1,3,33.3333,19
Disorder of endocrine system,Hyperthyroidism,Phase 3,MEAN CHANGE IN CLINICAL ACTIVITY SCORE,1,3,33.3333,20
Disorder of endocrine system,Hyperthyroidism,Phase 3,MEAN CHANGE IN GO-QOL OVERALL SCORE,1,3,33.3333,21
Disorder of endocrine system,Hyperthyroidism,Phase 4,BLOOD LOSS DURING SURGERY,1,3,33.3333,5
Disorder of endocrine system,Hyperthyroidism,Phase 4,CHANGE FROM BASELINE IN PROPTOSIS,1,3,33.3333,0
Disorder of endocrine system,Hyperthyroidism,Phase 4,CHANGE IN SF-12 MENTAL COMPONENT SCORE,1,3,33.3333,16
Disorder of endocrine system,Hyperthyroidism,Phase 4,CHANGE IN SF-12 PHYSICAL COMPONENT SCORE,1,3,33.3333,17
Disorder of endocrine system,Hyperthyroidism,Phase 4,CHANGE IN THYPRO SCORE,1,3,33.3333,18
Disorder of endocrine system,Hyperthyroidism,Phase 4,NUMBER OF PARTICIPANTS WITH SURGICAL COMPLICATIONS: RECURRENT LARYNGEAL NERVE INJURY,1,3,33.3333,22
Disorder of endocrine system,Hyperthyroidism,Phase 4,PARATHYROID HORMONE LEVEL,1,3,33.3333,24
Disorder of endocrine system,Hypogonadism,Phase 1,AUC FROM 0 TO INFINITY,2,7,28.5714,9
Disorder of endocrine system,Hypogonadism,Phase 1,AREA UNDER THE CONCENTRATION-TIME CURVE,1,7,14.2857,19
Disorder of endocrine system,Hypogonadism,Phase 1,AUCINF OF TOTAL TESTOSTERONE,1,7,14.2857,20
Disorder of endocrine system,Hypogonadism,Phase 1,AUCLAST OF TOTAL TESTOSTERONE,1,7,14.2857,21
Disorder of endocrine system,Hypogonadism,Phase 1,CHANGE IN BASAL MUSCLE PROTEIN SYNTHESIS,1,7,14.2857,23
Disorder of endocrine system,Hypogonadism,Phase 1,CHANGE IN BONE MINERAL DENSITY,1,7,14.2857,2
Disorder of endocrine system,Hypogonadism,Phase 1,CHANGE IN BONE TURNOVER MARKERS,1,7,14.2857,24
Disorder of endocrine system,Hypogonadism,Phase 2,MAXIMUM PLASMA CONCENTRATION,6,44,13.6364,0
Disorder of endocrine system,Hypogonadism,Phase 2,CHANGE IN BONE MINERAL DENSITY,4,44,9.0909,2
Disorder of endocrine system,Hypogonadism,Phase 2,TIME TO MAXIMUM CONCENTRATION,4,44,9.0909,5
Disorder of endocrine system,Hypogonadism,Phase 2,CHANGE IN HOMA-IR,2,44,4.5455,14
Disorder of endocrine system,Hypogonadism,Phase 2,CHANGE IN PSA,2,44,4.5455,1
Disorder of endocrine system,Hypogonadism,Phase 2,LUTEINIZING HORMONE LEVELS,2,44,4.5455,15
Disorder of endocrine system,Hypogonadism,Phase 2,OVERALL SURVIVAL,2,44,4.5455,16
Disorder of endocrine system,Hypogonadism,Phase 3,CHANGE IN HEMOGLOBIN,5,36,13.8889,3
Disorder of endocrine system,Hypogonadism,Phase 3,CHANGE IN PSA,4,36,11.1111,1
Disorder of endocrine system,Hypogonadism,Phase 3,PERCENTAGE OF PARTICIPANTS ACHIEVING TARGET,4,36,11.1111,4
Disorder of endocrine system,Hypogonadism,Phase 3,CHANGE FROM BASELINE IN IIEF SCORE,3,36,8.3333,6
Disorder of endocrine system,Hypogonadism,Phase 3,CHANGE IN SF-36 SCORE,3,36,8.3333,7
Disorder of endocrine system,Hypogonadism,Phase 3,MAXIMUM PLASMA CONCENTRATION,3,36,8.3333,0
Disorder of endocrine system,Hypogonadism,Phase 3,MINIMUM CONCENTRATION OBSERVED,3,36,8.3333,8
Disorder of endocrine system,Hypogonadism,Phase 4,CHANGE FROM BASELINE IN 24-HOUR AVERAGE MEAN ARTERIAL PRESSURE,2,20,10.0000,10
Disorder of endocrine system,Hypogonadism,Phase 4,CHANGE FROM BASELINE IN 24-HOUR AVERAGE PULSE PRESSURE,2,20,10.0000,11
Disorder of endocrine system,Hypogonadism,Phase 4,CHANGE FROM BASELINE IN 24-HOUR AVERAGE SYSTOLIC BLOOD PRESSURE,2,20,10.0000,12
Disorder of endocrine system,Hypogonadism,Phase 4,CHANGE IN ESTRADIOL LEVELS,2,20,10.0000,13
Disorder of endocrine system,Hypogonadism,Phase 4,PATIENT SATISFACTION,2,20,10.0000,17
Disorder of endocrine system,Hypogonadism,Phase 4,ALL-CAUSE MORTALITY,1,20,5.0000,18
Disorder of endocrine system,Hypogonadism,Phase 4,AUGMENTATION INDEX,1,20,5.0000,22
Disorder of endocrine system,Hypoparathyroidism,Phase 1,MAXIMUM PLASMA CONCENTRATION,3,5,60.0000,6
Disorder of endocrine system,Hypoparathyroidism,Phase 1,NUMBER OF PARTICIPANTS WITH TREATMENT-EMERGENT ADVERSE EVENTS,2,5,40.0000,19
Disorder of endocrine system,Hypoparathyroidism,Phase 1,ABSOLUTE CHANGE IN PLASMA CONCENTRATION OF INORGANIC PYROPHOSPHATE,1,5,20.0000,21
Disorder of endocrine system,Hypoparathyroidism,Phase 1,ABSOLUTE CHANGE IN PLASMA CONCENTRATION OF PLP,1,5,20.0000,22
Disorder of endocrine system,Hypoparathyroidism,Phase 1,ABSOLUTE CHANGE IN PLASMA CONCENTRATION OF PYRIDOXAL PHOSPHATE/ PYRIDOXAL RATIO,1,5,20.0000,23
Disorder of endocrine system,Hypoparathyroidism,Phase 1,AREA UNDER THE CONCENTRATION-TIME CURVE,1,5,20.0000,24
Disorder of endocrine system,Hypoparathyroidism,Phase 1,AREA UNDER THE CURVE OF CALCIUM CONCENTRATION,1,5,20.0000,25
Disorder of endocrine system,Hypoparathyroidism,Phase 2,CHANGE FROM BASELINE IN SERUM PHOSPHORUS,3,29,10.3448,1
Disorder of endocrine system,Hypoparathyroidism,Phase 2,NUMBER OF PARTICIPANTS WITH ADVERSE EVENTS,3,29,10.3448,0
Disorder of endocrine system,Hypoparathyroidism,Phase 2,AREA UNDER THE CONCENTRATION-TIME CURVE EXTRAPOLATED TO INFINITY,2,29,6.8966,7
Disorder of endocrine system,Hypoparathyroidism,Phase 2,CHANGE FROM BASELINE IN BALP,2,29,6.8966,10
Disorder of endocrine system,Hypoparathyroidism,Phase 2,CHANGE FROM BASELINE IN FEP,2,29,6.8966,14
Disorder of endocrine system,Hypoparathyroidism,Phase 2,CHANGE FROM BASELINE IN P1NP,2,29,6.8966,15
Disorder of endocrine system,Hypoparathyroidism,Phase 2,CHANGE FROM BASELINE IN RSS TOTAL SCORE,2,29,6.8966,16
Disorder of endocrine system,Hypoparathyroidism,Phase 3,CHANGE FROM BASELINE IN TMP/GFR,3,38,7.8947,2
Disorder of endocrine system,Hypoparathyroidism,Phase 3,CHANGE IN BONE MINERAL DENSITY,3,38,7.8947,3
Disorder of endocrine system,Hypoparathyroidism,Phase 3,CHANGE IN PAIN SCORE,3,38,7.8947,4
Disorder of endocrine system,Hypoparathyroidism,Phase 3,NUMBER OF PARTICIPANTS WITH ADVERSE EVENTS,3,38,7.8947,0
Disorder of endocrine system,Hypoparathyroidism,Phase 3,CHANGE FROM BASELINE IN 24-HOUR URINARY PHOSPHORUS,2,38,5.2632,8
Disorder of endocrine system,Hypoparathyroidism,Phase 3,CHANGE FROM BASELINE IN 24-HOUR URINE CALCIUM EXCRETION,2,38,5.2632,9
Disorder of endocrine system,Hypoparathyroidism,Phase 3,CHANGE FROM BASELINE IN CTX,2,38,5.2632,12
Disorder of endocrine system,Hypoparathyroidism,Phase 4,CHANGE IN SF-36 SCORE,3,27,11.1111,5
Disorder of endocrine system,Hypoparathyroidism,Phase 4,CHANGE FROM BASELINE IN BONE TURNOVER MARKERS,2,27,7.4074,11
Disorder of endocrine system,Hypoparathyroidism,Phase 4,CHANGE FROM BASELINE IN FACT-COG SCORE,2,27,7.4074,13
Disorder of endocrine system,Hypoparathyroidism,Phase 4,CHANGE IN SERUM SODIUM,2,27,7.4074,17
Disorder of endocrine system,Hypoparathyroidism,Phase 4,LENGTH OF HOSPITAL STAY,2,27,7.4074,18
Disorder of endocrine system,Hypoparathyroidism,Phase 4,NUMBER OF PARTICIPANTS WITH ADVERSE EVENTS,2,27,7.4074,0
Disorder of endocrine system,Hypoparathyroidism,Phase 4,% WEIGHT CHANGE,1,27,3.7037,20
Disorder of endocrine system,Hypothyroidism,Phase 1,MEAN PEAK CHANGE FROM BASELINE DRUG EFFECT,1,1,100.0000,21
Disorder of endocrine system,Hypothyroidism,Phase 1,MEAN PEAK CHANGE IN PSYCHOMOTOR PERFORMANCE,1,1,100.0000,22
Disorder of endocrine system,Hypothyroidism,Phase 1,MEAN PEAK CHANGE IN WORKING MEMORY PERFORMANCE,1,1,100.0000,23
Disorder of endocrine system,Hypothyroidism,Phase 2,ABSOLUTE SERUM THYROID STIMULATING HORMONE VALUES,1,5,20.0000,4
Disorder of endocrine system,Hypothyroidism,Phase 2,CHANGE IN CLINICAL ACTIVITY SCORE,1,5,20.0000,10
Disorder of endocrine system,Hypothyroidism,Phase 2,CHANGE IN PROPTOSIS,1,5,20.0000,13
Disorder of endocrine system,Hypothyroidism,Phase 2,DOSE CONVERSION FACTOR,1,5,20.0000,17
Disorder of endocrine system,Hypothyroidism,Phase 2,FREE T3 LEVELS,1,5,20.0000,18
Disorder of endocrine system,Hypothyroidism,Phase 2,INJECTION SITE DISCOMFORT,1,5,20.0000,19
Disorder of endocrine system,Hypothyroidism,Phase 2,MAGNITUDE OF CHANGE IN DAILY DOSE,1,5,20.0000,20
Disorder of endocrine system,Hypothyroidism,Phase 3,ADHD INDEX SCORE,1,1,100.0000,5
Disorder of endocrine system,Hypothyroidism,Phase 3,BAYLEY SCALES COMPOSITE SCORES,1,1,100.0000,6
Disorder of endocrine system,Hypothyroidism,Phase 3,BEHAVIORAL PROBLEMS AND SOCIAL COMPETENCIES,1,1,100.0000,7
Disorder of endocrine system,Hypothyroidism,Phase 3,BIRTH WEIGHT < 10TH PERCENTILE,1,1,100.0000,8
Disorder of endocrine system,Hypothyroidism,Phase 3,CLINICALLY SIGNIFICANT PLACENTAL ABRUPTION,1,1,100.0000,14
Disorder of endocrine system,Hypothyroidism,Phase 3,COGNITIVE AND ACHIEVEMENT LEVELS,1,1,100.0000,15
Disorder of endocrine system,Hypothyroidism,Phase 3,COMPOSITE NEONATAL OUTCOME,1,1,100.0000,16
Disorder of endocrine system,Hypothyroidism,Phase 4,% FAT MASS,1,8,12.5000,0
Disorder of endocrine system,Hypothyroidism,Phase 4,1-YEAR SURVIVAL RATE,1,8,12.5000,1
Disorder of endocrine system,Hypothyroidism,Phase 4,2-YEAR SURVIVAL RATE,1,8,12.5000,2
Disorder of endocrine system,Hypothyroidism,Phase 4,3-BACK CORRECT RESPONSES,1,8,12.5000,3
Disorder of endocrine system,Hypothyroidism,Phase 4,CHANGE IN BODY MASS INDEX,1,8,12.5000,9
Disorder of endocrine system,Hypothyroidism,Phase 4,CHANGE IN CREATINE PHOSPHOKINASE,1,8,12.5000,11
Disorder of endocrine system,Hypothyroidism,Phase 4,CHANGE IN EQ-5D SCORE,1,8,12.5000,12
Respiratory disease,Idiopathic Pulmonary Fibrosis,Phase 1,MAXIMUM PLASMA CONCENTRATION,6,11,54.5455,8
Respiratory disease,Idiopathic Pulmonary Fibrosis,Phase 1,TIME TO MAXIMUM CONCENTRATION,5,11,45.4545,11
Respiratory disease,Idiopathic Pulmonary Fibrosis,Phase 1,NUMBER OF PARTICIPANTS WITH ADVERSE EVENTS,3,11,27.2727,1
Respiratory disease,Idiopathic Pulmonary Fibrosis,Phase 1,AREA UNDER THE CONCENTRATION-TIME CURVE,2,11,18.1818,16
Respiratory disease,Idiopathic Pulmonary Fibrosis,Phase 1,AUC FROM 0 TO INFINITY,2,11,18.1818,15
Respiratory disease,Idiopathic Pulmonary Fibrosis,Phase 1,NUMBER OF PARTICIPANTS WITH TREATMENT-EMERGENT ADVERSE EVENTS,2,11,18.1818,2
Respiratory disease,Idiopathic Pulmonary Fibrosis,Phase 1,VOLUME OF DISTRIBUTION,2,11,18.1818,17
Respiratory disease,Idiopathic Pulmonary Fibrosis,Phase 2,CHANGE IN 6-MINUTE WALK DISTANCE,9,61,14.7541,0
Respiratory disease,Idiopathic Pulmonary Fibrosis,Phase 2,NUMBER OF PARTICIPANTS WITH TREATMENT-EMERGENT ADVERSE EVENTS,9,61,14.7541,2
Respiratory disease,Idiopathic Pulmonary Fibrosis,Phase 2,NUMBER OF PARTICIPANTS WITH ADVERSE EVENTS,8,61,13.1148,1
Respiratory disease,Idiopathic Pulmonary Fibrosis,Phase 2,CHANGE IN SGRQ SCORE,7,61,11.4754,3
Respiratory disease,Idiopathic Pulmonary Fibrosis,Phase 2,CHANGES IN FORCED VITAL CAPACITY,7,61,11.4754,4
Respiratory disease,Idiopathic Pulmonary Fibrosis,Phase 2,ALL-CAUSE MORTALITY,6,61,9.8361,5
Respiratory disease,Idiopathic Pulmonary Fibrosis,Phase 2,CHANGE FROM BASELINE IN FORCED VITAL CAPACITY,5,61,8.1967,9
Respiratory disease,Idiopathic Pulmonary Fibrosis,Phase 3,CHANGE IN 6-MINUTE WALK DISTANCE,9,37,24.3243,0
Respiratory disease,Idiopathic Pulmonary Fibrosis,Phase 3,CHANGE IN DLCO,6,37,16.2162,6
Respiratory disease,Idiopathic Pulmonary Fibrosis,Phase 3,CHANGE IN DYSPNEA SCORE,6,37,16.2162,7
Respiratory disease,Idiopathic Pulmonary Fibrosis,Phase 3,CHANGE IN SGRQ TOTAL SCORE,5,37,13.5135,10
Respiratory disease,Idiopathic Pulmonary Fibrosis,Phase 3,TIME TO PROGRESSION,5,37,13.5135,12
Respiratory disease,Idiopathic Pulmonary Fibrosis,Phase 3,CHANGE FROM BASELINE IN FVC,4,37,10.8108,13
Respiratory disease,Idiopathic Pulmonary Fibrosis,Phase 3,CHANGE IN EQ-5D SCORE,4,37,10.8108,14
Respiratory disease,Idiopathic Pulmonary Fibrosis,Phase 4,ABSOLUTE CATEGORICAL CHANGE IN FORCED VITAL CAPACITY,1,12,8.3333,18
Respiratory disease,Idiopathic Pulmonary Fibrosis,Phase 4,ABSOLUTE CHANGE IN FORCED VITAL CAPACITY,1,12,8.3333,19
Respiratory disease,Idiopathic Pulmonary Fibrosis,Phase 4,ABSOLUTE CHANGE IN KBILD SCORE,1,12,8.3333,20
Respiratory disease,Idiopathic Pulmonary Fibrosis,Phase 4,ARALAST ANTIBODY TITERS,1,12,8.3333,21
Respiratory disease,Idiopathic Pulmonary Fibrosis,Phase 4,AUC FROM 0 TO INFINITY,1,12,8.3333,15
Respiratory disease,Idiopathic Pulmonary Fibrosis,Phase 4,AUC0-TZ,1,12,8.3333,22
Respiratory disease,Idiopathic Pulmonary Fibrosis,Phase 4,"AUCΤ,SS",1,12,8.3333,23
Disorder of the genitourinary system,IgA Nephropathy,Phase 1,ANTI-DRUG ANTIBODIES,1,2,50.0000,6
Disorder of the genitourinary system,IgA Nephropathy,Phase 1,AUC FROM 0 TO INFINITY,1,2,50.0000,15
Disorder of the genitourinary system,IgA Nephropathy,Phase 1,AUC FROM 0 TO LAST MEASURABLE CONCENTRATION,1,2,50.0000,16
Disorder of the genitourinary system,IgA Nephropathy,Phase 1,AUC(0-T) OF PLASMA DMA,1,2,50.0000,17
Disorder of the genitourinary system,IgA Nephropathy,Phase 1,AUC(0-T) OF PLASMA RANITIDINE,1,2,50.0000,18
Disorder of the genitourinary system,IgA Nephropathy,Phase 1,CHANGE IN CD4 COUNT,1,2,50.0000,21
Disorder of the genitourinary system,IgA Nephropathy,Phase 1,CHANGE IN CIRCULATING CD8 T CELLS,1,2,50.0000,23
Disorder of the genitourinary system,IgA Nephropathy,Phase 2,CHANGE IN EGFR,11,31,35.4839,0
Disorder of the genitourinary system,IgA Nephropathy,Phase 2,MAXIMUM PLASMA CONCENTRATION,6,31,19.3548,1
Disorder of the genitourinary system,IgA Nephropathy,Phase 2,NUMBER OF PARTICIPANTS WITH ADVERSE EVENTS,5,31,16.1290,4
Disorder of the genitourinary system,IgA Nephropathy,Phase 2,TIME TO MAXIMUM CONCENTRATION,5,31,16.1290,5
Disorder of the genitourinary system,IgA Nephropathy,Phase 2,CHANGE IN PROTEINURIA,3,31,9.6774,3
Disorder of the genitourinary system,IgA Nephropathy,Phase 2,NUMBER OF PARTICIPANTS WITH SERIOUS ADVERSE EVENTS,3,31,9.6774,8
Disorder of the genitourinary system,IgA Nephropathy,Phase 2,CHANGE FROM BASELINE IN EGFR,2,31,6.4516,9
Disorder of the genitourinary system,IgA Nephropathy,Phase 3,NUMBER OF PARTICIPANTS WITH TREATMENT-EMERGENT ADVERSE EVENTS,6,22,27.2727,2
Disorder of the genitourinary system,IgA Nephropathy,Phase 3,CHANGE IN HEMOGLOBIN,3,22,13.6364,7
Disorder of the genitourinary system,IgA Nephropathy,Phase 3,ANTI-DRUG ANTIBODIES,2,22,9.0909,6
Disorder of the genitourinary system,IgA Nephropathy,Phase 3,CHANGE IN EGFR,2,22,9.0909,0
Disorder of the genitourinary system,IgA Nephropathy,Phase 3,CHANGE IN EQ-5D-5L SCORE,2,22,9.0909,10
Disorder of the genitourinary system,IgA Nephropathy,Phase 3,CHANGE IN FACIT-FATIGUE SCORE,2,22,9.0909,11
Disorder of the genitourinary system,IgA Nephropathy,Phase 3,CHANGE IN SF-12 SCORE,2,22,9.0909,12
Disorder of the genitourinary system,IgA Nephropathy,Phase 4,CHANGE IN PROTEINURIA,2,10,20.0000,3
Disorder of the genitourinary system,IgA Nephropathy,Phase 4,ANNUAL EXACERBATION RATE,1,10,10.0000,13
Disorder of the genitourinary system,IgA Nephropathy,Phase 4,ANNUAL RATE OF CHANGE IN LUNG DENSITY,1,10,10.0000,14
Disorder of the genitourinary system,IgA Nephropathy,Phase 4,BASELINE LUNG DENSITY,1,10,10.0000,19
Disorder of the genitourinary system,IgA Nephropathy,Phase 4,BIOCHEMICAL MARKER IGA,1,10,10.0000,20
Disorder of the genitourinary system,IgA Nephropathy,Phase 4,CHANGE IN CD4+CD25+CD127LOW T REGULATORY CELLS/CD4+ T CELL RATIO,1,10,10.0000,22
Disorder of the genitourinary system,IgA Nephropathy,Phase 4,CHANGE IN EXERCISE CAPACITY,1,10,10.0000,24
Blood disease,Immune Thrombocytopenia,Phase 1,AUC FROM 0 TO INFINITY,1,2,50.0000,11
Blood disease,Immune Thrombocytopenia,Phase 1,MAXIMUM PLASMA CONCENTRATION,1,2,50.0000,18
Blood disease,Immune Thrombocytopenia,Phase 1,NUMBER OF PARTICIPANTS DISCONTINUING STUDY DUE TO AN ADVERSE EVENT,1,2,50.0000,19
Blood disease,Immune Thrombocytopenia,Phase 1,NUMBER OF PARTICIPANTS WITH ADVERSE EVENTS,1,2,50.0000,0
Blood disease,Immune Thrombocytopenia,Phase 1,NUMBER OF PARTICIPANTS WITH DRUG-RELATED ADVERSE EVENTS,1,2,50.0000,20
Blood disease,Immune Thrombocytopenia,Phase 1,NUMBER OF PATIENTS REACHING CUT-OFF FOR ITP,1,2,50.0000,21
Blood disease,Immune Thrombocytopenia,Phase 1,NUMBER OF PATIENTS WITH RESPONSE IN PLATELET COUNT,1,2,50.0000,22
Blood disease,Immune Thrombocytopenia,Phase 2,NUMBER OF PARTICIPANTS WITH ADVERSE EVENTS,6,21,28.5714,0
Blood disease,Immune Thrombocytopenia,Phase 2,DURATION OF RESPONSE,5,21,23.8095,2
Blood disease,Immune Thrombocytopenia,Phase 2,PERCENTAGE OF PARTICIPANTS ACHIEVING TARGET,5,21,23.8095,1
Blood disease,Immune Thrombocytopenia,Phase 2,CHANGE IN PLATELET COUNT,4,21,19.0476,3
Blood disease,Immune Thrombocytopenia,Phase 2,PLASMA DRUG CONCENTRATION,3,21,14.2857,7
Blood disease,Immune Thrombocytopenia,Phase 2,ALL-CAUSE MORTALITY,2,21,9.5238,9
Blood disease,Immune Thrombocytopenia,Phase 2,CHANGE IN FACIT-FATIGUE SCORE,2,21,9.5238,10
Blood disease,Immune Thrombocytopenia,Phase 3,PERCENTAGE OF PARTICIPANTS ACHIEVING TARGET,6,31,19.3548,1
Blood disease,Immune Thrombocytopenia,Phase 3,NUMBER OF PARTICIPANTS WITH ADVERSE EVENTS,5,31,16.1290,0
Blood disease,Immune Thrombocytopenia,Phase 3,OBJECTIVE RESPONSE RATE,4,31,12.9032,5
Blood disease,Immune Thrombocytopenia,Phase 3,DURATION OF PLATELET RESPONSE,3,31,9.6774,4
Blood disease,Immune Thrombocytopenia,Phase 3,DURATION OF RESPONSE,3,31,9.6774,2
Blood disease,Immune Thrombocytopenia,Phase 3,PERCENTAGE OF PARTICIPANTS WITH TREATMENT-EMERGENT ADVERSE EVENTS,3,31,9.6774,6
Blood disease,Immune Thrombocytopenia,Phase 3,PLATELET RESPONSE,3,31,9.6774,8
Blood disease,Immune Thrombocytopenia,Phase 4,CHANGE IN PLATELET FUNCTION,1,4,25.0000,12
Blood disease,Immune Thrombocytopenia,Phase 4,CHANGE IN TSQM CONVENIENCE DOMAIN SCORE,1,4,25.0000,13
Blood disease,Immune Thrombocytopenia,Phase 4,CHANGE IN TSQM EFFECTIVENESS DOMAIN SCORE,1,4,25.0000,14
Blood disease,Immune Thrombocytopenia,Phase 4,CHANGE IN TSQM GLOBAL SATISFACTION SCORE,1,4,25.0000,15
Blood disease,Immune Thrombocytopenia,Phase 4,CHANGE IN TSQM SIDE EFFECTS DOMAIN SCORE,1,4,25.0000,16
Blood disease,Immune Thrombocytopenia,Phase 4,DAYS TO REACH PLATELET COUNT OF AT LEAST 50X10^9/L,1,4,25.0000,17
Blood disease,Immune Thrombocytopenia,Phase 4,DURATION OF PLATELET RESPONSE,1,4,25.0000,4
Disorder of the genitourinary system,Infertility,Phase 1,APPARENT VOLUME OF DISTRIBUTION,1,1,100.0000,14
Disorder of the genitourinary system,Infertility,Phase 1,AREA UNDER THE CONCENTRATION-TIME CURVE,1,1,100.0000,15
Disorder of the genitourinary system,Infertility,Phase 1,AUC FROM DOSING TO INFINITY,1,1,100.0000,16
Disorder of the genitourinary system,Infertility,Phase 1,INJECTION SITE REACTIONS,1,1,100.0000,17
Disorder of the genitourinary system,Infertility,Phase 1,MAXIMUM SERUM CONCENTRATION,1,1,100.0000,18
Disorder of the genitourinary system,Infertility,Phase 1,NUMBER OF PARTICIPANTS WITH ADVERSE EVENTS,1,1,100.0000,6
Disorder of the genitourinary system,Infertility,Phase 1,NUMBER OF PARTICIPANTS WITH CLINICALLY SIGNIFICANT ABNORMAL CHANGES IN VITAL SIGNS,1,1,100.0000,19
Disorder of the genitourinary system,Infertility,Phase 2,NUMBER OF FERTILIZED OOCYTES (2 PRONUCLEI),4,14,28.5714,8
Disorder of the genitourinary system,Infertility,Phase 2,ENDOMETRIAL THICKNESS,3,14,21.4286,9
Disorder of the genitourinary system,Infertility,Phase 2,NUMBER OF PARTICIPANTS WITH ADVERSE EVENTS,3,14,21.4286,6
Disorder of the genitourinary system,Infertility,Phase 2,ESTRADIOL LEVELS,2,14,14.2857,11
Disorder of the genitourinary system,Infertility,Phase 2,IMPLANTATION RATE,2,14,14.2857,2
Disorder of the genitourinary system,Infertility,Phase 2,MEAN NUMBER OF OOCYTES RETRIEVED,2,14,14.2857,12
Disorder of the genitourinary system,Infertility,Phase 2,NUMBER AND QUALITY OF EMBRYOS,2,14,14.2857,13
Disorder of the genitourinary system,Infertility,Phase 3,NUMBER OF OOCYTES RETRIEVED,17,42,40.4762,1
Disorder of the genitourinary system,Infertility,Phase 3,CLINICAL PREGNANCY RATE,16,42,38.0952,0
Disorder of the genitourinary system,Infertility,Phase 3,IMPLANTATION RATE,15,42,35.7143,2
Disorder of the genitourinary system,Infertility,Phase 3,ONGOING PREGNANCY RATE,12,42,28.5714,3
Disorder of the genitourinary system,Infertility,Phase 3,FERTILIZATION RATE,11,42,26.1905,4
Disorder of the genitourinary system,Infertility,Phase 3,NUMBER OF FOLLICLES,7,42,16.6667,5
Disorder of the genitourinary system,Infertility,Phase 3,NUMBER OF STIMULATION DAYS,7,42,16.6667,7
Disorder of the genitourinary system,Infertility,Phase 4,CLINICAL PREGNANCY RATE,7,44,15.9091,0
Disorder of the genitourinary system,Infertility,Phase 4,NUMBER OF OOCYTES RETRIEVED,6,44,13.6364,1
Disorder of the genitourinary system,Infertility,Phase 4,ONGOING PREGNANCY RATE,6,44,13.6364,3
Disorder of the genitourinary system,Infertility,Phase 4,FERTILIZATION RATE,5,44,11.3636,4
Disorder of the genitourinary system,Infertility,Phase 4,IMPLANTATION RATE,4,44,9.0909,2
Disorder of the genitourinary system,Infertility,Phase 4,NUMBER OF PARTICIPANTS WITH ADVERSE EVENTS,3,44,6.8182,6
Disorder of the genitourinary system,Infertility,Phase 4,PREGNANCY RATE,3,44,6.8182,10
Disorder of digestive system,Inflammatory Bowel Disease,Phase 1,TIME TO MAXIMUM CONCENTRATION,4,12,33.3333,0
Disorder of digestive system,Inflammatory Bowel Disease,Phase 1,AUC FROM 0 TO INFINITY,3,12,25.0000,1
Disorder of digestive system,Inflammatory Bowel Disease,Phase 1,MAXIMUM PLASMA CONCENTRATION,3,12,25.0000,2
Disorder of digestive system,Inflammatory Bowel Disease,Phase 1,NUMBER OF PARTICIPANTS WITH TREATMENT EMERGENT ADVERSE EVENTS,2,12,16.6667,7
Disorder of digestive system,Inflammatory Bowel Disease,Phase 1,PERCENTAGE OF PARTICIPANTS WITH LABORATORY ABNORMALITIES,2,12,16.6667,8
Disorder of digestive system,Inflammatory Bowel Disease,Phase 1,25D3 SERUM LEVELS,1,12,8.3333,9
Disorder of digestive system,Inflammatory Bowel Disease,Phase 1,ABSOLUTE VALUES OF BLOOD PRESSURE,1,12,8.3333,11
Disorder of digestive system,Inflammatory Bowel Disease,Phase 2,OVERALL SURVIVAL,3,16,18.7500,3
Disorder of digestive system,Inflammatory Bowel Disease,Phase 2,RESIDUAL CANCER BURDEN,3,16,18.7500,4
Disorder of digestive system,Inflammatory Bowel Disease,Phase 2,NUMBER OF PARTICIPANTS WITH ADVERSE EVENTS,2,16,12.5000,6
Disorder of digestive system,Inflammatory Bowel Disease,Phase 2,ADJUVANT RADIATION,1,16,6.2500,12
Disorder of digestive system,Inflammatory Bowel Disease,Phase 2,ADVERSE EVENTS (OCULAR AND SYSTEMIC),1,16,6.2500,13
Disorder of digestive system,Inflammatory Bowel Disease,Phase 2,AREA UNDER THE CONCENTRATION-TIME CURVE,1,16,6.2500,15
Disorder of digestive system,Inflammatory Bowel Disease,Phase 2,BIOLOGIC RESPONSE,1,16,6.2500,16
Disorder of digestive system,Inflammatory Bowel Disease,Phase 3,CHANGE IN QUALITY OF LIFE SCORE,2,8,25.0000,5
Disorder of digestive system,Inflammatory Bowel Disease,Phase 3,CLINICAL DISEASE ACTIVITY,1,8,12.5000,22
Disorder of digestive system,Inflammatory Bowel Disease,Phase 3,COMPLETE REMISSION,1,8,12.5000,23
Disorder of digestive system,Inflammatory Bowel Disease,Phase 3,ENDOSCOPIC IMPROVEMENT,1,8,12.5000,24
Disorder of digestive system,Inflammatory Bowel Disease,Phase 3,GINGIVAL INDEX SCORE,1,8,12.5000,25
Disorder of digestive system,Inflammatory Bowel Disease,Phase 3,GLOBAL ASSESSMENT OF GASTROINTESTINAL SYMPTOMS,1,8,12.5000,26
Disorder of digestive system,Inflammatory Bowel Disease,Phase 3,HARVEY BRADSHAW INDEX,1,8,12.5000,27
Disorder of digestive system,Inflammatory Bowel Disease,Phase 4,6-METHYLMERCAPTOPURINE LEVELS,1,13,7.6923,10
Disorder of digestive system,Inflammatory Bowel Disease,Phase 4,ANTIBODY TITER,1,13,7.6923,14
Disorder of digestive system,Inflammatory Bowel Disease,Phase 4,CHANGE FROM BASELINE IN ABDOMINAL PAIN AND LOOSE/WATERY STOOL FREQUENCY,1,13,7.6923,17
Disorder of digestive system,Inflammatory Bowel Disease,Phase 4,CHANGE FROM BASELINE IN ABSOLUTE STOOL FREQUENCY,1,13,7.6923,18
Disorder of digestive system,Inflammatory Bowel Disease,Phase 4,CHANGE IN ABDOMINAL PAIN,1,13,7.6923,19
Disorder of digestive system,Inflammatory Bowel Disease,Phase 4,CHANGE IN ABSOLUTE STOOL FREQUENCY,1,13,7.6923,20
Disorder of digestive system,Inflammatory Bowel Disease,Phase 4,CHANGE IN ALT,1,13,7.6923,21
Infection,Influenza,Phase 1,SEROCONVERSION RATE,19,40,47.5000,0
Infection,Influenza,Phase 1,NUMBER OF PARTICIPANTS WITH SERIOUS ADVERSE EVENTS,17,40,42.5000,2
Infection,Influenza,Phase 1,NUMBER OF PARTICIPANTS WITH ADVERSE EVENTS,12,40,30.0000,4
Infection,Influenza,Phase 1,SEROPROTECTION RATE,9,40,22.5000,1
Infection,Influenza,Phase 1,ANTIBODY TITER,6,40,15.0000,3
Infection,Influenza,Phase 1,GEOMETRIC MEAN TITER,4,40,10.0000,12
Infection,Influenza,Phase 1,GEOMETRIC MEAN TITER OF HAI ANTIBODIES,4,40,10.0000,13
Infection,Influenza,Phase 2,SEROCONVERSION RATE,82,152,53.9474,0
Infection,Influenza,Phase 2,SEROPROTECTION RATE,72,152,47.3684,1
Infection,Influenza,Phase 2,NUMBER OF PARTICIPANTS WITH SERIOUS ADVERSE EVENTS,55,152,36.1842,2
Infection,Influenza,Phase 2,ANTIBODY TITER,34,152,22.3684,3
Infection,Influenza,Phase 2,NUMBER OF PARTICIPANTS WITH ADVERSE EVENTS,22,152,14.4737,4
Infection,Influenza,Phase 2,"NUMBER OF SUBJECTS WITH ANY, GRADE 3 AND RELATED SOLICITED GENERAL SYMPTOMS",21,152,13.8158,7
Infection,Influenza,Phase 2,SEROCONVERSION FACTOR,21,152,13.8158,5
Infection,Influenza,Phase 3,SEROCONVERSION RATE,105,175,60.0000,0
Infection,Influenza,Phase 3,SEROPROTECTION RATE,79,175,45.1429,1
Infection,Influenza,Phase 3,NUMBER OF PARTICIPANTS WITH SERIOUS ADVERSE EVENTS,71,175,40.5714,2
Infection,Influenza,Phase 3,ANTIBODY TITER,26,175,14.8571,3
Infection,Influenza,Phase 3,NUMBER OF PARTICIPANTS WITH ADVERSE EVENTS,26,175,14.8571,4
Infection,Influenza,Phase 3,NUMBER OF SEROCONVERTED SUBJECTS,26,175,14.8571,6
Infection,Influenza,Phase 3,SEROCONVERSION FACTOR,19,175,10.8571,5
Infection,Influenza,Phase 4,SEROCONVERSION RATE,49,134,36.5672,0
Infection,Influenza,Phase 4,SEROPROTECTION RATE,38,134,28.3582,1
Infection,Influenza,Phase 4,NUMBER OF PARTICIPANTS WHO RECEIVED INFLUENZA VACCINE,14,134,10.4478,8
Infection,Influenza,Phase 4,NUMBER OF PARTICIPANTS WITH RELATED ADVERSE EVENTS,14,134,10.4478,9
Infection,Influenza,Phase 4,GEOMETRIC MEAN TITERS,11,134,8.2090,10
Infection,Influenza,Phase 4,NUMBER OF PARTICIPANTS WITH SERIOUS ADVERSE EVENTS,11,134,8.2090,2
Infection,Influenza,Phase 4,NUMBER OF PARTICIPANTS WITH TREATMENT-EMERGENT ADVERSE EVENTS,8,134,5.9701,11
Disorder of eye,Inherited Retinal Diseases,Phase 1,BEST-CORRECTED VISUAL ACUITY,2,6,33.3333,3
Disorder of eye,Inherited Retinal Diseases,Phase 1,APPARENT TOTAL BODY CLEARANCE,1,6,16.6667,16
Disorder of eye,Inherited Retinal Diseases,Phase 1,APPARENT VOLUME OF DISTRIBUTION AT STEADY STATE,1,6,16.6667,17
Disorder of eye,Inherited Retinal Diseases,Phase 1,AREA UNDER THE CONCENTRATION-TIME CURVE,1,6,16.6667,18
Disorder of eye,Inherited Retinal Diseases,Phase 1,AREA UNDER THE CONCENTRATION-TIME CURVE EXTRAPOLATED TO INFINITY,1,6,16.6667,19
Disorder of eye,Inherited Retinal Diseases,Phase 1,CENTRAL FOVEAL THICKNESS,1,6,16.6667,21
Disorder of eye,Inherited Retinal Diseases,Phase 1,CENTRAL MACULAR THICKNESS,1,6,16.6667,22
Disorder of eye,Inherited Retinal Diseases,Phase 2,NUMBER OF PARTICIPANTS WITH ADVERSE EVENTS,4,38,10.5263,0
Disorder of eye,Inherited Retinal Diseases,Phase 2,BEST CORRECTED VISUAL ACUITY,2,38,5.2632,2
Disorder of eye,Inherited Retinal Diseases,Phase 2,CHANGE FROM BASELINE IN BCVA,2,38,5.2632,4
Disorder of eye,Inherited Retinal Diseases,Phase 2,CHANGE IN BEST-CORRECTED VISUAL ACUITY,2,38,5.2632,11
Disorder of eye,Inherited Retinal Diseases,Phase 2,CHANGE IN FERRITIN,2,38,5.2632,12
Disorder of eye,Inherited Retinal Diseases,Phase 2,CHANGE IN HEMOGLOBIN,2,38,5.2632,13
Disorder of eye,Inherited Retinal Diseases,Phase 2,DURATION OF EPISTAXIS,2,38,5.2632,14
Disorder of eye,Inherited Retinal Diseases,Phase 3,VISUAL ACUITY,3,21,14.2857,1
Disorder of eye,Inherited Retinal Diseases,Phase 3,CHANGE FROM BASELINE IN COLOR VISION,2,21,9.5238,5
Disorder of eye,Inherited Retinal Diseases,Phase 3,CHANGE FROM BASELINE IN ETDRS TOTAL MACULAR VOLUME,2,21,9.5238,6
Disorder of eye,Inherited Retinal Diseases,Phase 3,CHANGE FROM BASELINE IN ETDRS VISUAL ACUITY,2,21,9.5238,7
Disorder of eye,Inherited Retinal Diseases,Phase 3,CHANGE FROM BASELINE IN FOVEAL THRESHOLD SENSITIVITIES,2,21,9.5238,8
Disorder of eye,Inherited Retinal Diseases,Phase 3,CHANGE FROM BASELINE IN GCL MACULAR VOLUME,2,21,9.5238,9
Disorder of eye,Inherited Retinal Diseases,Phase 3,CHANGE FROM BASELINE IN RNFL TEMPORAL QUADRANT THICKNESS,2,21,9.5238,10
Disorder of eye,Inherited Retinal Diseases,Phase 4,ADVERSE DRUG REACTIONS,1,8,12.5000,15
Disorder of eye,Inherited Retinal Diseases,Phase 4,CEFAZOLIN PHARMACOKINETICS,1,8,12.5000,20
Disorder of eye,Inherited Retinal Diseases,Phase 4,CHANGE FROM BASELINE IN NEUROPATHY IMPAIRMENT SCORE-LOWER LIMB (NIS-LL),1,8,12.5000,23
Disorder of eye,Inherited Retinal Diseases,Phase 4,CHANGE FROM BASELINE IN NORFOLK QOL-DN SCORE,1,8,12.5000,24
Disorder of eye,Inherited Retinal Diseases,Phase 4,CHANGE FROM BASELINE IN SF-36 PHYSICAL AND MENTAL COMPONENT SCORES,1,8,12.5000,25
Disorder of eye,Inherited Retinal Diseases,Phase 4,CHANGE FROM BASELINE IN TOTAL QUALITY OF LIFE,1,8,12.5000,26
Disorder of eye,Inherited Retinal Diseases,Phase 4,CHANGE IN CELLULAR GRANULAR OSMIOPHILIC DEPOSITS,1,8,12.5000,27
Sleep disorder,Insomnia,Phase 1,AUC FROM 0 TO INFINITY,4,11,36.3636,7
Sleep disorder,Insomnia,Phase 1,MAXIMUM PLASMA CONCENTRATION,4,11,36.3636,11
Sleep disorder,Insomnia,Phase 1,TIME TO MAXIMUM CONCENTRATION,3,11,27.2727,19
Sleep disorder,Insomnia,Phase 1,APPARENT VOLUME OF DISTRIBUTION,2,11,18.1818,20
Sleep disorder,Insomnia,Phase 1,AREA UNDER THE CONCENTRATION-TIME CURVE,2,11,18.1818,21
Sleep disorder,Insomnia,Phase 1,NUMBER OF PARTICIPANTS WHO DISCONTINUED STUDY DUE TO AN AE,2,11,18.1818,22
Sleep disorder,Insomnia,Phase 1,NUMBER OF PARTICIPANTS WITH ADVERSE EVENTS,2,11,18.1818,2
Sleep disorder,Insomnia,Phase 2,TOTAL SLEEP TIME,6,30,20.0000,0
Sleep disorder,Insomnia,Phase 2,NUMBER OF PARTICIPANTS WITH TREATMENT-EMERGENT ADVERSE EVENTS,4,30,13.3333,12
Sleep disorder,Insomnia,Phase 2,SLEEP EFFICIENCY,4,30,13.3333,1
Sleep disorder,Insomnia,Phase 2,CHANGE FROM BASELINE IN SLEEP EFFICIENCY,3,30,10.0000,14
Sleep disorder,Insomnia,Phase 2,FATIGUE,3,30,10.0000,16
Sleep disorder,Insomnia,Phase 2,INSOMNIA SEVERITY INDEX,3,30,10.0000,4
Sleep disorder,Insomnia,Phase 2,LATENCY TO PERSISTENT SLEEP,3,30,10.0000,17
Sleep disorder,Insomnia,Phase 3,CHANGE FROM BASELINE IN TOTAL SLEEP TIME,6,38,15.7895,3
Sleep disorder,Insomnia,Phase 3,NUMBER OF PARTICIPANTS WITH ADVERSE EVENTS,6,38,15.7895,2
Sleep disorder,Insomnia,Phase 3,TOTAL SLEEP TIME,6,38,15.7895,0
Sleep disorder,Insomnia,Phase 3,CHANGE FROM BASELINE IN SLEEP LATENCY,5,38,13.1579,5
Sleep disorder,Insomnia,Phase 3,CHANGE FROM BASELINE IN WASO,5,38,13.1579,6
Sleep disorder,Insomnia,Phase 3,CHANGE FROM BASELINE IN LATENCY TO PERSISTENT SLEEP,4,38,10.5263,8
Sleep disorder,Insomnia,Phase 3,CHANGE FROM BASELINE IN SUBJECTIVE TOTAL SLEEP TIME,4,38,10.5263,9
Sleep disorder,Insomnia,Phase 4,TOTAL SLEEP TIME,6,41,14.6341,0
Sleep disorder,Insomnia,Phase 4,SLEEP EFFICIENCY,5,41,12.1951,1
Sleep disorder,Insomnia,Phase 4,CHANGE IN INSOMNIA SEVERITY INDEX SCORE,4,41,9.7561,10
Sleep disorder,Insomnia,Phase 4,WAKE AFTER SLEEP ONSET,4,41,9.7561,13
Sleep disorder,Insomnia,Phase 4,CHANGE IN PITTSBURGH SLEEP QUALITY INDEX SCORE,3,41,7.3171,15
Sleep disorder,Insomnia,Phase 4,INSOMNIA SEVERITY INDEX,3,41,7.3171,4
Sleep disorder,Insomnia,Phase 4,SLEEP QUALITY SCORE,3,41,7.3171,18
Disorder of the genitourinary system,Interstitial Cystitis,Phase 1,CHANGE FROM BASELINE IN DAILY TOTAL VOIDS,1,1,100.0000,10
Disorder of the genitourinary system,Interstitial Cystitis,Phase 1,CHANGE IN APPEARANCE OF HUNNER'S LESIONS,1,1,100.0000,12
Disorder of the genitourinary system,Interstitial Cystitis,Phase 1,CHANGE IN BLADDER PAIN SCORE,1,1,100.0000,13
Disorder of the genitourinary system,Interstitial Cystitis,Phase 2,CHANGE IN NRS PAIN SCORE,6,18,33.3333,1
Disorder of the genitourinary system,Interstitial Cystitis,Phase 2,CHANGE IN PAIN SCORE,5,18,27.7778,0
Disorder of the genitourinary system,Interstitial Cystitis,Phase 2,AMOUNT OF RESCUE MEDICATION TAKEN,3,18,16.6667,3
Disorder of the genitourinary system,Interstitial Cystitis,Phase 2,PATIENT SATISFACTION,3,18,16.6667,4
Disorder of the genitourinary system,Interstitial Cystitis,Phase 2,POST-VOID RESIDUAL VOLUME,3,18,16.6667,5
Disorder of the genitourinary system,Interstitial Cystitis,Phase 2,CHANGE FROM BASELINE IN ICSI SCORE,2,18,11.1111,6
Disorder of the genitourinary system,Interstitial Cystitis,Phase 2,CHANGE FROM BASELINE IN MEAN VOIDED VOLUME PER MICTURITION,2,18,11.1111,7
Disorder of the genitourinary system,Interstitial Cystitis,Phase 3,AMOUNT OF DRUG CONSUMED,1,5,20.0000,8
Disorder of the genitourinary system,Interstitial Cystitis,Phase 3,CHANGE FROM BASELINE IN TREATMENT RESPONSE,1,5,20.0000,11
Disorder of the genitourinary system,Interstitial Cystitis,Phase 3,CHANGE IN ICSI SCORE,1,5,20.0000,16
Disorder of the genitourinary system,Interstitial Cystitis,Phase 3,CHANGE IN PAIN SCORE,1,5,20.0000,0
Disorder of the genitourinary system,Interstitial Cystitis,Phase 3,CHANGE IN VAS PAIN SCORE,1,5,20.0000,2
Disorder of the genitourinary system,Interstitial Cystitis,Phase 3,COMPARISON OF HRHPV GENOTYPES,1,5,20.0000,19
Disorder of the genitourinary system,Interstitial Cystitis,Phase 3,COMPLETE OR PARTIAL RESPONSE RATE,1,5,20.0000,20
Disorder of the genitourinary system,Interstitial Cystitis,Phase 4,CHANGE IN VAS PAIN SCORE,5,16,31.2500,2
Disorder of the genitourinary system,Interstitial Cystitis,Phase 4,CHANGE IN PAIN SCORE,2,16,12.5000,0
Disorder of the genitourinary system,Interstitial Cystitis,Phase 4,AVERAGE SCORE ON MPI DOMAIN 1,1,16,6.2500,9
Disorder of the genitourinary system,Interstitial Cystitis,Phase 4,CHANGE IN EEG CORTICAL ACTIVITY,1,16,6.2500,14
Disorder of the genitourinary system,Interstitial Cystitis,Phase 4,CHANGE IN GLOBAL RESPONSE ASSESSMENT SCORE,1,16,6.2500,15
Disorder of the genitourinary system,Interstitial Cystitis,Phase 4,CHANGE IN INTERSTITIAL CYSTITIS PROBLEM INDEX,1,16,6.2500,17
Disorder of the genitourinary system,Interstitial Cystitis,Phase 4,CHANGE IN NUMBER OF NOCTURIA,1,16,6.2500,18
Disorder of digestive system,Irritable Bowel Syndrome,Phase 1,AREA UNDER THE CONCENTRATION-TIME CURVE (AUC [0-24]),1,2,50.0000,17
Disorder of digestive system,Irritable Bowel Syndrome,Phase 1,AREA UNDER THE CONCENTRATION-TIME CURVE (AUC [0-T]),1,2,50.0000,18
Disorder of digestive system,Irritable Bowel Syndrome,Phase 1,AUC (0-T),1,2,50.0000,19
Disorder of digestive system,Irritable Bowel Syndrome,Phase 1,AUC (0-T) OF GSK3352589,1,2,50.0000,20
Disorder of digestive system,Irritable Bowel Syndrome,Phase 1,AUC [0-INFINITY],1,2,50.0000,21
Disorder of digestive system,Irritable Bowel Syndrome,Phase 1,AUC [0-TAU],1,2,50.0000,22
Disorder of digestive system,Irritable Bowel Syndrome,Phase 1,AVERAGE BSFS SCORE,1,2,50.0000,24
Disorder of digestive system,Irritable Bowel Syndrome,Phase 2,CHANGE IN PAIN SCORE,6,37,16.2162,0
Disorder of digestive system,Irritable Bowel Syndrome,Phase 2,OBJECTIVE RESPONSE RATE,6,37,16.2162,1
Disorder of digestive system,Irritable Bowel Syndrome,Phase 2,NUMBER OF PARTICIPANTS WITH ADVERSE EVENTS,3,37,8.1081,5
Disorder of digestive system,Irritable Bowel Syndrome,Phase 2,STOOL CONSISTENCY,3,37,8.1081,6
Disorder of digestive system,Irritable Bowel Syndrome,Phase 2,CHANGE FROM BASELINE IN STOOL CONSISTENCY,2,37,5.4054,9
Disorder of digestive system,Irritable Bowel Syndrome,Phase 2,CHANGE IN IBS-SS SCORE,2,37,5.4054,11
Disorder of digestive system,Irritable Bowel Syndrome,Phase 2,CHANGE IN STOOL CONSISTENCY,2,37,5.4054,12
Disorder of digestive system,Irritable Bowel Syndrome,Phase 3,OBJECTIVE RESPONSE RATE,5,24,20.8333,1
Disorder of digestive system,Irritable Bowel Syndrome,Phase 3,CHANGE IN ABDOMINAL BLOATING SCORE,4,24,16.6667,2
Disorder of digestive system,Irritable Bowel Syndrome,Phase 3,CHANGE IN PAIN SCORE,4,24,16.6667,0
Disorder of digestive system,Irritable Bowel Syndrome,Phase 3,CHANGE IN QUALITY OF LIFE SCORE,4,24,16.6667,3
Disorder of digestive system,Irritable Bowel Syndrome,Phase 3,CHANGE IN ABDOMINAL DISCOMFORT,3,24,12.5000,4
Disorder of digestive system,Irritable Bowel Syndrome,Phase 3,12-WEEK CHANGE IN ABDOMINAL PAIN SCORE,2,24,8.3333,7
Disorder of digestive system,Irritable Bowel Syndrome,Phase 3,ABDOMINAL PAIN AND COMPLETE SPONTANEOUS BOWEL MOVEMENT RESPONDER,2,24,8.3333,8
Disorder of digestive system,Irritable Bowel Syndrome,Phase 4,CHANGE IN HAM-A SCORE,2,14,14.2857,10
Disorder of digestive system,Irritable Bowel Syndrome,Phase 4,CHANGE IN PAIN SCORE,2,14,14.2857,0
Disorder of digestive system,Irritable Bowel Syndrome,Phase 4,24-HOUR DIETARY GLUTEN INTAKE,1,14,7.1429,13
Disorder of digestive system,Irritable Bowel Syndrome,Phase 4,24-HOUR LACTOSE INTAKE,1,14,7.1429,14
Disorder of digestive system,Irritable Bowel Syndrome,Phase 4,ABDOMINAL PAIN SCORE,1,14,7.1429,15
Disorder of digestive system,Irritable Bowel Syndrome,Phase 4,APPARENT VOLUME OF DISTRIBUTION,1,14,7.1429,16
Disorder of digestive system,Irritable Bowel Syndrome,Phase 4,AUC: AREA UNDER THE CONCENTRATION-TIME CURVE,1,14,7.1429,23
Musculoskeletal disorder,Juvenile Idiopathic Arthritis,Phase 1,APPARENT ORAL CLEARANCE,1,2,50.0000,15
Musculoskeletal disorder,Juvenile Idiopathic Arthritis,Phase 1,APPARENT VOLUME OF DISTRIBUTION,1,2,50.0000,16
Musculoskeletal disorder,Juvenile Idiopathic Arthritis,Phase 1,AREA UNDER THE CURVE (AUCTAU),1,2,50.0000,18
Musculoskeletal disorder,Juvenile Idiopathic Arthritis,Phase 1,AREA UNDER THE CURVE AT STEADY-STATE (AUC12WEEKS),1,2,50.0000,19
Musculoskeletal disorder,Juvenile Idiopathic Arthritis,Phase 1,CHANGE FROM BASELINE IN SERUM IL-6 LEVELS,1,2,50.0000,25
Musculoskeletal disorder,Juvenile Idiopathic Arthritis,Phase 1,CHANGE FROM BASELINE IN SOLUBLE IL-6 RECEPTOR LEVELS,1,2,50.0000,26
Musculoskeletal disorder,Juvenile Idiopathic Arthritis,Phase 1,CHANGE IN C-REACTIVE PROTEIN LEVELS,1,2,50.0000,27
Musculoskeletal disorder,Juvenile Idiopathic Arthritis,Phase 2,ACR PEDIATRIC RESPONSE,1,7,14.2857,12
Musculoskeletal disorder,Juvenile Idiopathic Arthritis,Phase 2,ACR PEDIATRIC RESPONSE LEVEL 30,1,7,14.2857,13
Musculoskeletal disorder,Juvenile Idiopathic Arthritis,Phase 2,ACTIVITY LEVEL SCORE,1,7,14.2857,14
Musculoskeletal disorder,Juvenile Idiopathic Arthritis,Phase 2,AREA UNDER THE CONCENTRATION-TIME CURVE,1,7,14.2857,17
Musculoskeletal disorder,Juvenile Idiopathic Arthritis,Phase 2,CHANGE FROM BASELINE IN CHAQ-DI SCORE,1,7,14.2857,22
Musculoskeletal disorder,Juvenile Idiopathic Arthritis,Phase 2,CHANGE FROM BASELINE IN INTERLEUKIN-6 (IL-6),1,7,14.2857,23
Musculoskeletal disorder,Juvenile Idiopathic Arthritis,Phase 2,CHANGE FROM BASELINE IN JADAS-27 SCORE,1,7,14.2857,24
Musculoskeletal disorder,Juvenile Idiopathic Arthritis,Phase 3,CHANGE IN CRP,6,31,19.3548,0
Musculoskeletal disorder,Juvenile Idiopathic Arthritis,Phase 3,NUMBER OF PARTICIPANTS WITH ADVERSE EVENTS,6,31,19.3548,1
Musculoskeletal disorder,Juvenile Idiopathic Arthritis,Phase 3,PERCENTAGE OF PARTICIPANTS WITH INACTIVE DISEASE,6,31,19.3548,2
Musculoskeletal disorder,Juvenile Idiopathic Arthritis,Phase 3,CHANGE IN VAS PAIN SCORE,5,31,16.1290,3
Musculoskeletal disorder,Juvenile Idiopathic Arthritis,Phase 3,CLINICAL REMISSION,5,31,16.1290,4
Musculoskeletal disorder,Juvenile Idiopathic Arthritis,Phase 3,CHANGE IN CHAQ-DI SCORE,4,31,12.9032,5
Musculoskeletal disorder,Juvenile Idiopathic Arthritis,Phase 3,PEDACR30 RESPONSE,4,31,12.9032,6
Musculoskeletal disorder,Juvenile Idiopathic Arthritis,Phase 4,NUMBER OF PARTICIPANTS REPORTING TREATMENT EMERGENT ADVERSE EVENTS,2,8,25.0000,7
Musculoskeletal disorder,Juvenile Idiopathic Arthritis,Phase 4,VOLUME OF DISTRIBUTION,2,8,25.0000,8
Musculoskeletal disorder,Juvenile Idiopathic Arthritis,Phase 4,5-ASA AUCTAU,1,8,12.5000,9
Musculoskeletal disorder,Juvenile Idiopathic Arthritis,Phase 4,5-ASA TMAX AT STEADY STATE,1,8,12.5000,10
Musculoskeletal disorder,Juvenile Idiopathic Arthritis,Phase 4,ABSORPTION RATE CONSTANT,1,8,12.5000,11
Musculoskeletal disorder,Juvenile Idiopathic Arthritis,Phase 4,AUC FROM 0 TO LAST MEASURABLE CONCENTRATION,1,8,12.5000,20
Musculoskeletal disorder,Juvenile Idiopathic Arthritis,Phase 4,AUCTAU,1,8,12.5000,21
Neoplastic disease,Locally Advanced Cancer,Phase 1,OBJECTIVE RESPONSE RATE,39,70,55.7143,0
Neoplastic disease,Locally Advanced Cancer,Phase 1,MAXIMUM PLASMA CONCENTRATION,32,70,45.7143,7
Neoplastic disease,Locally Advanced Cancer,Phase 1,TIME TO MAXIMUM CONCENTRATION,19,70,27.1429,8
Neoplastic disease,Locally Advanced Cancer,Phase 1,MAXIMUM TOLERATED DOSE,17,70,24.2857,9
Neoplastic disease,Locally Advanced Cancer,Phase 1,PROGRESSION-FREE SURVIVAL,15,70,21.4286,1
Neoplastic disease,Locally Advanced Cancer,Phase 1,DOSE-LIMITING TOXICITIES,11,70,15.7143,10
Neoplastic disease,Locally Advanced Cancer,Phase 1,OVERALL SURVIVAL,11,70,15.7143,2
Neoplastic disease,Locally Advanced Cancer,Phase 2,OBJECTIVE RESPONSE RATE,150,260,57.6923,0
Neoplastic disease,Locally Advanced Cancer,Phase 2,PROGRESSION-FREE SURVIVAL,136,260,52.3077,1
Neoplastic disease,Locally Advanced Cancer,Phase 2,OVERALL SURVIVAL,116,260,44.6154,2
Neoplastic disease,Locally Advanced Cancer,Phase 2,DURATION OF RESPONSE,69,260,26.5385,3
Neoplastic disease,Locally Advanced Cancer,Phase 2,CLINICAL BENEFIT RATE,34,260,13.0769,6
Neoplastic disease,Locally Advanced Cancer,Phase 2,DISEASE CONTROL RATE,34,260,13.0769,4
Neoplastic disease,Locally Advanced Cancer,Phase 2,NUMBER OF PARTICIPANTS WITH ADVERSE EVENTS,28,260,10.7692,5
Neoplastic disease,Locally Advanced Cancer,Phase 3,OVERALL SURVIVAL,54,73,73.9726,2
Neoplastic disease,Locally Advanced Cancer,Phase 3,PROGRESSION-FREE SURVIVAL,42,73,57.5342,1
Neoplastic disease,Locally Advanced Cancer,Phase 3,OBJECTIVE RESPONSE RATE,36,73,49.3151,0
Neoplastic disease,Locally Advanced Cancer,Phase 3,DURATION OF RESPONSE,17,73,23.2877,3
Neoplastic disease,Locally Advanced Cancer,Phase 3,DISEASE CONTROL RATE,10,73,13.6986,4
Neoplastic disease,Locally Advanced Cancer,Phase 3,NUMBER OF PARTICIPANTS WITH TREATMENT-EMERGENT ADVERSE EVENTS,8,73,10.9589,11
Neoplastic disease,Locally Advanced Cancer,Phase 3,NUMBER OF PARTICIPANTS WITH ADVERSE EVENTS,7,73,9.5890,5
Neoplastic disease,Locally Advanced Cancer,Phase 4,OVERALL SURVIVAL,5,17,29.4118,2
Neoplastic disease,Locally Advanced Cancer,Phase 4,PROGRESSION-FREE SURVIVAL,5,17,29.4118,1
Neoplastic disease,Locally Advanced Cancer,Phase 4,OBJECTIVE RESPONSE RATE,4,17,23.5294,0
Neoplastic disease,Locally Advanced Cancer,Phase 4,CHANGE IN EORTC QLQ-C30 SCORE,2,17,11.7647,12
Neoplastic disease,Locally Advanced Cancer,Phase 4,NUMBER OF PARTICIPANTS WITH TREATMENT-EMERGENT ADVERSE EVENTS,2,17,11.7647,11
Neoplastic disease,Locally Advanced Cancer,Phase 4,PERCENTAGE OF PARTICIPANTS WITH ADVERSE EVENTS,2,17,11.7647,13
Neoplastic disease,Locally Advanced Cancer,Phase 4,PROSTATE-SPECIFIC ANTIGEN RESPONSE,2,17,11.7647,14
Musculoskeletal disorder,Low Back Pain,Phase 1,AUC FROM 0 TO INFINITY,1,2,50.0000,13
Musculoskeletal disorder,Low Back Pain,Phase 1,CHANGE IN VAS PAIN SCORE,1,2,50.0000,1
Musculoskeletal disorder,Low Back Pain,Phase 1,DISABILITY,1,2,50.0000,14
Musculoskeletal disorder,Low Back Pain,Phase 1,MAXIMUM PLASMA LAT8881 CONCENTRATION,1,2,50.0000,15
Musculoskeletal disorder,Low Back Pain,Phase 1,NUMBER OF PARTICIPANTS WITH ADVERSE EVENTS,1,2,50.0000,16
Musculoskeletal disorder,Low Back Pain,Phase 1,OPIOID USAGE,1,2,50.0000,17
Musculoskeletal disorder,Low Back Pain,Phase 1,PAIN LEVEL,1,2,50.0000,18
Musculoskeletal disorder,Low Back Pain,Phase 2,CHANGE IN NRS PAIN SCORE,11,24,45.8333,2
Musculoskeletal disorder,Low Back Pain,Phase 2,PATIENT GLOBAL IMPRESSION OF CHANGE,8,24,33.3333,3
Musculoskeletal disorder,Low Back Pain,Phase 2,CHANGE IN PAIN SCORE,6,24,25.0000,0
Musculoskeletal disorder,Low Back Pain,Phase 2,CHANGE IN VAS PAIN SCORE,5,24,20.8333,1
Musculoskeletal disorder,Low Back Pain,Phase 2,PLASMA DRUG CONCENTRATION,4,24,16.6667,8
Musculoskeletal disorder,Low Back Pain,Phase 2,TOTAL AMOUNT OF RESCUE MEDICATION USE,4,24,16.6667,9
Musculoskeletal disorder,Low Back Pain,Phase 2,CHANGE IN AVERAGE HOURS OF SLEEP,3,24,12.5000,10
Musculoskeletal disorder,Low Back Pain,Phase 3,CHANGE IN PAIN SCORE,15,50,30.0000,0
Musculoskeletal disorder,Low Back Pain,Phase 3,CHANGE IN NRS PAIN SCORE,11,50,22.0000,2
Musculoskeletal disorder,Low Back Pain,Phase 3,PATIENT GLOBAL IMPRESSION OF CHANGE,11,50,22.0000,3
Musculoskeletal disorder,Low Back Pain,Phase 3,CHANGE IN BPI SCORE,8,50,16.0000,4
Musculoskeletal disorder,Low Back Pain,Phase 3,CHANGE IN VAS PAIN SCORE,8,50,16.0000,1
Musculoskeletal disorder,Low Back Pain,Phase 3,PAIN RESPONSE RATE,8,50,16.0000,5
Musculoskeletal disorder,Low Back Pain,Phase 3,CHANGE IN EQ-5D SCORE,6,50,12.0000,6
Musculoskeletal disorder,Low Back Pain,Phase 4,CHANGE IN VAS PAIN SCORE,16,55,29.0909,1
Musculoskeletal disorder,Low Back Pain,Phase 4,CHANGE IN PAIN SCORE,10,55,18.1818,0
Musculoskeletal disorder,Low Back Pain,Phase 4,CHANGE IN NRS PAIN SCORE,5,55,9.0909,2
Musculoskeletal disorder,Low Back Pain,Phase 4,PATIENT GLOBAL IMPRESSION OF CHANGE,4,55,7.2727,3
Musculoskeletal disorder,Low Back Pain,Phase 4,PATIENT SATISFACTION,4,55,7.2727,7
Musculoskeletal disorder,Low Back Pain,Phase 4,OPIOID CONSUMPTION,3,55,5.4545,11
Musculoskeletal disorder,Low Back Pain,Phase 4,OSWESTRY DISABILITY INDEX SCORE,3,55,5.4545,12
Disorder of immune function,Lupus Nephritis,Phase 1,NUMBER OF ADVERSE EVENTS,2,5,40.0000,11
Disorder of immune function,Lupus Nephritis,Phase 1,AUC FROM 0 TO LAST MEASURABLE CONCENTRATION,1,5,20.0000,15
Disorder of immune function,Lupus Nephritis,Phase 1,CHANGE FROM BASELINE IN AUTOANTIBODIES (ANTI-DSDNA),1,5,20.0000,17
Disorder of immune function,Lupus Nephritis,Phase 1,CHANGE FROM BASELINE IN COMPLEMENT PROTEIN C3 AND C4,1,5,20.0000,18
Disorder of immune function,Lupus Nephritis,Phase 1,CHANGE FROM BASELINE IN URINE PROTEIN TO CREATININE RATIO,1,5,20.0000,20
Disorder of immune function,Lupus Nephritis,Phase 1,CHANGE IN CROSS-SECTIONAL AREA OF ARTERY,1,5,20.0000,21
Disorder of immune function,Lupus Nephritis,Phase 1,CHANGE IN EGFR,1,5,20.0000,5
Disorder of immune function,Lupus Nephritis,Phase 2,NUMBER OF PARTICIPANTS WITH ADVERSE EVENTS,9,39,23.0769,2
Disorder of immune function,Lupus Nephritis,Phase 2,COMPLETE RENAL RESPONSE,8,39,20.5128,0
Disorder of immune function,Lupus Nephritis,Phase 2,CHANGE IN HEMOGLOBIN,6,39,15.3846,1
Disorder of immune function,Lupus Nephritis,Phase 2,NUMBER OF PARTICIPANTS WITH TREATMENT-EMERGENT ADVERSE EVENTS,6,39,15.3846,3
Disorder of immune function,Lupus Nephritis,Phase 2,CHANGE IN EORTC QLQ-C30 SCORE,4,39,10.2564,6
Disorder of immune function,Lupus Nephritis,Phase 2,COMPLETE REMISSION,4,39,10.2564,4
Disorder of immune function,Lupus Nephritis,Phase 2,MAXIMUM PLASMA CONCENTRATION,4,39,10.2564,7
Disorder of immune function,Lupus Nephritis,Phase 3,CHANGE IN HEMOGLOBIN,4,27,14.8148,1
Disorder of immune function,Lupus Nephritis,Phase 3,COMPLETE RENAL RESPONSE,4,27,14.8148,0
Disorder of immune function,Lupus Nephritis,Phase 3,PERCENTAGE OF PARTICIPANTS WITH BREAKTHROUGH HEMOLYSIS,4,27,14.8148,8
Disorder of immune function,Lupus Nephritis,Phase 3,CHANGE FROM BASELINE IN ABSOLUTE RETICULOCYTE COUNT,3,27,11.1111,9
Disorder of immune function,Lupus Nephritis,Phase 3,CHANGE IN EGFR,3,27,11.1111,5
Disorder of immune function,Lupus Nephritis,Phase 3,COMPLETE REMISSION,3,27,11.1111,4
Disorder of immune function,Lupus Nephritis,Phase 3,NUMBER OF PARTICIPANTS WITH TREATMENT-EMERGENT ADVERSE EVENTS,3,27,11.1111,3
Disorder of immune function,Lupus Nephritis,Phase 4,CHANGE IN VAS PAIN SCORE,2,8,25.0000,10
Disorder of immune function,Lupus Nephritis,Phase 4,AMA DISABILITY RATING SCORE OF ENVENOMATED LIMB,1,8,12.5000,12
Disorder of immune function,Lupus Nephritis,Phase 4,ARTERIAL OXYGEN TENSION,1,8,12.5000,13
Disorder of immune function,Lupus Nephritis,Phase 4,ARTERIAL TO END-TIDAL CO2 DIFFERENCE,1,8,12.5000,14
Disorder of immune function,Lupus Nephritis,Phase 4,CARDIAC INDEX,1,8,12.5000,16
Disorder of immune function,Lupus Nephritis,Phase 4,CHANGE FROM BASELINE IN SERUM EGFR,1,8,12.5000,19
Disorder of immune function,Lupus Nephritis,Phase 4,CHANGE IN HEMOGLOBIN A1C,1,8,12.5000,22
Congenital disease,Lysosomal Storage Disorders,Phase 1,AREA UNDER THE CURVE OF SERUM CONCENTRATION,1,3,33.3333,16
Congenital disease,Lysosomal Storage Disorders,Phase 1,AUC FROM 0 TO INFINITY,1,3,33.3333,6
Congenital disease,Lysosomal Storage Disorders,Phase 1,AUC OF TETA IN PLASMA,1,3,33.3333,17
Congenital disease,Lysosomal Storage Disorders,Phase 1,ENZYMATIC ACTIVITY,1,3,33.3333,18
Congenital disease,Lysosomal Storage Disorders,Phase 1,INCIDENCE OF TREATMENT EMERGENT ADVERSE EVENTS,1,3,33.3333,19
Congenital disease,Lysosomal Storage Disorders,Phase 1,INCIDENCE OF TREATMENT-EMERGENT ADVERSE EVENTS,1,3,33.3333,20
Congenital disease,Lysosomal Storage Disorders,Phase 1,MAXIMUM PLASMA CONCENTRATION,1,3,33.3333,9
Congenital disease,Lysosomal Storage Disorders,Phase 2,NUMBER OF PARTICIPANTS WHO EXPERIENCED SEVERE TREATMENT-EMERGENT ADVERSE EVENTS,7,43,16.2791,4
Congenital disease,Lysosomal Storage Disorders,Phase 2,AUC FROM 0 TO INFINITY,4,43,9.3023,6
Congenital disease,Lysosomal Storage Disorders,Phase 2,MAXIMUM PLASMA CONCENTRATION,4,43,9.3023,9
Congenital disease,Lysosomal Storage Disorders,Phase 2,NUMBER OF PARTICIPANTS WITH TREATMENT-EMERGENT ADVERSE EVENTS,4,43,9.3023,0
Congenital disease,Lysosomal Storage Disorders,Phase 2,CHANGE IN EGFR,3,43,6.9767,1
Congenital disease,Lysosomal Storage Disorders,Phase 2,NUMBER OF PARTICIPANTS WITH TREATMENT EMERGENT ADVERSE EVENTS,3,43,6.9767,10
Congenital disease,Lysosomal Storage Disorders,Phase 2,AREA UNDER THE CONCENTRATION-TIME CURVE,2,43,4.6512,11
Congenital disease,Lysosomal Storage Disorders,Phase 3,CHANGE IN EGFR,9,54,16.6667,1
Congenital disease,Lysosomal Storage Disorders,Phase 3,CHANGE IN HEMOGLOBIN,8,54,14.8148,2
Congenital disease,Lysosomal Storage Disorders,Phase 3,CHANGE IN 6-MINUTE WALK DISTANCE,7,54,12.9630,3
Congenital disease,Lysosomal Storage Disorders,Phase 3,CHANGE IN PLATELET COUNT,6,54,11.1111,5
Congenital disease,Lysosomal Storage Disorders,Phase 3,NUMBER OF PARTICIPANTS WITH TREATMENT-EMERGENT ADVERSE EVENTS,6,54,11.1111,0
Congenital disease,Lysosomal Storage Disorders,Phase 3,CHANGE FROM BASELINE IN LIVER VOLUME,5,54,9.2593,7
Congenital disease,Lysosomal Storage Disorders,Phase 3,LIVER VOLUME,5,54,9.2593,8
Congenital disease,Lysosomal Storage Disorders,Phase 4,NUMBER OF PARTICIPANTS WITH TREATMENT-EMERGENT ADVERSE EVENTS,5,23,21.7391,0
Congenital disease,Lysosomal Storage Disorders,Phase 4,CHANGE FROM BASELINE IN LEFT VENTRICULAR MASS Z-SCORE,2,23,8.6957,12
Congenital disease,Lysosomal Storage Disorders,Phase 4,CHANGE IN 6-MINUTE WALK DISTANCE,2,23,8.6957,3
Congenital disease,Lysosomal Storage Disorders,Phase 4,CHANGE IN BODY WEIGHT,2,23,8.6957,13
Congenital disease,Lysosomal Storage Disorders,Phase 4,CHANGE IN HEMOGLOBIN,2,23,8.6957,2
Congenital disease,Lysosomal Storage Disorders,Phase 4,CHANGE IN SF-36 SCORE,2,23,8.6957,14
Congenital disease,Lysosomal Storage Disorders,Phase 4,HEAD CIRCUMFERENCE,2,23,8.6957,15
Mental illness,Major Depressive Disorder,Phase 1,MAXIMUM PLASMA CONCENTRATION,17,40,42.5000,7
Mental illness,Major Depressive Disorder,Phase 1,TIME TO MAXIMUM CONCENTRATION,13,40,32.5000,8
Mental illness,Major Depressive Disorder,Phase 1,AUC FROM 0 TO INFINITY,9,40,22.5000,9
Mental illness,Major Depressive Disorder,Phase 1,TIME TO MAXIMUM PLASMA CONCENTRATION,7,40,17.5000,13
Mental illness,Major Depressive Disorder,Phase 1,AREA UNDER THE CONCENTRATION-TIME CURVE,3,40,7.5000,16
Mental illness,Major Depressive Disorder,Phase 1,CHANGE IN MADRS SCORE,3,40,7.5000,0
Mental illness,Major Depressive Disorder,Phase 1,AUCΤ OF LY2216684,2,40,5.0000,17
Mental illness,Major Depressive Disorder,Phase 2,CHANGE IN MADRS SCORE,81,166,48.7952,0
Mental illness,Major Depressive Disorder,Phase 2,CHANGE IN HAM-D SCORE,29,166,17.4699,1
Mental illness,Major Depressive Disorder,Phase 2,DEPRESSION RESPONSE RATE,20,166,12.0482,2
Mental illness,Major Depressive Disorder,Phase 2,CHANGE IN HAM-A SCORE,17,166,10.2410,4
Mental illness,Major Depressive Disorder,Phase 2,DEPRESSION REMISSION RATE,11,166,6.6265,3
Mental illness,Major Depressive Disorder,Phase 2,CHANGE IN CGI-S SCORE,9,166,5.4217,10
Mental illness,Major Depressive Disorder,Phase 2,SUICIDAL IDEATION ASSESSMENT,8,166,4.8193,12
Mental illness,Major Depressive Disorder,Phase 3,CHANGE IN MADRS SCORE,102,193,52.8497,0
Mental illness,Major Depressive Disorder,Phase 3,CHANGE IN HAM-A SCORE,28,193,14.5078,4
Mental illness,Major Depressive Disorder,Phase 3,CHANGE IN HAM-D SCORE,27,193,13.9896,1
Mental illness,Major Depressive Disorder,Phase 3,NUMBER OF PARTICIPANTS WITH TREATMENT-EMERGENT ADVERSE EVENTS,24,193,12.4352,5
Mental illness,Major Depressive Disorder,Phase 3,CHANGE FROM BASELINE IN CGI-S SCORE,22,193,11.3990,6
Mental illness,Major Depressive Disorder,Phase 3,DEPRESSION RESPONSE RATE,22,193,11.3990,2
Mental illness,Major Depressive Disorder,Phase 3,DEPRESSION REMISSION RATE,21,193,10.8808,3
Mental illness,Major Depressive Disorder,Phase 4,CHANGE IN HAM-D SCORE,41,178,23.0337,1
Mental illness,Major Depressive Disorder,Phase 4,CHANGE IN MADRS SCORE,37,178,20.7865,0
Mental illness,Major Depressive Disorder,Phase 4,DEPRESSION RESPONSE RATE,17,178,9.5506,2
Mental illness,Major Depressive Disorder,Phase 4,DEPRESSION REMISSION RATE,15,178,8.4270,3
Mental illness,Major Depressive Disorder,Phase 4,CHANGE IN BODY WEIGHT,8,178,4.4944,11
Mental illness,Major Depressive Disorder,Phase 4,CHANGE IN BPI SCORE,5,178,2.8090,14
Mental illness,Major Depressive Disorder,Phase 4,CHANGE IN PHQ-9 SCORE,5,178,2.8090,15
Infection,Malaria,Phase 1,MAXIMUM PLASMA CONCENTRATION,19,63,30.1587,2
Infection,Malaria,Phase 1,NUMBER OF PARTICIPANTS WITH ADVERSE EVENTS,15,63,23.8095,0
Infection,Malaria,Phase 1,TIME TO MAXIMUM CONCENTRATION,12,63,19.0476,3
Infection,Malaria,Phase 1,AUC FROM 0 TO INFINITY,11,63,17.4603,6
Infection,Malaria,Phase 1,AREA UNDER THE CONCENTRATION-TIME CURVE,7,63,11.1111,7
Infection,Malaria,Phase 1,NUMBER OF PARTICIPANTS WITH SERIOUS ADVERSE EVENTS,7,63,11.1111,1
Infection,Malaria,Phase 1,AUC FROM 0 TO LAST MEASURABLE CONCENTRATION,5,63,7.9365,8
Infection,Malaria,Phase 2,NUMBER OF PARTICIPANTS WITH SERIOUS ADVERSE EVENTS,14,56,25.0000,1
Infection,Malaria,Phase 2,PARASITE CLEARANCE TIME,10,56,17.8571,4
Infection,Malaria,Phase 2,NUMBER OF PARTICIPANTS WITH ADVERSE EVENTS,9,56,16.0714,0
Infection,Malaria,Phase 2,TIME TO MAXIMUM CONCENTRATION,8,56,14.2857,3
Infection,Malaria,Phase 2,FEVER CLEARANCE TIME,7,56,12.5000,5
Infection,Malaria,Phase 2,MAXIMUM PLASMA CONCENTRATION,6,56,10.7143,2
Infection,Malaria,Phase 2,NUMBER OF SUBJECTS WITH ANY UNSOLICITED ADVERSE EVENTS,5,56,8.9286,9
Infection,Malaria,Phase 3,FEVER CLEARANCE TIME,7,33,21.2121,5
Infection,Malaria,Phase 3,PARASITE CLEARANCE TIME,6,33,18.1818,4
Infection,Malaria,Phase 3,NUMBER OF PARTICIPANTS WITH ADVERSE EVENTS,5,33,15.1515,0
Infection,Malaria,Phase 3,ANTI-CS ANTIBODY CONCENTRATIONS,4,33,12.1212,10
Infection,Malaria,Phase 3,NUMBER OF PARTICIPANTS WITH SERIOUS ADVERSE EVENTS,4,33,12.1212,1
Infection,Malaria,Phase 3,NUMBER OF SUBJECTS WITH ANY AND GRADE 3 SOLICITED LOCAL SYMPTOMS,4,33,12.1212,11
Infection,Malaria,Phase 3,ANTIBODY TITER,3,33,9.0909,12
Infection,Malaria,Phase 4,NUMBER OF PARTICIPANTS WITH SERIOUS ADVERSE EVENTS,2,9,22.2222,1
Infection,Malaria,Phase 4,ALL-CAUSE MORTALITY,1,9,11.1111,13
Infection,Malaria,Phase 4,ANEMIA,1,9,11.1111,14
Infection,Malaria,Phase 4,ANEMIA STATUS,1,9,11.1111,15
Infection,Malaria,Phase 4,ARITHMETIC EGG REDUCTION RATE,1,9,11.1111,16
Infection,Malaria,Phase 4,AUC0-21D,1,9,11.1111,17
Infection,Malaria,Phase 4,AUC0-8H FOR ARTEMETHER,1,9,11.1111,18
Disorder of digestive system,Malnutrition,Phase 1,AUC 24-HOUR FED LEPTIN,1,2,50.0000,6
Disorder of digestive system,Malnutrition,Phase 1,AUC 72-HOUR FASTING DAY 3 LEPTIN,1,2,50.0000,7
Disorder of digestive system,Malnutrition,Phase 1,LEPTIN PHARMACOKINETIC PARAMETERS,1,2,50.0000,20
Disorder of digestive system,Malnutrition,Phase 1,LEPTIN PHARMACOKINETICS - C,1,2,50.0000,21
Disorder of digestive system,Malnutrition,Phase 1,LEPTIN PHARMACOKINETICS C,1,2,50.0000,22
Disorder of digestive system,Malnutrition,Phase 1,NUMBER OF ANTIGEN-PRESENTING B CELLS,1,2,50.0000,24
Disorder of digestive system,Malnutrition,Phase 2,CHANGE IN MATERNAL MACULAR CAROTENOID LEVELS,1,3,33.3333,11
Disorder of digestive system,Malnutrition,Phase 2,CHANGE IN MATERNAL SERUM CAROTENOID LEVELS,1,3,33.3333,12
Disorder of digestive system,Malnutrition,Phase 2,CHANGE IN MATERNAL SKIN CAROTENOID LEVELS,1,3,33.3333,13
Disorder of digestive system,Malnutrition,Phase 2,FASTEST 10 PERCENT OF REACTION TIMES,1,3,33.3333,15
Disorder of digestive system,Malnutrition,Phase 2,INCREASE IN BREAST MILK PRODUCTION,1,3,33.3333,17
Disorder of digestive system,Malnutrition,Phase 2,INCREASE IN BREAST MILK VOLUME,1,3,33.3333,18
Disorder of digestive system,Malnutrition,Phase 2,INFANT MACULAR CAROTENOID LEVELS,1,3,33.3333,19
Disorder of digestive system,Malnutrition,Phase 3,CHANGE IN BODY WEIGHT,3,3,100.0000,0
Disorder of digestive system,Malnutrition,Phase 3,HEIGHT-FOR-AGE Z-SCORE,2,3,66.6667,1
Disorder of digestive system,Malnutrition,Phase 3,MID-UPPER ARM CIRCUMFERENCE,2,3,66.6667,2
Disorder of digestive system,Malnutrition,Phase 3,NUTRITIONAL RECOVERY,2,3,66.6667,3
Disorder of digestive system,Malnutrition,Phase 3,WEIGHT-FOR-HEIGHT Z-SCORE,2,3,66.6667,4
Disorder of digestive system,Malnutrition,Phase 3,ALL-CAUSE MORTALITY,1,3,33.3333,5
Disorder of digestive system,Malnutrition,Phase 3,CHANGE FROM BASELINE IN WAZ,1,3,33.3333,9
Disorder of digestive system,Malnutrition,Phase 4,BODY COMPOSITION MEASUREMENTS,1,5,20.0000,8
Disorder of digestive system,Malnutrition,Phase 4,CHANGE IN BODY COMPOSITION,1,5,20.0000,10
Disorder of digestive system,Malnutrition,Phase 4,CHANGE IN NET PROTEIN SYNTHESIS,1,5,20.0000,14
Disorder of digestive system,Malnutrition,Phase 4,HYDRATION STATUS,1,5,20.0000,16
Disorder of digestive system,Malnutrition,Phase 4,LOAD CARRIAGE TIME,1,5,20.0000,23
Disorder of digestive system,Malnutrition,Phase 4,PEAK AEROBIC CAPACITY,1,5,20.0000,25
Disorder of digestive system,Malnutrition,Phase 4,PLASMA CONCENTRATION OF ASPARTIC ACID,1,5,20.0000,26
Neoplastic disease,Mantle Cell Lymphoma,Phase 1,CHANGE FROM BASELINE IN SUVMAX,1,2,50.0000,10
Neoplastic disease,Mantle Cell Lymphoma,Phase 1,CORRELATION COEFFICIENT BETWEEN CHANGE IN SUVMAX AND PHOSPHO-RB PERCENT POSITIVE CELLS,1,2,50.0000,12
Neoplastic disease,Mantle Cell Lymphoma,Phase 1,CORRELATION COEFFICIENT BETWEEN PLASMA PD 0332991 CONCENTRATION AND CHANGE IN BIOMARKERS AND SUVMAX,1,2,50.0000,13
Neoplastic disease,Mantle Cell Lymphoma,Phase 1,CYCLIN D1 COMPOSITE SCORE,1,2,50.0000,14
Neoplastic disease,Mantle Cell Lymphoma,Phase 1,KI-67 COMPOSITE SCORE,1,2,50.0000,15
Neoplastic disease,Mantle Cell Lymphoma,Phase 1,MAXIMUM TOLERATED DOSE,1,2,50.0000,17
Neoplastic disease,Mantle Cell Lymphoma,Phase 1,NUMBER OF PARTICIPANTS WITH LABORATORY TEST ABNORMALITIES,1,2,50.0000,18
Neoplastic disease,Mantle Cell Lymphoma,Phase 2,OBJECTIVE RESPONSE RATE,45,74,60.8108,0
Neoplastic disease,Mantle Cell Lymphoma,Phase 2,PROGRESSION-FREE SURVIVAL,40,74,54.0541,1
Neoplastic disease,Mantle Cell Lymphoma,Phase 2,OVERALL SURVIVAL,35,74,47.2973,2
Neoplastic disease,Mantle Cell Lymphoma,Phase 2,DURATION OF RESPONSE,18,74,24.3243,3
Neoplastic disease,Mantle Cell Lymphoma,Phase 2,COMPLETE RESPONSE RATE,15,74,20.2703,4
Neoplastic disease,Mantle Cell Lymphoma,Phase 2,TIME TO PROGRESSION,8,74,10.8108,5
Neoplastic disease,Mantle Cell Lymphoma,Phase 2,TIME TO TREATMENT FAILURE,7,74,9.4595,6
Neoplastic disease,Mantle Cell Lymphoma,Phase 3,PROGRESSION-FREE SURVIVAL,7,9,77.7778,1
Neoplastic disease,Mantle Cell Lymphoma,Phase 3,OVERALL SURVIVAL,6,9,66.6667,2
Neoplastic disease,Mantle Cell Lymphoma,Phase 3,DURATION OF RESPONSE,5,9,55.5556,3
Neoplastic disease,Mantle Cell Lymphoma,Phase 3,NUMBER OF PARTICIPANTS WITH TREATMENT-EMERGENT ADVERSE EVENTS,5,9,55.5556,7
Neoplastic disease,Mantle Cell Lymphoma,Phase 3,OBJECTIVE RESPONSE RATE,5,9,55.5556,0
Neoplastic disease,Mantle Cell Lymphoma,Phase 3,AREA UNDER THE CONCENTRATION-TIME CURVE,3,9,33.3333,8
Neoplastic disease,Mantle Cell Lymphoma,Phase 3,COMPLETE RESPONSE RATE,3,9,33.3333,4
Neoplastic disease,Mantle Cell Lymphoma,Phase 4,ADVERSE EVENTS OF SPECIAL INTEREST,1,2,50.0000,9
Neoplastic disease,Mantle Cell Lymphoma,Phase 4,CHANGE IN EORTC QLQ-C30 SCORE,1,2,50.0000,11
Neoplastic disease,Mantle Cell Lymphoma,Phase 4,MAXIMUM SELF-REPORTED PAIN SCORE,1,2,50.0000,16
Neoplastic disease,Mantle Cell Lymphoma,Phase 4,NUMBER OF SECOND PRIMARY MALIGNANCIES,1,2,50.0000,19
Neoplastic disease,Mantle Cell Lymphoma,Phase 4,OBJECTIVE RESPONSE RATE,1,2,50.0000,0
Neoplastic disease,Mantle Cell Lymphoma,Phase 4,OVERALL MAXIMUM SELF-REPORTED PAIN SCORE,1,2,50.0000,20
Procedure,Mechanical Ventilation,Phase 1,AUC OF OXYCODONE,1,3,33.3333,8
Procedure,Mechanical Ventilation,Phase 1,CMAX OF OXYCODONE,1,3,33.3333,20
Procedure,Mechanical Ventilation,Phase 1,FEASIBILITY OF EXTUBATION ADVISOR REPORT GENERATION,1,3,33.3333,23
Procedure,Mechanical Ventilation,Phase 1,FEASIBILITY OF PATIENT ENROLLMENT,1,3,33.3333,24
Procedure,Mechanical Ventilation,Phase 1,FEASIBILITY OF WAVE FORM DATA CAPTURE,1,3,33.3333,25
Procedure,Mechanical Ventilation,Phase 1,MAXIMUM PLASMA CONCENTRATION,1,3,33.3333,26
Procedure,Mechanical Ventilation,Phase 1,MINUTE VENTILATION AT 55MM HG END TIDAL CO2,1,3,33.3333,27
Procedure,Mechanical Ventilation,Phase 2,AIRWAY RELATED COMPLICATIONS,1,5,20.0000,1
Procedure,Mechanical Ventilation,Phase 2,ANTIBIOTIC FREE DAYS,1,5,20.0000,4
Procedure,Mechanical Ventilation,Phase 2,AUC FROM 0 TO INFINITY,1,5,20.0000,6
Procedure,Mechanical Ventilation,Phase 2,AUC FROM 0 TO LAST MEASURABLE CONCENTRATION,1,5,20.0000,7
Procedure,Mechanical Ventilation,Phase 2,B-GLUCAN LEVELS,1,5,20.0000,9
Procedure,Mechanical Ventilation,Phase 2,C-REACTIVE PROTEIN,1,5,20.0000,11
Procedure,Mechanical Ventilation,Phase 2,CHANGE IN PLASMA LL-37 LEVELS,1,5,20.0000,14
Procedure,Mechanical Ventilation,Phase 3,28-DAY ALL-CAUSE MORTALITY,1,4,25.0000,0
Procedure,Mechanical Ventilation,Phase 3,AMOUNT OF SEDATIVE/ANALGESIC USED,1,4,25.0000,3
Procedure,Mechanical Ventilation,Phase 3,APGAR SCORE,1,4,25.0000,5
Procedure,Mechanical Ventilation,Phase 3,CEREBRAL PERFUSION PRESSURE CHANGE,1,4,25.0000,12
Procedure,Mechanical Ventilation,Phase 3,CHANGE IN PRESSURE REACTIVITY INDEX,1,4,25.0000,15
Procedure,Mechanical Ventilation,Phase 3,CLINICAL CURE RATE,1,4,25.0000,19
Procedure,Mechanical Ventilation,Phase 3,DAYS ON CPAP,1,4,25.0000,22
Procedure,Mechanical Ventilation,Phase 4,ALL-CAUSE MORTALITY,1,10,10.0000,2
Procedure,Mechanical Ventilation,Phase 4,BREATHING INCREASE,1,10,10.0000,10
Procedure,Mechanical Ventilation,Phase 4,CHANGE IN HEART RATE,1,10,10.0000,13
Procedure,Mechanical Ventilation,Phase 4,CHANGE IN SF-36 SCORE,1,10,10.0000,16
Procedure,Mechanical Ventilation,Phase 4,CHANGE IN SYSTOLIC BLOOD PRESSURE,1,10,10.0000,17
Procedure,Mechanical Ventilation,Phase 4,CHANGE IN VO2 MAX,1,10,10.0000,18
Procedure,Mechanical Ventilation,Phase 4,CUMULATIVE PROBABILITY OF MOTOR RESPONSE,1,10,10.0000,21
Procedure,Medical Device Study,Phase 1,CONCENTRATION OF PLASMIN INHIBITOR,1,1,100.0000,21
Procedure,Medical Device Study,Phase 1,RECOVERY OF COAGULATION FACTORS,1,1,100.0000,22
Procedure,Medical Device Study,Phase 1,RECOVERY OF HAEMOSTATIC PARAMETERS,1,1,100.0000,23
Procedure,Medical Device Study,Phase 2,BLEEDING ON PROBING,1,3,33.3333,7
Procedure,Medical Device Study,Phase 2,BONE FORMATION RATE,1,3,33.3333,8
Procedure,Medical Device Study,Phase 2,BONE PERIMETER LENGTH,1,3,33.3333,9
Procedure,Medical Device Study,Phase 2,BONE TURNOVER PERCENTAGES,1,3,33.3333,10
Procedure,Medical Device Study,Phase 2,BONE TURNOVER: CORTICAL TISSUE AREA,1,3,33.3333,11
Procedure,Medical Device Study,Phase 2,CHANGE IN INTERLEUKIN 1 B,1,3,33.3333,18
Procedure,Medical Device Study,Phase 2,CHANGE IN INTERLEUKIN 6,1,3,33.3333,19
Procedure,Medical Device Study,Phase 3,17-HYDROXYPROGESTERONE RESPONSE,1,7,14.2857,0
Procedure,Medical Device Study,Phase 3,ABSOLUTE CHANGE IN MEAN PROBING POCKET DEPTH,1,7,14.2857,1
Procedure,Medical Device Study,Phase 3,ANDROSTENEDIONE RESPONSE,1,7,14.2857,3
Procedure,Medical Device Study,Phase 3,ANTICIPATED PAIN SCORE,1,7,14.2857,4
Procedure,Medical Device Study,Phase 3,BASELINE PAIN SCORE,1,7,14.2857,6
Procedure,Medical Device Study,Phase 3,CHANGE FROM BASELINE IN CSFQ-14 TOTAL SCORE,1,7,14.2857,12
Procedure,Medical Device Study,Phase 3,CHANGE IN CSFQ-14 TOTAL SCORE,1,7,14.2857,15
Procedure,Medical Device Study,Phase 4,ALPHA DIVERSITY OF MICROBIOTA,1,8,12.5000,2
Procedure,Medical Device Study,Phase 4,AVERAGE NUMBER OF FOLLOW-UP VISITS,1,8,12.5000,5
Procedure,Medical Device Study,Phase 4,CHANGE IN ALVEOLAR BONE LEVEL,1,8,12.5000,13
Procedure,Medical Device Study,Phase 4,CHANGE IN BONE DIMENSION,1,8,12.5000,14
Procedure,Medical Device Study,Phase 4,CHANGE IN GINGIVAL LEVEL,1,8,12.5000,16
Procedure,Medical Device Study,Phase 4,CHANGE IN GINGIVAL THICKNESS,1,8,12.5000,17
Procedure,Medical Device Study,Phase 4,CHANGE IN RIDGE DIMENSION,1,8,12.5000,20
Neoplastic disease,Melanoma,Phase 1,OBJECTIVE RESPONSE RATE,31,60,51.6667,0
Neoplastic disease,Melanoma,Phase 1,PROGRESSION-FREE SURVIVAL,19,60,31.6667,2
Neoplastic disease,Melanoma,Phase 1,OVERALL SURVIVAL,17,60,28.3333,1
Neoplastic disease,Melanoma,Phase 1,TIME TO MAXIMUM CONCENTRATION,16,60,26.6667,7
Neoplastic disease,Melanoma,Phase 1,MAXIMUM PLASMA CONCENTRATION,15,60,25.0000,8
Neoplastic disease,Melanoma,Phase 1,DURATION OF RESPONSE,11,60,18.3333,3
Neoplastic disease,Melanoma,Phase 1,NUMBER OF PARTICIPANTS WITH ADVERSE EVENTS,11,60,18.3333,4
Neoplastic disease,Melanoma,Phase 2,OBJECTIVE RESPONSE RATE,159,285,55.7895,0
Neoplastic disease,Melanoma,Phase 2,OVERALL SURVIVAL,126,285,44.2105,1
Neoplastic disease,Melanoma,Phase 2,PROGRESSION-FREE SURVIVAL,117,285,41.0526,2
Neoplastic disease,Melanoma,Phase 2,NUMBER OF PARTICIPANTS WITH ADVERSE EVENTS,45,285,15.7895,4
Neoplastic disease,Melanoma,Phase 2,DURATION OF RESPONSE,44,285,15.4386,3
Neoplastic disease,Melanoma,Phase 2,DISEASE CONTROL RATE,24,285,8.4211,5
Neoplastic disease,Melanoma,Phase 2,TIME TO PROGRESSION,22,285,7.7193,6
Neoplastic disease,Melanoma,Phase 3,OVERALL SURVIVAL,38,60,63.3333,1
Neoplastic disease,Melanoma,Phase 3,PROGRESSION-FREE SURVIVAL,30,60,50.0000,2
Neoplastic disease,Melanoma,Phase 3,OBJECTIVE RESPONSE RATE,28,60,46.6667,0
Neoplastic disease,Melanoma,Phase 3,DURATION OF RESPONSE,22,60,36.6667,3
Neoplastic disease,Melanoma,Phase 3,NUMBER OF PARTICIPANTS WITH ADVERSE EVENTS,12,60,20.0000,4
Neoplastic disease,Melanoma,Phase 3,RECURRENCE-FREE SURVIVAL,10,60,16.6667,9
Neoplastic disease,Melanoma,Phase 3,DISEASE CONTROL RATE,8,60,13.3333,5
Neoplastic disease,Melanoma,Phase 4,ALL-CAUSE MORTALITY,2,7,28.5714,10
Neoplastic disease,Melanoma,Phase 4,1-YEAR OVERALL SURVIVAL,1,7,14.2857,11
Neoplastic disease,Melanoma,Phase 4,BIOPSY-CONFIRMED NMSC LESIONS,1,7,14.2857,12
Neoplastic disease,Melanoma,Phase 4,CHANGE IN CREATININE,1,7,14.2857,13
Neoplastic disease,Melanoma,Phase 4,CUMULATIVE INTRAOPERATIVE INSUFFLATION PRESSURE,1,7,14.2857,14
Neoplastic disease,Melanoma,Phase 4,DEATH DUE TO NMSC,1,7,14.2857,15
Neoplastic disease,Melanoma,Phase 4,DISEASE RECURRENCE,1,7,14.2857,16
Disorder of ear,Meniere's Disease,Phase 1,AUC FROM 0 TO LAST MEASURABLE CONCENTRATION,1,3,33.3333,8
Disorder of ear,Meniere's Disease,Phase 1,AUC OF VP 20629 AND VP 20631,1,3,33.3333,9
Disorder of ear,Meniere's Disease,Phase 1,AUC(0-8) OF VP 20629 AND VP 20631,1,3,33.3333,10
Disorder of ear,Meniere's Disease,Phase 1,AUCSS OF VP 20629 AND VP 20631,1,3,33.3333,11
Disorder of ear,Meniere's Disease,Phase 1,AUCTAU OF VP 20629 AND VP 20631,1,3,33.3333,12
Disorder of ear,Meniere's Disease,Phase 1,CHANGE IN DYNAMIC GAIT INDEX,1,3,33.3333,23
Disorder of ear,Meniere's Disease,Phase 1,CUMULATIVE AMOUNT EXCRETED INTO THE URINE,1,3,33.3333,27
Disorder of ear,Meniere's Disease,Phase 2,CHANGE IN BLOOD PRESSURE,2,12,16.6667,6
Disorder of ear,Meniere's Disease,Phase 2,AVERAGE DOSE OF SODIUM FLUORESCEIN,1,12,8.3333,13
Disorder of ear,Meniere's Disease,Phase 2,CHANGE FROM BASELINE IN FRIEDREICH ATAXIA RATING SCALE COMPOSITE SCORE,1,12,8.3333,14
Disorder of ear,Meniere's Disease,Phase 2,CHANGE FROM BASELINE IN LIKERT SCALE SCORE,1,12,8.3333,15
Disorder of ear,Meniere's Disease,Phase 2,CHANGE FROM BASELINE IN OHDAS SCORE,1,12,8.3333,16
Disorder of ear,Meniere's Disease,Phase 2,CHANGE FROM BASELINE IN OHQ SCORE,1,12,8.3333,17
Disorder of ear,Meniere's Disease,Phase 2,CHANGE FROM BASELINE IN SEATED SYSTOLIC BLOOD PRESSURE,1,12,8.3333,18
Disorder of ear,Meniere's Disease,Phase 3,TYMPANIC MEMBRANE PERFORATION,4,27,14.8148,0
Disorder of ear,Meniere's Disease,Phase 3,NUMBER OF PARTICIPANTS WITH TREATMENT-EMERGENT ADVERSE EVENTS,3,27,11.1111,1
Disorder of ear,Meniere's Disease,Phase 3,SHIFT IN AIR-BONE GAP,3,27,11.1111,2
Disorder of ear,Meniere's Disease,Phase 3,ABSOLUTE CHANGE IN ICARS SCORE,2,27,7.4074,3
Disorder of ear,Meniere's Disease,Phase 3,CHANGE IN ACTIVITIES OF DAILY LIVING SCORE,2,27,7.4074,4
Disorder of ear,Meniere's Disease,Phase 3,CHANGE IN AIR-BONE GAP,2,27,7.4074,5
Disorder of ear,Meniere's Disease,Phase 3,CHANGE IN DIZZINESS SCORE,2,27,7.4074,7
Disorder of ear,Meniere's Disease,Phase 4,CHANGE IN ADHD-RS SCORE,1,4,25.0000,19
Disorder of ear,Meniere's Disease,Phase 4,CHANGE IN AMS SYMPTOMS SCORE,1,4,25.0000,20
Disorder of ear,Meniere's Disease,Phase 4,CHANGE IN ARMY PHYSICAL FITNESS TEST SCORE,1,4,25.0000,21
Disorder of ear,Meniere's Disease,Phase 4,CHANGE IN DANA REACTION TIME,1,4,25.0000,22
Disorder of ear,Meniere's Disease,Phase 4,CHANGE IN LAKE LOUISE AMS SCORE,1,4,25.0000,24
Disorder of ear,Meniere's Disease,Phase 4,CHANGE IN OHQ COMPOSITE SCORE,1,4,25.0000,25
Disorder of ear,Meniere's Disease,Phase 4,CHANGE IN OHSA SCORE,1,4,25.0000,26
Disorder of endocrine system,Menopause Symptoms,Phase 1,MAXIMUM PLASMA CONCENTRATION,3,9,33.3333,12
Disorder of endocrine system,Menopause Symptoms,Phase 1,TIME TO MAXIMUM CONCENTRATION,3,9,33.3333,13
Disorder of endocrine system,Menopause Symptoms,Phase 1,CHANGE IN HOT FLASH SEVERITY SCORE,2,9,22.2222,16
Disorder of endocrine system,Menopause Symptoms,Phase 1,HALF-LIFE,2,9,22.2222,18
Disorder of endocrine system,Menopause Symptoms,Phase 1,NUMBER OF PARTICIPANTS WITH ADVERSE EVENTS,2,9,22.2222,1
Disorder of endocrine system,Menopause Symptoms,Phase 1,NUMBER OF PARTICIPANTS WITH SERIOUS ADVERSE EVENTS,2,9,22.2222,19
Disorder of endocrine system,Menopause Symptoms,Phase 1,PERCENT CHANGE IN SERUM C-TELOPEPTIDE,2,9,22.2222,21
Disorder of endocrine system,Menopause Symptoms,Phase 2,CHANGE IN BLOOD PRESSURE,4,27,14.8148,4
Disorder of endocrine system,Menopause Symptoms,Phase 2,CHANGE IN VAGINAL PH,4,27,14.8148,5
Disorder of endocrine system,Menopause Symptoms,Phase 2,CHANGE FROM BASELINE IN GREENE CLIMACTERIC SCALE SCORE,3,27,11.1111,6
Disorder of endocrine system,Menopause Symptoms,Phase 2,CHANGE IN CES-D SCORE,3,27,11.1111,8
Disorder of endocrine system,Menopause Symptoms,Phase 2,NUMBER OF PARTICIPANTS WITH ADVERSE EVENTS,3,27,11.1111,1
Disorder of endocrine system,Menopause Symptoms,Phase 2,CHANGE FROM BASELINE IN HEMATOCRIT,2,27,7.4074,14
Disorder of endocrine system,Menopause Symptoms,Phase 2,CHANGE FROM BASELINE IN HFRDIS SCORE,2,27,7.4074,15
Disorder of endocrine system,Menopause Symptoms,Phase 3,CHANGE FROM BASELINE IN VAGINAL PH,7,34,20.5882,0
Disorder of endocrine system,Menopause Symptoms,Phase 3,PATIENT GLOBAL IMPRESSION OF CHANGE,5,34,14.7059,2
Disorder of endocrine system,Menopause Symptoms,Phase 3,CHANGE FROM BASELINE IN PERCENTAGE OF PARABASAL CELLS,4,34,11.7647,3
Disorder of endocrine system,Menopause Symptoms,Phase 3,CHANGE FROM BASELINE IN PERCENTAGE OF SUPERFICIAL CELLS,3,34,8.8235,7
Disorder of endocrine system,Menopause Symptoms,Phase 3,CHANGE IN SEVERITY OF DYSPAREUNIA,3,34,8.8235,9
Disorder of endocrine system,Menopause Symptoms,Phase 3,CHANGE IN SEVERITY OF HOT FLASHES,3,34,8.8235,10
Disorder of endocrine system,Menopause Symptoms,Phase 3,CHANGE IN SEVERITY OF VAGINAL DRYNESS,3,34,8.8235,11
Disorder of endocrine system,Menopause Symptoms,Phase 4,FATIGUE,2,14,14.2857,17
Disorder of endocrine system,Menopause Symptoms,Phase 4,PATIENT SATISFACTION,2,14,14.2857,20
Disorder of endocrine system,Menopause Symptoms,Phase 4,AROUSAL SCORE,1,14,7.1429,22
Disorder of endocrine system,Menopause Symptoms,Phase 4,BLEEDING DAYS,1,14,7.1429,23
Disorder of endocrine system,Menopause Symptoms,Phase 4,BLEEDING/SPOTTING DAYS,1,14,7.1429,24
Disorder of endocrine system,Menopause Symptoms,Phase 4,BROWN ATTENTION DEFICIT DISORDER SCALE,1,14,7.1429,25
Disorder of endocrine system,Menopause Symptoms,Phase 4,BROWN ATTENTION DEFICIT DISORDER SCALE SCORE,1,14,7.1429,26
Neoplastic disease,Mesothelioma,Phase 1,OBJECTIVE RESPONSE RATE,4,9,44.4444,0
Neoplastic disease,Mesothelioma,Phase 1,DURATION OF RESPONSE,3,9,33.3333,4
Neoplastic disease,Mesothelioma,Phase 1,NUMBER OF PARTICIPANTS WITH ADVERSE EVENTS,3,9,33.3333,5
Neoplastic disease,Mesothelioma,Phase 1,OVERALL SURVIVAL,3,9,33.3333,1
Neoplastic disease,Mesothelioma,Phase 1,PROGRESSION-FREE SURVIVAL,3,9,33.3333,2
Neoplastic disease,Mesothelioma,Phase 1,NUMBER OF PARTICIPANTS WITH SERIOUS AND NON-SERIOUS ADVERSE EVENTS,2,9,22.2222,7
Neoplastic disease,Mesothelioma,Phase 1,NUMBER OF PARTICIPANTS WITH SERIOUS AND/OR NON-SERIOUS ADVERSE EVENTS,2,9,22.2222,8
Neoplastic disease,Mesothelioma,Phase 2,OBJECTIVE RESPONSE RATE,33,48,68.7500,0
Neoplastic disease,Mesothelioma,Phase 2,OVERALL SURVIVAL,29,48,60.4167,1
Neoplastic disease,Mesothelioma,Phase 2,PROGRESSION-FREE SURVIVAL,28,48,58.3333,2
Neoplastic disease,Mesothelioma,Phase 2,DISEASE CONTROL RATE,8,48,16.6667,3
Neoplastic disease,Mesothelioma,Phase 2,DURATION OF RESPONSE,6,48,12.5000,4
Neoplastic disease,Mesothelioma,Phase 2,MEDIAN OVERALL SURVIVAL,3,48,6.2500,6
Neoplastic disease,Mesothelioma,Phase 2,NUMBER OF PARTICIPANTS WITH ADVERSE EVENTS,3,48,6.2500,5
Neoplastic disease,Mesothelioma,Phase 3,OVERALL SURVIVAL,7,8,87.5000,1
Neoplastic disease,Mesothelioma,Phase 3,PROGRESSION-FREE SURVIVAL,7,8,87.5000,2
Neoplastic disease,Mesothelioma,Phase 3,OBJECTIVE RESPONSE RATE,5,8,62.5000,0
Neoplastic disease,Mesothelioma,Phase 3,DISEASE CONTROL RATE,3,8,37.5000,3
Neoplastic disease,Mesothelioma,Phase 3,NUMBER OF PARTICIPANTS WITH ADVERSE EVENTS,2,8,25.0000,5
Neoplastic disease,Mesothelioma,Phase 3,1-YEAR SURVIVAL RATE,1,8,12.5000,9
Neoplastic disease,Mesothelioma,Phase 3,ADVERSE EVENTS GRADE 3 OR 4,1,8,12.5000,10
Neoplastic disease,Mesothelioma,Phase 4,CHANGE IN SF-36 SCORE,1,2,50.0000,11
Neoplastic disease,Mesothelioma,Phase 4,DURATION OF CHEST TUBE,1,2,50.0000,12
Neoplastic disease,Mesothelioma,Phase 4,DURATION OF HOSPITAL STAY,1,2,50.0000,13
Neoplastic disease,Mesothelioma,Phase 4,DYSPNEA SCORE,1,2,50.0000,14
Neoplastic disease,Mesothelioma,Phase 4,IN-HOSPITAL AND 30-DAY MORTALITY,1,2,50.0000,15
Neoplastic disease,Mesothelioma,Phase 4,NUMBER OF HOSPITAL DAYS,1,2,50.0000,16
Neoplastic disease,Mesothelioma,Phase 4,NUMBER OF PARTICIPANTS WITH ADVERSE EVENTS,1,2,50.0000,5
Disorder of endocrine system,Metabolic Syndrome,Phase 1,MAXIMUM PLASMA CONCENTRATION,4,13,30.7692,7
Disorder of endocrine system,Metabolic Syndrome,Phase 1,TIME TO MAXIMUM CONCENTRATION,3,13,23.0769,10
Disorder of endocrine system,Metabolic Syndrome,Phase 1,ACCUMULATION RATIO,2,13,15.3846,11
Disorder of endocrine system,Metabolic Syndrome,Phase 1,AREA UNDER THE CONCENTRATION-TIME CURVE,2,13,15.3846,12
Disorder of endocrine system,Metabolic Syndrome,Phase 1,NUMBER OF PARTICIPANTS WITH ADVERSE EVENTS,2,13,15.3846,23
Disorder of endocrine system,Metabolic Syndrome,Phase 1,AMYLOID BETA 1-40,1,13,7.6923,25
Disorder of endocrine system,Metabolic Syndrome,Phase 1,ANTIBODY TITER,1,13,7.6923,26
Disorder of endocrine system,Metabolic Syndrome,Phase 2,CHANGE IN LDL CHOLESTEROL,8,46,17.3913,1
Disorder of endocrine system,Metabolic Syndrome,Phase 2,CHANGE IN BODY MASS INDEX,6,46,13.0435,0
Disorder of endocrine system,Metabolic Syndrome,Phase 2,CHANGE IN TRIGLYCERIDES,6,46,13.0435,2
Disorder of endocrine system,Metabolic Syndrome,Phase 2,DIASTOLIC BLOOD PRESSURE,6,46,13.0435,3
Disorder of endocrine system,Metabolic Syndrome,Phase 2,SYSTOLIC BLOOD PRESSURE,6,46,13.0435,4
Disorder of endocrine system,Metabolic Syndrome,Phase 2,CHANGE IN HDL CHOLESTEROL,4,46,8.6957,5
Disorder of endocrine system,Metabolic Syndrome,Phase 2,CHANGE IN WAIST CIRCUMFERENCE,4,46,8.6957,6
Disorder of endocrine system,Metabolic Syndrome,Phase 3,CHANGE FROM BASELINE IN HEIGHT,2,28,7.1429,13
Disorder of endocrine system,Metabolic Syndrome,Phase 3,CHANGE FROM BASELINE IN SERUM BICARBONATE,2,28,7.1429,14
Disorder of endocrine system,Metabolic Syndrome,Phase 3,CHANGE IN CONVULSIVE SEIZURE FREQUENCY,2,28,7.1429,16
Disorder of endocrine system,Metabolic Syndrome,Phase 3,CHANGE IN HEIGHT SDS,2,28,7.1429,18
Disorder of endocrine system,Metabolic Syndrome,Phase 3,CHANGE IN SERUM BICARBONATE,2,28,7.1429,21
Disorder of endocrine system,Metabolic Syndrome,Phase 3,LONGEST CONVULSIVE SEIZURE-FREE INTERVAL,2,28,7.1429,22
Disorder of endocrine system,Metabolic Syndrome,Phase 3,NUMBER OF PARTICIPANTS WITH TREATMENT EMERGENT ADVERSE EVENTS,2,28,7.1429,24
Disorder of endocrine system,Metabolic Syndrome,Phase 4,CHANGE IN BODY MASS INDEX,3,30,10.0000,0
Disorder of endocrine system,Metabolic Syndrome,Phase 4,CHANGE IN BODY WEIGHT,3,30,10.0000,8
Disorder of endocrine system,Metabolic Syndrome,Phase 4,PERCENTAGE OF PARTICIPANTS ACHIEVING TARGET,3,30,10.0000,9
Disorder of endocrine system,Metabolic Syndrome,Phase 4,CHANGE IN BLOOD PRESSURE,2,30,6.6667,15
Disorder of endocrine system,Metabolic Syndrome,Phase 4,CHANGE IN FAT FREE MASS,2,30,6.6667,17
Disorder of endocrine system,Metabolic Syndrome,Phase 4,CHANGE IN HEMOGLOBIN A1C,2,30,6.6667,19
Disorder of endocrine system,Metabolic Syndrome,Phase 4,CHANGE IN INSULIN SENSITIVITY,2,30,6.6667,20
Neoplastic disease,Metastatic Disease,Phase 1,OBJECTIVE RESPONSE RATE,19,27,70.3704,0
Neoplastic disease,Metastatic Disease,Phase 1,PROGRESSION-FREE SURVIVAL,13,27,48.1481,1
Neoplastic disease,Metastatic Disease,Phase 1,MAXIMUM PLASMA CONCENTRATION,10,27,37.0370,7
Neoplastic disease,Metastatic Disease,Phase 1,MAXIMUM TOLERATED DOSE,7,27,25.9259,8
Neoplastic disease,Metastatic Disease,Phase 1,OVERALL SURVIVAL,7,27,25.9259,2
Neoplastic disease,Metastatic Disease,Phase 1,DURATION OF RESPONSE,6,27,22.2222,3
Neoplastic disease,Metastatic Disease,Phase 1,TIME TO MAXIMUM CONCENTRATION,6,27,22.2222,10
Neoplastic disease,Metastatic Disease,Phase 2,OBJECTIVE RESPONSE RATE,122,169,72.1893,0
Neoplastic disease,Metastatic Disease,Phase 2,PROGRESSION-FREE SURVIVAL,105,169,62.1302,1
Neoplastic disease,Metastatic Disease,Phase 2,OVERALL SURVIVAL,81,169,47.9290,2
Neoplastic disease,Metastatic Disease,Phase 2,DURATION OF RESPONSE,47,169,27.8107,3
Neoplastic disease,Metastatic Disease,Phase 2,CLINICAL BENEFIT RATE,29,169,17.1598,4
Neoplastic disease,Metastatic Disease,Phase 2,DISEASE CONTROL RATE,23,169,13.6095,5
Neoplastic disease,Metastatic Disease,Phase 2,NUMBER OF PARTICIPANTS WITH ADVERSE EVENTS,14,169,8.2840,6
Neoplastic disease,Metastatic Disease,Phase 3,OVERALL SURVIVAL,44,49,89.7959,2
Neoplastic disease,Metastatic Disease,Phase 3,PROGRESSION-FREE SURVIVAL,40,49,81.6327,1
Neoplastic disease,Metastatic Disease,Phase 3,OBJECTIVE RESPONSE RATE,38,49,77.5510,0
Neoplastic disease,Metastatic Disease,Phase 3,DURATION OF RESPONSE,21,49,42.8571,3
Neoplastic disease,Metastatic Disease,Phase 3,NUMBER OF PARTICIPANTS WITH ADVERSE EVENTS,8,49,16.3265,6
Neoplastic disease,Metastatic Disease,Phase 3,CLINICAL BENEFIT RATE,7,49,14.2857,4
Neoplastic disease,Metastatic Disease,Phase 3,CHANGE IN EORTC QLQ-C30 SCORE,6,49,12.2449,9
Neoplastic disease,Metastatic Disease,Phase 4,OBJECTIVE RESPONSE RATE,1,1,100.0000,0
Neurological disorder,Migraine,Phase 1,MAXIMUM PLASMA CONCENTRATION,11,24,45.8333,6
Neurological disorder,Migraine,Phase 1,NUMBER OF PARTICIPANTS WITH ADVERSE EVENTS,11,24,45.8333,0
Neurological disorder,Migraine,Phase 1,TIME TO MAXIMUM CONCENTRATION,9,24,37.5000,7
Neurological disorder,Migraine,Phase 1,AUC FROM 0 TO INFINITY,5,24,20.8333,10
Neurological disorder,Migraine,Phase 1,NUMBER OF PARTICIPANTS WITH TREATMENT-EMERGENT ADVERSE EVENTS,4,24,16.6667,2
Neurological disorder,Migraine,Phase 1,NUMBER OF PARTICIPANTS WHO DEVELOPED ANTI-DRUG ANTIBODIES,3,24,12.5000,18
Neurological disorder,Migraine,Phase 1,APPARENT HALF-LIFE,2,24,8.3333,19
Neurological disorder,Migraine,Phase 2,NUMBER OF PARTICIPANTS WITH ADVERSE EVENTS,9,76,11.8421,0
Neurological disorder,Migraine,Phase 2,CHANGE IN HEADACHE FREQUENCY,6,76,7.8947,1
Neurological disorder,Migraine,Phase 2,NUMBER OF PARTICIPANTS WITH TREATMENT-EMERGENT ADVERSE EVENTS,5,76,6.5789,2
Neurological disorder,Migraine,Phase 2,PATIENT GLOBAL IMPRESSION OF CHANGE,5,76,6.5789,5
Neurological disorder,Migraine,Phase 2,PERCENTAGE OF PARTICIPANTS WITH AT LEAST A 50% REDUCTION IN MONTHLY MIGRAINE DAYS,5,76,6.5789,12
Neurological disorder,Migraine,Phase 2,CHANGE FROM BASELINE IN MONTHLY MIGRAINE DAYS,4,76,5.2632,13
Neurological disorder,Migraine,Phase 2,HEADACHE SEVERITY,4,76,5.2632,17
Neurological disorder,Migraine,Phase 3,NUMBER OF PARTICIPANTS WITH ADVERSE EVENTS,18,134,13.4328,0
Neurological disorder,Migraine,Phase 3,NUMBER OF PARTICIPANTS WITH TREATMENT-EMERGENT ADVERSE EVENTS,16,134,11.9403,2
Neurological disorder,Migraine,Phase 3,PAIN RESPONSE RATE,15,134,11.1940,4
Neurological disorder,Migraine,Phase 3,CHANGE IN HEADACHE FREQUENCY,13,134,9.7015,1
Neurological disorder,Migraine,Phase 3,PATIENT GLOBAL IMPRESSION OF CHANGE,8,134,5.9701,5
Neurological disorder,Migraine,Phase 3,CHANGE IN PAIN SCORE,7,134,5.2239,3
Neurological disorder,Migraine,Phase 3,PERCENTAGE OF PARTICIPANTS WITH SUSTAINED PAIN FREEDOM,7,134,5.2239,8
Neurological disorder,Migraine,Phase 4,CHANGE IN PAIN SCORE,9,83,10.8434,3
Neurological disorder,Migraine,Phase 4,CHANGE IN HEADACHE FREQUENCY,7,83,8.4337,1
Neurological disorder,Migraine,Phase 4,PATIENT SATISFACTION,6,83,7.2289,9
Neurological disorder,Migraine,Phase 4,CHANGE IN NRS PAIN SCORE,5,83,6.0241,11
Neurological disorder,Migraine,Phase 4,CHANGE IN HIT-6 SCORE,4,83,4.8193,14
Neurological disorder,Migraine,Phase 4,CHANGE IN VAS PAIN SCORE,4,83,4.8193,15
Neurological disorder,Migraine,Phase 4,HEADACHE FREQUENCY,4,83,4.8193,16
Cardiovascular disease,Mitral Regurgitation,Phase 1,TERMINAL ELIMINATION HALF-LIFE,3,3,100.0000,1
Cardiovascular disease,Mitral Regurgitation,Phase 1,AUC FROM 0 TO INFINITY,2,3,66.6667,0
Cardiovascular disease,Mitral Regurgitation,Phase 1,MEAN RESIDENCE TIME,2,3,66.6667,4
Cardiovascular disease,Mitral Regurgitation,Phase 1,OVERALL CONTRAST QUALITY,2,3,66.6667,6
Cardiovascular disease,Mitral Regurgitation,Phase 1,ADDITIONAL DIAGNOSTIC GAIN,1,3,33.3333,8
Cardiovascular disease,Mitral Regurgitation,Phase 1,APPARENT ORAL CLEARANCE,1,3,33.3333,11
Cardiovascular disease,Mitral Regurgitation,Phase 1,APPARENT VOLUME OF DISTRIBUTION,1,3,33.3333,12
Cardiovascular disease,Mitral Regurgitation,Phase 2,DISEASE CONTROL RATE,2,4,50.0000,3
Cardiovascular disease,Mitral Regurgitation,Phase 2,OBJECTIVE RESPONSE RATE,2,4,50.0000,5
Cardiovascular disease,Mitral Regurgitation,Phase 2,ALL-CAUSE MORTALITY,1,4,25.0000,10
Cardiovascular disease,Mitral Regurgitation,Phase 2,CHANGE IN RU SATED SCORE,1,4,25.0000,19
Cardiovascular disease,Mitral Regurgitation,Phase 2,CHANGE IN VAS PAIN SCORE,1,4,25.0000,20
Cardiovascular disease,Mitral Regurgitation,Phase 2,COMPLETE RESPONSE,1,4,25.0000,21
Cardiovascular disease,Mitral Regurgitation,Phase 2,DEGREE OF LEFT VENTRICULAR REMODELING,1,4,25.0000,23
Cardiovascular disease,Mitral Regurgitation,Phase 3,CHANGE IN DIAGNOSIS,2,5,40.0000,2
Cardiovascular disease,Mitral Regurgitation,Phase 3,ACUTE KIDNEY INJURY,1,5,20.0000,7
Cardiovascular disease,Mitral Regurgitation,Phase 3,ADDITIONAL DIAGNOSTIC INFORMATION,1,5,20.0000,9
Cardiovascular disease,Mitral Regurgitation,Phase 3,AUC FROM 0 TO INFINITY,1,5,20.0000,0
Cardiovascular disease,Mitral Regurgitation,Phase 3,CARDIOVASCULAR MORTALITY,1,5,20.0000,15
Cardiovascular disease,Mitral Regurgitation,Phase 3,CHANGE IN DIAGNOSIS FROM UNENHANCED TO COMBINED IMAGES,1,5,20.0000,16
Cardiovascular disease,Mitral Regurgitation,Phase 3,CHANGE IN LEFT VENTRICULAR GLOBAL LONGITUDINAL STRAIN,1,5,20.0000,17
Cardiovascular disease,Mitral Regurgitation,Phase 4,AREA UNDER THE CURVE OF DOTAREM,1,4,25.0000,13
Cardiovascular disease,Mitral Regurgitation,Phase 4,BORDER DELINEATION SCORE,1,4,25.0000,14
Cardiovascular disease,Mitral Regurgitation,Phase 4,CHANGE IN NRS PAIN SCORE,1,4,25.0000,18
Cardiovascular disease,Mitral Regurgitation,Phase 4,CONFIDENCE IN DIAGNOSIS,1,4,25.0000,22
Cardiovascular disease,Mitral Regurgitation,Phase 4,DEGREE OF LESION CONTRAST ENHANCEMENT,1,4,25.0000,24
Cardiovascular disease,Mitral Regurgitation,Phase 4,DETECTION OF MALIGNANT DISEASE,1,4,25.0000,25
Cardiovascular disease,Mitral Regurgitation,Phase 4,IMAGE QUALITY COMPARISON,1,4,25.0000,26
Neoplastic disease,Multiple Myeloma,Phase 1,OBJECTIVE RESPONSE RATE,29,49,59.1837,0
Neoplastic disease,Multiple Myeloma,Phase 1,MAXIMUM PLASMA CONCENTRATION,15,49,30.6122,7
Neoplastic disease,Multiple Myeloma,Phase 1,DURATION OF RESPONSE,12,49,24.4898,3
Neoplastic disease,Multiple Myeloma,Phase 1,NUMBER OF PARTICIPANTS WITH ADVERSE EVENTS,12,49,24.4898,5
Neoplastic disease,Multiple Myeloma,Phase 1,PROGRESSION-FREE SURVIVAL,12,49,24.4898,1
Neoplastic disease,Multiple Myeloma,Phase 1,TIME TO MAXIMUM CONCENTRATION,9,49,18.3673,8
Neoplastic disease,Multiple Myeloma,Phase 1,NUMBER OF PARTICIPANTS WITH DOSE-LIMITING TOXICITIES,8,49,16.3265,9
Neoplastic disease,Multiple Myeloma,Phase 2,OBJECTIVE RESPONSE RATE,127,286,44.4056,0
Neoplastic disease,Multiple Myeloma,Phase 2,PROGRESSION-FREE SURVIVAL,116,286,40.5594,1
Neoplastic disease,Multiple Myeloma,Phase 2,OVERALL SURVIVAL,91,286,31.8182,2
Neoplastic disease,Multiple Myeloma,Phase 2,DURATION OF RESPONSE,52,286,18.1818,3
Neoplastic disease,Multiple Myeloma,Phase 2,TIME TO PROGRESSION,45,286,15.7343,4
Neoplastic disease,Multiple Myeloma,Phase 2,COMPLETE RESPONSE RATE,28,286,9.7902,6
Neoplastic disease,Multiple Myeloma,Phase 2,NUMBER OF PARTICIPANTS WITH ADVERSE EVENTS,24,286,8.3916,5
Neoplastic disease,Multiple Myeloma,Phase 3,PROGRESSION-FREE SURVIVAL,59,87,67.8161,1
Neoplastic disease,Multiple Myeloma,Phase 3,OVERALL SURVIVAL,53,87,60.9195,2
Neoplastic disease,Multiple Myeloma,Phase 3,OBJECTIVE RESPONSE RATE,42,87,48.2759,0
Neoplastic disease,Multiple Myeloma,Phase 3,DURATION OF RESPONSE,26,87,29.8851,3
Neoplastic disease,Multiple Myeloma,Phase 3,TIME TO PROGRESSION,23,87,26.4368,4
Neoplastic disease,Multiple Myeloma,Phase 3,COMPLETE RESPONSE RATE,14,87,16.0920,6
Neoplastic disease,Multiple Myeloma,Phase 3,NUMBER OF PARTICIPANTS WITH ADVERSE EVENTS,11,87,12.6437,5
Neoplastic disease,Multiple Myeloma,Phase 4,CHANGE FROM BASELINE IN URINARY N-TELOPEPTIDE OF TYPE 1 COLLAGEN,1,5,20.0000,10
Neoplastic disease,Multiple Myeloma,Phase 4,COMPLETE RESPONSE RATE,1,5,20.0000,6
Neoplastic disease,Multiple Myeloma,Phase 4,FINANCIAL TOXICITY,1,5,20.0000,11
Neoplastic disease,Multiple Myeloma,Phase 4,GLOBAL HEALTH STATUS/QOL SCORE,1,5,20.0000,12
Neoplastic disease,Multiple Myeloma,Phase 4,NUMBER OF ADVERSE EVENTS,1,5,20.0000,13
Neoplastic disease,Multiple Myeloma,Phase 4,NUMBER OF PARTICIPANTS WITH DISEASE PROGRESSION,1,5,20.0000,14
Neoplastic disease,Multiple Myeloma,Phase 4,NUMBER OF PARTICIPANTS WITH MEDICATION ADHERENCE,1,5,20.0000,15
Disorder of body system,Multiple Organ Failure,Phase 1,INCIDENCE AND SEVERITY OF ADVERSE EVENTS,1,2,50.0000,17
Disorder of body system,Multiple Organ Failure,Phase 1,MDRO INFECTION STATUS,1,2,50.0000,22
Disorder of body system,Multiple Organ Failure,Phase 1,NUMBER OF PARTICIPANTS WITH PAIN,1,2,50.0000,23
Disorder of body system,Multiple Organ Failure,Phase 1,NUMBER OF PARTICIPANTS WITH SUCCESSFULLY PLACED EASI LINES,1,2,50.0000,24
Disorder of body system,Multiple Organ Failure,Phase 1,SYSTEMIC ABSORPTION OF TRACER-LABELLED GLUCOSE,1,2,50.0000,25
Disorder of body system,Multiple Organ Failure,Phase 2,28-DAY MORTALITY,1,2,50.0000,0
Disorder of body system,Multiple Organ Failure,Phase 2,90-DAY MORTALITY,1,2,50.0000,3
Disorder of body system,Multiple Organ Failure,Phase 2,CHANGE FROM BASELINE IN AMPK MUSCLE PROTEIN LEVELS,1,2,50.0000,6
Disorder of body system,Multiple Organ Failure,Phase 2,CHANGE FROM BASELINE IN PGC-1Α MUSCLE PROTEIN LEVELS,1,2,50.0000,7
Disorder of body system,Multiple Organ Failure,Phase 2,CHANGE FROM BASELINE IN SIRT1 MUSCLE PROTEIN LEVELS,1,2,50.0000,8
Disorder of body system,Multiple Organ Failure,Phase 2,CHANGE IN BLOOD GLUCOSE LEVEL,1,2,50.0000,10
Disorder of body system,Multiple Organ Failure,Phase 2,CHANGE IN CITRATE SYNTHASE ENZYMES,1,2,50.0000,12
Disorder of body system,Multiple Organ Failure,Phase 3,5-YEAR DISEASE-FREE SURVIVAL,1,3,33.3333,1
Disorder of body system,Multiple Organ Failure,Phase 3,6-MINUTE WALK DISTANCE,1,3,33.3333,2
Disorder of body system,Multiple Organ Failure,Phase 3,ASPARAGINASE-RELATED TOXICITY RATE,1,3,33.3333,4
Disorder of body system,Multiple Organ Failure,Phase 3,INDUCTION INFECTION TOXICITY RATE,1,3,33.3333,18
Disorder of body system,Multiple Organ Failure,Phase 3,INDUCTION THERAPEUTIC NADIR SERUM ASPARAGINASE ACTIVITY RATE,1,3,33.3333,19
Disorder of body system,Multiple Organ Failure,Phase 3,KNEE EXTENSION STRENGTH,1,3,33.3333,20
Disorder of body system,Multiple Organ Failure,Phase 3,KNEE FLEXION STRENGTH,1,3,33.3333,21
Disorder of body system,Multiple Organ Failure,Phase 4,AUC OF BLOOD CONCENTRATION-TIME OF METFORMIN,1,7,14.2857,5
Disorder of body system,Multiple Organ Failure,Phase 4,CHANGE IN ALPHA CORTICAL ACTIVITY,1,7,14.2857,9
Disorder of body system,Multiple Organ Failure,Phase 4,CHANGE IN CEREBRAL BLOOD FLOW,1,7,14.2857,11
Disorder of body system,Multiple Organ Failure,Phase 4,CHANGE IN COGNITIVE PERFORMANCE,1,7,14.2857,13
Disorder of body system,Multiple Organ Failure,Phase 4,COMPLIANCE RATE,1,7,14.2857,14
Disorder of body system,Multiple Organ Failure,Phase 4,DURATION OF TEMPORARY SUSPENSIONS,1,7,14.2857,15
Disorder of body system,Multiple Organ Failure,Phase 4,FEASIBILITY ASSESSED BY INFORMED CONSENTS,1,7,14.2857,16
Neurological disorder,Multiple Sclerosis,Phase 1,MAXIMUM PLASMA CONCENTRATION,4,12,33.3333,6
Neurological disorder,Multiple Sclerosis,Phase 1,NUMBER OF PARTICIPANTS WITH TREATMENT-EMERGENT ADVERSE EVENTS,4,12,33.3333,2
Neurological disorder,Multiple Sclerosis,Phase 1,PLASMA DRUG CONCENTRATION,4,12,33.3333,7
Neurological disorder,Multiple Sclerosis,Phase 1,TIME TO MAXIMUM CONCENTRATION,4,12,33.3333,13
Neurological disorder,Multiple Sclerosis,Phase 1,AUC FROM 0 TO INFINITY,3,12,25.0000,14
Neurological disorder,Multiple Sclerosis,Phase 1,NUMBER OF PARTICIPANTS WITH CLINICALLY SIGNIFICANT CHANGES IN VITAL SIGNS,3,12,25.0000,15
Neurological disorder,Multiple Sclerosis,Phase 1,ANTI-DRUG ANTIBODIES,2,12,16.6667,16
Neurological disorder,Multiple Sclerosis,Phase 2,ANNUALIZED RELAPSE RATE,22,107,20.5607,0
Neurological disorder,Multiple Sclerosis,Phase 2,CHANGE IN EDSS SCORE,21,107,19.6262,1
Neurological disorder,Multiple Sclerosis,Phase 2,NUMBER OF PARTICIPANTS WITH TREATMENT-EMERGENT ADVERSE EVENTS,18,107,16.8224,2
Neurological disorder,Multiple Sclerosis,Phase 2,MRI LESION COUNT,13,107,12.1495,4
Neurological disorder,Multiple Sclerosis,Phase 2,NUMBER OF PARTICIPANTS WITH ADVERSE EVENTS,7,107,6.5421,3
Neurological disorder,Multiple Sclerosis,Phase 2,MAXIMUM PLASMA CONCENTRATION,5,107,4.6729,6
Neurological disorder,Multiple Sclerosis,Phase 2,PLASMA DRUG CONCENTRATION,5,107,4.6729,7
Neurological disorder,Multiple Sclerosis,Phase 3,ANNUALIZED RELAPSE RATE,42,148,28.3784,0
Neurological disorder,Multiple Sclerosis,Phase 3,CHANGE IN EDSS SCORE,30,148,20.2703,1
Neurological disorder,Multiple Sclerosis,Phase 3,NUMBER OF PARTICIPANTS WITH ADVERSE EVENTS,25,148,16.8919,3
Neurological disorder,Multiple Sclerosis,Phase 3,NUMBER OF PARTICIPANTS WITH TREATMENT-EMERGENT ADVERSE EVENTS,24,148,16.2162,2
Neurological disorder,Multiple Sclerosis,Phase 3,PERCENT CHANGE IN BRAIN VOLUME,16,148,10.8108,5
Neurological disorder,Multiple Sclerosis,Phase 3,MRI LESION COUNT,11,148,7.4324,4
Neurological disorder,Multiple Sclerosis,Phase 3,CHANGE FROM BASELINE IN MSFC SCORE,8,148,5.4054,8
Neurological disorder,Multiple Sclerosis,Phase 4,CHANGE IN EDSS SCORE,16,86,18.6047,1
Neurological disorder,Multiple Sclerosis,Phase 4,NUMBER OF PARTICIPANTS WITH ADVERSE EVENTS,7,86,8.1395,3
Neurological disorder,Multiple Sclerosis,Phase 4,CHANGE IN QUALITY OF LIFE SCORE,6,86,6.9767,9
Neurological disorder,Multiple Sclerosis,Phase 4,TIME TO FIRST RELAPSE,6,86,6.9767,10
Neurological disorder,Multiple Sclerosis,Phase 4,ANNUALIZED RELAPSE RATE,5,86,5.8140,0
Neurological disorder,Multiple Sclerosis,Phase 4,CHANGE IN FATIGUE SCORE,4,86,4.6512,11
Neurological disorder,Multiple Sclerosis,Phase 4,CHANGE IN SF-36 SCORE,4,86,4.6512,12
Neurological disorder,Myasthenia Gravis,Phase 1,OVERALL SURVIVAL,2,4,50.0000,17
Neurological disorder,Myasthenia Gravis,Phase 1,NUMBER OF PARTICIPANTS WITH ADVERSE EVENTS,1,4,25.0000,2
Neurological disorder,Myasthenia Gravis,Phase 1,RADIOLIGAND UPTAKE,1,4,25.0000,20
Neurological disorder,Myasthenia Gravis,Phase 1,UPTAKE OF [11C]MC1,1,4,25.0000,21
Neurological disorder,Myasthenia Gravis,Phase 1,WHOLE BRAIN VOLUME OF DISTRIBUTION,1,4,25.0000,22
Neurological disorder,Myasthenia Gravis,Phase 1,[11C]MC1 BINDING UPTAKE,1,4,25.0000,23
Neurological disorder,Myasthenia Gravis,Phase 2,CHANGE FROM BASELINE IN MG-ADL SCORE,5,35,14.2857,3
Neurological disorder,Myasthenia Gravis,Phase 2,CHANGE IN QMG SCORE,5,35,14.2857,0
Neurological disorder,Myasthenia Gravis,Phase 2,NUMBER OF PARTICIPANTS WITH ADVERSE EVENTS,5,35,14.2857,2
Neurological disorder,Myasthenia Gravis,Phase 2,NUMBER OF PARTICIPANTS WITH TREATMENT-EMERGENT ADVERSE EVENTS,5,35,14.2857,5
Neurological disorder,Myasthenia Gravis,Phase 2,CHANGE FROM BASELINE IN QMG SCORE,3,35,8.5714,8
Neurological disorder,Myasthenia Gravis,Phase 2,MAXIMUM PLASMA CONCENTRATION,3,35,8.5714,4
Neurological disorder,Myasthenia Gravis,Phase 2,MEAN CHANGE IN MG-ADL SCORE,3,35,8.5714,12
Neurological disorder,Myasthenia Gravis,Phase 3,CHANGE FROM BASELINE IN MG-ADL TOTAL SCORE,6,33,18.1818,1
Neurological disorder,Myasthenia Gravis,Phase 3,CHANGE IN QMG SCORE,5,33,15.1515,0
Neurological disorder,Myasthenia Gravis,Phase 3,PERCENTAGE OF PARTICIPANTS WITH TREATMENT-EMERGENT ADVERSE EVENTS,5,33,15.1515,6
Neurological disorder,Myasthenia Gravis,Phase 3,TIME TO RECOVERY OF T4/T1 RATIO,4,33,12.1212,7
Neurological disorder,Myasthenia Gravis,Phase 3,CHANGE FROM BASELINE IN QMG TOTAL SCORE,3,33,9.0909,9
Neurological disorder,Myasthenia Gravis,Phase 3,CHANGE IN MG-ADL SCORE,3,33,9.0909,10
Neurological disorder,Myasthenia Gravis,Phase 3,CHANGE IN QMG TOTAL SCORE,3,33,9.0909,11
Neurological disorder,Myasthenia Gravis,Phase 4,APPARENT VOLUME OF DISTRIBUTION,2,26,7.6923,13
Neurological disorder,Myasthenia Gravis,Phase 4,AUC FROM 0 TO INFINITY,2,26,7.6923,14
Neurological disorder,Myasthenia Gravis,Phase 4,GLOBAL ASSESSMENT OF BENEFIT,2,26,7.6923,15
Neurological disorder,Myasthenia Gravis,Phase 4,MAXIMUM PLASMA CONCENTRATION,2,26,7.6923,4
Neurological disorder,Myasthenia Gravis,Phase 4,NEED FOR RETREATMENT,2,26,7.6923,16
Neurological disorder,Myasthenia Gravis,Phase 4,PATIENT COMPARISON OF BENEFIT,2,26,7.6923,18
Neurological disorder,Myasthenia Gravis,Phase 4,PATIENT VISUAL ANALOG ASSESSMENT OF PAIN,2,26,7.6923,19
Blood disease,Myelodysplastic Syndromes,Phase 1,OBJECTIVE RESPONSE RATE,10,25,40.0000,1
Blood disease,Myelodysplastic Syndromes,Phase 1,MAXIMUM PLASMA CONCENTRATION,9,25,36.0000,7
Blood disease,Myelodysplastic Syndromes,Phase 1,MAXIMUM TOLERATED DOSE,8,25,32.0000,8
Blood disease,Myelodysplastic Syndromes,Phase 1,NUMBER OF PARTICIPANTS WITH ADVERSE EVENTS,5,25,20.0000,2
Blood disease,Myelodysplastic Syndromes,Phase 1,AREA UNDER THE CONCENTRATION-TIME CURVE,4,25,16.0000,10
Blood disease,Myelodysplastic Syndromes,Phase 1,NUMBER OF PARTICIPANTS WITH TREATMENT-EMERGENT ADVERSE EVENTS,4,25,16.0000,9
Blood disease,Myelodysplastic Syndromes,Phase 1,OVERALL SURVIVAL,4,25,16.0000,0
Blood disease,Myelodysplastic Syndromes,Phase 2,OVERALL SURVIVAL,48,154,31.1688,0
Blood disease,Myelodysplastic Syndromes,Phase 2,OBJECTIVE RESPONSE RATE,35,154,22.7273,1
Blood disease,Myelodysplastic Syndromes,Phase 2,PROGRESSION-FREE SURVIVAL,15,154,9.7403,3
Blood disease,Myelodysplastic Syndromes,Phase 2,DURATION OF RESPONSE,12,154,7.7922,4
Blood disease,Myelodysplastic Syndromes,Phase 2,NUMBER OF PARTICIPANTS WITH ADVERSE EVENTS,12,154,7.7922,2
Blood disease,Myelodysplastic Syndromes,Phase 2,EVENT-FREE SURVIVAL,11,154,7.1429,5
Blood disease,Myelodysplastic Syndromes,Phase 2,COMPLETE REMISSION,10,154,6.4935,6
Blood disease,Myelodysplastic Syndromes,Phase 3,OVERALL SURVIVAL,13,30,43.3333,0
Blood disease,Myelodysplastic Syndromes,Phase 3,OBJECTIVE RESPONSE RATE,5,30,16.6667,1
Blood disease,Myelodysplastic Syndromes,Phase 3,CHANGE IN EORTC QLQ-C30 SCORE,4,30,13.3333,11
Blood disease,Myelodysplastic Syndromes,Phase 3,NUMBER OF PARTICIPANTS WITH ADVERSE EVENTS,4,30,13.3333,2
Blood disease,Myelodysplastic Syndromes,Phase 3,NUMBER OF PARTICIPANTS WITH TREATMENT-EMERGENT ADVERSE EVENTS,4,30,13.3333,9
Blood disease,Myelodysplastic Syndromes,Phase 3,PROGRESSION-FREE SURVIVAL,4,30,13.3333,3
Blood disease,Myelodysplastic Syndromes,Phase 3,1-YEAR SURVIVAL RATE,3,30,10.0000,12
Blood disease,Myelodysplastic Syndromes,Phase 4,CLINICAL GLOBAL IMPRESSION-IMPROVEMENT,2,9,22.2222,13
Blood disease,Myelodysplastic Syndromes,Phase 4,NUMBER OF PARTICIPANTS WITH ADVERSE EVENTS,2,9,22.2222,2
Blood disease,Myelodysplastic Syndromes,Phase 4,ABC SOCIAL AVOIDANCE SUBSCALE SCORE,1,9,11.1111,14
Blood disease,Myelodysplastic Syndromes,Phase 4,ABERRANT BEHAVIOR CHECKLIST SCORE,1,9,11.1111,15
Blood disease,Myelodysplastic Syndromes,Phase 4,ABSOLUTE CHANGE IN LIVER IRON CONCENTRATION,1,9,11.1111,16
Blood disease,Myelodysplastic Syndromes,Phase 4,ABSOLUTE CHANGE IN SERUM ERYTHROPOIETIN,1,9,11.1111,17
Blood disease,Myelodysplastic Syndromes,Phase 4,ABSOLUTE CHANGE IN SERUM FERRITIN,1,9,11.1111,18
Neoplastic disease,Myeloproliferative Neoplasms,Phase 1,AREA UNDER THE CONCENTRATION-TIME CURVE,1,2,50.0000,12
Neoplastic disease,Myeloproliferative Neoplasms,Phase 1,AUC FROM 0 TO INFINITY,1,2,50.0000,13
Neoplastic disease,Myeloproliferative Neoplasms,Phase 1,AUC0-12,1,2,50.0000,14
Neoplastic disease,Myeloproliferative Neoplasms,Phase 1,CHANGE IN URIC ACID LEVELS,1,2,50.0000,20
Neoplastic disease,Myeloproliferative Neoplasms,Phase 1,CLEARANCE (CL/F),1,2,50.0000,22
Neoplastic disease,Myeloproliferative Neoplasms,Phase 1,INHIBITION OF PSTAT3,1,2,50.0000,24
Neoplastic disease,Myeloproliferative Neoplasms,Phase 1,MAXIMUM PLASMA CONCENTRATION,1,2,50.0000,5
Neoplastic disease,Myeloproliferative Neoplasms,Phase 2,OBJECTIVE RESPONSE RATE,19,61,31.1475,0
Neoplastic disease,Myeloproliferative Neoplasms,Phase 2,OVERALL SURVIVAL,13,61,21.3115,1
Neoplastic disease,Myeloproliferative Neoplasms,Phase 2,PROGRESSION-FREE SURVIVAL,8,61,13.1148,3
Neoplastic disease,Myeloproliferative Neoplasms,Phase 2,DURATION OF RESPONSE,7,61,11.4754,4
Neoplastic disease,Myeloproliferative Neoplasms,Phase 2,MAXIMUM PLASMA CONCENTRATION,6,61,9.8361,5
Neoplastic disease,Myeloproliferative Neoplasms,Phase 2,NUMBER OF PARTICIPANTS WITH ADVERSE EVENTS,6,61,9.8361,2
Neoplastic disease,Myeloproliferative Neoplasms,Phase 2,PATIENT GLOBAL IMPRESSION OF CHANGE,6,61,9.8361,6
Neoplastic disease,Myeloproliferative Neoplasms,Phase 3,OVERALL SURVIVAL,4,20,20.0000,1
Neoplastic disease,Myeloproliferative Neoplasms,Phase 3,NUMBER OF PARTICIPANTS WITH ADVERSE EVENTS,3,20,15.0000,2
Neoplastic disease,Myeloproliferative Neoplasms,Phase 3,SPLENIC RESPONSE RATE,3,20,15.0000,7
Neoplastic disease,Myeloproliferative Neoplasms,Phase 3,TOTAL SYMPTOM SCORE RESPONSE RATE,3,20,15.0000,8
Neoplastic disease,Myeloproliferative Neoplasms,Phase 3,CHANGE FROM BASELINE IN MPN-SAF TSS,2,20,10.0000,9
Neoplastic disease,Myeloproliferative Neoplasms,Phase 3,CHANGE IN EORTC QLQ-C30 SCORE,2,20,10.0000,10
Neoplastic disease,Myeloproliferative Neoplasms,Phase 3,CHANGE IN TOTAL SYMPTOM SCORE,2,20,10.0000,11
Neoplastic disease,Myeloproliferative Neoplasms,Phase 4,CHANGE FROM BASELINE IN MYELOFIBROSIS SYMPTOMS ASSESSMENT FORM,1,2,50.0000,15
Neoplastic disease,Myeloproliferative Neoplasms,Phase 4,CHANGE IN EJECTION FRACTION,1,2,50.0000,16
Neoplastic disease,Myeloproliferative Neoplasms,Phase 4,CHANGE IN EQ-5D PREFERENCE INDEX,1,2,50.0000,17
Neoplastic disease,Myeloproliferative Neoplasms,Phase 4,CHANGE IN PLATELET COUNT,1,2,50.0000,18
Neoplastic disease,Myeloproliferative Neoplasms,Phase 4,CHANGE IN RED BLOOD CELL COUNT,1,2,50.0000,19
Neoplastic disease,Myeloproliferative Neoplasms,Phase 4,CHANGE IN WHITE BLOOD CELL COUNT,1,2,50.0000,21
Neoplastic disease,Myeloproliferative Neoplasms,Phase 4,COMPLETE RESPONSE RATE,1,2,50.0000,23
Cardiovascular disease,Myocardial Infarction,Phase 1,INCIDENCE AND SEVERITY OF ADVERSE EVENTS,1,3,33.3333,18
Cardiovascular disease,Myocardial Infarction,Phase 1,INTERSTITIAL ADENOSINE LEVELS,1,3,33.3333,19
Cardiovascular disease,Myocardial Infarction,Phase 1,MEAN CHANGE IN CENTRAL FOVEAL VOLUME,1,3,33.3333,20
Cardiovascular disease,Myocardial Infarction,Phase 1,MEAN CHANGE IN LOGMAR,1,3,33.3333,21
Cardiovascular disease,Myocardial Infarction,Phase 1,MODIFIED RANKIN SCALE,1,3,33.3333,22
Cardiovascular disease,Myocardial Infarction,Phase 1,NEOVASCULARIZATION DEVELOPMENT,1,3,33.3333,23
Cardiovascular disease,Myocardial Infarction,Phase 2,CHANGE IN EJECTION FRACTION,3,41,7.3171,1
Cardiovascular disease,Myocardial Infarction,Phase 2,LEFT VENTRICULAR EJECTION FRACTION,3,41,7.3171,4
Cardiovascular disease,Myocardial Infarction,Phase 2,FAVORABLE CEREBRAL PERFORMANCE CATEGORY,2,41,4.8780,7
Cardiovascular disease,Myocardial Infarction,Phase 2,GLOBAL OXYGEN CONSUMPTION,2,41,4.8780,8
Cardiovascular disease,Myocardial Infarction,Phase 2,MAXIMUM PLASMA CONCENTRATION,2,41,4.8780,10
Cardiovascular disease,Myocardial Infarction,Phase 2,NUMBER OF DEATHS,2,41,4.8780,11
Cardiovascular disease,Myocardial Infarction,Phase 2,NUMBER OF PARTICIPANTS WITH TREATMENT EMERGENT ADVERSE EVENTS,2,41,4.8780,12
Cardiovascular disease,Myocardial Infarction,Phase 3,ALL-CAUSE MORTALITY,7,28,25.0000,0
Cardiovascular disease,Myocardial Infarction,Phase 3,CHANGE IN EJECTION FRACTION,3,28,10.7143,1
Cardiovascular disease,Myocardial Infarction,Phase 3,SURVIVAL TO HOSPITAL DISCHARGE,3,28,10.7143,5
Cardiovascular disease,Myocardial Infarction,Phase 3,CARDIOVASCULAR MORTALITY,2,28,7.1429,2
Cardiovascular disease,Myocardial Infarction,Phase 3,CHANGE IN LEFT VENTRICULAR END-SYSTOLIC VOLUME,2,28,7.1429,6
Cardiovascular disease,Myocardial Infarction,Phase 3,RETURN OF SPONTANEOUS CIRCULATION,2,28,7.1429,14
Cardiovascular disease,Myocardial Infarction,Phase 3,STENT THROMBOSIS,2,28,7.1429,15
Cardiovascular disease,Myocardial Infarction,Phase 4,PLATELET REACTIVITY,4,30,13.3333,3
Cardiovascular disease,Myocardial Infarction,Phase 4,ALL-CAUSE MORTALITY,2,30,6.6667,0
Cardiovascular disease,Myocardial Infarction,Phase 4,CARDIOVASCULAR MORTALITY,2,30,6.6667,2
Cardiovascular disease,Myocardial Infarction,Phase 4,MAXIMAL PLATELET AGGREGATION,2,30,6.6667,9
Cardiovascular disease,Myocardial Infarction,Phase 4,PLATELET REACTIVITY INDEX,2,30,6.6667,13
Cardiovascular disease,Myocardial Infarction,Phase 4,% INHIBITION OF P2Y12,1,30,3.3333,16
Cardiovascular disease,Myocardial Infarction,Phase 4,1ST COMPOSITE CLINICAL ENDPOINT,1,30,3.3333,17
Sleep disorder,Narcolepsy,Phase 1,ACTH LEVEL,1,3,33.3333,15
Sleep disorder,Narcolepsy,Phase 1,AMOUNT OF TAK-925 AND ITS METABOLITES EXCRETED IN URINE,1,3,33.3333,17
Sleep disorder,Narcolepsy,Phase 1,AUC FROM 0 TO LAST MEASURABLE CONCENTRATION,1,3,33.3333,19
Sleep disorder,Narcolepsy,Phase 1,AUC LAST,1,3,33.3333,20
Sleep disorder,Narcolepsy,Phase 1,AUCLAST FOR TAK-925 AND ITS METABOLITES,1,3,33.3333,22
Sleep disorder,Narcolepsy,Phase 1,AUC∞,1,3,33.3333,23
Sleep disorder,Narcolepsy,Phase 1,AUC∞ FOR TAK-925 AND ITS METABOLITES,1,3,33.3333,24
Sleep disorder,Narcolepsy,Phase 2,CHANGE IN EPWORTH SLEEPINESS SCALE SCORE,4,21,19.0476,1
Sleep disorder,Narcolepsy,Phase 2,NUMBER OF PARTICIPANTS WITH TREATMENT-EMERGENT ADVERSE EVENTS,4,21,19.0476,0
Sleep disorder,Narcolepsy,Phase 2,PATIENT GLOBAL IMPRESSION OF CHANGE,4,21,19.0476,3
Sleep disorder,Narcolepsy,Phase 2,EPWORTH SLEEPINESS SCALE SCORE,3,21,14.2857,5
Sleep disorder,Narcolepsy,Phase 2,CHANGE FROM BASELINE IN EPWORTH SLEEPINESS SCALE SCORE,2,21,9.5238,8
Sleep disorder,Narcolepsy,Phase 2,CHANGE FROM BASELINE IN EPWORTH SLEEPINESS SCALE TOTAL SCORE,2,21,9.5238,9
Sleep disorder,Narcolepsy,Phase 2,CHANGE IN AVERAGE SLEEP LATENCY,2,21,9.5238,11
Sleep disorder,Narcolepsy,Phase 3,NUMBER OF PARTICIPANTS WITH TREATMENT-EMERGENT ADVERSE EVENTS,5,30,16.6667,0
Sleep disorder,Narcolepsy,Phase 3,CHANGE FROM BASELINE IN MEAN NUMBER OF NOCTURNAL VOIDS,4,30,13.3333,2
Sleep disorder,Narcolepsy,Phase 3,CHANGE IN EPWORTH SLEEPINESS SCALE SCORE,3,30,10.0000,1
Sleep disorder,Narcolepsy,Phase 3,CHANGE IN NOCTURIC EPISODES,3,30,10.0000,4
Sleep disorder,Narcolepsy,Phase 3,MINIMUM POST-TREATMENT SERUM SODIUM LEVELS,3,30,10.0000,6
Sleep disorder,Narcolepsy,Phase 3,CHANGE FROM BASELINE IN 24-HOUR URINE VOLUME,2,30,6.6667,7
Sleep disorder,Narcolepsy,Phase 3,CHANGE FROM BASELINE IN INITIAL PERIOD OF UNDISTURBED SLEEP,2,30,6.6667,10
Sleep disorder,Narcolepsy,Phase 4,% CHANGE IN PET [C-11] DIHYDROTETRABENAZINE BINDING,1,9,11.1111,12
Sleep disorder,Narcolepsy,Phase 4,% CHANGE IN PET [C11]RACLOPRIDE BINDING,1,9,11.1111,13
Sleep disorder,Narcolepsy,Phase 4,ABSOLUTE BIOAVAILABILITY,1,9,11.1111,14
Sleep disorder,Narcolepsy,Phase 4,ACTIVATION-PERFORMANCE RELATIONSHIP,1,9,11.1111,16
Sleep disorder,Narcolepsy,Phase 4,AUC FROM 0 TO INFINITY,1,9,11.1111,18
Sleep disorder,Narcolepsy,Phase 4,AUC OF TASIMELTEON,1,9,11.1111,21
Sleep disorder,Narcolepsy,Phase 4,BLOOD GAMMA-HYDROXYBUTYRATE CMAX,1,9,11.1111,25
Disorder of digestive system,Nausea and Vomiting,Phase 1,MAXIMUM PLASMA CONCENTRATION,3,8,37.5000,3
Disorder of digestive system,Nausea and Vomiting,Phase 1,AUC FROM 0 TO INFINITY,2,8,25.0000,4
Disorder of digestive system,Nausea and Vomiting,Phase 1,NUMBER OF PARTICIPANTS WITH ADVERSE EVENTS,2,8,25.0000,5
Disorder of digestive system,Nausea and Vomiting,Phase 1,PEAK PLASMA CONCENTRATION,2,8,25.0000,15
Disorder of digestive system,Nausea and Vomiting,Phase 1,TIME TO MAXIMUM CONCENTRATION,2,8,25.0000,17
Disorder of digestive system,Nausea and Vomiting,Phase 1,APPARENT TERMINAL HALF-LIFE (T1/2),1,8,12.5000,18
Disorder of digestive system,Nausea and Vomiting,Phase 1,AREA UNDER THE CONCENTRATION-TIME CURVE,1,8,12.5000,19
Disorder of digestive system,Nausea and Vomiting,Phase 2,COMPLETE RESPONSE RATE,11,33,33.3333,0
Disorder of digestive system,Nausea and Vomiting,Phase 2,NAUSEA,3,33,9.0909,2
Disorder of digestive system,Nausea and Vomiting,Phase 2,AUC FROM 0 TO INFINITY,2,33,6.0606,4
Disorder of digestive system,Nausea and Vomiting,Phase 2,COMPLETE REMISSION,2,33,6.0606,9
Disorder of digestive system,Nausea and Vomiting,Phase 2,MAXIMUM PLASMA CONCENTRATION,2,33,6.0606,3
Disorder of digestive system,Nausea and Vomiting,Phase 2,NUMBER OF PARTICIPANTS WITH ADVERSE EVENTS,2,33,6.0606,5
Disorder of digestive system,Nausea and Vomiting,Phase 2,PATIENT SATISFACTION,2,33,6.0606,14
Disorder of digestive system,Nausea and Vomiting,Phase 3,COMPLETE RESPONSE RATE,21,35,60.0000,0
Disorder of digestive system,Nausea and Vomiting,Phase 3,COMPLETE RESPONSE,14,35,40.0000,1
Disorder of digestive system,Nausea and Vomiting,Phase 3,OBJECTIVE RESPONSE RATE,4,35,11.4286,6
Disorder of digestive system,Nausea and Vomiting,Phase 3,PERCENTAGE OF PARTICIPANTS WITH NO VOMITING,3,35,8.5714,7
Disorder of digestive system,Nausea and Vomiting,Phase 3,SEVERITY OF NAUSEA,3,35,8.5714,8
Disorder of digestive system,Nausea and Vomiting,Phase 3,EVOLUTION SCORE OF NAUSEA,2,35,5.7143,10
Disorder of digestive system,Nausea and Vomiting,Phase 3,MAXIMUM SEVERITY OF NAUSEA,2,35,5.7143,12
Disorder of digestive system,Nausea and Vomiting,Phase 4,NAUSEA,4,22,18.1818,2
Disorder of digestive system,Nausea and Vomiting,Phase 4,COMPLETE RESPONSE RATE,2,22,9.0909,0
Disorder of digestive system,Nausea and Vomiting,Phase 4,INCIDENCE OF NAUSEA,2,22,9.0909,11
Disorder of digestive system,Nausea and Vomiting,Phase 4,NUMBER OF VOMITING EPISODES,2,22,9.0909,13
Disorder of digestive system,Nausea and Vomiting,Phase 4,PERCENTAGE OF PARTICIPANTS WITH ADVERSE EVENTS,2,22,9.0909,16
Disorder of digestive system,Nausea and Vomiting,Phase 4,AVERAGE LENGTH OF DELAY OF CHEMOTHERAPY ADMINISTRATION DUE TO CINV,1,22,4.5455,20
Disorder of digestive system,Nausea and Vomiting,Phase 4,AVERAGE NAUSEA SCORE,1,22,4.5455,21
Respiratory disease,Neonatal Respiratory Distress,Phase 1,ADVERSE EVENTS (OCULAR AND SYSTEMIC),1,8,12.5000,16
Respiratory disease,Neonatal Respiratory Distress,Phase 1,AUC FROM 0 TO LAST MEASURABLE CONCENTRATION,1,8,12.5000,18
Respiratory disease,Neonatal Respiratory Distress,Phase 1,CHANGE IN APNEA INDEX,1,8,12.5000,21
Respiratory disease,Neonatal Respiratory Distress,Phase 1,CHANGE IN MINUTE VENTILATION RATIO,1,8,12.5000,22
Respiratory disease,Neonatal Respiratory Distress,Phase 1,CHANGE IN NLDO GRADE,1,8,12.5000,23
Respiratory disease,Neonatal Respiratory Distress,Phase 1,CHANGE IN PLASMA LEVELS OF L-ARGININE AND L-CITRULLINE,1,8,12.5000,24
Respiratory disease,Neonatal Respiratory Distress,Phase 1,CHANGE IN SOCIAL AVOIDANCE SUBSCALE SCORE,1,8,12.5000,25
Respiratory disease,Neonatal Respiratory Distress,Phase 2,ALL-CAUSE MORTALITY,3,27,11.1111,2
Respiratory disease,Neonatal Respiratory Distress,Phase 2,GAIT VELOCITY,2,27,7.4074,8
Respiratory disease,Neonatal Respiratory Distress,Phase 2,HALF-LIFE,2,27,7.4074,9
Respiratory disease,Neonatal Respiratory Distress,Phase 2,LENGTH OF HOSPITAL STAY,2,27,7.4074,0
Respiratory disease,Neonatal Respiratory Distress,Phase 2,NUMBER OF PARTICIPANTS WITH ADVERSE EVENTS,2,27,7.4074,12
Respiratory disease,Neonatal Respiratory Distress,Phase 2,PLASMA DRUG CONCENTRATION,2,27,7.4074,13
Respiratory disease,Neonatal Respiratory Distress,Phase 2,READMISSION RATE,2,27,7.4074,15
Respiratory disease,Neonatal Respiratory Distress,Phase 3,LENGTH OF HOSPITAL STAY,7,26,26.9231,0
Respiratory disease,Neonatal Respiratory Distress,Phase 3,CHANGE IN BODY WEIGHT,5,26,19.2308,1
Respiratory disease,Neonatal Respiratory Distress,Phase 3,CHANGE IN ICND TOTAL SCORE,2,26,7.6923,3
Respiratory disease,Neonatal Respiratory Distress,Phase 3,CLINICAL GLOBAL IMPRESSION-IMPROVEMENT SCORE,2,26,7.6923,4
Respiratory disease,Neonatal Respiratory Distress,Phase 3,DEATH OR NEURODEVELOPMENTAL IMPAIRMENT,2,26,7.6923,5
Respiratory disease,Neonatal Respiratory Distress,Phase 3,DURATION OF MECHANICAL VENTILATION,2,26,7.6923,6
Respiratory disease,Neonatal Respiratory Distress,Phase 3,DURATION OF OXYGEN SUPPLEMENTATION,2,26,7.6923,7
Respiratory disease,Neonatal Respiratory Distress,Phase 4,LENGTH OF HOSPITAL STAY,2,13,15.3846,0
Respiratory disease,Neonatal Respiratory Distress,Phase 4,MEAN NUMBER OF SURFACTANT DOSES,2,13,15.3846,10
Respiratory disease,Neonatal Respiratory Distress,Phase 4,MORTALITY RATE,2,13,15.3846,11
Respiratory disease,Neonatal Respiratory Distress,Phase 4,RATE OF PNEUMOTHORAX,2,13,15.3846,14
Respiratory disease,Neonatal Respiratory Distress,Phase 4,ALBUTEROL RESPONSE RATE,1,13,7.6923,17
Respiratory disease,Neonatal Respiratory Distress,Phase 4,AVERAGE DAILY DOSE OF ORAL MORPHINE,1,13,7.6923,19
Respiratory disease,Neonatal Respiratory Distress,Phase 4,BAYLEY SCALES OF INFANT AND TODDLER DEVELOPMENT SCORES,1,13,7.6923,20
Disorder of the genitourinary system,Nephrotic Syndrome,Phase 1,MAXIMUM PLASMA CONCENTRATION,9,13,69.2308,0
Disorder of the genitourinary system,Nephrotic Syndrome,Phase 1,AUC FROM 0 TO INFINITY,7,13,53.8462,2
Disorder of the genitourinary system,Nephrotic Syndrome,Phase 1,AUC FROM 0 TO LAST MEASURABLE CONCENTRATION,5,13,38.4615,4
Disorder of the genitourinary system,Nephrotic Syndrome,Phase 1,TIME TO MAXIMUM CONCENTRATION,5,13,38.4615,8
Disorder of the genitourinary system,Nephrotic Syndrome,Phase 1,APPARENT VOLUME OF DISTRIBUTION,4,13,30.7692,9
Disorder of the genitourinary system,Nephrotic Syndrome,Phase 1,AREA UNDER THE CONCENTRATION-TIME CURVE,3,13,23.0769,12
Disorder of the genitourinary system,Nephrotic Syndrome,Phase 1,RENAL CLEARANCE,3,13,23.0769,14
Disorder of the genitourinary system,Nephrotic Syndrome,Phase 2,CHANGE IN PLATELET COUNT,6,24,25.0000,1
Disorder of the genitourinary system,Nephrotic Syndrome,Phase 2,CHANGE IN PRURITUS SCORE,5,24,20.8333,5
Disorder of the genitourinary system,Nephrotic Syndrome,Phase 2,MINIMUM AND MAXIMUM BLOOD CONCENTRATION,5,24,20.8333,6
Disorder of the genitourinary system,Nephrotic Syndrome,Phase 2,PERCENTAGE OF PATIENTS WITH PLATELET COUNT NORMALIZATION,5,24,20.8333,7
Disorder of the genitourinary system,Nephrotic Syndrome,Phase 2,PERCENTAGE OF PATIENTS WITH HEMATOLOGIC NORMALIZATION,4,24,16.6667,10
Disorder of the genitourinary system,Nephrotic Syndrome,Phase 2,TMA INTERVENTION RATE,4,24,16.6667,11
Disorder of the genitourinary system,Nephrotic Syndrome,Phase 2,CHANGE IN ALT,3,24,12.5000,13
Disorder of the genitourinary system,Nephrotic Syndrome,Phase 3,CHANGE IN EGFR,4,19,21.0526,3
Disorder of the genitourinary system,Nephrotic Syndrome,Phase 3,CHANGE FROM BASELINE IN LDH,2,19,10.5263,15
Disorder of the genitourinary system,Nephrotic Syndrome,Phase 3,CHANGE IN CKD STAGE,2,19,10.5263,16
Disorder of the genitourinary system,Nephrotic Syndrome,Phase 3,CHANGE IN HEMOGLOBIN,2,19,10.5263,17
Disorder of the genitourinary system,Nephrotic Syndrome,Phase 3,CHANGE IN PLATELET COUNT,2,19,10.5263,1
Disorder of the genitourinary system,Nephrotic Syndrome,Phase 3,CHANGE IN QUALITY OF LIFE SCORE,2,19,10.5263,18
Disorder of the genitourinary system,Nephrotic Syndrome,Phase 3,PARTICIPANTS WHO DO NOT REQUIRE DIALYSIS,2,19,10.5263,20
Disorder of the genitourinary system,Nephrotic Syndrome,Phase 4,CHANGE IN EGFR,2,20,10.0000,3
Disorder of the genitourinary system,Nephrotic Syndrome,Phase 4,HOSPITAL LENGTH OF STAY,2,20,10.0000,19
Disorder of the genitourinary system,Nephrotic Syndrome,Phase 4,SYSTOLIC BLOOD PRESSURE,2,20,10.0000,21
Disorder of the genitourinary system,Nephrotic Syndrome,Phase 4,25% IMPROVEMENT IN EGFR,1,20,5.0000,22
Disorder of the genitourinary system,Nephrotic Syndrome,Phase 4,50% REDUCTION IN PROTEINURIA,1,20,5.0000,23
Disorder of the genitourinary system,Nephrotic Syndrome,Phase 4,AVERAGE SURGICAL PAIN INTENSITY,1,20,5.0000,24
Disorder of the genitourinary system,Nephrotic Syndrome,Phase 4,CAD DEGREE,1,20,5.0000,25
Neoplastic disease,Neuroendocrine Tumors,Phase 1,OBJECTIVE RESPONSE RATE,6,13,46.1538,0
Neoplastic disease,Neuroendocrine Tumors,Phase 1,MAXIMUM PLASMA CONCENTRATION,5,13,38.4615,8
Neoplastic disease,Neuroendocrine Tumors,Phase 1,NUMBER OF PARTICIPANTS WITH ADVERSE EVENTS,4,13,30.7692,5
Neoplastic disease,Neuroendocrine Tumors,Phase 1,PROGRESSION-FREE SURVIVAL,4,13,30.7692,1
Neoplastic disease,Neuroendocrine Tumors,Phase 1,TIME TO MAXIMUM CONCENTRATION,4,13,30.7692,9
Neoplastic disease,Neuroendocrine Tumors,Phase 1,CLEARANCE,3,13,23.0769,10
Neoplastic disease,Neuroendocrine Tumors,Phase 1,DISEASE CONTROL RATE,3,13,23.0769,3
Neoplastic disease,Neuroendocrine Tumors,Phase 2,OBJECTIVE RESPONSE RATE,72,140,51.4286,0
Neoplastic disease,Neuroendocrine Tumors,Phase 2,PROGRESSION-FREE SURVIVAL,64,140,45.7143,1
Neoplastic disease,Neuroendocrine Tumors,Phase 2,OVERALL SURVIVAL,50,140,35.7143,2
Neoplastic disease,Neuroendocrine Tumors,Phase 2,DURATION OF RESPONSE,20,140,14.2857,4
Neoplastic disease,Neuroendocrine Tumors,Phase 2,DISEASE CONTROL RATE,19,140,13.5714,3
Neoplastic disease,Neuroendocrine Tumors,Phase 2,NUMBER OF PARTICIPANTS WITH ADVERSE EVENTS,16,140,11.4286,5
Neoplastic disease,Neuroendocrine Tumors,Phase 2,TIME TO PROGRESSION,11,140,7.8571,6
Neoplastic disease,Neuroendocrine Tumors,Phase 3,OVERALL SURVIVAL,24,44,54.5455,2
Neoplastic disease,Neuroendocrine Tumors,Phase 3,PROGRESSION-FREE SURVIVAL,23,44,52.2727,1
Neoplastic disease,Neuroendocrine Tumors,Phase 3,OBJECTIVE RESPONSE RATE,21,44,47.7273,0
Neoplastic disease,Neuroendocrine Tumors,Phase 3,DISEASE CONTROL RATE,7,44,15.9091,3
Neoplastic disease,Neuroendocrine Tumors,Phase 3,CHANGE IN EORTC QLQ-C30 SCORE,6,44,13.6364,7
Neoplastic disease,Neuroendocrine Tumors,Phase 3,DURATION OF RESPONSE,6,44,13.6364,4
Neoplastic disease,Neuroendocrine Tumors,Phase 3,NUMBER OF PARTICIPANTS WITH ADVERSE EVENTS,4,44,9.0909,5
Neoplastic disease,Neuroendocrine Tumors,Phase 4,OBJECTIVE RESPONSE RATE,4,12,33.3333,0
Neoplastic disease,Neuroendocrine Tumors,Phase 4,PROGRESSION-FREE SURVIVAL,4,12,33.3333,1
Neoplastic disease,Neuroendocrine Tumors,Phase 4,OVERALL SURVIVAL,3,12,25.0000,2
Neoplastic disease,Neuroendocrine Tumors,Phase 4,CHANGE IN EORTC QLQ-C30 SCORE,2,12,16.6667,7
Neoplastic disease,Neuroendocrine Tumors,Phase 4,NUMBER OF PARTICIPANTS WITH ADVERSE EVENTS,2,12,16.6667,5
Neoplastic disease,Neuroendocrine Tumors,Phase 4,NUMBER OF PARTICIPANTS WITH TREATMENT EMERGENT ADVERSE EVENTS,2,12,16.6667,11
Neoplastic disease,Neuroendocrine Tumors,Phase 4,TIME TO TUMOR PROGRESSION,2,12,16.6667,12
Neurological disorder,Neuropathic Pain,Phase 1,AUC FROM 0 TO INFINITY,1,2,50.0000,13
Neurological disorder,Neuropathic Pain,Phase 1,CHANGE IN PAIN SCORE,1,2,50.0000,1
Neurological disorder,Neuropathic Pain,Phase 1,CMAX - MAXIMUM OBSERVED PLASMA CONCENTRATION,1,2,50.0000,14
Neurological disorder,Neuropathic Pain,Phase 1,NEUROPATHIC PAIN SYMPTOM INVENTORY SCORE,1,2,50.0000,15
Neurological disorder,Neuropathic Pain,Phase 1,TMAX - TIME OF OCCURRENCE OF CMAX,1,2,50.0000,16
Neurological disorder,Neuropathic Pain,Phase 1,TOTAL ACTIVITY SCORE,1,2,50.0000,17
Neurological disorder,Neuropathic Pain,Phase 2,CHANGE IN NRS PAIN SCORE,7,22,31.8182,3
Neurological disorder,Neuropathic Pain,Phase 2,PAIN RESPONSE RATE,7,22,31.8182,2
Neurological disorder,Neuropathic Pain,Phase 2,PATIENT GLOBAL IMPRESSION OF CHANGE,7,22,31.8182,0
Neurological disorder,Neuropathic Pain,Phase 2,CHANGE IN PAIN SCORE,4,22,18.1818,1
Neurological disorder,Neuropathic Pain,Phase 2,CHANGE IN BPI SCORE,3,22,13.6364,4
Neurological disorder,Neuropathic Pain,Phase 2,CHANGE IN VAS PAIN SCORE,3,22,13.6364,6
Neurological disorder,Neuropathic Pain,Phase 2,CHANGE IN NPSI TOTAL SCORE,2,22,9.0909,8
Neurological disorder,Neuropathic Pain,Phase 3,PATIENT GLOBAL IMPRESSION OF CHANGE,6,13,46.1538,0
Neurological disorder,Neuropathic Pain,Phase 3,CHANGE IN NRS PAIN SCORE,4,13,30.7692,3
Neurological disorder,Neuropathic Pain,Phase 3,CHANGE IN PAIN SCORE,4,13,30.7692,1
Neurological disorder,Neuropathic Pain,Phase 3,NUMBER OF PARTICIPANTS WITH TREATMENT-EMERGENT ADVERSE EVENTS,4,13,30.7692,5
Neurological disorder,Neuropathic Pain,Phase 3,PAIN RESPONSE RATE,3,13,23.0769,2
Neurological disorder,Neuropathic Pain,Phase 3,CHANGE IN BPI SCORE,2,13,15.3846,4
Neurological disorder,Neuropathic Pain,Phase 3,CHANGE IN EQ-5D SCORE,2,13,15.3846,7
Neurological disorder,Neuropathic Pain,Phase 4,CHANGE IN PAIN SCORE,4,13,30.7692,1
Neurological disorder,Neuropathic Pain,Phase 4,PATIENT GLOBAL IMPRESSION OF CHANGE,4,13,30.7692,0
Neurological disorder,Neuropathic Pain,Phase 4,OPIOID CONSUMPTION,2,13,15.3846,9
Neurological disorder,Neuropathic Pain,Phase 4,PAIN RESPONSE RATE,2,13,15.3846,2
Neurological disorder,Neuropathic Pain,Phase 4,PATIENT SATISFACTION,2,13,15.3846,10
Neurological disorder,Neuropathic Pain,Phase 4,30% PAIN RESPONSE RATE,1,13,7.6923,11
Neurological disorder,Neuropathic Pain,Phase 4,ANESTHESIA-RELATED POSTOPERATIVE COMPLICATIONS,1,13,7.6923,12
Blood disease,Neutropenia,Phase 1,MAXIMUM PLASMA CONCENTRATION,2,4,50.0000,9
Blood disease,Neutropenia,Phase 1,ABSOLUTE NEUTROPHIL COUNT NADIR,1,4,25.0000,14
Blood disease,Neutropenia,Phase 1,AUC FROM 0 TO 24 HOURS,1,4,25.0000,15
Blood disease,Neutropenia,Phase 1,AUC FROM 0 TO T,1,4,25.0000,16
Blood disease,Neutropenia,Phase 1,AVERAGE STEADY-STATE PLASMA CONCENTRATION,1,4,25.0000,17
Blood disease,Neutropenia,Phase 1,BLOOD NEUTROPHIL COUNTS,1,4,25.0000,18
Blood disease,Neutropenia,Phase 1,CMAX OF F-627,1,4,25.0000,21
Blood disease,Neutropenia,Phase 2,CHANGE IN HEMOGLOBIN,2,16,12.5000,6
Blood disease,Neutropenia,Phase 2,DURATION OF RESPONSE,2,16,12.5000,8
Blood disease,Neutropenia,Phase 2,DURATION OF SEVERE NEUTROPENIA,2,16,12.5000,0
Blood disease,Neutropenia,Phase 2,NUMBER OF PARTICIPANTS WITH ADVERSE EVENTS,2,16,12.5000,10
Blood disease,Neutropenia,Phase 2,PERCENTAGE OF PARTICIPANTS ACHIEVING TARGET,2,16,12.5000,11
Blood disease,Neutropenia,Phase 2,PROGRESSION-FREE SURVIVAL,2,16,12.5000,12
Blood disease,Neutropenia,Phase 2,TIME TO ANC RECOVERY,2,16,12.5000,13
Blood disease,Neutropenia,Phase 3,DURATION OF SEVERE NEUTROPENIA,4,14,28.5714,0
Blood disease,Neutropenia,Phase 3,DEPTH OF ANC NADIR,3,14,21.4286,1
Blood disease,Neutropenia,Phase 3,FREQUENCY OF INFECTIONS,3,14,21.4286,2
Blood disease,Neutropenia,Phase 3,INCIDENCE OF FEBRILE NEUTROPENIA,3,14,21.4286,3
Blood disease,Neutropenia,Phase 3,NUMBER OF PARTICIPANTS WITH FEBRILE NEUTROPENIA,3,14,21.4286,4
Blood disease,Neutropenia,Phase 3,TIME TO ABSOLUTE NEUTROPHIL COUNT RECOVERY,3,14,21.4286,5
Blood disease,Neutropenia,Phase 3,CHANGE IN PLATELET COUNT,2,14,14.2857,7
Blood disease,Neutropenia,Phase 4,CHANGE IN ABSOLUTE NEUTROPHIL COUNT,1,3,33.3333,19
Blood disease,Neutropenia,Phase 4,CHANGE IN PAIN SCORE,1,3,33.3333,20
Blood disease,Neutropenia,Phase 4,DURATION ADJUSTED AVERAGE CHANGE IN DYSESTHESIA SYMPTOM SCORE,1,3,33.3333,22
Blood disease,Neutropenia,Phase 4,DURATION ADJUSTED AVERAGE CHANGE IN PAIN SCORE,1,3,33.3333,23
Blood disease,Neutropenia,Phase 4,DURATION ADJUSTED AVERAGE CHANGE IN PARESTHESIA,1,3,33.3333,24
Blood disease,Neutropenia,Phase 4,DURATION ADJUSTED AVERAGE CHANGE IN PARESTHESIC SYMPTOM SCORE,1,3,33.3333,25
Blood disease,Neutropenia,Phase 4,INCIDENCE OF ANTI-RHG-CSF ANTIBODIES,1,3,33.3333,26
Neoplastic disease,Non-Hodgkin Lymphoma,Phase 1,OBJECTIVE RESPONSE RATE,7,14,50.0000,0
Neoplastic disease,Non-Hodgkin Lymphoma,Phase 1,PROGRESSION-FREE SURVIVAL,6,14,42.8571,1
Neoplastic disease,Non-Hodgkin Lymphoma,Phase 1,MAXIMUM TOLERATED DOSE,4,14,28.5714,6
Neoplastic disease,Non-Hodgkin Lymphoma,Phase 1,OVERALL SURVIVAL,4,14,28.5714,2
Neoplastic disease,Non-Hodgkin Lymphoma,Phase 1,DURATION OF RESPONSE,2,14,14.2857,3
Neoplastic disease,Non-Hodgkin Lymphoma,Phase 1,NUMBER OF PARTICIPANTS WITH A DOSE-LIMITING TOXICITY,2,14,14.2857,9
Neoplastic disease,Non-Hodgkin Lymphoma,Phase 1,NUMBER OF PARTICIPANTS WITH SERIOUS AND/OR NON-SERIOUS ADVERSE EVENTS,2,14,14.2857,10
Neoplastic disease,Non-Hodgkin Lymphoma,Phase 2,OBJECTIVE RESPONSE RATE,33,55,60.0000,0
Neoplastic disease,Non-Hodgkin Lymphoma,Phase 2,PROGRESSION-FREE SURVIVAL,22,55,40.0000,1
Neoplastic disease,Non-Hodgkin Lymphoma,Phase 2,DURATION OF RESPONSE,16,55,29.0909,3
Neoplastic disease,Non-Hodgkin Lymphoma,Phase 2,COMPLETE RESPONSE RATE,15,55,27.2727,4
Neoplastic disease,Non-Hodgkin Lymphoma,Phase 2,OVERALL SURVIVAL,15,55,27.2727,2
Neoplastic disease,Non-Hodgkin Lymphoma,Phase 2,NUMBER OF PARTICIPANTS WITH ADVERSE EVENTS,7,55,12.7273,5
Neoplastic disease,Non-Hodgkin Lymphoma,Phase 2,NUMBER OF PARTICIPANTS WITH SERIOUS AND NON-SERIOUS ADVERSE EVENTS,3,55,5.4545,8
Neoplastic disease,Non-Hodgkin Lymphoma,Phase 3,EVENT-FREE SURVIVAL,3,4,75.0000,7
Neoplastic disease,Non-Hodgkin Lymphoma,Phase 3,OVERALL SURVIVAL,3,4,75.0000,2
Neoplastic disease,Non-Hodgkin Lymphoma,Phase 3,"AVERAGE STEADY-STATE CONCENTRATION (CAVG,SS)",1,4,25.0000,12
Neoplastic disease,Non-Hodgkin Lymphoma,Phase 3,CHANGE IN EQ-5D SCORE,1,4,25.0000,14
Neoplastic disease,Non-Hodgkin Lymphoma,Phase 3,CHANGE IN FACT-LYM SCORE,1,4,25.0000,15
Neoplastic disease,Non-Hodgkin Lymphoma,Phase 3,CHANGE IN PHARMACODYNAMIC PARAMETERS,1,4,25.0000,17
Neoplastic disease,Non-Hodgkin Lymphoma,Phase 3,DISEASE-FREE SURVIVAL,1,4,25.0000,18
Neoplastic disease,Non-Hodgkin Lymphoma,Phase 4,ANTI-DRUG ANTIBODIES,1,1,100.0000,11
Neoplastic disease,Non-Hodgkin Lymphoma,Phase 4,BREAKTHROUGH BLEEDS,1,1,100.0000,13
Neoplastic disease,Non-Hodgkin Lymphoma,Phase 4,CHANGE IN HEMOGLOBIN,1,1,100.0000,16
Neoplastic disease,Non-Hodgkin Lymphoma,Phase 4,HEMOSTATIC EFFICACY,1,1,100.0000,19
Neoplastic disease,Non-Hodgkin Lymphoma,Phase 4,NUMBER OF ADVERSE EVENTS,1,1,100.0000,20
Neoplastic disease,Non-Hodgkin Lymphoma,Phase 4,NUMBER OF PARTICIPANTS WITH ADVERSE EVENTS,1,1,100.0000,5
Neoplastic disease,Non-Hodgkin Lymphoma,Phase 4,NUMBER OF SERIOUS ADVERSE EVENTS,1,1,100.0000,21
Neoplastic disease,Non-Small Cell Lung Cancer,Phase 1,OBJECTIVE RESPONSE RATE,47,80,58.7500,0
Neoplastic disease,Non-Small Cell Lung Cancer,Phase 1,MAXIMUM PLASMA CONCENTRATION,29,80,36.2500,6
Neoplastic disease,Non-Small Cell Lung Cancer,Phase 1,PROGRESSION-FREE SURVIVAL,26,80,32.5000,1
Neoplastic disease,Non-Small Cell Lung Cancer,Phase 1,TIME TO MAXIMUM CONCENTRATION,21,80,26.2500,8
Neoplastic disease,Non-Small Cell Lung Cancer,Phase 1,MAXIMUM TOLERATED DOSE,18,80,22.5000,10
Neoplastic disease,Non-Small Cell Lung Cancer,Phase 1,OVERALL SURVIVAL,18,80,22.5000,2
Neoplastic disease,Non-Small Cell Lung Cancer,Phase 1,DISEASE CONTROL RATE,16,80,20.0000,4
Neoplastic disease,Non-Small Cell Lung Cancer,Phase 2,OBJECTIVE RESPONSE RATE,303,444,68.2432,0
Neoplastic disease,Non-Small Cell Lung Cancer,Phase 2,PROGRESSION-FREE SURVIVAL,297,444,66.8919,1
Neoplastic disease,Non-Small Cell Lung Cancer,Phase 2,OVERALL SURVIVAL,266,444,59.9099,2
Neoplastic disease,Non-Small Cell Lung Cancer,Phase 2,DURATION OF RESPONSE,112,444,25.2252,3
Neoplastic disease,Non-Small Cell Lung Cancer,Phase 2,DISEASE CONTROL RATE,94,444,21.1712,4
Neoplastic disease,Non-Small Cell Lung Cancer,Phase 2,NUMBER OF PARTICIPANTS WITH ADVERSE EVENTS,55,444,12.3874,5
Neoplastic disease,Non-Small Cell Lung Cancer,Phase 2,TIME TO PROGRESSION,27,444,6.0811,7
Neoplastic disease,Non-Small Cell Lung Cancer,Phase 3,OVERALL SURVIVAL,160,202,79.2079,2
Neoplastic disease,Non-Small Cell Lung Cancer,Phase 3,PROGRESSION-FREE SURVIVAL,151,202,74.7525,1
Neoplastic disease,Non-Small Cell Lung Cancer,Phase 3,OBJECTIVE RESPONSE RATE,133,202,65.8416,0
Neoplastic disease,Non-Small Cell Lung Cancer,Phase 3,DURATION OF RESPONSE,94,202,46.5347,3
Neoplastic disease,Non-Small Cell Lung Cancer,Phase 3,DISEASE CONTROL RATE,49,202,24.2574,4
Neoplastic disease,Non-Small Cell Lung Cancer,Phase 3,NUMBER OF PARTICIPANTS WITH ADVERSE EVENTS,36,202,17.8218,5
Neoplastic disease,Non-Small Cell Lung Cancer,Phase 3,NUMBER OF PARTICIPANTS WITH TREATMENT-EMERGENT ADVERSE EVENTS,18,202,8.9109,9
Neoplastic disease,Non-Small Cell Lung Cancer,Phase 4,OBJECTIVE RESPONSE RATE,15,25,60.0000,0
Neoplastic disease,Non-Small Cell Lung Cancer,Phase 4,PROGRESSION-FREE SURVIVAL,13,25,52.0000,1
Neoplastic disease,Non-Small Cell Lung Cancer,Phase 4,OVERALL SURVIVAL,11,25,44.0000,2
Neoplastic disease,Non-Small Cell Lung Cancer,Phase 4,DISEASE CONTROL RATE,6,25,24.0000,4
Neoplastic disease,Non-Small Cell Lung Cancer,Phase 4,DURATION OF RESPONSE,5,25,20.0000,3
Neoplastic disease,Non-Small Cell Lung Cancer,Phase 4,NUMBER OF PARTICIPANTS WITH ADVERSE EVENTS,4,25,16.0000,5
Neoplastic disease,Non-Small Cell Lung Cancer,Phase 4,NUMBER OF PARTICIPANTS WITH TREATMENT-EMERGENT ADVERSE EVENTS,2,25,8.0000,9
Disorder of digestive system,Nonalcoholic Fatty Liver Disease,Phase 1,MAXIMUM PLASMA CONCENTRATION,7,16,43.7500,7
Disorder of digestive system,Nonalcoholic Fatty Liver Disease,Phase 1,TIME TO MAXIMUM CONCENTRATION,7,16,43.7500,8
Disorder of digestive system,Nonalcoholic Fatty Liver Disease,Phase 1,AUC FROM 0 TO INFINITY,6,16,37.5000,9
Disorder of digestive system,Nonalcoholic Fatty Liver Disease,Phase 1,AREA UNDER THE CONCENTRATION-TIME CURVE,5,16,31.2500,10
Disorder of digestive system,Nonalcoholic Fatty Liver Disease,Phase 1,NUMBER OF PARTICIPANTS WITH ADVERSE EVENTS,4,16,25.0000,11
Disorder of digestive system,Nonalcoholic Fatty Liver Disease,Phase 1,NUMBER OF PARTICIPANTS WITH TREATMENT-EMERGENT ADVERSE EVENTS,4,16,25.0000,2
Disorder of digestive system,Nonalcoholic Fatty Liver Disease,Phase 1,NUMBER OF PARTICIPANTS WITH ECG ABNORMALITIES,3,16,18.7500,12
Disorder of digestive system,Nonalcoholic Fatty Liver Disease,Phase 2,CHANGE IN ALT,28,119,23.5294,0
Disorder of digestive system,Nonalcoholic Fatty Liver Disease,Phase 2,CHANGE IN AST,19,119,15.9664,1
Disorder of digestive system,Nonalcoholic Fatty Liver Disease,Phase 2,CHANGE IN BODY WEIGHT,17,119,14.2857,3
Disorder of digestive system,Nonalcoholic Fatty Liver Disease,Phase 2,NUMBER OF PARTICIPANTS WITH TREATMENT-EMERGENT ADVERSE EVENTS,17,119,14.2857,2
Disorder of digestive system,Nonalcoholic Fatty Liver Disease,Phase 2,CHANGE IN HEMOGLOBIN A1C,16,119,13.4454,4
Disorder of digestive system,Nonalcoholic Fatty Liver Disease,Phase 2,CHANGE IN LDL CHOLESTEROL,15,119,12.6050,5
Disorder of digestive system,Nonalcoholic Fatty Liver Disease,Phase 2,CHANGE IN HOMA-IR,13,119,10.9244,6
Disorder of digestive system,Nonalcoholic Fatty Liver Disease,Phase 3,IMPROVEMENT IN FIBROSIS,2,9,22.2222,16
Disorder of digestive system,Nonalcoholic Fatty Liver Disease,Phase 3,PERCENTAGE OF PARTICIPANTS ACHIEVING FIBROSIS IMPROVEMENT,2,9,22.2222,18
Disorder of digestive system,Nonalcoholic Fatty Liver Disease,Phase 3,PERCENTAGE OF PARTICIPANTS WITH NASH RESOLUTION,2,9,22.2222,19
Disorder of digestive system,Nonalcoholic Fatty Liver Disease,Phase 3,PERCENTAGE OF PARTICIPANTS WITH ≥ 1-STAGE IMPROVEMENT IN FIBROSIS,2,9,22.2222,20
Disorder of digestive system,Nonalcoholic Fatty Liver Disease,Phase 3,ADIPONECTIN LEVEL,1,9,11.1111,21
Disorder of digestive system,Nonalcoholic Fatty Liver Disease,Phase 3,ALT/AST RATIO,1,9,11.1111,22
Disorder of digestive system,Nonalcoholic Fatty Liver Disease,Phase 3,AREA UNDER CURVE OF METHIONINE CONCENTRATION,1,9,11.1111,23
Disorder of digestive system,Nonalcoholic Fatty Liver Disease,Phase 4,CHANGE IN ALT,5,16,31.2500,0
Disorder of digestive system,Nonalcoholic Fatty Liver Disease,Phase 4,CHANGE IN BODY WEIGHT,3,16,18.7500,3
Disorder of digestive system,Nonalcoholic Fatty Liver Disease,Phase 4,CHANGE IN AST,2,16,12.5000,1
Disorder of digestive system,Nonalcoholic Fatty Liver Disease,Phase 4,CHANGE IN BODY MASS INDEX,2,16,12.5000,13
Disorder of digestive system,Nonalcoholic Fatty Liver Disease,Phase 4,CHANGE IN TOTAL CHOLESTEROL,2,16,12.5000,14
Disorder of digestive system,Nonalcoholic Fatty Liver Disease,Phase 4,HISTOLOGICAL IMPROVEMENT,2,16,12.5000,15
Disorder of digestive system,Nonalcoholic Fatty Liver Disease,Phase 4,MEAN INDIVIDUAL HISTOLOGICAL SCORES,2,16,12.5000,17
Disorder of endocrine system,Obesity,Phase 1,NUMBER OF PARTICIPANTS WITH TREATMENT-EMERGENT ADVERSE EVENTS,8,26,30.7692,10
Disorder of endocrine system,Obesity,Phase 1,AUC FROM 0 TO INFINITY,4,26,15.3846,12
Disorder of endocrine system,Obesity,Phase 1,CHANGE IN BODY WEIGHT,4,26,15.3846,0
Disorder of endocrine system,Obesity,Phase 1,NUMBER OF PARTICIPANTS WITH LABORATORY ABNORMALITIES,4,26,15.3846,14
Disorder of endocrine system,Obesity,Phase 1,MAXIMUM PLASMA CONCENTRATION,3,26,11.5385,15
Disorder of endocrine system,Obesity,Phase 1,TIME TO MAXIMUM CONCENTRATION,3,26,11.5385,16
Disorder of endocrine system,Obesity,Phase 1,CHANGE IN HEMOGLOBIN A1C,2,26,7.6923,2
Disorder of endocrine system,Obesity,Phase 2,CHANGE IN BODY WEIGHT,28,74,37.8378,0
Disorder of endocrine system,Obesity,Phase 2,CHANGE IN WAIST CIRCUMFERENCE,17,74,22.9730,1
Disorder of endocrine system,Obesity,Phase 2,PERCENT CHANGE IN BODY WEIGHT,15,74,20.2703,7
Disorder of endocrine system,Obesity,Phase 2,CHANGE IN HEMOGLOBIN A1C,11,74,14.8649,2
Disorder of endocrine system,Obesity,Phase 2,CHANGE IN FASTING PLASMA GLUCOSE,10,74,13.5135,6
Disorder of endocrine system,Obesity,Phase 2,CHANGE IN BODY MASS INDEX,7,74,9.4595,3
Disorder of endocrine system,Obesity,Phase 2,CHANGE IN HDL CHOLESTEROL,7,74,9.4595,9
Disorder of endocrine system,Obesity,Phase 3,CHANGE IN WAIST CIRCUMFERENCE,26,65,40.0000,1
Disorder of endocrine system,Obesity,Phase 3,CHANGE IN BODY WEIGHT,24,65,36.9231,0
Disorder of endocrine system,Obesity,Phase 3,CHANGE IN HEMOGLOBIN A1C,16,65,24.6154,2
Disorder of endocrine system,Obesity,Phase 3,CHANGE IN SYSTOLIC BLOOD PRESSURE,16,65,24.6154,4
Disorder of endocrine system,Obesity,Phase 3,CHANGE IN DIASTOLIC BLOOD PRESSURE,15,65,23.0769,5
Disorder of endocrine system,Obesity,Phase 3,CHANGE IN LDL CHOLESTEROL,14,65,21.5385,8
Disorder of endocrine system,Obesity,Phase 3,CHANGE IN BODY MASS INDEX,13,65,20.0000,3
Disorder of endocrine system,Obesity,Phase 4,CHANGE IN BODY WEIGHT,13,80,16.2500,0
Disorder of endocrine system,Obesity,Phase 4,CHANGE IN WAIST CIRCUMFERENCE,8,80,10.0000,1
Disorder of endocrine system,Obesity,Phase 4,CHANGE IN BODY MASS INDEX,6,80,7.5000,3
Disorder of endocrine system,Obesity,Phase 4,CHANGE IN BLOOD PRESSURE,5,80,6.2500,11
Disorder of endocrine system,Obesity,Phase 4,CHANGE IN FASTING PLASMA GLUCOSE,5,80,6.2500,6
Disorder of endocrine system,Obesity,Phase 4,CHANGE IN FASTING INSULIN,4,80,5.0000,13
Disorder of endocrine system,Obesity,Phase 4,CHANGE IN HDL CHOLESTEROL,4,80,5.0000,9
Mental illness,Obsessive-Compulsive Disorder,Phase 2,RESPONSE RATE ON YBOCS,6,40,15.0000,0
Mental illness,Obsessive-Compulsive Disorder,Phase 2,CHANGE IN HAM-D SCORE,3,40,7.5000,1
Mental illness,Obsessive-Compulsive Disorder,Phase 2,CHANGE IN Y-BOCS SCORE,3,40,7.5000,2
Mental illness,Obsessive-Compulsive Disorder,Phase 2,CLINICAL GLOBAL IMPRESSION - SEVERITY,3,40,7.5000,3
Mental illness,Obsessive-Compulsive Disorder,Phase 2,CHANGE IN CY-BOCS SCORE,2,40,5.0000,5
Mental illness,Obsessive-Compulsive Disorder,Phase 2,CHANGE IN HAM-A SCORE,2,40,5.0000,6
Mental illness,Obsessive-Compulsive Disorder,Phase 2,NIMH-TSS SCORE,2,40,5.0000,9
Mental illness,Obsessive-Compulsive Disorder,Phase 3,NUMBER OF PARTICIPANTS WITH ADVERSE EVENTS,2,8,25.0000,10
Mental illness,Obsessive-Compulsive Disorder,Phase 3,ALL-CAUSE MORTALITY,1,8,12.5000,11
Mental illness,Obsessive-Compulsive Disorder,Phase 3,ANTIBODY TITER,1,8,12.5000,12
Mental illness,Obsessive-Compulsive Disorder,Phase 3,AVERAGE MOCA SCORE,1,8,12.5000,13
Mental illness,Obsessive-Compulsive Disorder,Phase 3,CHANGE IN BLOOD PRESSURE,1,8,12.5000,16
Mental illness,Obsessive-Compulsive Disorder,Phase 3,CHANGE IN BODY WEIGHT,1,8,12.5000,17
Mental illness,Obsessive-Compulsive Disorder,Phase 3,CHANGE IN HEART RATE,1,8,12.5000,18
Mental illness,Obsessive-Compulsive Disorder,Phase 4,BROWN ASSESSMENT OF BELIEFS SCALE SCORE,2,9,22.2222,4
Mental illness,Obsessive-Compulsive Disorder,Phase 4,CHANGE IN HAM-D SCORE,2,9,22.2222,1
Mental illness,Obsessive-Compulsive Disorder,Phase 4,CHANGE IN QUALITY OF LIFE SCORE,2,9,22.2222,7
Mental illness,Obsessive-Compulsive Disorder,Phase 4,CHANGE IN Y-BOCS SCORE,2,9,22.2222,2
Mental illness,Obsessive-Compulsive Disorder,Phase 4,GLOBAL ASSESSMENT OF FUNCTIONING SCORE,2,9,22.2222,8
Mental illness,Obsessive-Compulsive Disorder,Phase 4,BDD-YBOCS SCORE,1,9,11.1111,14
Mental illness,Obsessive-Compulsive Disorder,Phase 4,BDDE-SR SCORE,1,9,11.1111,15
Sleep disorder,Obstructive Sleep Apnea,Phase 1,NUMBER OF PARTICIPANTS WITH ADVERSE EVENTS,3,7,42.8571,4
Sleep disorder,Obstructive Sleep Apnea,Phase 1,APNEA-HYPOPNEA INDEX,2,7,28.5714,1
Sleep disorder,Obstructive Sleep Apnea,Phase 1,NUMBER OF PARTICIPANTS WHO DISCONTINUED STUDY DRUG DUE TO AN AE,2,7,28.5714,9
Sleep disorder,Obstructive Sleep Apnea,Phase 1,PERIPHERAL OXYGEN SATURATION (SPO2),2,7,28.5714,11
Sleep disorder,Obstructive Sleep Apnea,Phase 1,ABSOLUTE NUMBER OF DESATURATIONS,1,7,14.2857,15
Sleep disorder,Obstructive Sleep Apnea,Phase 1,ACCEPTABILITY OF STUDY INTERVENTION,1,7,14.2857,16
Sleep disorder,Obstructive Sleep Apnea,Phase 1,AHI (APNEA-HYPOPNEA INDEX),1,7,14.2857,18
Sleep disorder,Obstructive Sleep Apnea,Phase 2,APNEA-HYPOPNEA INDEX,4,29,13.7931,1
Sleep disorder,Obstructive Sleep Apnea,Phase 2,APNEA HYPOPNEA INDEX,3,29,10.3448,0
Sleep disorder,Obstructive Sleep Apnea,Phase 2,AROUSAL INDEX,3,29,10.3448,3
Sleep disorder,Obstructive Sleep Apnea,Phase 2,CHANGE IN EPWORTH SLEEPINESS SCALE SCORE,2,29,6.8966,2
Sleep disorder,Obstructive Sleep Apnea,Phase 2,CHANGE IN HYPOXIC BURDEN,2,29,6.8966,5
Sleep disorder,Obstructive Sleep Apnea,Phase 2,CHANGE IN PHARYNGEAL CRITICAL COLLAPSING PRESSURE,2,29,6.8966,6
Sleep disorder,Obstructive Sleep Apnea,Phase 2,HYPOXIC BURDEN,2,29,6.8966,8
Sleep disorder,Obstructive Sleep Apnea,Phase 3,CHANGE IN EPWORTH SLEEPINESS SCALE SCORE,3,18,16.6667,2
Sleep disorder,Obstructive Sleep Apnea,Phase 3,APNEA HYPOPNEA INDEX,2,18,11.1111,0
Sleep disorder,Obstructive Sleep Apnea,Phase 3,APNEA-HYPOPNEA INDEX,2,18,11.1111,1
Sleep disorder,Obstructive Sleep Apnea,Phase 3,CHANGE IN SLEEP LATENCY,2,18,11.1111,7
Sleep disorder,Obstructive Sleep Apnea,Phase 3,PATIENT GLOBAL IMPRESSION OF CHANGE,2,18,11.1111,10
Sleep disorder,Obstructive Sleep Apnea,Phase 3,AHI RESPONDER RATE,1,18,5.5556,19
Sleep disorder,Obstructive Sleep Apnea,Phase 3,APNEA HYPOPNEA INDEX RESPONDER RATE,1,18,5.5556,22
Sleep disorder,Obstructive Sleep Apnea,Phase 4,APNEA HYPOPNEA INDEX,3,18,16.6667,0
Sleep disorder,Obstructive Sleep Apnea,Phase 4,RESPIRATORY AROUSAL THRESHOLD,2,18,11.1111,12
Sleep disorder,Obstructive Sleep Apnea,Phase 4,24-H AMBULATORY BLOOD PRESSURE,1,18,5.5556,13
Sleep disorder,Obstructive Sleep Apnea,Phase 4,ABILITY TO PLACE AND STABILIZE THE TONGUE,1,18,5.5556,14
Sleep disorder,Obstructive Sleep Apnea,Phase 4,ADJUSTED VOLUME OF THE REMOVED ADENOIDS,1,18,5.5556,17
Sleep disorder,Obstructive Sleep Apnea,Phase 4,ALL-CAUSE MORTALITY,1,18,5.5556,20
Sleep disorder,Obstructive Sleep Apnea,Phase 4,AMOUNT OF IL-10 SECRETED,1,18,5.5556,21
Mental illness,Opioid Use Disorder,Phase 1,MAXIMUM PLASMA CONCENTRATION,8,18,44.4444,1
Mental illness,Opioid Use Disorder,Phase 1,AUC FROM 0 TO LAST MEASURABLE CONCENTRATION,6,18,33.3333,3
Mental illness,Opioid Use Disorder,Phase 1,TIME TO MAXIMUM CONCENTRATION,6,18,33.3333,4
Mental illness,Opioid Use Disorder,Phase 1,AUC FROM 0 TO INFINITY,4,18,22.2222,5
Mental illness,Opioid Use Disorder,Phase 1,NUMBER OF PARTICIPANTS WITH ADVERSE EVENTS,3,18,16.6667,10
Mental illness,Opioid Use Disorder,Phase 1,NUMBER OF PARTICIPANTS WITH TREATMENT-EMERGENT ADVERSE EVENTS,3,18,16.6667,0
Mental illness,Opioid Use Disorder,Phase 1,AMOUNT OF AZD4041 EXCRETED UNCHANGED IN URINE,2,18,11.1111,11
Mental illness,Opioid Use Disorder,Phase 2,CHANGE IN HEART RATE,4,60,6.6667,6
Mental illness,Opioid Use Disorder,Phase 2,NUMBER OF PARTICIPANTS WITH TREATMENT-EMERGENT ADVERSE EVENTS,4,60,6.6667,0
Mental illness,Opioid Use Disorder,Phase 2,CHANGE IN BLOOD PRESSURE,3,60,5.0000,7
Mental illness,Opioid Use Disorder,Phase 2,CHANGE IN PAIN SCORE,3,60,5.0000,9
Mental illness,Opioid Use Disorder,Phase 2,CHANGE IN CUE-INDUCED CRAVING,2,60,3.3333,15
Mental illness,Opioid Use Disorder,Phase 2,CHANGE IN OUT-OF-CLINIC CRAVING,2,60,3.3333,17
Mental illness,Opioid Use Disorder,Phase 2,CHANGE IN PG-YBOCS SCORE,2,60,3.3333,18
Mental illness,Opioid Use Disorder,Phase 3,NUMBER OF PARTICIPANTS WITH TREATMENT-EMERGENT ADVERSE EVENTS,3,35,8.5714,0
Mental illness,Opioid Use Disorder,Phase 3,AUC COWS SCORE,2,35,5.7143,12
Mental illness,Opioid Use Disorder,Phase 3,CHANGE FROM BASELINE IN COWS SCORE,2,35,5.7143,13
Mental illness,Opioid Use Disorder,Phase 3,CHANGE IN COWS SCORE,2,35,5.7143,14
Mental illness,Opioid Use Disorder,Phase 3,CHANGE IN OPIOID CRAVING SCORE,2,35,5.7143,16
Mental illness,Opioid Use Disorder,Phase 3,LENGTH OF HOSPITAL STAY,2,35,5.7143,19
Mental illness,Opioid Use Disorder,Phase 3,PATIENT SATISFACTION,2,35,5.7143,2
Mental illness,Opioid Use Disorder,Phase 4,PATIENT SATISFACTION,5,44,11.3636,2
Mental illness,Opioid Use Disorder,Phase 4,NUMBER OF PARTICIPANTS WITH TREATMENT-EMERGENT ADVERSE EVENTS,4,44,9.0909,0
Mental illness,Opioid Use Disorder,Phase 4,CHANGE IN NRS PAIN SCORE,3,44,6.8182,8
Mental illness,Opioid Use Disorder,Phase 4,LENGTH OF STAY,2,44,4.5455,20
Mental illness,Opioid Use Disorder,Phase 4,OBJECTIVE RESPONSE RATE,2,44,4.5455,21
Mental illness,Opioid Use Disorder,Phase 4,OPIOID CRAVING,2,44,4.5455,22
Mental illness,Opioid Use Disorder,Phase 4,OPIOID WITHDRAWAL SCORE,2,44,4.5455,23
Disorder of immune function,Organ Transplant Rejection,Phase 1,TIME TO MAXIMUM CONCENTRATION,3,9,33.3333,4
Disorder of immune function,Organ Transplant Rejection,Phase 1,AUC FROM 0 TO INFINITY,2,9,22.2222,15
Disorder of immune function,Organ Transplant Rejection,Phase 1,AUC FROM 0 TO LAST MEASURABLE CONCENTRATION,2,9,22.2222,16
Disorder of immune function,Organ Transplant Rejection,Phase 1,MAXIMUM OBSERVED SERUM CONCENTRATION,2,9,22.2222,17
Disorder of immune function,Organ Transplant Rejection,Phase 1,TOTAL BODY CLEARANCE,2,9,22.2222,18
Disorder of immune function,Organ Transplant Rejection,Phase 1,VOLUME OF DISTRIBUTION AT STEADY STATE,2,9,22.2222,19
Disorder of immune function,Organ Transplant Rejection,Phase 1,ACCUMULATION RATIO,1,9,11.1111,20
Disorder of immune function,Organ Transplant Rejection,Phase 2,CHANGE IN EGFR,15,84,17.8571,0
Disorder of immune function,Organ Transplant Rejection,Phase 2,NUMBER OF PARTICIPANTS WITH ADVERSE EVENTS,9,84,10.7143,1
Disorder of immune function,Organ Transplant Rejection,Phase 2,TIME TO MAXIMUM CONCENTRATION,8,84,9.5238,4
Disorder of immune function,Organ Transplant Rejection,Phase 2,AREA UNDER THE CONCENTRATION-TIME CURVE,6,84,7.1429,5
Disorder of immune function,Organ Transplant Rejection,Phase 2,GRAFT SURVIVAL,6,84,7.1429,2
Disorder of immune function,Organ Transplant Rejection,Phase 2,CHANGE IN HEMOGLOBIN A1C,5,84,5.9524,6
Disorder of immune function,Organ Transplant Rejection,Phase 2,CHANGE IN SF-36 SCORE,5,84,5.9524,8
Disorder of immune function,Organ Transplant Rejection,Phase 3,CHANGE IN EGFR,19,50,38.0000,0
Disorder of immune function,Organ Transplant Rejection,Phase 3,CHANGE IN SERUM CREATININE,5,50,10.0000,7
Disorder of immune function,Organ Transplant Rejection,Phase 3,CHANGE IN CREATININE,4,50,8.0000,3
Disorder of immune function,Organ Transplant Rejection,Phase 3,CHANGE IN CREATININE CLEARANCE,4,50,8.0000,10
Disorder of immune function,Organ Transplant Rejection,Phase 3,GLOMERULAR FILTRATION RATE,4,50,8.0000,11
Disorder of immune function,Organ Transplant Rejection,Phase 3,NUMBER OF PARTICIPANTS WITH ADVERSE EVENTS,3,50,6.0000,1
Disorder of immune function,Organ Transplant Rejection,Phase 3,NUMBER OF PARTICIPANTS WITH TREATMENT FAILURES,3,50,6.0000,14
Disorder of immune function,Organ Transplant Rejection,Phase 4,CHANGE IN EGFR,14,91,15.3846,0
Disorder of immune function,Organ Transplant Rejection,Phase 4,GRAFT SURVIVAL,9,91,9.8901,2
Disorder of immune function,Organ Transplant Rejection,Phase 4,CHANGE IN CREATININE,8,91,8.7912,3
Disorder of immune function,Organ Transplant Rejection,Phase 4,OVERALL SURVIVAL,5,91,5.4945,9
Disorder of immune function,Organ Transplant Rejection,Phase 4,INCIDENCE OF ACUTE REJECTION,4,91,4.3956,12
Disorder of immune function,Organ Transplant Rejection,Phase 4,MAXIMUM PLASMA CONCENTRATION,4,91,4.3956,13
Disorder of immune function,Organ Transplant Rejection,Phase 4,NUMBER OF PARTICIPANTS WITH ADVERSE EVENTS,4,91,4.3956,1
Musculoskeletal disorder,Osteoarthritis,Phase 1,CHANGE IN NRS PAIN SCORE,2,13,15.3846,5
Musculoskeletal disorder,Osteoarthritis,Phase 1,CHANGE IN PAIN SCORE,2,13,15.3846,1
Musculoskeletal disorder,Osteoarthritis,Phase 1,MAXIMUM PLASMA CONCENTRATION,2,13,15.3846,13
Musculoskeletal disorder,Osteoarthritis,Phase 1,NUMBER OF PARTICIPANTS WITH ADVERSE EVENTS,2,13,15.3846,6
Musculoskeletal disorder,Osteoarthritis,Phase 1,6-MINUTE WALK DISTANCE,1,13,7.6923,14
Musculoskeletal disorder,Osteoarthritis,Phase 1,ADVERSE EVENTS SUMMARY,1,13,7.6923,15
Musculoskeletal disorder,Osteoarthritis,Phase 1,AREA UNDER THE CONCENTRATION-TIME CURVE,1,13,7.6923,16
Musculoskeletal disorder,Osteoarthritis,Phase 2,CHANGE IN WOMAC PAIN SCORE,41,97,42.2680,0
Musculoskeletal disorder,Osteoarthritis,Phase 2,CHANGE IN NRS PAIN SCORE,18,97,18.5567,5
Musculoskeletal disorder,Osteoarthritis,Phase 2,CHANGE IN VAS PAIN SCORE,16,97,16.4948,2
Musculoskeletal disorder,Osteoarthritis,Phase 2,CHANGE IN WOMAC STIFFNESS SCORE,16,97,16.4948,3
Musculoskeletal disorder,Osteoarthritis,Phase 2,PATIENT GLOBAL IMPRESSION OF CHANGE,13,97,13.4021,8
Musculoskeletal disorder,Osteoarthritis,Phase 2,CHANGE IN PAIN SCORE,11,97,11.3402,1
Musculoskeletal disorder,Osteoarthritis,Phase 2,CHANGE IN WOMAC PHYSICAL FUNCTION SCORE,11,97,11.3402,4
Musculoskeletal disorder,Osteoarthritis,Phase 3,CHANGE IN WOMAC PAIN SCORE,44,115,38.2609,0
Musculoskeletal disorder,Osteoarthritis,Phase 3,CHANGE IN WOMAC STIFFNESS SCORE,18,115,15.6522,3
Musculoskeletal disorder,Osteoarthritis,Phase 3,CHANGE IN PAIN SCORE,16,115,13.9130,1
Musculoskeletal disorder,Osteoarthritis,Phase 3,CHANGE IN WOMAC PHYSICAL FUNCTION SCORE,15,115,13.0435,4
Musculoskeletal disorder,Osteoarthritis,Phase 3,CHANGE IN VAS PAIN SCORE,14,115,12.1739,2
Musculoskeletal disorder,Osteoarthritis,Phase 3,CHANGE IN SF-36 SCORE,13,115,11.3043,7
Musculoskeletal disorder,Osteoarthritis,Phase 3,NUMBER OF PARTICIPANTS WITH ADVERSE EVENTS,12,115,10.4348,6
Musculoskeletal disorder,Osteoarthritis,Phase 4,CHANGE IN PAIN SCORE,11,107,10.2804,1
Musculoskeletal disorder,Osteoarthritis,Phase 4,CHANGE IN VAS PAIN SCORE,10,107,9.3458,2
Musculoskeletal disorder,Osteoarthritis,Phase 4,LENGTH OF HOSPITAL STAY,8,107,7.4766,9
Musculoskeletal disorder,Osteoarthritis,Phase 4,OPIOID CONSUMPTION,8,107,7.4766,10
Musculoskeletal disorder,Osteoarthritis,Phase 4,CHANGE IN WOMAC PAIN SCORE,6,107,5.6075,0
Musculoskeletal disorder,Osteoarthritis,Phase 4,PATIENT SATISFACTION,6,107,5.6075,11
Musculoskeletal disorder,Osteoarthritis,Phase 4,PAIN SCORE,5,107,4.6729,12
Infection,Osteomyelitis,Phase 1,ABSOLUTE VALUES FOR ALT AND AST,1,2,50.0000,17
Infection,Osteomyelitis,Phase 1,ABSOLUTE VALUES FOR CLINICAL SERUM CHEMISTRY PARAMETERS,1,2,50.0000,18
Infection,Osteomyelitis,Phase 1,ABSOLUTE VALUES FOR CREATININE,1,2,50.0000,19
Infection,Osteomyelitis,Phase 1,ABSOLUTE VALUES FOR CRP,1,2,50.0000,20
Infection,Osteomyelitis,Phase 1,ABSOLUTE VALUES FOR HEMATOCRIT,1,2,50.0000,21
Infection,Osteomyelitis,Phase 1,ABSOLUTE VALUES FOR HEMATOLOGY PARAMETERS,1,2,50.0000,22
Infection,Osteomyelitis,Phase 1,ABSOLUTE VALUES FOR HEMOGLOBIN,1,2,50.0000,23
Infection,Osteomyelitis,Phase 2,NUMBER OF PARTICIPANTS WITH SERIOUS ADVERSE EVENTS,10,41,24.3902,0
Infection,Osteomyelitis,Phase 2,ANTIBODY TITER,6,41,14.6341,1
Infection,Osteomyelitis,Phase 2,HSBA ANTIBODY TITERS,5,41,12.1951,7
Infection,Osteomyelitis,Phase 2,NUMBER OF SUBJECTS WITH ANY AND GRADE 3 SOLICITED LOCAL SYMPTOMS,5,41,12.1951,8
Infection,Osteomyelitis,Phase 2,NUMBER OF PARTICIPANTS WITH ADVERSE EVENTS,4,41,9.7561,9
Infection,Osteomyelitis,Phase 2,NUMBER OF PARTICIPANTS WITH UNSOLICITED ADVERSE EVENTS,4,41,9.7561,10
Infection,Osteomyelitis,Phase 2,"NUMBER OF SUBJECTS WITH ANY, GRADE 3 AND RELATED SOLICITED GENERAL SYMPTOMS",4,41,9.7561,11
Infection,Osteomyelitis,Phase 3,NUMBER OF PARTICIPANTS WITH SERIOUS ADVERSE EVENTS,21,52,40.3846,0
Infection,Osteomyelitis,Phase 3,ANTIBODY TITER,12,52,23.0769,1
Infection,Osteomyelitis,Phase 3,SEROPROTECTION RATE,12,52,23.0769,2
Infection,Osteomyelitis,Phase 3,ANTI-DRUG ANTIBODIES,11,52,21.1538,3
Infection,Osteomyelitis,Phase 3,NUMBER OF SUBJECTS WITH ANY UNSOLICITED ADVERSE EVENTS,9,52,17.3077,4
Infection,Osteomyelitis,Phase 3,VACCINE RESPONSE RATE,9,52,17.3077,5
Infection,Osteomyelitis,Phase 3,GEOMETRIC MEAN TITERS,8,52,15.3846,6
Infection,Osteomyelitis,Phase 4,NUMBER OF PARTICIPANTS WITH SERIOUS ADVERSE EVENTS,2,20,10.0000,0
Infection,Osteomyelitis,Phase 4,SOLICITED INJECTION-SITE AND SYSTEMIC REACTIONS,2,20,10.0000,12
Infection,Osteomyelitis,Phase 4,30-DAY COMPLICATIONS,1,20,5.0000,13
Infection,Osteomyelitis,Phase 4,30-DAY MORTALITY,1,20,5.0000,14
Infection,Osteomyelitis,Phase 4,90-DAY COMPLICATIONS,1,20,5.0000,15
Infection,Osteomyelitis,Phase 4,90-DAY MORTALITY,1,20,5.0000,16
Infection,Osteomyelitis,Phase 4,ACETABULUM VANCOMYCIN LEVEL,1,20,5.0000,24
Musculoskeletal disorder,Osteoporosis,Phase 1,TIME TO MAXIMUM CONCENTRATION,10,23,43.4783,4
Musculoskeletal disorder,Osteoporosis,Phase 1,MAXIMUM PLASMA CONCENTRATION,8,23,34.7826,5
Musculoskeletal disorder,Osteoporosis,Phase 1,AUC FROM 0 TO INFINITY,4,23,17.3913,9
Musculoskeletal disorder,Osteoporosis,Phase 1,CHANGE IN BONE MINERAL DENSITY,4,23,17.3913,0
Musculoskeletal disorder,Osteoporosis,Phase 1,NUMBER OF PARTICIPANTS WITH ADVERSE EVENTS,4,23,17.3913,2
Musculoskeletal disorder,Osteoporosis,Phase 1,NUMBER OF PARTICIPANTS WITH SERIOUS ADVERSE EVENTS,4,23,17.3913,10
Musculoskeletal disorder,Osteoporosis,Phase 1,AREA UNDER THE CONCENTRATION-TIME CURVE,3,23,13.0435,11
Musculoskeletal disorder,Osteoporosis,Phase 2,CHANGE IN BONE MINERAL DENSITY,22,61,36.0656,0
Musculoskeletal disorder,Osteoporosis,Phase 2,PERCENT CHANGE IN BONE MINERAL DENSITY,6,61,9.8361,1
Musculoskeletal disorder,Osteoporosis,Phase 2,NUMBER OF PARTICIPANTS WITH ADVERSE EVENTS,5,61,8.1967,2
Musculoskeletal disorder,Osteoporosis,Phase 2,PERCENT CHANGE IN LUMBAR SPINE BMD,5,61,8.1967,3
Musculoskeletal disorder,Osteoporosis,Phase 2,CHANGE FROM BASELINE IN BONE-SPECIFIC ALKALINE PHOSPHATASE,3,61,4.9180,12
Musculoskeletal disorder,Osteoporosis,Phase 2,CHANGE IN PAIN SCORE,3,61,4.9180,13
Musculoskeletal disorder,Osteoporosis,Phase 2,NUMBER OF PARTICIPANTS WITH TREATMENT-EMERGENT ADVERSE EVENTS,3,61,4.9180,14
Musculoskeletal disorder,Osteoporosis,Phase 3,CHANGE IN BONE MINERAL DENSITY,35,107,32.7103,0
Musculoskeletal disorder,Osteoporosis,Phase 3,PERCENT CHANGE IN BONE MINERAL DENSITY,19,107,17.7570,1
Musculoskeletal disorder,Osteoporosis,Phase 3,PERCENT CHANGE IN LUMBAR SPINE BMD,14,107,13.0841,3
Musculoskeletal disorder,Osteoporosis,Phase 3,NUMBER OF PARTICIPANTS WITH ADVERSE EVENTS,10,107,9.3458,2
Musculoskeletal disorder,Osteoporosis,Phase 3,PERCENT CHANGE IN LUMBAR SPINE BONE MINERAL DENSITY,8,107,7.4766,6
Musculoskeletal disorder,Osteoporosis,Phase 3,NUMBER OF PARTICIPANTS WITH ANTI-DRUG ANTIBODIES,7,107,6.5421,7
Musculoskeletal disorder,Osteoporosis,Phase 3,PERCENT CHANGE IN TOTAL HIP BMD,6,107,5.6075,8
Musculoskeletal disorder,Osteoporosis,Phase 4,CHANGE IN BONE MINERAL DENSITY,10,68,14.7059,0
Musculoskeletal disorder,Osteoporosis,Phase 4,PERCENT CHANGE IN SERUM CTX,3,68,4.4118,15
Musculoskeletal disorder,Osteoporosis,Phase 4,ADJUSTED APPOSITION RATE,2,68,2.9412,16
Musculoskeletal disorder,Osteoporosis,Phase 4,BONE MINERAL DENSITY,2,68,2.9412,17
Musculoskeletal disorder,Osteoporosis,Phase 4,CHANGE FROM BASELINE IN SERUM CALCIUM,2,68,2.9412,18
Musculoskeletal disorder,Osteoporosis,Phase 4,CHANGE IN INTESTINAL CALCIUM ABSORPTION,2,68,2.9412,19
Musculoskeletal disorder,Osteoporosis,Phase 4,CHANGE IN VAS PAIN SCORE,2,68,2.9412,20
Disorder of ear,Otitis Media,Phase 1,AREA UNDER THE CONCENTRATION-TIME CURVE FROM 0 TO INFINITY,1,2,50.0000,11
Disorder of ear,Otitis Media,Phase 1,AUC0-LAST,1,2,50.0000,12
Disorder of ear,Otitis Media,Phase 1,MAXIMUM PLASMA CONCENTRATION,1,2,50.0000,20
Disorder of ear,Otitis Media,Phase 1,NUMBER OF PARTICIPANTS WITH ADVERSE EVENTS,1,2,50.0000,0
Disorder of ear,Otitis Media,Phase 1,TERMINAL ELIMINATION HALF-LIFE,1,2,50.0000,21
Disorder of ear,Otitis Media,Phase 1,TIME TO LAST MEASURABLE CONCENTRATION,1,2,50.0000,22
Disorder of ear,Otitis Media,Phase 1,TIME TO MAXIMUM CONCENTRATION,1,2,50.0000,23
Disorder of ear,Otitis Media,Phase 2,NUMBER OF PARTICIPANTS WITH ADVERSE EVENTS,3,18,16.6667,0
Disorder of ear,Otitis Media,Phase 2,ANTI-PRP CONCENTRATION,2,18,11.1111,5
Disorder of ear,Otitis Media,Phase 2,ANTIBODY TITER,2,18,11.1111,1
Disorder of ear,Otitis Media,Phase 2,CLINICAL CURE RATE,2,18,11.1111,6
Disorder of ear,Otitis Media,Phase 2,FEASIBILITY OF ADMINISTRATION,2,18,11.1111,7
Disorder of ear,Otitis Media,Phase 2,NUMBER OF PARTICIPANTS WITH SERIOUS ADVERSE EVENTS,2,18,11.1111,2
Disorder of ear,Otitis Media,Phase 2,ABSENCE OF OTORRHEA,1,18,5.5556,10
Disorder of ear,Otitis Media,Phase 3,TIME TO CESSATION OF OTORRHEA,4,27,14.8148,3
Disorder of ear,Otitis Media,Phase 3,ANTI-PRP ANTIBODY CONCENTRATION,2,27,7.4074,4
Disorder of ear,Otitis Media,Phase 3,ANTIBODY TITER,2,27,7.4074,1
Disorder of ear,Otitis Media,Phase 3,MEDIAN TIME TO CESSATION OF EAR PAIN,2,27,7.4074,8
Disorder of ear,Otitis Media,Phase 3,NUMBER OF PARTICIPANTS WITH ADVERSE EVENTS,2,27,7.4074,0
Disorder of ear,Otitis Media,Phase 3,NUMBER OF PARTICIPANTS WITH SERIOUS ADVERSE EVENTS,2,27,7.4074,2
Disorder of ear,Otitis Media,Phase 3,PERCENTAGE OF PARTICIPANTS WHO WERE TREATMENT FAILURES,2,27,7.4074,9
Disorder of ear,Otitis Media,Phase 4,AVERAGE NUMBER OF POST-OPERATIVE DAYS WITH PAIN SCORE >4/10,1,13,7.6923,13
Disorder of ear,Otitis Media,Phase 4,CHANGE IN AOM-SOS SCORE,1,13,7.6923,14
Disorder of ear,Otitis Media,Phase 4,CHANGE IN PAIN SCORE,1,13,7.6923,15
Disorder of ear,Otitis Media,Phase 4,CLINICAL FAILURE,1,13,7.6923,16
Disorder of ear,Otitis Media,Phase 4,CLINICAL FAILURE BY END-OF-THERAPY VISIT,1,13,7.6923,17
Disorder of ear,Otitis Media,Phase 4,DEGREE OF POSTERIOR CHOANA OBSTRUCTION,1,13,7.6923,18
Disorder of ear,Otitis Media,Phase 4,DISTRIBUTION OF CHILDREN WITH ADVERSE EVENTS,1,13,7.6923,19
Neoplastic disease,Ovarian Cancer,Phase 1,OBJECTIVE RESPONSE RATE,17,36,47.2222,1
Neoplastic disease,Ovarian Cancer,Phase 1,PROGRESSION-FREE SURVIVAL,10,36,27.7778,0
Neoplastic disease,Ovarian Cancer,Phase 1,MAXIMUM PLASMA CONCENTRATION,8,36,22.2222,7
Neoplastic disease,Ovarian Cancer,Phase 1,MAXIMUM TOLERATED DOSE,8,36,22.2222,8
Neoplastic disease,Ovarian Cancer,Phase 1,TIME TO MAXIMUM CONCENTRATION,8,36,22.2222,9
Neoplastic disease,Ovarian Cancer,Phase 1,DOSE-LIMITING TOXICITIES,4,36,11.1111,10
Neoplastic disease,Ovarian Cancer,Phase 1,NUMBER OF PARTICIPANTS WITH TREATMENT-EMERGENT ADVERSE EVENTS,4,36,11.1111,6
Neoplastic disease,Ovarian Cancer,Phase 2,PROGRESSION-FREE SURVIVAL,123,202,60.8911,0
Neoplastic disease,Ovarian Cancer,Phase 2,OBJECTIVE RESPONSE RATE,104,202,51.4851,1
Neoplastic disease,Ovarian Cancer,Phase 2,OVERALL SURVIVAL,92,202,45.5446,2
Neoplastic disease,Ovarian Cancer,Phase 2,DURATION OF RESPONSE,34,202,16.8317,3
Neoplastic disease,Ovarian Cancer,Phase 2,NUMBER OF PARTICIPANTS WITH ADVERSE EVENTS,28,202,13.8614,4
Neoplastic disease,Ovarian Cancer,Phase 2,DISEASE CONTROL RATE,20,202,9.9010,5
Neoplastic disease,Ovarian Cancer,Phase 2,NUMBER OF PARTICIPANTS WITH TREATMENT-EMERGENT ADVERSE EVENTS,14,202,6.9307,6
Neoplastic disease,Ovarian Cancer,Phase 3,OVERALL SURVIVAL,37,43,86.0465,2
Neoplastic disease,Ovarian Cancer,Phase 3,PROGRESSION-FREE SURVIVAL,35,43,81.3953,0
Neoplastic disease,Ovarian Cancer,Phase 3,OBJECTIVE RESPONSE RATE,26,43,60.4651,1
Neoplastic disease,Ovarian Cancer,Phase 3,DURATION OF RESPONSE,17,43,39.5349,3
Neoplastic disease,Ovarian Cancer,Phase 3,MAXIMUM PLASMA CONCENTRATION,7,43,16.2791,7
Neoplastic disease,Ovarian Cancer,Phase 3,NUMBER OF PARTICIPANTS WITH TREATMENT-EMERGENT ADVERSE EVENTS,7,43,16.2791,6
Neoplastic disease,Ovarian Cancer,Phase 3,DISEASE CONTROL RATE,6,43,13.9535,5
Neoplastic disease,Ovarian Cancer,Phase 4,PROGRESSION-FREE SURVIVAL,2,10,20.0000,0
Neoplastic disease,Ovarian Cancer,Phase 4,CHANGE IN FACIT-F SCORE,1,10,10.0000,11
Neoplastic disease,Ovarian Cancer,Phase 4,CHANGE IN FACT-O TOI SCORE,1,10,10.0000,12
Neoplastic disease,Ovarian Cancer,Phase 4,CHANGE IN LIPID METABOLISM,1,10,10.0000,13
Neoplastic disease,Ovarian Cancer,Phase 4,CHANGE IN QUALITY OF LIFE SCORE,1,10,10.0000,14
Neoplastic disease,Ovarian Cancer,Phase 4,COMPLETE RESPONSE,1,10,10.0000,15
Neoplastic disease,Ovarian Cancer,Phase 4,CONFIRMED IC-OR,1,10,10.0000,16
Disorder of the genitourinary system,Overactive Bladder,Phase 1,MAXIMUM PLASMA CONCENTRATION,3,6,50.0000,12
Disorder of the genitourinary system,Overactive Bladder,Phase 1,AUC FROM 0 TO INFINITY,2,6,33.3333,14
Disorder of the genitourinary system,Overactive Bladder,Phase 1,TIME TO MAXIMUM CONCENTRATION,2,6,33.3333,17
Disorder of the genitourinary system,Overactive Bladder,Phase 1,APPARENT CLEARANCE (CL/F),1,6,16.6667,20
Disorder of the genitourinary system,Overactive Bladder,Phase 1,APPARENT TERMINAL HALF-LIFE,1,6,16.6667,22
Disorder of the genitourinary system,Overactive Bladder,Phase 1,APPARENT VOLUME OF DISTRIBUTION,1,6,16.6667,13
Disorder of the genitourinary system,Overactive Bladder,Phase 1,AREA UNDER THE CONCENTRATION-TIME CURVE FROM 0 TO INFINITY,1,6,16.6667,23
Disorder of the genitourinary system,Overactive Bladder,Phase 2,CHANGE FROM BASELINE IN DETRUSOR PRESSURE,2,19,10.5263,15
Disorder of the genitourinary system,Overactive Bladder,Phase 2,MAXIMUM CYSTOMETRIC CAPACITY,2,19,10.5263,16
Disorder of the genitourinary system,Overactive Bladder,Phase 2,NUMBER OF PARTICIPANTS WITH ADVERSE EVENTS,2,19,10.5263,9
Disorder of the genitourinary system,Overactive Bladder,Phase 2,ABSORPTION RATE CONSTANT,1,19,5.2632,18
Disorder of the genitourinary system,Overactive Bladder,Phase 2,AMPLITUDE OF PERINEAL SENSATION,1,19,5.2632,19
Disorder of the genitourinary system,Overactive Bladder,Phase 2,APPARENT ORAL CLEARANCE,1,19,5.2632,21
Disorder of the genitourinary system,Overactive Bladder,Phase 2,APPARENT VOLUME OF DISTRIBUTION,1,19,5.2632,13
Disorder of the genitourinary system,Overactive Bladder,Phase 3,CHANGE FROM BASELINE IN MEAN NUMBER OF MICTURITIONS,9,47,19.1489,0
Disorder of the genitourinary system,Overactive Bladder,Phase 3,CHANGE FROM BASELINE IN MAXIMUM CYSTOMETRIC CAPACITY,7,47,14.8936,2
Disorder of the genitourinary system,Overactive Bladder,Phase 3,CHANGE FROM BASELINE IN MEAN VOLUME VOIDED,7,47,14.8936,3
Disorder of the genitourinary system,Overactive Bladder,Phase 3,CHANGE IN PATIENT PERCEPTION OF BLADDER CONDITION,7,47,14.8936,1
Disorder of the genitourinary system,Overactive Bladder,Phase 3,NUMBER OF PARTICIPANTS WITH TREATMENT-EMERGENT ADVERSE EVENTS,7,47,14.8936,4
Disorder of the genitourinary system,Overactive Bladder,Phase 3,CHANGE IN EQ-5D SELF-CARE SCORE,6,47,12.7660,5
Disorder of the genitourinary system,Overactive Bladder,Phase 3,CHANGE IN HEALTH-RELATED QUALITY OF LIFE SCORE,6,47,12.7660,6
Disorder of the genitourinary system,Overactive Bladder,Phase 4,CHANGE FROM BASELINE IN MEAN NUMBER OF MICTURITIONS,8,51,15.6863,0
Disorder of the genitourinary system,Overactive Bladder,Phase 4,CHANGE IN MICTURITION-RELATED URGENCY EPISODES,6,51,11.7647,7
Disorder of the genitourinary system,Overactive Bladder,Phase 4,CHANGE IN URGENCY URINARY INCONTINENCE EPISODES,6,51,11.7647,8
Disorder of the genitourinary system,Overactive Bladder,Phase 4,CHANGE IN PATIENT PERCEPTION OF BLADDER CONDITION,5,51,9.8039,1
Disorder of the genitourinary system,Overactive Bladder,Phase 4,CHANGE FROM BASELINE IN OAB-Q SYMPTOM BOTHER SCORE,4,51,7.8431,10
Disorder of the genitourinary system,Overactive Bladder,Phase 4,CHANGE IN OAB-Q SYMPTOM BOTHER SCORE,4,51,7.8431,11
Disorder of the genitourinary system,Overactive Bladder,Phase 4,NUMBER OF PARTICIPANTS WITH ADVERSE EVENTS,4,51,7.8431,9
Injury,Overdose,Phase 1,HALF-LIFE,3,6,50.0000,0
Injury,Overdose,Phase 1,MAXIMUM PLASMA CONCENTRATION,3,6,50.0000,1
Injury,Overdose,Phase 1,AUC FROM 0 TO INFINITY,2,6,33.3333,3
Injury,Overdose,Phase 1,TIME TO MAXIMUM CONCENTRATION,2,6,33.3333,4
Injury,Overdose,Phase 1,TIME TO MAXIMUM PLASMA CONCENTRATION,2,6,33.3333,5
Injury,Overdose,Phase 1,ADDITIONAL NAC INFUSIONS,1,6,16.6667,6
Injury,Overdose,Phase 1,AREA UNDER THE CONCENTRATION-TIME CURVE,1,6,16.6667,2
Injury,Overdose,Phase 2,CLINICAL OPIATE WITHDRAWAL SCALE SCORE,1,1,100.0000,14
Injury,Overdose,Phase 3,CHANGE IN SERUM CYTOKINE LEVELS,1,2,50.0000,13
Injury,Overdose,Phase 3,INCIDENCE OF ANAPHYLACTOID REACTION,1,2,50.0000,15
Injury,Overdose,Phase 3,INCIDENCE OF TREATMENT EMERGENT ADVERSE EVENTS,1,2,50.0000,16
Injury,Overdose,Phase 4,APPEAL OF CHARCOAL MIXTURE,1,6,16.6667,7
Injury,Overdose,Phase 4,AREA UNDER THE CONCENTRATION-TIME CURVE,1,6,16.6667,2
Injury,Overdose,Phase 4,CHANGE IN HIV RISK BEHAVIORS,1,6,16.6667,8
Injury,Overdose,Phase 4,CHANGE IN MADRS SCORE,1,6,16.6667,9
Injury,Overdose,Phase 4,CHANGE IN OVERDOSE RISK,1,6,16.6667,10
Injury,Overdose,Phase 4,CHANGE IN OVERDOSE RISK BEHAVIORS,1,6,16.6667,11
Injury,Overdose,Phase 4,CHANGE IN RASS SCORE,1,6,16.6667,12
Neoplastic disease,Pancreatic Cancer,Phase 1,OVERALL SURVIVAL,11,35,31.4286,0
Neoplastic disease,Pancreatic Cancer,Phase 1,MAXIMUM TOLERATED DOSE,9,35,25.7143,7
Neoplastic disease,Pancreatic Cancer,Phase 1,OBJECTIVE RESPONSE RATE,9,35,25.7143,2
Neoplastic disease,Pancreatic Cancer,Phase 1,DOSE-LIMITING TOXICITIES,7,35,20.0000,8
Neoplastic disease,Pancreatic Cancer,Phase 1,PROGRESSION-FREE SURVIVAL,7,35,20.0000,1
Neoplastic disease,Pancreatic Cancer,Phase 1,AUC FROM 0 TO INFINITY,3,35,8.5714,11
Neoplastic disease,Pancreatic Cancer,Phase 1,CHANGE IN TUMOR MARKERS,3,35,8.5714,12
Neoplastic disease,Pancreatic Cancer,Phase 2,OVERALL SURVIVAL,152,277,54.8736,0
Neoplastic disease,Pancreatic Cancer,Phase 2,OBJECTIVE RESPONSE RATE,126,277,45.4874,2
Neoplastic disease,Pancreatic Cancer,Phase 2,PROGRESSION-FREE SURVIVAL,123,277,44.4043,1
Neoplastic disease,Pancreatic Cancer,Phase 2,DISEASE CONTROL RATE,26,277,9.3863,3
Neoplastic disease,Pancreatic Cancer,Phase 2,NUMBER OF PARTICIPANTS WITH ADVERSE EVENTS,25,277,9.0253,5
Neoplastic disease,Pancreatic Cancer,Phase 2,DURATION OF RESPONSE,24,277,8.6643,4
Neoplastic disease,Pancreatic Cancer,Phase 2,MEDIAN OVERALL SURVIVAL,17,277,6.1372,6
Neoplastic disease,Pancreatic Cancer,Phase 3,OVERALL SURVIVAL,37,49,75.5102,0
Neoplastic disease,Pancreatic Cancer,Phase 3,PROGRESSION-FREE SURVIVAL,30,49,61.2245,1
Neoplastic disease,Pancreatic Cancer,Phase 3,OBJECTIVE RESPONSE RATE,19,49,38.7755,2
Neoplastic disease,Pancreatic Cancer,Phase 3,DURATION OF RESPONSE,10,49,20.4082,4
Neoplastic disease,Pancreatic Cancer,Phase 3,DISEASE CONTROL RATE,8,49,16.3265,3
Neoplastic disease,Pancreatic Cancer,Phase 3,DISEASE-FREE SURVIVAL,6,49,12.2449,9
Neoplastic disease,Pancreatic Cancer,Phase 3,NUMBER OF PARTICIPANTS WITH TREATMENT-EMERGENT ADVERSE EVENTS,6,49,12.2449,10
Neoplastic disease,Pancreatic Cancer,Phase 4,ADENOMA DETECTION RATE,1,7,14.2857,13
Neoplastic disease,Pancreatic Cancer,Phase 4,BOSTON BOWEL PREPARATION SCALE SCORE,1,7,14.2857,14
Neoplastic disease,Pancreatic Cancer,Phase 4,CHANGE IN PAIN SCORE,1,7,14.2857,15
Neoplastic disease,Pancreatic Cancer,Phase 4,INTRAPROCEDURAL USE OF SIMETHICONE,1,7,14.2857,16
Neoplastic disease,Pancreatic Cancer,Phase 4,LENGTH OF TIME TO FIRST FLATUS,1,7,14.2857,17
Neoplastic disease,Pancreatic Cancer,Phase 4,NUMBER OF PARTICIPANTS WITH VENOUS THROMBOEMBOLIC EVENTS,1,7,14.2857,18
Neoplastic disease,Pancreatic Cancer,Phase 4,OPIOID CONSUMPTION,1,7,14.2857,19
Mental illness,Panic Disorder,Phase 2,CHANGE IN CLINICAL GLOBAL IMPRESSION-SEVERITY SCORE,2,6,33.3333,2
Mental illness,Panic Disorder,Phase 2,CHANGE IN MADRS SCORE,2,6,33.3333,0
Mental illness,Panic Disorder,Phase 2,CHANGE IN PDSS SCORE,2,6,33.3333,1
Mental illness,Panic Disorder,Phase 2,BORG DYSPNEA SCORE,1,6,16.6667,5
Mental illness,Panic Disorder,Phase 2,CHANGE FROM BASELINE FOR VINELAND ADAPTIVE BEHAVIOUR SCALE TOTAL SCORE,1,6,16.6667,6
Mental illness,Panic Disorder,Phase 2,CHANGE IN ANXIETY SENSITIVITY INDEX SCORE,1,6,16.6667,9
Mental illness,Panic Disorder,Phase 2,CHANGE IN HAM-D SCORE,1,6,16.6667,14
Mental illness,Panic Disorder,Phase 3,PHYSICIAN'S GLOBAL ASSESSMENT OF TREATMENT RESPONSE,2,2,100.0000,3
Mental illness,Panic Disorder,Phase 3,CHANGE FROM BASELINE IN DAS SCORE,1,2,50.0000,7
Mental illness,Panic Disorder,Phase 3,CHANGE FROM BASELINE IN MAS SCORE,1,2,50.0000,8
Mental illness,Panic Disorder,Phase 3,CHANGE IN BLOOD PRESSURE,1,2,50.0000,10
Mental illness,Panic Disorder,Phase 3,CHANGE IN HEART RATE,1,2,50.0000,16
Mental illness,Panic Disorder,Phase 3,MEAN CHANGE FROM BASELINE MAS,1,2,50.0000,17
Mental illness,Panic Disorder,Phase 3,MEAN CHANGE FROM BASELINE MAS IN ELBOW FLEXORS,1,2,50.0000,18
Mental illness,Panic Disorder,Phase 4,BECK ANXIETY INVENTORY SCORE,1,5,20.0000,4
Mental illness,Panic Disorder,Phase 4,CHANGE IN CLINICAL GLOBAL IMPRESSION IMPROVEMENT SCORE,1,5,20.0000,11
Mental illness,Panic Disorder,Phase 4,CHANGE IN CLINICAL GLOBAL IMPRESSION SEVERITY SCORE,1,5,20.0000,12
Mental illness,Panic Disorder,Phase 4,CHANGE IN HAM-A SCORE,1,5,20.0000,13
Mental illness,Panic Disorder,Phase 4,"CHANGE IN HAM-D, HAM-A, AND PSQI SCORES",1,5,20.0000,15
Mental illness,Panic Disorder,Phase 4,CHANGE IN MADRS SCORE,1,5,20.0000,0
Mental illness,Panic Disorder,Phase 4,CHANGE IN PDSS SCORE,1,5,20.0000,1
Neurological disorder,Parkinson's Disease,Phase 1,MAXIMUM PLASMA CONCENTRATION,21,45,46.6667,1
Neurological disorder,Parkinson's Disease,Phase 1,TIME TO MAXIMUM CONCENTRATION,20,45,44.4444,2
Neurological disorder,Parkinson's Disease,Phase 1,AREA UNDER THE CONCENTRATION-TIME CURVE,16,45,35.5556,4
Neurological disorder,Parkinson's Disease,Phase 1,AUC FROM 0 TO INFINITY,11,45,24.4444,10
Neurological disorder,Parkinson's Disease,Phase 1,AUC FROM 0 TO LAST MEASURABLE CONCENTRATION,6,45,13.3333,15
Neurological disorder,Parkinson's Disease,Phase 1,AUC0-∞,3,45,6.6667,17
Neurological disorder,Parkinson's Disease,Phase 1,CMAX - MAXIMUM OBSERVED PLASMA CONCENTRATION,3,45,6.6667,20
Neurological disorder,Parkinson's Disease,Phase 2,CHANGE IN UPDRS SCORE,18,106,16.9811,0
Neurological disorder,Parkinson's Disease,Phase 2,CHANGE IN MOCA SCORE,11,106,10.3774,5
Neurological disorder,Parkinson's Disease,Phase 2,CHANGE IN MDS-UPDRS SCORE,10,106,9.4340,11
Neurological disorder,Parkinson's Disease,Phase 2,MAXIMUM PLASMA CONCENTRATION,9,106,8.4906,1
Neurological disorder,Parkinson's Disease,Phase 2,CHANGE IN PDQ-39 SCORE,8,106,7.5472,12
Neurological disorder,Parkinson's Disease,Phase 2,NUMBER OF PARTICIPANTS WITH TREATMENT-EMERGENT ADVERSE EVENTS,8,106,7.5472,3
Neurological disorder,Parkinson's Disease,Phase 2,CHANGE IN MDS-UPDRS PART III SCORE,7,106,6.6038,13
Neurological disorder,Parkinson's Disease,Phase 3,CHANGE IN UPDRS SCORE,35,106,33.0189,0
Neurological disorder,Parkinson's Disease,Phase 3,NUMBER OF PARTICIPANTS WITH ADVERSE EVENTS,14,106,13.2075,7
Neurological disorder,Parkinson's Disease,Phase 3,CHANGE IN UPDRS PART III SCORE,12,106,11.3208,9
Neurological disorder,Parkinson's Disease,Phase 3,CHANGE IN UPDRS PART II SCORE,11,106,10.3774,6
Neurological disorder,Parkinson's Disease,Phase 3,NUMBER OF PARTICIPANTS WITH TREATMENT-EMERGENT ADVERSE EVENTS,10,106,9.4340,3
Neurological disorder,Parkinson's Disease,Phase 3,PATIENT GLOBAL IMPRESSION OF CHANGE,9,106,8.4906,8
Neurological disorder,Parkinson's Disease,Phase 3,MEAN CHANGE IN UPDRS PART III SCORE,7,106,6.6038,14
Neurological disorder,Parkinson's Disease,Phase 4,CHANGE IN UPDRS SCORE,21,53,39.6226,0
Neurological disorder,Parkinson's Disease,Phase 4,CHANGE IN MOCA SCORE,5,53,9.4340,5
Neurological disorder,Parkinson's Disease,Phase 4,CHANGE IN UPDRS PART II SCORE,4,53,7.5472,6
Neurological disorder,Parkinson's Disease,Phase 4,EPWORTH SLEEPINESS SCALE SCORE,4,53,7.5472,16
Neurological disorder,Parkinson's Disease,Phase 4,PATIENT GLOBAL IMPRESSION OF CHANGE,4,53,7.5472,8
Neurological disorder,Parkinson's Disease,Phase 4,CHANGE IN BDI-II SCORE,3,53,5.6604,18
Neurological disorder,Parkinson's Disease,Phase 4,CHANGE IN EQ-5D SCORE,3,53,5.6604,19
Situation with explicit context,Pediatric Population,Phase 1,AUC 0-INF,1,2,50.0000,12
Situation with explicit context,Pediatric Population,Phase 1,AUC 0-T,1,2,50.0000,13
Situation with explicit context,Pediatric Population,Phase 1,CLEARANCE FOR ERIBULIN MESYLATE,1,2,50.0000,20
Situation with explicit context,Pediatric Population,Phase 1,MAXIMUM PLASMA CONCENTRATION,1,2,50.0000,5
Situation with explicit context,Pediatric Population,Phase 1,MAXIMUM TOLERATED DOSE,1,2,50.0000,22
Situation with explicit context,Pediatric Population,Phase 1,NUMBER OF ADVERSE EVENTS,1,2,50.0000,23
Situation with explicit context,Pediatric Population,Phase 1,NUMBER OF PARTICIPANTS WITH CLINICALLY SIGNIFICANT CHANGE IN LABORATORY VALUES,1,2,50.0000,26
Situation with explicit context,Pediatric Population,Phase 2,AREA UNDER THE CONCENTRATION-TIME CURVE,1,3,33.3333,10
Situation with explicit context,Pediatric Population,Phase 2,AREA UNDER THE PLASMA CONCENTRATION TIME CURVE (AUC 0-12H),1,3,33.3333,11
Situation with explicit context,Pediatric Population,Phase 2,CARIES INCREMENT,1,3,33.3333,19
Situation with explicit context,Pediatric Population,Phase 2,CUMULATIVE ADVERSE AND SERIOUS ADVERSE EVENTS,1,3,33.3333,21
Situation with explicit context,Pediatric Population,Phase 2,MAXIMUM PLASMA CONCENTRATION,1,3,33.3333,5
Situation with explicit context,Pediatric Population,Phase 2,NUMBER OF PARTICIPANTS WITH ADVERSE EVENTS,1,3,33.3333,24
Situation with explicit context,Pediatric Population,Phase 2,NUMBER OF PARTICIPANTS WITH CARIES,1,3,33.3333,25
Situation with explicit context,Pediatric Population,Phase 3,GOAL ATTAINMENT SCORE,2,13,15.3846,3
Situation with explicit context,Pediatric Population,Phase 3,PERCENTAGE OF PARTICIPANTS WITH AT LEAST ONE TREATMENT-EMERGENT ADVERSE EVENT,2,13,15.3846,7
Situation with explicit context,Pediatric Population,Phase 3,AUC FROM 0 TO INFINITY,1,13,7.6923,14
Situation with explicit context,Pediatric Population,Phase 3,AUC(0-24),1,13,7.6923,15
Situation with explicit context,Pediatric Population,Phase 3,AUC(0-24) OF TAK-536 METABOLITE M-I,1,13,7.6923,16
Situation with explicit context,Pediatric Population,Phase 3,AUC(0-INF),1,13,7.6923,17
Situation with explicit context,Pediatric Population,Phase 3,AVERAGE CHANGE IN MAS-B ANKLE SCORE,1,13,7.6923,18
Situation with explicit context,Pediatric Population,Phase 4,ALL-CAUSE MORTALITY,4,16,25.0000,0
Situation with explicit context,Pediatric Population,Phase 4,CHANGE IN BODY WEIGHT,2,16,12.5000,1
Situation with explicit context,Pediatric Population,Phase 4,CHANGE IN LENGTH,2,16,12.5000,2
Situation with explicit context,Pediatric Population,Phase 4,HEIGHT-FOR-AGE Z-SCORE,2,16,12.5000,4
Situation with explicit context,Pediatric Population,Phase 4,MID-UPPER ARM CIRCUMFERENCE,2,16,12.5000,6
Situation with explicit context,Pediatric Population,Phase 4,WEIGHT-FOR-HEIGHT Z-SCORE,2,16,12.5000,8
Situation with explicit context,Pediatric Population,Phase 4,ALL-CAUSE AND CAUSE-SPECIFIC HEALTH CLINIC VISITS,1,16,6.2500,9
Disorder of digestive system,Peptic Ulcer Disease,Phase 1,AUC FROM 0 TO INFINITY,1,3,33.3333,3
Disorder of digestive system,Peptic Ulcer Disease,Phase 1,AUC(0-T),1,3,33.3333,13
Disorder of digestive system,Peptic Ulcer Disease,Phase 1,ELIMINATION HALF-LIFE,1,3,33.3333,18
Disorder of digestive system,Peptic Ulcer Disease,Phase 1,ENDOSCOPIC SCORE - CRYER SCORE,1,3,33.3333,19
Disorder of digestive system,Peptic Ulcer Disease,Phase 1,HISTOPATHOLOGICAL SCORE,1,3,33.3333,21
Disorder of digestive system,Peptic Ulcer Disease,Phase 1,MAXIMUM OBSERVED POST DOSE CONCENTRATION,1,3,33.3333,25
Disorder of digestive system,Peptic Ulcer Disease,Phase 1,MODIFIED LANZA SCORE,1,3,33.3333,26
Disorder of digestive system,Peptic Ulcer Disease,Phase 2,ABSENCE OF GASTROINTESTINAL LEAK,1,8,12.5000,10
Disorder of digestive system,Peptic Ulcer Disease,Phase 2,COMPLETE HEALING,1,8,12.5000,16
Disorder of digestive system,Peptic Ulcer Disease,Phase 2,DEGREE OF GI INJURY,1,8,12.5000,17
Disorder of digestive system,Peptic Ulcer Disease,Phase 2,HEALING RATE,1,8,12.5000,20
Disorder of digestive system,Peptic Ulcer Disease,Phase 2,INCIDENCE OF ADVERSE EVENTS,1,8,12.5000,22
Disorder of digestive system,Peptic Ulcer Disease,Phase 2,INCIDENCE OF GASTRODUODENAL ULCERS,1,8,12.5000,23
Disorder of digestive system,Peptic Ulcer Disease,Phase 2,INCIDENCE OF GI LEAK,1,8,12.5000,24
Disorder of digestive system,Peptic Ulcer Disease,Phase 3,NUMBER OF PARTICIPANTS WITH GASTRIC ULCER,5,31,16.1290,0
Disorder of digestive system,Peptic Ulcer Disease,Phase 3,NUMBER OF PARTICIPANTS DISCONTINUING DUE TO NSAID-ASSOCIATED GI ADVERSE EVENTS,4,31,12.9032,1
Disorder of digestive system,Peptic Ulcer Disease,Phase 3,NUMBER OF PARTICIPANTS WITH TREATMENT-EMERGENT ADVERSE EVENTS,4,31,12.9032,2
Disorder of digestive system,Peptic Ulcer Disease,Phase 3,CHANGE FROM BASELINE IN DUODENAL MUCOSAL INJURY,2,31,6.4516,5
Disorder of digestive system,Peptic Ulcer Disease,Phase 3,CHANGE FROM BASELINE IN LANZA SCORE,2,31,6.4516,6
Disorder of digestive system,Peptic Ulcer Disease,Phase 3,CHANGE FROM BASELINE IN MEDIAN 24-HOUR INTRAGASTRIC PH,2,31,6.4516,7
Disorder of digestive system,Peptic Ulcer Disease,Phase 3,CHANGE FROM BASELINE IN SEVERITY OF HEARTBURN,2,31,6.4516,8
Disorder of digestive system,Peptic Ulcer Disease,Phase 4,ALL-CAUSE MORTALITY,2,17,11.7647,4
Disorder of digestive system,Peptic Ulcer Disease,Phase 4,AUC FROM 0 TO INFINITY,2,17,11.7647,3
Disorder of digestive system,Peptic Ulcer Disease,Phase 4,1-YEAR SURVIVAL RATE,1,17,5.8824,9
Disorder of digestive system,Peptic Ulcer Disease,Phase 4,APPARENT FIRST-ORDER ELIMINATION RATE CONSTANT,1,17,5.8824,11
Disorder of digestive system,Peptic Ulcer Disease,Phase 4,AUC FROM 0 TO LAST MEASURABLE CONCENTRATION,1,17,5.8824,12
Disorder of digestive system,Peptic Ulcer Disease,Phase 4,CHANGE FROM BASELINE IN GLOBAL OVERALL SYMPTOM SCORE,1,17,5.8824,14
Disorder of digestive system,Peptic Ulcer Disease,Phase 4,CHANGE FROM BASELINE IN HOSPITAL ANXIETY AND DEPRESSION SCALE,1,17,5.8824,15
Cardiovascular disease,Peripheral Artery Disease,Phase 1,NUMBER OF PARTICIPANTS WITH TREATMENT-EMERGENT ADVERSE EVENTS,2,7,28.5714,1
Cardiovascular disease,Peripheral Artery Disease,Phase 1,AREA UNDER THE CONCENTRATION-TIME CURVE,1,7,14.2857,18
Cardiovascular disease,Peripheral Artery Disease,Phase 1,CAPILLARY DENSITY CHANGE,1,7,14.2857,19
Cardiovascular disease,Peripheral Artery Disease,Phase 1,CHANGE FROM BASELINE IN ANKLE BRACHIAL INDEX,1,7,14.2857,20
Cardiovascular disease,Peripheral Artery Disease,Phase 1,CHANGE FROM BASELINE IN TOE BRACHIAL INDEX,1,7,14.2857,21
Cardiovascular disease,Peripheral Artery Disease,Phase 1,CHANGE FROM BASELINE IN TRANSCUTANEOUS OXYGEN PRESSURE,1,7,14.2857,22
Cardiovascular disease,Peripheral Artery Disease,Phase 1,CHANGE IN BODY WEIGHT,1,7,14.2857,23
Cardiovascular disease,Peripheral Artery Disease,Phase 2,CHANGE IN 6-MINUTE WALK DISTANCE,4,25,16.0000,2
Cardiovascular disease,Peripheral Artery Disease,Phase 2,NUMBER OF PARTICIPANTS WITH ADVERSE EVENTS,4,25,16.0000,3
Cardiovascular disease,Peripheral Artery Disease,Phase 2,CHANGE IN CLAUDICATION ONSET TIME,3,25,12.0000,6
Cardiovascular disease,Peripheral Artery Disease,Phase 2,CHANGE IN VAS PAIN SCORE,3,25,12.0000,8
Cardiovascular disease,Peripheral Artery Disease,Phase 2,NUMBER OF PARTICIPANTS WITH TREATMENT-EMERGENT ADVERSE EVENTS,3,25,12.0000,1
Cardiovascular disease,Peripheral Artery Disease,Phase 2,6-MINUTE WALK DISTANCE,2,25,8.0000,9
Cardiovascular disease,Peripheral Artery Disease,Phase 2,CHANGE IN ANGIOGENESIS,2,25,8.0000,10
Cardiovascular disease,Peripheral Artery Disease,Phase 3,CHANGE IN EQ-5D SCORE,3,16,18.7500,7
Cardiovascular disease,Peripheral Artery Disease,Phase 3,CHANGE IN QUALITY OF LIFE SCORE,3,16,18.7500,0
Cardiovascular disease,Peripheral Artery Disease,Phase 3,ALL-CAUSE MORTALITY,2,16,12.5000,4
Cardiovascular disease,Peripheral Artery Disease,Phase 3,ASSISTED PRIMARY PATENCY,2,16,12.5000,5
Cardiovascular disease,Peripheral Artery Disease,Phase 3,CHANGE IN SF-36 SCORE,2,16,12.5000,12
Cardiovascular disease,Peripheral Artery Disease,Phase 3,MAJOR ADVERSE EVENTS,2,16,12.5000,13
Cardiovascular disease,Peripheral Artery Disease,Phase 3,PROCEDURAL SUCCESS,2,16,12.5000,15
Cardiovascular disease,Peripheral Artery Disease,Phase 4,CHANGE IN PAIN SCORE,2,18,11.1111,11
Cardiovascular disease,Peripheral Artery Disease,Phase 4,CHANGE IN QUALITY OF LIFE SCORE,2,18,11.1111,0
Cardiovascular disease,Peripheral Artery Disease,Phase 4,NUMBER OF PARTICIPANTS REQUIRING REPEAT INJECTIONS,2,18,11.1111,14
Cardiovascular disease,Peripheral Artery Disease,Phase 4,ADEQUATE QUALITY OF OPACIFICATION,1,18,5.5556,16
Cardiovascular disease,Peripheral Artery Disease,Phase 4,ADJUNCTIVE THERAPY USE,1,18,5.5556,17
Cardiovascular disease,Peripheral Artery Disease,Phase 4,ALL-CAUSE MORTALITY,1,18,5.5556,4
Cardiovascular disease,Peripheral Artery Disease,Phase 4,ASSISTED PRIMARY PATENCY,1,18,5.5556,5
Congenital disease,Phenylketonuria,Phase 1,AREA UNDER THE CONCENTRATION-TIME CURVE,3,4,75.0000,5
Congenital disease,Phenylketonuria,Phase 1,MAXIMUM OBSERVED PLASMA CONCENTRATION,3,4,75.0000,7
Congenital disease,Phenylketonuria,Phase 1,TERMINAL ELIMINATION RATE CONSTANT,3,4,75.0000,9
Congenital disease,Phenylketonuria,Phase 1,TIME TO MAXIMUM OBSERVED PLASMA CONCENTRATION,3,4,75.0000,11
Congenital disease,Phenylketonuria,Phase 1,APPARENT TERMINAL ELIMINATION HALF-LIFE,2,4,50.0000,12
Congenital disease,Phenylketonuria,Phase 1,AUC(0-∞),2,4,50.0000,13
Congenital disease,Phenylketonuria,Phase 1,ACCEPTABILITY SCORE FOR SUSPENSION,1,4,25.0000,18
Congenital disease,Phenylketonuria,Phase 2,NUMBER OF PARTICIPANTS WITH ADVERSE EVENTS,4,17,23.5294,0
Congenital disease,Phenylketonuria,Phase 2,OBJECTIVE RESPONSE RATE,3,17,17.6471,8
Congenital disease,Phenylketonuria,Phase 2,BLOOD PHENYLALANINE CONCENTRATION,2,17,11.7647,14
Congenital disease,Phenylketonuria,Phase 2,CHANGE IN HEMATOCRIT,2,17,11.7647,15
Congenital disease,Phenylketonuria,Phase 2,DRUG-RELATED ADVERSE EVENTS,2,17,11.7647,16
Congenital disease,Phenylketonuria,Phase 2,DURATION OF RESPONSE,2,17,11.7647,17
Congenital disease,Phenylketonuria,Phase 2,MAXIMUM PLASMA CONCENTRATION,2,17,11.7647,1
Congenital disease,Phenylketonuria,Phase 3,NUMBER OF PARTICIPANTS WITH ADVERSE EVENTS,4,23,17.3913,0
Congenital disease,Phenylketonuria,Phase 3,NUMBER OF PARTICIPANTS WITH TREATMENT-EMERGENT ADVERSE EVENTS,4,23,17.3913,2
Congenital disease,Phenylketonuria,Phase 3,ABSOLUTE CHANGE IN PLASMA OXALATE,3,23,13.0435,3
Congenital disease,Phenylketonuria,Phase 3,APPARENT VOLUME OF DISTRIBUTION,3,23,13.0435,4
Congenital disease,Phenylketonuria,Phase 3,CHANGE IN EGFR,3,23,13.0435,6
Congenital disease,Phenylketonuria,Phase 3,MAXIMUM PLASMA CONCENTRATION,3,23,13.0435,1
Congenital disease,Phenylketonuria,Phase 3,TIME TO MAXIMUM CONCENTRATION,3,23,13.0435,10
Congenital disease,Phenylketonuria,Phase 4,MEAN CHANGE IN BLOOD PHENYLALANINE-TO-TYROSINE RATIO,1,4,25.0000,19
Congenital disease,Phenylketonuria,Phase 4,NUMBER OF PARTICIPANTS WITH 20% DECREASE IN PHENYLALANINE LEVELS,1,4,25.0000,20
Congenital disease,Phenylketonuria,Phase 4,NUMBER OF PARTICIPANTS WITH ADVERSE EVENTS,1,4,25.0000,0
Congenital disease,Phenylketonuria,Phase 4,"PERCENTAGE OF EARLY-, LATE- AND PARTIAL-RESPONDERS",1,4,25.0000,21
Congenital disease,Phenylketonuria,Phase 4,PERCENTAGE OF PARTICIPANTS WITH AT LEAST 30 PERCENT REDUCTION IN BLOOD PHE LEVEL,1,4,25.0000,22
Congenital disease,Phenylketonuria,Phase 4,PERCENTAGE OF PARTICIPANTS WITH BLOOD PHE LEVEL REDUCTION,1,4,25.0000,23
Congenital disease,Phenylketonuria,Phase 4,RESPONDER RATE,1,4,25.0000,24
Infection,Pneumonia,Phase 1,AUC FROM 0 TO INFINITY,2,13,15.3846,11
Infection,Pneumonia,Phase 1,MAXIMUM PLASMA CONCENTRATION,2,13,15.3846,13
Infection,Pneumonia,Phase 1,NUMBER OF PARTICIPANTS WITH TREATMENT-EMERGENT ADVERSE EVENTS,2,13,15.3846,14
Infection,Pneumonia,Phase 1,PERCENTAGE OF PARTICIPANTS WITH A VACCINE-RELATED SERIOUS ADVERSE EVENT,2,13,15.3846,16
Infection,Pneumonia,Phase 1,PLASMA DRUG CONCENTRATION,2,13,15.3846,17
Infection,Pneumonia,Phase 1,SEROTYPE-SPECIFIC IGG GMCS,2,13,15.3846,18
Infection,Pneumonia,Phase 1,ANTIBODY TITER,1,13,7.6923,19
Infection,Pneumonia,Phase 2,PERCENTAGE OF PARTICIPANTS ACHIEVING TARGET,6,38,15.7895,0
Infection,Pneumonia,Phase 2,PERCENTAGE OF PARTICIPANTS WITH ADVERSE EVENTS,6,38,15.7895,1
Infection,Pneumonia,Phase 2,PERCENTAGE OF PARTICIPANTS WITH SYSTEMIC EVENTS,4,38,10.5263,2
Infection,Pneumonia,Phase 2,ALL-CAUSE MORTALITY,3,38,7.8947,4
Infection,Pneumonia,Phase 2,CLINICAL CURE,3,38,7.8947,7
Infection,Pneumonia,Phase 2,CLINICAL CURE RATE,3,38,7.8947,8
Infection,Pneumonia,Phase 2,INJECTION SITE REACTIONS,3,38,7.8947,10
Infection,Pneumonia,Phase 3,PERCENTAGE OF PARTICIPANTS WITH SOLICITED INJECTION-SITE ADVERSE EVENTS,15,97,15.4639,3
Infection,Pneumonia,Phase 3,PERCENTAGE OF PARTICIPANTS WITH ADVERSE EVENTS,14,97,14.4330,1
Infection,Pneumonia,Phase 3,PERCENTAGE OF PARTICIPANTS ACHIEVING TARGET,13,97,13.4021,0
Infection,Pneumonia,Phase 3,PERCENTAGE OF PARTICIPANTS WITH SYSTEMIC EVENTS,13,97,13.4021,2
Infection,Pneumonia,Phase 3,PERCENTAGE OF PARTICIPANTS REPORTING LOCAL REACTIONS,12,97,12.3711,5
Infection,Pneumonia,Phase 3,PERCENTAGE OF PARTICIPANTS WITH SERIOUS ADVERSE EVENTS,12,97,12.3711,6
Infection,Pneumonia,Phase 3,ALL-CAUSE MORTALITY,11,97,11.3402,4
Infection,Pneumonia,Phase 4,GEOMETRIC MEAN CONCENTRATION,3,19,15.7895,9
Infection,Pneumonia,Phase 4,PERCENTAGE OF PARTICIPANTS ACHIEVING TARGET,3,19,15.7895,0
Infection,Pneumonia,Phase 4,CLINICAL CURE,2,19,10.5263,7
Infection,Pneumonia,Phase 4,CLINICAL CURE RATE,2,19,10.5263,8
Infection,Pneumonia,Phase 4,GEOMETRIC MEAN CONCENTRATION OF IGG ANTIBODY,2,19,10.5263,12
Infection,Pneumonia,Phase 4,PERCENTAGE OF PARTICIPANTS ACHIEVING OPA TITER,2,19,10.5263,15
Infection,Pneumonia,Phase 4,PERCENTAGE OF PARTICIPANTS WITH ADVERSE EVENTS,2,19,10.5263,1
Disorder of the genitourinary system,Polycystic Kidney Disease,Phase 1,AUC0-150 FOR NIRSEVIMAB,1,1,100.0000,16
Disorder of the genitourinary system,Polycystic Kidney Disease,Phase 1,MAXIMUM OBSERVED SERUM CONCENTRATION,1,1,100.0000,20
Disorder of the genitourinary system,Polycystic Kidney Disease,Phase 1,NUMBER OF PARTICIPANTS WITH POSITIVE ANTI-DRUG ANTIBODY,1,1,100.0000,21
Disorder of the genitourinary system,Polycystic Kidney Disease,Phase 1,SERUM CONCENTRATION OF NIRSEVIMAB,1,1,100.0000,22
Disorder of the genitourinary system,Polycystic Kidney Disease,Phase 1,TIME TO MAXIMUM CONCENTRATION,1,1,100.0000,2
Disorder of the genitourinary system,Polycystic Kidney Disease,Phase 2,CHANGE IN EGFR,9,20,45.0000,0
Disorder of the genitourinary system,Polycystic Kidney Disease,Phase 2,NUMBER OF PARTICIPANTS WITH TREATMENT-EMERGENT ADVERSE EVENTS,7,20,35.0000,1
Disorder of the genitourinary system,Polycystic Kidney Disease,Phase 2,CHANGE IN QUALITY OF LIFE SCORE,3,20,15.0000,3
Disorder of the genitourinary system,Polycystic Kidney Disease,Phase 2,MAXIMUM PLASMA CONCENTRATION,3,20,15.0000,4
Disorder of the genitourinary system,Polycystic Kidney Disease,Phase 2,PERCENT CHANGE IN TOTAL KIDNEY VOLUME,3,20,15.0000,6
Disorder of the genitourinary system,Polycystic Kidney Disease,Phase 2,TIME TO MAXIMUM CONCENTRATION,3,20,15.0000,2
Disorder of the genitourinary system,Polycystic Kidney Disease,Phase 2,AREA UNDER THE CONCENTRATION-TIME CURVE,2,20,10.0000,7
Disorder of the genitourinary system,Polycystic Kidney Disease,Phase 3,CHANGE IN EGFR,8,18,44.4444,0
Disorder of the genitourinary system,Polycystic Kidney Disease,Phase 3,NUMBER OF PARTICIPANTS WITH TREATMENT-EMERGENT ADVERSE EVENTS,5,18,27.7778,1
Disorder of the genitourinary system,Polycystic Kidney Disease,Phase 3,NUMBER OF PARTICIPANTS WITH POTENTIALLY CLINICALLY IMPORTANT VITAL SIGNS FINDINGS,3,18,16.6667,5
Disorder of the genitourinary system,Polycystic Kidney Disease,Phase 3,LEFT VENTRICULAR MASS INDEX,2,18,11.1111,8
Disorder of the genitourinary system,Polycystic Kidney Disease,Phase 3,NUMBER OF PARTICIPANTS WITH HEPATOTOXICITY,2,18,11.1111,9
Disorder of the genitourinary system,Polycystic Kidney Disease,Phase 3,NUMBER OF PARTICIPANTS WITH POTENTIALLY CLINICALLY IMPORTANT ECG FINDINGS,2,18,11.1111,10
Disorder of the genitourinary system,Polycystic Kidney Disease,Phase 3,NUMBER OF PARTICIPANTS WITH POTENTIALLY CLINICALLY IMPORTANT LABORATORY FINDINGS,2,18,11.1111,11
Disorder of the genitourinary system,Polycystic Kidney Disease,Phase 4,ACUTE REJECTION INCIDENCE,1,4,25.0000,12
Disorder of the genitourinary system,Polycystic Kidney Disease,Phase 4,ADVERSE EVENTS/COMPLICATION RATES,1,4,25.0000,13
Disorder of the genitourinary system,Polycystic Kidney Disease,Phase 4,ALL-CAUSE MORTALITY,1,4,25.0000,14
Disorder of the genitourinary system,Polycystic Kidney Disease,Phase 4,ALLOGRAFT LOSS,1,4,25.0000,15
Disorder of the genitourinary system,Polycystic Kidney Disease,Phase 4,BEST SPECTACLE-CORRECTED VISUAL ACUITY,1,4,25.0000,17
Disorder of the genitourinary system,Polycystic Kidney Disease,Phase 4,BK VIREMIA,1,4,25.0000,18
Disorder of the genitourinary system,Polycystic Kidney Disease,Phase 4,CHANGE IN AORTIC PULSE-WAVE VELOCITY,1,4,25.0000,19
Disorder of endocrine system,Polycystic Ovary Syndrome,Phase 2,OVULATION RATE,4,13,30.7692,1
Disorder of endocrine system,Polycystic Ovary Syndrome,Phase 2,CHANGE IN BODY MASS INDEX,3,13,23.0769,0
Disorder of endocrine system,Polycystic Ovary Syndrome,Phase 2,CHANGE IN LDL CHOLESTEROL,2,13,15.3846,8
Disorder of endocrine system,Polycystic Ovary Syndrome,Phase 2,ACCUMULATION INDEX,1,13,7.6923,11
Disorder of endocrine system,Polycystic Ovary Syndrome,Phase 2,ANDROSTENEDIONE LEVEL,1,13,7.6923,15
Disorder of endocrine system,Polycystic Ovary Syndrome,Phase 2,APPARENT CLEARANCE,1,13,7.6923,16
Disorder of endocrine system,Polycystic Ovary Syndrome,Phase 2,APPARENT VOLUME OF DISTRIBUTION,1,13,7.6923,17
Disorder of endocrine system,Polycystic Ovary Syndrome,Phase 3,CHANGE IN BODY MASS INDEX,7,20,35.0000,0
Disorder of endocrine system,Polycystic Ovary Syndrome,Phase 3,CHANGE FROM BASELINE IN GROWTH VELOCITY,3,20,15.0000,2
Disorder of endocrine system,Polycystic Ovary Syndrome,Phase 3,CHANGE IN TRIGLYCERIDES,3,20,15.0000,4
Disorder of endocrine system,Polycystic Ovary Syndrome,Phase 3,CHANGE FROM BASELINE IN ESTRADIOL LEVELS,2,20,10.0000,5
Disorder of endocrine system,Polycystic Ovary Syndrome,Phase 3,CHANGE FROM BASELINE IN TESTOSTERONE LEVELS,2,20,10.0000,6
Disorder of endocrine system,Polycystic Ovary Syndrome,Phase 3,CHANGE IN FREE ANDROGEN INDEX,2,20,10.0000,7
Disorder of endocrine system,Polycystic Ovary Syndrome,Phase 3,CHANGE IN QUALITY OF LIFE SCORE,2,20,10.0000,9
Disorder of endocrine system,Polycystic Ovary Syndrome,Phase 4,CHANGE IN BLOOD PRESSURE,3,19,15.7895,3
Disorder of endocrine system,Polycystic Ovary Syndrome,Phase 4,ENDOMETRIAL THICKNESS,2,19,10.5263,10
Disorder of endocrine system,Polycystic Ovary Syndrome,Phase 4,ACUTE INSULIN RESISTANCE TO INTRAVENOUS GLUCOSE,1,19,5.2632,12
Disorder of endocrine system,Polycystic Ovary Syndrome,Phase 4,ADIPONECTIN LEVELS,1,19,5.2632,13
Disorder of endocrine system,Polycystic Ovary Syndrome,Phase 4,AMH LEVELS,1,19,5.2632,14
Disorder of endocrine system,Polycystic Ovary Syndrome,Phase 4,AREA UNDER THE CURVE FOR BLOOD GLUCOSE,1,19,5.2632,18
Disorder of endocrine system,Polycystic Ovary Syndrome,Phase 4,CHANGE FROM BASELINE IN DEPRESSION SCORE,1,19,5.2632,19
Situation with explicit context,Post-Operative Care,Phase 1,AUC EXTRAPOLATED,1,3,33.3333,18
Situation with explicit context,Post-Operative Care,Phase 1,AUC FROM 0 TO INFINITY,1,3,33.3333,19
Situation with explicit context,Post-Operative Care,Phase 1,AUC0-LAST,1,3,33.3333,5
Situation with explicit context,Post-Operative Care,Phase 1,CHANGE IN SF-36 SCORE,1,3,33.3333,20
Situation with explicit context,Post-Operative Care,Phase 1,MAXIMUM PLASMA CONCENTRATION,1,3,33.3333,7
Situation with explicit context,Post-Operative Care,Phase 1,POST-OPERATIVE HOSPITAL STAY,1,3,33.3333,21
Situation with explicit context,Post-Operative Care,Phase 1,TERMINAL HALF LIFE,1,3,33.3333,22
Situation with explicit context,Post-Operative Care,Phase 2,TIME TO HOSPITAL DISCHARGE,4,24,16.6667,4
Situation with explicit context,Post-Operative Care,Phase 2,AUC0-LAST,2,24,8.3333,5
Situation with explicit context,Post-Operative Care,Phase 2,CHANGE IN HEART RATE,2,24,8.3333,3
Situation with explicit context,Post-Operative Care,Phase 2,CHANGE IN NRS PAIN SCORE,2,24,8.3333,11
Situation with explicit context,Post-Operative Care,Phase 2,ESTIMATED BLOOD LOSS,2,24,8.3333,13
Situation with explicit context,Post-Operative Care,Phase 2,MAXIMUM PLASMA CONCENTRATION,2,24,8.3333,7
Situation with explicit context,Post-Operative Care,Phase 2,NUMBER OF PARTICIPANTS WITH ADVERSE EVENTS,2,24,8.3333,17
Situation with explicit context,Post-Operative Care,Phase 3,NUMBER OF PARTICIPANTS WITH POSTOPERATIVE URINARY RETENTION,3,27,11.1111,2
Situation with explicit context,Post-Operative Care,Phase 3,CHANGE IN BLOOD PRESSURE,2,27,7.4074,9
Situation with explicit context,Post-Operative Care,Phase 3,CHANGE IN HEART RATE,2,27,7.4074,3
Situation with explicit context,Post-Operative Care,Phase 3,CHANGE IN INR,2,27,7.4074,10
Situation with explicit context,Post-Operative Care,Phase 3,LENGTH OF HOSPITAL STAY,2,27,7.4074,0
Situation with explicit context,Post-Operative Care,Phase 3,MEAN CHANGE IN CGI SCORE OF FUNCTIONAL DISABILITY,2,27,7.4074,14
Situation with explicit context,Post-Operative Care,Phase 3,MEAN CHANGE IN RED BLOOD CELL COUNT,2,27,7.4074,15
Situation with explicit context,Post-Operative Care,Phase 4,LENGTH OF HOSPITAL STAY,7,44,15.9091,0
Situation with explicit context,Post-Operative Care,Phase 4,PATIENT SATISFACTION,6,44,13.6364,1
Situation with explicit context,Post-Operative Care,Phase 4,CHANGE IN VAS PAIN SCORE,3,44,6.8182,6
Situation with explicit context,Post-Operative Care,Phase 4,ALL-CAUSE MORTALITY,2,44,4.5455,8
Situation with explicit context,Post-Operative Care,Phase 4,CHANGE IN PAIN SCORE,2,44,4.5455,12
Situation with explicit context,Post-Operative Care,Phase 4,NAUSEA,2,44,4.5455,16
Situation with explicit context,Post-Operative Care,Phase 4,NUMBER OF PARTICIPANTS WITH POSTOPERATIVE URINARY RETENTION,2,44,4.5455,2
Mental illness,Post-Traumatic Stress Disorder,Phase 1,6-MINUTE WALK DISTANCE,1,10,10.0000,18
Mental illness,Post-Traumatic Stress Disorder,Phase 1,ACCEPTABILITY OF TREATMENT EXPECTANCIES,1,10,10.0000,19
Mental illness,Post-Traumatic Stress Disorder,Phase 1,ANXIETY DISORDERS INTERVIEW SCHEDULE,1,10,10.0000,20
Mental illness,Post-Traumatic Stress Disorder,Phase 1,ATTENDANCE RATE,1,10,10.0000,21
Mental illness,Post-Traumatic Stress Disorder,Phase 1,BASELINE EXECUTIVE FUNCTION,1,10,10.0000,22
Mental illness,Post-Traumatic Stress Disorder,Phase 1,BASELINE VERBAL MEMORY,1,10,10.0000,23
Mental illness,Post-Traumatic Stress Disorder,Phase 1,BASELINE VISUAL ATTENTION,1,10,10.0000,24
Mental illness,Post-Traumatic Stress Disorder,Phase 2,CHANGE IN MADRS SCORE,7,70,10.0000,2
Mental illness,Post-Traumatic Stress Disorder,Phase 2,CHANGE IN CAPS SCORE,6,70,8.5714,0
Mental illness,Post-Traumatic Stress Disorder,Phase 2,CHANGE IN CAPS-5 TOTAL SEVERITY SCORE,6,70,8.5714,1
Mental illness,Post-Traumatic Stress Disorder,Phase 2,CHANGE IN BDI-II SCORE,5,70,7.1429,3
Mental illness,Post-Traumatic Stress Disorder,Phase 2,CHANGE IN CAPS-IV SCORE,5,70,7.1429,4
Mental illness,Post-Traumatic Stress Disorder,Phase 2,CHANGE IN PITTSBURGH SLEEP QUALITY INDEX SCORE,4,70,5.7143,5
Mental illness,Post-Traumatic Stress Disorder,Phase 2,NUMBER OF PARTICIPANTS WITH TREATMENT-EMERGENT ADVERSE EVENTS,4,70,5.7143,6
Mental illness,Post-Traumatic Stress Disorder,Phase 3,CHANGE IN CAPS SCORE,3,24,12.5000,0
Mental illness,Post-Traumatic Stress Disorder,Phase 3,CHANGE IN SHEEHAN DISABILITY SCALE TOTAL SCORE,3,24,12.5000,10
Mental illness,Post-Traumatic Stress Disorder,Phase 3,CHANGE FROM BASELINE IN CAPS-5 TOTAL SCORE,2,24,8.3333,11
Mental illness,Post-Traumatic Stress Disorder,Phase 3,CHANGE IN B-IPF SCORE,2,24,8.3333,12
Mental illness,Post-Traumatic Stress Disorder,Phase 3,CHANGE IN CAPS-5 TOTAL SEVERITY SCORE,2,24,8.3333,1
Mental illness,Post-Traumatic Stress Disorder,Phase 3,CHANGE IN CLINICAL GLOBAL IMPRESSION - SEVERITY SCORE,2,24,8.3333,13
Mental illness,Post-Traumatic Stress Disorder,Phase 3,CHANGE IN PHQ-9 SCORE,2,24,8.3333,14
Mental illness,Post-Traumatic Stress Disorder,Phase 4,CAPS TOTAL SCORE,3,42,7.1429,7
Mental illness,Post-Traumatic Stress Disorder,Phase 4,CHANGE IN CAPS SCORE,3,42,7.1429,0
Mental illness,Post-Traumatic Stress Disorder,Phase 4,CHANGE IN HAM-D SCORE,3,42,7.1429,8
Mental illness,Post-Traumatic Stress Disorder,Phase 4,CHANGE IN PTSD SYMPTOMS,3,42,7.1429,9
Mental illness,Post-Traumatic Stress Disorder,Phase 4,CHANGE IN PSQI SCORE,2,42,4.7619,15
Mental illness,Post-Traumatic Stress Disorder,Phase 4,CHANGE IN SALIVARY CORTISOL,2,42,4.7619,16
Mental illness,Post-Traumatic Stress Disorder,Phase 4,CLINICIAN ADMINISTERED PTSD SCALE SCORE,2,42,4.7619,17
Mental illness,Postpartum Depression,Phase 1,ABSOLUTE HEART RATE,1,2,50.0000,13
Mental illness,Postpartum Depression,Phase 1,ABSOLUTE VALUES FOR SYSTOLIC AND DIASTOLIC BLOOD PRESSURE,1,2,50.0000,14
Mental illness,Postpartum Depression,Phase 1,ABSOLUTE VALUES OF SYSTOLIC AND DIASTOLIC BLOOD PRESSURE,1,2,50.0000,15
Mental illness,Postpartum Depression,Phase 1,ABSOLUTE VALUES OF TEMPERATURE,1,2,50.0000,16
Mental illness,Postpartum Depression,Phase 1,AREA UNDER THE CONCENTRATION-TIME CURVE,1,2,50.0000,19
Mental illness,Postpartum Depression,Phase 1,AUC (0-3) OF OXYTOCIN,1,2,50.0000,20
Mental illness,Postpartum Depression,Phase 1,AUC FROM 0 TO LAST MEASURABLE CONCENTRATION,1,2,50.0000,21
Mental illness,Postpartum Depression,Phase 2,CHANGE IN HAM-D SCORE,6,23,26.0870,0
Mental illness,Postpartum Depression,Phase 2,BREAST MILK PROLACTIN LEVELS,2,23,8.6957,6
Mental illness,Postpartum Depression,Phase 2,CHANGE IN GAD-7 SCORE,2,23,8.6957,8
Mental illness,Postpartum Depression,Phase 2,CHANGE IN MADRS SCORE,2,23,8.6957,1
Mental illness,Postpartum Depression,Phase 2,NUMBER OF PARTICIPANTS EXPERIENCING SIDE-EFFECTS,2,23,8.6957,10
Mental illness,Postpartum Depression,Phase 2,NUMBER OF PARTICIPANTS REPORTING BREAST PAIN,2,23,8.6957,11
Mental illness,Postpartum Depression,Phase 2,NUMBER OF PARTICIPANTS REPORTING SIGNIFICANT BOTHER FROM BREAST PAIN,2,23,8.6957,12
Mental illness,Postpartum Depression,Phase 3,CHANGE IN MADRS SCORE,5,16,31.2500,1
Mental illness,Postpartum Depression,Phase 3,CHANGE IN HAM-D SCORE,4,16,25.0000,0
Mental illness,Postpartum Depression,Phase 3,CLINICAL GLOBAL IMPRESSION - IMPROVEMENT,4,16,25.0000,2
Mental illness,Postpartum Depression,Phase 3,PERCENTAGE OF PARTICIPANTS WITH HAM-D REMISSION,3,16,18.7500,3
Mental illness,Postpartum Depression,Phase 3,PERCENTAGE OF PARTICIPANTS WITH HAM-D RESPONSE,3,16,18.7500,4
Mental illness,Postpartum Depression,Phase 3,APGAR SCORE,2,16,12.5000,5
Mental illness,Postpartum Depression,Phase 3,CHANGE FROM BASELINE IN HAM-D BECH 6 SUBSCALE,2,16,12.5000,7
Mental illness,Postpartum Depression,Phase 4,LENGTH OF HOSPITAL STAY,2,21,9.5238,9
Mental illness,Postpartum Depression,Phase 4,ADVERSE DRUG REACTIONS,1,21,4.7619,17
Mental illness,Postpartum Depression,Phase 4,ANY BREASTFEEDING AT 6 MONTHS,1,21,4.7619,18
Mental illness,Postpartum Depression,Phase 4,BLOOD LOSS,1,21,4.7619,22
Mental illness,Postpartum Depression,Phase 4,CALGARY DEPRESSION SCALE FOR SCHIZOPHRENIA SCORE,1,21,4.7619,23
Mental illness,Postpartum Depression,Phase 4,CAUDATE REACTIVITY TO REWARD,1,21,4.7619,24
Mental illness,Postpartum Depression,Phase 4,CES-D SCORE,1,21,4.7619,25
Disorder of the genitourinary system,Preeclampsia,Phase 1,NUMBER OF PARTICIPANTS WITH ADVERSE EVENTS,1,1,100.0000,21
Disorder of the genitourinary system,Preeclampsia,Phase 2,BIRTHWEIGHT SMALL FOR GESTATIONAL AGE,1,8,12.5000,13
Disorder of the genitourinary system,Preeclampsia,Phase 2,CHANGE IN BODY WEIGHT,1,8,12.5000,15
Disorder of the genitourinary system,Preeclampsia,Phase 2,CHANGE IN CREATININE CLEARANCE,1,8,12.5000,16
Disorder of the genitourinary system,Preeclampsia,Phase 2,CHANGE IN CRP,1,8,12.5000,17
Disorder of the genitourinary system,Preeclampsia,Phase 2,CHANGE IN LOWER EXTREMITY EDEMA,1,8,12.5000,18
Disorder of the genitourinary system,Preeclampsia,Phase 2,CHANGE IN MEAN ARTERIAL BLOOD PRESSURE,1,8,12.5000,19
Disorder of the genitourinary system,Preeclampsia,Phase 2,CHANGE IN PIGF LEVELS,1,8,12.5000,20
Disorder of the genitourinary system,Preeclampsia,Phase 3,GESTATIONAL AGE AT DELIVERY,3,7,42.8571,0
Disorder of the genitourinary system,Preeclampsia,Phase 3,BIRTH WEIGHT,2,7,28.5714,1
Disorder of the genitourinary system,Preeclampsia,Phase 3,ADMISSION TO NICU,1,7,14.2857,3
Disorder of the genitourinary system,Preeclampsia,Phase 3,ANTEPARTUM BLEEDING,1,7,14.2857,6
Disorder of the genitourinary system,Preeclampsia,Phase 3,APGAR SCORE <=3 AT 5 MINUTES,1,7,14.2857,7
Disorder of the genitourinary system,Preeclampsia,Phase 3,ASPARTATE AMINOTRANSFERASE ≥100 U/LITER,1,7,14.2857,9
Disorder of the genitourinary system,Preeclampsia,Phase 3,ASPIRIN ADHERENCE,1,7,14.2857,10
Disorder of the genitourinary system,Preeclampsia,Phase 4,POSTPARTUM READMISSION,2,15,13.3333,2
Disorder of the genitourinary system,Preeclampsia,Phase 4,AMLODIPINE CONCENTRATION IN BREASTMILK,1,15,6.6667,4
Disorder of the genitourinary system,Preeclampsia,Phase 4,AMLODIPINE CONCENTRATION IN INFANT BLOOD,1,15,6.6667,5
Disorder of the genitourinary system,Preeclampsia,Phase 4,AREA UNDER THE CURVE FOR AMLODIPINE,1,15,6.6667,8
Disorder of the genitourinary system,Preeclampsia,Phase 4,AVERAGE DIASTOLIC BLOOD PRESSURE,1,15,6.6667,11
Disorder of the genitourinary system,Preeclampsia,Phase 4,AVERAGE SYSTOLIC BLOOD PRESSURE,1,15,6.6667,12
Disorder of the genitourinary system,Preeclampsia,Phase 4,BLOOD PRESSURE (SYSTOLIC/DIASTOLIC),1,15,6.6667,14
Disorder of the genitourinary system,Pregnancy Study,Phase 1,AREA UNDER THE CONCENTRATION-TIME CURVE,2,2,100.0000,2
Disorder of the genitourinary system,Pregnancy Study,Phase 1,APPARENT TERMINAL HALF-LIFE,1,2,50.0000,12
Disorder of the genitourinary system,Pregnancy Study,Phase 1,AREA UNDER THE SERUM DRUG CONCENTRATION BY TIME CURVE,1,2,50.0000,13
Disorder of the genitourinary system,Pregnancy Study,Phase 1,AUC(0-120),1,2,50.0000,14
Disorder of the genitourinary system,Pregnancy Study,Phase 1,AUC∞,1,2,50.0000,15
Disorder of the genitourinary system,Pregnancy Study,Phase 1,CMAX OF MPA,1,2,50.0000,24
Disorder of the genitourinary system,Pregnancy Study,Phase 1,MAXIMUM PLASMA CONCENTRATION,1,2,50.0000,1
Disorder of the genitourinary system,Pregnancy Study,Phase 2,NEWBORN APGAR SCORE,2,7,28.5714,6
Disorder of the genitourinary system,Pregnancy Study,Phase 2,BROMAGE MOTOR BLOCK LEVEL,1,7,14.2857,20
Disorder of the genitourinary system,Pregnancy Study,Phase 2,CESAREAN DELIVERY,1,7,14.2857,21
Disorder of the genitourinary system,Pregnancy Study,Phase 2,CHANGE IN AREA UNDER THE CONCENTRATION-TIME CURVE,1,7,14.2857,22
Disorder of the genitourinary system,Pregnancy Study,Phase 2,CHANGE IN BOLD ACTIVITY,1,7,14.2857,23
Disorder of the genitourinary system,Pregnancy Study,Phase 2,EPIDURAL ACTIVATION,1,7,14.2857,25
Disorder of the genitourinary system,Pregnancy Study,Phase 2,HYPOTENSION,1,7,14.2857,26
Disorder of the genitourinary system,Pregnancy Study,Phase 3,BIRTH WEIGHT,2,22,9.0909,4
Disorder of the genitourinary system,Pregnancy Study,Phase 3,ABNORMAL HEMOGLOBIN LEVEL,1,22,4.5455,10
Disorder of the genitourinary system,Pregnancy Study,Phase 3,ANALGESIC USAGE,1,22,4.5455,11
Disorder of the genitourinary system,Pregnancy Study,Phase 3,BASELINE-CORRECTED MAXIMUM SERUM CONCENTRATION OF COPPER,1,22,4.5455,16
Disorder of the genitourinary system,Pregnancy Study,Phase 3,BASELINE-CORRECTED MAXIMUM TOTAL SERUM COPPER CONCENTRATION,1,22,4.5455,17
Disorder of the genitourinary system,Pregnancy Study,Phase 3,BEHAVIOR ASSESSMENT SCORE,1,22,4.5455,18
Disorder of the genitourinary system,Pregnancy Study,Phase 3,BIRTH LENGTH,1,22,4.5455,19
Disorder of the genitourinary system,Pregnancy Study,Phase 4,PATIENT SATISFACTION,4,17,23.5294,0
Disorder of the genitourinary system,Pregnancy Study,Phase 4,AVERAGE PLASMA CONCENTRATION,2,17,11.7647,3
Disorder of the genitourinary system,Pregnancy Study,Phase 4,MAXIMUM PLASMA CONCENTRATION,2,17,11.7647,1
Disorder of the genitourinary system,Pregnancy Study,Phase 4,MODE OF DELIVERY,2,17,11.7647,5
Disorder of the genitourinary system,Pregnancy Study,Phase 4,NUMBER OF PARTICIPANTS WITH ADVERSE EVENTS,2,17,11.7647,7
Disorder of the genitourinary system,Pregnancy Study,Phase 4,RELATIVE INFANT DOSE,2,17,11.7647,8
Disorder of the genitourinary system,Pregnancy Study,Phase 4,ABNORMAL FETAL HEART TRACING,1,17,5.8824,9
Disorder of skin,Pressure Ulcers,Phase 2,ALL TREATMENT-EMERGENT SERIOUS ADVERSE EVENTS,1,2,50.0000,0
Disorder of skin,Pressure Ulcers,Phase 2,CHANGE FROM BASELINE IN COMPOSITE PUSH SCORE,1,2,50.0000,1
Disorder of skin,Pressure Ulcers,Phase 2,WOUND HEALING INCIDENCE,1,2,50.0000,16
Disorder of skin,Pressure Ulcers,Phase 3,HEALED PRESSURE ULCER,1,4,25.0000,5
Disorder of skin,Pressure Ulcers,Phase 3,ICU MORTALITY,1,4,25.0000,6
Disorder of skin,Pressure Ulcers,Phase 3,INCIDENCE OF PRESSURE ULCER GRADE II OR HIGHER,1,4,25.0000,7
Disorder of skin,Pressure Ulcers,Phase 3,LENGTH OF MECHANICAL VENTILATION,1,4,25.0000,8
Disorder of skin,Pressure Ulcers,Phase 3,PERCENTAGE OF AMYLOID PLAQUE AREA,1,4,25.0000,13
Disorder of skin,Pressure Ulcers,Phase 3,QUANTITATIVE ESTIMATES OF AMYLOID LEVELS,1,4,25.0000,14
Disorder of skin,Pressure Ulcers,Phase 3,QUANTITATIVE ESTIMATES OF BRAIN UPTAKE,1,4,25.0000,15
Disorder of skin,Pressure Ulcers,Phase 4,CHANGE IN PUSH SCORE,1,5,20.0000,2
Disorder of skin,Pressure Ulcers,Phase 4,CHANGE IN WOUND BED SORE SCORE,1,5,20.0000,3
Disorder of skin,Pressure Ulcers,Phase 4,DRESSING SHAPE EVALUATION,1,5,20.0000,4
Disorder of skin,Pressure Ulcers,Phase 4,NUMBER OF PARTICIPANTS WITH ADVERSE EVENTS,1,5,20.0000,9
Disorder of skin,Pressure Ulcers,Phase 4,"NUMBER OF PARTICIPANTS WITH ERYTHEMA, ABRASIONS, AND MOISTURE ASSOCIATED SKIN DAMAGE",1,5,20.0000,10
Disorder of skin,Pressure Ulcers,Phase 4,NUMBER OF PARTICIPANTS WITH INTRAOPERATIVE ACQUIRED PRESSURE INJURIES,1,5,20.0000,11
Disorder of skin,Pressure Ulcers,Phase 4,OVERALL EXPERIENCE OF USE OF THE DRESSING,1,5,20.0000,12
Disorder of labour / delivery,Preterm Labor,Phase 1,BREASTMILK FEEDING DURATION,1,3,33.3333,21
Disorder of labour / delivery,Preterm Labor,Phase 1,BROMAGE SCORE,1,3,33.3333,22
Disorder of labour / delivery,Preterm Labor,Phase 1,CESAREAN DELIVERY RATE,1,3,33.3333,23
Disorder of labour / delivery,Preterm Labor,Phase 1,CHANGE IN SUPERIOR MESENTERIC ARTERY BLOOD FLOW VELOCITY,1,3,33.3333,24
Disorder of labour / delivery,Preterm Labor,Phase 1,INTESTINAL PERMEABILITY,1,3,33.3333,25
Disorder of labour / delivery,Preterm Labor,Phase 1,MATERNAL SEDATION SCORE,1,3,33.3333,26
Disorder of labour / delivery,Preterm Labor,Phase 1,MEDIAN HOURLY BUPIVACAINE CONSUMPTION,1,3,33.3333,27
Disorder of labour / delivery,Preterm Labor,Phase 2,CHANGE IN PREDICTED ADULT HEIGHT,2,22,9.0909,10
Disorder of labour / delivery,Preterm Labor,Phase 2,ALL-CAUSE MORTALITY,1,22,4.5455,15
Disorder of labour / delivery,Preterm Labor,Phase 2,AMNIOTIC FLUID INDEX,1,22,4.5455,16
Disorder of labour / delivery,Preterm Labor,Phase 2,ANXIETY SCORE,1,22,4.5455,17
Disorder of labour / delivery,Preterm Labor,Phase 2,AUC FROM 0 TO INFINITY,1,22,4.5455,18
Disorder of labour / delivery,Preterm Labor,Phase 2,AVERAGE ENTERAL CALORIE INTAKE,1,22,4.5455,19
Disorder of labour / delivery,Preterm Labor,Phase 2,AVERAGE WEIGHT GAIN,1,22,4.5455,20
Disorder of labour / delivery,Preterm Labor,Phase 3,NUMBER OF PARTICIPANTS WITH ADVERSE EVENTS,4,22,18.1818,0
Disorder of labour / delivery,Preterm Labor,Phase 3,"CHANGE FROM BASELINE IN ALP, ALT, AST, GGT, AND LDH LEVELS",2,22,9.0909,4
Disorder of labour / delivery,Preterm Labor,Phase 3,CHANGE FROM BASELINE IN BILIRUBIN AND CREATININE LEVELS,2,22,9.0909,5
Disorder of labour / delivery,Preterm Labor,Phase 3,CHANGE FROM BASELINE IN BLOOD CELL COUNTS,2,22,9.0909,6
Disorder of labour / delivery,Preterm Labor,Phase 3,CHANGE FROM BASELINE IN BLOOD PRESSURE,2,22,9.0909,7
Disorder of labour / delivery,Preterm Labor,Phase 3,CHANGE FROM BASELINE IN ELECTROLYTE LEVELS,2,22,9.0909,8
Disorder of labour / delivery,Preterm Labor,Phase 3,CHANGE FROM BASELINE IN ERYTHROCYTE MCV AND MPV,2,22,9.0909,9
Disorder of labour / delivery,Preterm Labor,Phase 4,PATIENT SATISFACTION,3,27,11.1111,1
Disorder of labour / delivery,Preterm Labor,Phase 4,APGAR SCORE,2,27,7.4074,2
Disorder of labour / delivery,Preterm Labor,Phase 4,CESAREAN SECTION RATE,2,27,7.4074,3
Disorder of labour / delivery,Preterm Labor,Phase 4,CHANGE IN VAS PAIN SCORE,2,27,7.4074,11
Disorder of labour / delivery,Preterm Labor,Phase 4,COMPOSITE NEONATAL MORBIDITY,2,27,7.4074,12
Disorder of labour / delivery,Preterm Labor,Phase 4,DURATION OF SECOND STAGE OF LABOR,2,27,7.4074,13
Disorder of labour / delivery,Preterm Labor,Phase 4,TIME TO ACTIVE LABOR,2,27,7.4074,14
Situation with explicit context,Preventive Care,Phase 1,MAXIMUM PLASMA CONCENTRATION,6,14,42.8571,1
Situation with explicit context,Preventive Care,Phase 1,TIME TO MAXIMUM CONCENTRATION,6,14,42.8571,2
Situation with explicit context,Preventive Care,Phase 1,AUC FROM 0 TO INFINITY,4,14,28.5714,3
Situation with explicit context,Preventive Care,Phase 1,NUMBER OF PARTICIPANTS WITH ADVERSE EVENTS,3,14,21.4286,0
Situation with explicit context,Preventive Care,Phase 1,NUMBER OF PARTICIPANTS WITH TREATMENT-EMERGENT ADVERSE EVENTS,3,14,21.4286,7
Situation with explicit context,Preventive Care,Phase 1,APPARENT VOLUME OF DISTRIBUTION,2,14,14.2857,9
Situation with explicit context,Preventive Care,Phase 1,AREA UNDER THE CONCENTRATION-TIME CURVE,2,14,14.2857,10
Situation with explicit context,Preventive Care,Phase 2,NUMBER OF PARTICIPANTS WITH ADVERSE EVENTS,5,23,21.7391,0
Situation with explicit context,Preventive Care,Phase 2,IMMUNE RESPONSE RATE,4,23,17.3913,4
Situation with explicit context,Preventive Care,Phase 2,DIFFERENCES IN POSAS SCORES,3,23,13.0435,5
Situation with explicit context,Preventive Care,Phase 2,EXPERT PANEL SCAR ASSESSMENT SCORE,3,23,13.0435,6
Situation with explicit context,Preventive Care,Phase 2,BETWEEN-GROUP MEAN DIFFERENCES IN SCAR VOLUME,2,23,8.6957,11
Situation with explicit context,Preventive Care,Phase 2,BLEEDING INDEX SCORE,2,23,8.6957,12
Situation with explicit context,Preventive Care,Phase 2,GEOMETRIC MEAN TITER,2,23,8.6957,13
Situation with explicit context,Preventive Care,Phase 3,NUMBER OF PARTICIPANTS WITH ADVERSE EVENTS,3,15,20.0000,0
Situation with explicit context,Preventive Care,Phase 3,ALL-CAUSE MORTALITY,2,15,13.3333,8
Situation with explicit context,Preventive Care,Phase 3,PREGNANCY RATE,2,15,13.3333,14
Situation with explicit context,Preventive Care,Phase 3,ACQUISITION OF DENTAL ATTITUDES AND BEHAVIORS,1,15,6.6667,15
Situation with explicit context,Preventive Care,Phase 3,ACQUISITION OF DENTAL KNOWLEDGE,1,15,6.6667,16
Situation with explicit context,Preventive Care,Phase 3,BIRTH WEIGHT,1,15,6.6667,24
Situation with explicit context,Preventive Care,Phase 3,CARDIOVASCULAR MORTALITY,1,15,6.6667,25
Situation with explicit context,Preventive Care,Phase 4,ADHERENCE RATE,1,12,8.3333,17
Situation with explicit context,Preventive Care,Phase 4,ADHERENCE TO PREP,1,12,8.3333,18
Situation with explicit context,Preventive Care,Phase 4,ALL-CAUSE HOSPITALISATIONS,1,12,8.3333,19
Situation with explicit context,Preventive Care,Phase 4,ANTIBODY TITER,1,12,8.3333,20
Situation with explicit context,Preventive Care,Phase 4,ASSESSMENT OF APP USAGE,1,12,8.3333,21
Situation with explicit context,Preventive Care,Phase 4,ATOPIC DERMATITIS RISK,1,12,8.3333,22
Situation with explicit context,Preventive Care,Phase 4,AVERAGE CRYING TIME,1,12,8.3333,23
Disorder of immune function,Primary Immunodeficiency,Phase 1,AUC FROM 0 TO INFINITY,4,5,80.0000,5
Disorder of immune function,Primary Immunodeficiency,Phase 1,MAXIMUM PLASMA CONCENTRATION,4,5,80.0000,8
Disorder of immune function,Primary Immunodeficiency,Phase 1,TIME TO MAXIMUM CONCENTRATION,4,5,80.0000,9
Disorder of immune function,Primary Immunodeficiency,Phase 1,AUC FROM 0 TO LAST MEASURABLE CONCENTRATION,3,5,60.0000,10
Disorder of immune function,Primary Immunodeficiency,Phase 1,HALF-LIFE,2,5,40.0000,12
Disorder of immune function,Primary Immunodeficiency,Phase 1,PLASMA DRUG CONCENTRATION,2,5,40.0000,15
Disorder of immune function,Primary Immunodeficiency,Phase 1,RENAL CLEARANCE,2,5,40.0000,17
Disorder of immune function,Primary Immunodeficiency,Phase 2,OVERALL SURVIVAL,3,13,23.0769,11
Disorder of immune function,Primary Immunodeficiency,Phase 2,IMMUNE RECONSTITUTION,2,13,15.3846,13
Disorder of immune function,Primary Immunodeficiency,Phase 2,1-YEAR OVERALL SURVIVAL RATE,1,13,7.6923,18
Disorder of immune function,Primary Immunodeficiency,Phase 2,30-DAY MORTALITY,1,13,7.6923,19
Disorder of immune function,Primary Immunodeficiency,Phase 2,BASELINE POLIO NEUTRALIZING ANTIBODY TITERS,1,13,7.6923,23
Disorder of immune function,Primary Immunodeficiency,Phase 2,CD3+ CELL COUNTS,1,13,7.6923,25
Disorder of immune function,Primary Immunodeficiency,Phase 2,CHANGE FROM BASELINE IN 24-HOUR URINARY OXALATE,1,13,7.6923,26
Disorder of immune function,Primary Immunodeficiency,Phase 3,ANNUAL RATE OF ALL INFECTIONS,5,43,11.6279,1
Disorder of immune function,Primary Immunodeficiency,Phase 3,NUMBER OF PARTICIPANTS WITH SERIOUS ADVERSE EVENTS,5,43,11.6279,0
Disorder of immune function,Primary Immunodeficiency,Phase 3,RATE OF ADVERSE EVENTS,5,43,11.6279,2
Disorder of immune function,Primary Immunodeficiency,Phase 3,TIME TO RESOLUTION OF INFECTIONS,5,43,11.6279,3
Disorder of immune function,Primary Immunodeficiency,Phase 3,ANNUALIZED RATE OF SERIOUS BACTERIAL INFECTIONS,4,43,9.3023,4
Disorder of immune function,Primary Immunodeficiency,Phase 3,CHANGE IN QUALITY OF LIFE SCORE,4,43,9.3023,6
Disorder of immune function,Primary Immunodeficiency,Phase 3,CHANGE IN SF-36 SCORE,4,43,9.3023,7
Disorder of immune function,Primary Immunodeficiency,Phase 4,NUMBER OF ADVERSE EVENTS,2,11,18.1818,14
Disorder of immune function,Primary Immunodeficiency,Phase 4,NUMBER OF PARTICIPANTS WITH SERIOUS ADVERSE EVENTS,2,11,18.1818,0
Disorder of immune function,Primary Immunodeficiency,Phase 4,RATE OF LOCAL TEAES PER INFUSION,2,11,18.1818,16
Disorder of immune function,Primary Immunodeficiency,Phase 4,ANTIBODY TITER,1,11,9.0909,20
Disorder of immune function,Primary Immunodeficiency,Phase 4,AUC OF TOTAL IGG,1,11,9.0909,21
Disorder of immune function,Primary Immunodeficiency,Phase 4,BACTERIAL DNA PER GRAM OF STOOL,1,11,9.0909,22
Disorder of immune function,Primary Immunodeficiency,Phase 4,BODY LENGTH PERCENTILE MAINTENANCE,1,11,9.0909,24
Neoplastic disease,Prostate Cancer,Phase 1,MAXIMUM TOLERATED DOSE,7,33,21.2121,10
Neoplastic disease,Prostate Cancer,Phase 1,OBJECTIVE RESPONSE RATE,6,33,18.1818,2
Neoplastic disease,Prostate Cancer,Phase 1,MAXIMUM PLASMA CONCENTRATION,4,33,12.1212,11
Neoplastic disease,Prostate Cancer,Phase 1,NUMBER OF PARTICIPANTS WITH SERIOUS AND/OR NON-SERIOUS ADVERSE EVENTS,4,33,12.1212,12
Neoplastic disease,Prostate Cancer,Phase 1,PROGRESSION-FREE SURVIVAL,4,33,12.1212,1
Neoplastic disease,Prostate Cancer,Phase 1,TIME TO MAXIMUM CONCENTRATION,4,33,12.1212,13
Neoplastic disease,Prostate Cancer,Phase 1,DURATION OF RESPONSE,3,33,9.0909,14
Neoplastic disease,Prostate Cancer,Phase 2,PROGRESSION-FREE SURVIVAL,92,451,20.3991,1
Neoplastic disease,Prostate Cancer,Phase 2,OVERALL SURVIVAL,84,451,18.6253,0
Neoplastic disease,Prostate Cancer,Phase 2,OBJECTIVE RESPONSE RATE,80,451,17.7384,2
Neoplastic disease,Prostate Cancer,Phase 2,PROSTATE-SPECIFIC ANTIGEN RESPONSE,43,451,9.5344,4
Neoplastic disease,Prostate Cancer,Phase 2,TIME TO PROGRESSION,41,451,9.0909,5
Neoplastic disease,Prostate Cancer,Phase 2,NUMBER OF PARTICIPANTS WITH ADVERSE EVENTS,39,451,8.6475,3
Neoplastic disease,Prostate Cancer,Phase 2,PSA RESPONSE RATE,36,451,7.9823,6
Neoplastic disease,Prostate Cancer,Phase 3,OVERALL SURVIVAL,66,137,48.1752,0
Neoplastic disease,Prostate Cancer,Phase 3,PROGRESSION-FREE SURVIVAL,41,137,29.9270,1
Neoplastic disease,Prostate Cancer,Phase 3,TIME TO PSA PROGRESSION,22,137,16.0584,7
Neoplastic disease,Prostate Cancer,Phase 3,TIME TO PAIN PROGRESSION,21,137,15.3285,8
Neoplastic disease,Prostate Cancer,Phase 3,OBJECTIVE RESPONSE RATE,18,137,13.1387,2
Neoplastic disease,Prostate Cancer,Phase 3,NUMBER OF PARTICIPANTS WITH ADVERSE EVENTS,12,137,8.7591,3
Neoplastic disease,Prostate Cancer,Phase 3,NUMBER OF PARTICIPANTS WITH TREATMENT-EMERGENT ADVERSE EVENTS,11,137,8.0292,9
Neoplastic disease,Prostate Cancer,Phase 4,TIME TO PSA PROGRESSION,4,20,20.0000,7
Neoplastic disease,Prostate Cancer,Phase 4,PROGRESSION-FREE SURVIVAL,3,20,15.0000,1
Neoplastic disease,Prostate Cancer,Phase 4,CHANGE IN EQ-5D SCORE,2,20,10.0000,15
Neoplastic disease,Prostate Cancer,Phase 4,18F-FLUCICLOVINE PET IMAGING RESPONSE,1,20,5.0000,16
Neoplastic disease,Prostate Cancer,Phase 4,18F-FLUCICLOVINE PET IMAGING RESPONSE - SUVMEAN,1,20,5.0000,17
Neoplastic disease,Prostate Cancer,Phase 4,CHANGE FROM BASELINE IN EORTC QLQ-PR25 SCORE,1,20,5.0000,18
Neoplastic disease,Prostate Cancer,Phase 4,CHANGE FROM BASELINE IN EQ-5D-5L HEALTH STATE UTILITY INDEX SCORE,1,20,5.0000,19
Disorder of skin,Psoriasis,Phase 1,MAXIMUM PLASMA CONCENTRATION,12,27,44.4444,8
Disorder of skin,Psoriasis,Phase 1,AUC FROM 0 TO INFINITY,9,27,33.3333,9
Disorder of skin,Psoriasis,Phase 1,NUMBER OF PARTICIPANTS WITH TREATMENT-EMERGENT ADVERSE EVENTS,7,27,25.9259,6
Disorder of skin,Psoriasis,Phase 1,TIME TO MAXIMUM CONCENTRATION,7,27,25.9259,12
Disorder of skin,Psoriasis,Phase 1,APPARENT VOLUME OF DISTRIBUTION,5,27,18.5185,13
Disorder of skin,Psoriasis,Phase 1,ACCUMULATION RATIO,4,27,14.8148,14
Disorder of skin,Psoriasis,Phase 1,APPARENT CLEARANCE,4,27,14.8148,15
Disorder of skin,Psoriasis,Phase 2,PASI 75 RESPONSE,66,184,35.8696,0
Disorder of skin,Psoriasis,Phase 2,PASI 50 RESPONSE,34,184,18.4783,3
Disorder of skin,Psoriasis,Phase 2,PASI 90 RESPONSE,27,184,14.6739,1
Disorder of skin,Psoriasis,Phase 2,NUMBER OF PARTICIPANTS WITH TREATMENT-EMERGENT ADVERSE EVENTS,25,184,13.5870,6
Disorder of skin,Psoriasis,Phase 2,IGA RESPONSE,24,184,13.0435,4
Disorder of skin,Psoriasis,Phase 2,CHANGE IN DLQI SCORE,23,184,12.5000,2
Disorder of skin,Psoriasis,Phase 2,PASI 100 RESPONSE,17,184,9.2391,5
Disorder of skin,Psoriasis,Phase 3,PASI 75 RESPONSE,128,240,53.3333,0
Disorder of skin,Psoriasis,Phase 3,PASI 90 RESPONSE,87,240,36.2500,1
Disorder of skin,Psoriasis,Phase 3,CHANGE IN DLQI SCORE,51,240,21.2500,2
Disorder of skin,Psoriasis,Phase 3,IGA RESPONSE,46,240,19.1667,4
Disorder of skin,Psoriasis,Phase 3,PASI 100 RESPONSE,44,240,18.3333,5
Disorder of skin,Psoriasis,Phase 3,PASI 50 RESPONSE,31,240,12.9167,3
Disorder of skin,Psoriasis,Phase 3,PERCENT CHANGE IN PASI SCORE,20,240,8.3333,7
Disorder of skin,Psoriasis,Phase 4,PASI 75 RESPONSE,32,103,31.0680,0
Disorder of skin,Psoriasis,Phase 4,CHANGE IN DLQI SCORE,20,103,19.4175,2
Disorder of skin,Psoriasis,Phase 4,PASI 90 RESPONSE,19,103,18.4466,1
Disorder of skin,Psoriasis,Phase 4,PASI 50 RESPONSE,12,103,11.6505,3
Disorder of skin,Psoriasis,Phase 4,PATIENT SATISFACTION,9,103,8.7379,10
Disorder of skin,Psoriasis,Phase 4,PASI 100 RESPONSE,8,103,7.7670,5
Disorder of skin,Psoriasis,Phase 4,NUMBER OF PARTICIPANTS WITH ADVERSE EVENTS,7,103,6.7961,11
Musculoskeletal disorder,Psoriatic Arthritis,Phase 1,LABORATORY VALUES SUMMARY,1,1,100.0000,12
Musculoskeletal disorder,Psoriatic Arthritis,Phase 1,NUMBER OF CLINICALLY SIGNIFICANT ECG CHANGES,1,1,100.0000,13
Musculoskeletal disorder,Psoriatic Arthritis,Phase 1,NUMBER OF EPISODES OF CHANGE IN VITAL SIGNS,1,1,100.0000,14
Musculoskeletal disorder,Psoriatic Arthritis,Phase 1,NUMBER OF REPORTED ADVERSE EVENTS,1,1,100.0000,15
Musculoskeletal disorder,Psoriatic Arthritis,Phase 1,PERCENTAGE OF PARTICIPANTS WITH ADVERSE EVENTS,1,1,100.0000,16
Musculoskeletal disorder,Psoriatic Arthritis,Phase 2,ACR20 RESPONSE,15,23,65.2174,0
Musculoskeletal disorder,Psoriatic Arthritis,Phase 2,ACR50 RESPONSE,12,23,52.1739,2
Musculoskeletal disorder,Psoriatic Arthritis,Phase 2,ACR70 RESPONSE,11,23,47.8261,3
Musculoskeletal disorder,Psoriatic Arthritis,Phase 2,CHANGE IN HAQ-DI SCORE,9,23,39.1304,1
Musculoskeletal disorder,Psoriatic Arthritis,Phase 2,PASI 75 RESPONSE,8,23,34.7826,4
Musculoskeletal disorder,Psoriatic Arthritis,Phase 2,NUMBER OF PARTICIPANTS WITH ADVERSE EVENTS,5,23,21.7391,7
Musculoskeletal disorder,Psoriatic Arthritis,Phase 2,PASI 90 RESPONSE,5,23,21.7391,6
Musculoskeletal disorder,Psoriatic Arthritis,Phase 3,ACR20 RESPONSE,46,60,76.6667,0
Musculoskeletal disorder,Psoriatic Arthritis,Phase 3,CHANGE IN HAQ-DI SCORE,40,60,66.6667,1
Musculoskeletal disorder,Psoriatic Arthritis,Phase 3,ACR50 RESPONSE,38,60,63.3333,2
Musculoskeletal disorder,Psoriatic Arthritis,Phase 3,ACR70 RESPONSE,29,60,48.3333,3
Musculoskeletal disorder,Psoriatic Arthritis,Phase 3,PASI 75 RESPONSE,27,60,45.0000,4
Musculoskeletal disorder,Psoriatic Arthritis,Phase 3,CHANGE IN DAS28 SCORE,21,60,35.0000,5
Musculoskeletal disorder,Psoriatic Arthritis,Phase 3,PASI 90 RESPONSE,18,60,30.0000,6
Musculoskeletal disorder,Psoriatic Arthritis,Phase 4,CHANGE IN HAQ-DI SCORE,4,20,20.0000,1
Musculoskeletal disorder,Psoriatic Arthritis,Phase 4,CHANGE IN DAS28 SCORE,3,20,15.0000,5
Musculoskeletal disorder,Psoriatic Arthritis,Phase 4,PATIENT SATISFACTION,3,20,15.0000,8
Musculoskeletal disorder,Psoriatic Arthritis,Phase 4,PERCENTAGE OF PARTICIPANTS ACHIEVING MINIMAL DISEASE ACTIVITY,3,20,15.0000,9
Musculoskeletal disorder,Psoriatic Arthritis,Phase 4,ACR50 RESPONSE,2,20,10.0000,2
Musculoskeletal disorder,Psoriatic Arthritis,Phase 4,CHANGE FROM BASELINE IN PSAID-12 SCORE,2,20,10.0000,10
Musculoskeletal disorder,Psoriatic Arthritis,Phase 4,CHANGE FROM BASELINE IN TENDER JOINT COUNT,2,20,10.0000,11
Respiratory disease,Pulmonary Arterial Hypertension,Phase 1,AUC FROM 0 TO INFINITY,7,15,46.6667,9
Respiratory disease,Pulmonary Arterial Hypertension,Phase 1,MAXIMUM PLASMA CONCENTRATION,7,15,46.6667,5
Respiratory disease,Pulmonary Arterial Hypertension,Phase 1,TIME TO MAXIMUM CONCENTRATION,7,15,46.6667,11
Respiratory disease,Pulmonary Arterial Hypertension,Phase 1,CHANGE IN 6-MINUTE WALK DISTANCE,3,15,20.0000,0
Respiratory disease,Pulmonary Arterial Hypertension,Phase 1,CHANGE IN HEART RATE,3,15,20.0000,10
Respiratory disease,Pulmonary Arterial Hypertension,Phase 1,NUMBER OF PARTICIPANTS WITH ADVERSE EVENTS,3,15,20.0000,6
Respiratory disease,Pulmonary Arterial Hypertension,Phase 1,NUMBER OF PARTICIPANTS WITH SERIOUS ADVERSE EVENTS,3,15,20.0000,14
Respiratory disease,Pulmonary Arterial Hypertension,Phase 2,CHANGE IN 6-MINUTE WALK DISTANCE,30,87,34.4828,0
Respiratory disease,Pulmonary Arterial Hypertension,Phase 2,CHANGE IN WHO FUNCTIONAL CLASS,11,87,12.6437,1
Respiratory disease,Pulmonary Arterial Hypertension,Phase 2,CHANGE IN NT-PROBNP,10,87,11.4943,2
Respiratory disease,Pulmonary Arterial Hypertension,Phase 2,CHANGE IN PULMONARY VASCULAR RESISTANCE,10,87,11.4943,4
Respiratory disease,Pulmonary Arterial Hypertension,Phase 2,NUMBER OF PARTICIPANTS WITH TREATMENT-EMERGENT ADVERSE EVENTS,10,87,11.4943,3
Respiratory disease,Pulmonary Arterial Hypertension,Phase 2,CHANGE FROM BASELINE IN PULMONARY VASCULAR RESISTANCE,9,87,10.3448,8
Respiratory disease,Pulmonary Arterial Hypertension,Phase 2,MAXIMUM PLASMA CONCENTRATION,9,87,10.3448,5
Respiratory disease,Pulmonary Arterial Hypertension,Phase 3,CHANGE IN 6-MINUTE WALK DISTANCE,35,87,40.2299,0
Respiratory disease,Pulmonary Arterial Hypertension,Phase 3,CHANGE IN WHO FUNCTIONAL CLASS,14,87,16.0920,1
Respiratory disease,Pulmonary Arterial Hypertension,Phase 3,NUMBER OF PARTICIPANTS WITH ADVERSE EVENTS,13,87,14.9425,6
Respiratory disease,Pulmonary Arterial Hypertension,Phase 3,NUMBER OF PARTICIPANTS WITH TREATMENT-EMERGENT ADVERSE EVENTS,11,87,12.6437,3
Respiratory disease,Pulmonary Arterial Hypertension,Phase 3,CHANGE IN NT-PROBNP,10,87,11.4943,2
Respiratory disease,Pulmonary Arterial Hypertension,Phase 3,CHANGE IN PULMONARY VASCULAR RESISTANCE,8,87,9.1954,4
Respiratory disease,Pulmonary Arterial Hypertension,Phase 3,CHANGE IN BORG DYSPNEA SCORE,7,87,8.0460,7
Respiratory disease,Pulmonary Arterial Hypertension,Phase 4,CHANGE IN 6-MINUTE WALK DISTANCE,25,45,55.5556,0
Respiratory disease,Pulmonary Arterial Hypertension,Phase 4,CHANGE IN NT-PROBNP,11,45,24.4444,2
Respiratory disease,Pulmonary Arterial Hypertension,Phase 4,CHANGE IN WHO FUNCTIONAL CLASS,11,45,24.4444,1
Respiratory disease,Pulmonary Arterial Hypertension,Phase 4,CHANGE IN BORG DYSPNEA SCORE,7,45,15.5556,7
Respiratory disease,Pulmonary Arterial Hypertension,Phase 4,CHANGE IN BNP,4,45,8.8889,12
Respiratory disease,Pulmonary Arterial Hypertension,Phase 4,CHANGE IN DYSPNEA SCORE,4,45,8.8889,13
Respiratory disease,Pulmonary Arterial Hypertension,Phase 4,CHANGE IN HEART RATE,4,45,8.8889,10
Respiratory disease,Pulmonary Embolism,Phase 1,AUC OF MIDAZOLAM,1,3,33.3333,6
Respiratory disease,Pulmonary Embolism,Phase 1,AUC: GEOMETRIC MEAN,1,3,33.3333,7
Respiratory disease,Pulmonary Embolism,Phase 1,DEVICE SAFETY EVALUATION,1,3,33.3333,22
Respiratory disease,Pulmonary Embolism,Phase 1,GEOMETRIC MEAN RATIO OF AUC AND CMAX,1,3,33.3333,23
Respiratory disease,Pulmonary Embolism,Phase 1,GEOMETRIC MEAN RATIO OF DIGOXIN AUC AND CMAX,1,3,33.3333,24
Respiratory disease,Pulmonary Embolism,Phase 1,MAXIMUM PLASMA CONCENTRATION,1,3,33.3333,25
Respiratory disease,Pulmonary Embolism,Phase 1,NUMBER OF PARTICIPANTS WITH MAJOR BLEEDING EVENTS,1,3,33.3333,26
Respiratory disease,Pulmonary Embolism,Phase 2,OBJECTIVE RESPONSE RATE,2,6,33.3333,2
Respiratory disease,Pulmonary Embolism,Phase 2,PROGRESSION-FREE SURVIVAL,2,6,33.3333,3
Respiratory disease,Pulmonary Embolism,Phase 2,1-YEAR SURVIVAL RATE,1,6,16.6667,4
Respiratory disease,Pulmonary Embolism,Phase 2,BIODISTRIBUTION PATTERNS OF ⁸⁹ZR-DF-IAB22M2C,1,6,16.6667,9
Respiratory disease,Pulmonary Embolism,Phase 2,CHANGE IN ALP,1,6,16.6667,16
Respiratory disease,Pulmonary Embolism,Phase 2,CHANGE IN ALT,1,6,16.6667,17
Respiratory disease,Pulmonary Embolism,Phase 2,CHANGE IN AST,1,6,16.6667,18
Respiratory disease,Pulmonary Embolism,Phase 3,MAJOR BLEEDING,2,10,20.0000,1
Respiratory disease,Pulmonary Embolism,Phase 3,30-DAY MORTALITY,1,10,10.0000,5
Respiratory disease,Pulmonary Embolism,Phase 3,ALL-CAUSE MORTALITY,1,10,10.0000,0
Respiratory disease,Pulmonary Embolism,Phase 3,BARC TYPE 3+5 BLEEDING EVENTS,1,10,10.0000,8
Respiratory disease,Pulmonary Embolism,Phase 3,CHANGE FROM BASELINE IN PULMONARY ARTERY SYSTOLIC PRESSURE,1,10,10.0000,11
Respiratory disease,Pulmonary Embolism,Phase 3,CHANGE IN RV/LV DIAMETER RATIO,1,10,10.0000,20
Respiratory disease,Pulmonary Embolism,Phase 3,CHANGE IN RV/LV RATIO,1,10,10.0000,21
Respiratory disease,Pulmonary Embolism,Phase 4,ALL-CAUSE MORTALITY,2,6,33.3333,0
Respiratory disease,Pulmonary Embolism,Phase 4,CHANGE FROM BASELINE IN ESTIMATED RIGHT VENTRICULAR SYSTOLIC PRESSURE,1,6,16.6667,10
Respiratory disease,Pulmonary Embolism,Phase 4,CHANGE FROM BASELINE IN RV/LV,1,6,16.6667,12
Respiratory disease,Pulmonary Embolism,Phase 4,CHANGE FROM BASELINE IN TAPSE,1,6,16.6667,13
Respiratory disease,Pulmonary Embolism,Phase 4,CHANGE FROM BASELINE IN THROMBUS BURDEN BY MILLER SCORE,1,6,16.6667,14
Respiratory disease,Pulmonary Embolism,Phase 4,CHANGE IN 6-MINUTE WALK DISTANCE,1,6,16.6667,15
Respiratory disease,Pulmonary Embolism,Phase 4,CHANGE IN BLOOD PRESSURE,1,6,16.6667,19
Procedure,Radiation Oncology,Phase 1,OBJECTIVE RESPONSE RATE,3,7,42.8571,0
Procedure,Radiation Oncology,Phase 1,DOSE-LIMITING TOXICITIES,2,7,28.5714,2
Procedure,Radiation Oncology,Phase 1,MAXIMUM PLASMA CONCENTRATION,2,7,28.5714,3
Procedure,Radiation Oncology,Phase 1,TIME TO MAXIMUM CONCENTRATION,2,7,28.5714,4
Procedure,Radiation Oncology,Phase 1,ABSOLUTE BIOAVAILABILITY,1,7,14.2857,5
Procedure,Radiation Oncology,Phase 1,ACCUMULATION RATIO OF AUC,1,7,14.2857,6
Procedure,Radiation Oncology,Phase 1,ACCUMULATION RATIO OF CMAX,1,7,14.2857,7
Procedure,Radiation Oncology,Phase 2,CHANGE IN QUALITY OF LIFE SCORE,2,10,20.0000,1
Procedure,Radiation Oncology,Phase 2,ACUTE AND GRADE 2 OR HIGHER RADIATION-RELATED SKIN TOXICITY,1,10,10.0000,8
Procedure,Radiation Oncology,Phase 2,CENTRAL RETINAL THICKNESS,1,10,10.0000,10
Procedure,Radiation Oncology,Phase 2,CHANGE IN GAS EXCHANGE DEFECT PERCENTAGE,1,10,10.0000,11
Procedure,Radiation Oncology,Phase 2,CHANGE IN HEADACHE IMPACT SCORE,1,10,10.0000,12
Procedure,Radiation Oncology,Phase 2,CHANGE IN HIGH BARRIER UPTAKE PERCENTAGE,1,10,10.0000,13
Procedure,Radiation Oncology,Phase 2,CHANGE IN KARNOFSKY PERFORMANCE STATUS,1,10,10.0000,14
Procedure,Radiation Oncology,Phase 3,DISTANCE FROM IDEAL TO CENTER OF GTC FRAME,1,2,50.0000,15
Procedure,Radiation Oncology,Phase 3,WORST RTOG MUCOSITIS SCORE,1,2,50.0000,16
Procedure,Radiation Oncology,Phase 4,APPARENT DIFFUSION COEFFICIENT,1,1,100.0000,9
Neoplastic disease,Recurrent Cancer,Phase 1,OBJECTIVE RESPONSE RATE,19,38,50.0000,0
Neoplastic disease,Recurrent Cancer,Phase 1,PROGRESSION-FREE SURVIVAL,13,38,34.2105,1
Neoplastic disease,Recurrent Cancer,Phase 1,OVERALL SURVIVAL,10,38,26.3158,2
Neoplastic disease,Recurrent Cancer,Phase 1,MAXIMUM PLASMA CONCENTRATION,9,38,23.6842,7
Neoplastic disease,Recurrent Cancer,Phase 1,DURATION OF RESPONSE,8,38,21.0526,3
Neoplastic disease,Recurrent Cancer,Phase 1,MAXIMUM TOLERATED DOSE,8,38,21.0526,8
Neoplastic disease,Recurrent Cancer,Phase 1,NUMBER OF PARTICIPANTS WITH ADVERSE EVENTS,8,38,21.0526,4
Neoplastic disease,Recurrent Cancer,Phase 2,OBJECTIVE RESPONSE RATE,141,235,60.0000,0
Neoplastic disease,Recurrent Cancer,Phase 2,PROGRESSION-FREE SURVIVAL,140,235,59.5745,1
Neoplastic disease,Recurrent Cancer,Phase 2,OVERALL SURVIVAL,113,235,48.0851,2
Neoplastic disease,Recurrent Cancer,Phase 2,DURATION OF RESPONSE,47,235,20.0000,3
Neoplastic disease,Recurrent Cancer,Phase 2,TIME TO PROGRESSION,21,235,8.9362,5
Neoplastic disease,Recurrent Cancer,Phase 2,NUMBER OF PARTICIPANTS WITH ADVERSE EVENTS,18,235,7.6596,4
Neoplastic disease,Recurrent Cancer,Phase 2,GRADE 3 OR HIGHER ADVERSE EVENTS,12,235,5.1064,6
Neoplastic disease,Recurrent Cancer,Phase 3,OBJECTIVE RESPONSE RATE,26,37,70.2703,0
Neoplastic disease,Recurrent Cancer,Phase 3,OVERALL SURVIVAL,26,37,70.2703,2
Neoplastic disease,Recurrent Cancer,Phase 3,PROGRESSION-FREE SURVIVAL,25,37,67.5676,1
Neoplastic disease,Recurrent Cancer,Phase 3,DURATION OF RESPONSE,15,37,40.5405,3
Neoplastic disease,Recurrent Cancer,Phase 3,TIME TO PROGRESSION,9,37,24.3243,5
Neoplastic disease,Recurrent Cancer,Phase 3,TIME TO RESPONSE,7,37,18.9189,9
Neoplastic disease,Recurrent Cancer,Phase 3,NUMBER OF PARTICIPANTS WITH ADVERSE EVENTS,5,37,13.5135,4
Neoplastic disease,Recurrent Cancer,Phase 4,CHANGE IN EORTC QLQ-C30 SCORE,1,6,16.6667,10
Neoplastic disease,Recurrent Cancer,Phase 4,CHANGE IN PAIN SCORE,1,6,16.6667,11
Neoplastic disease,Recurrent Cancer,Phase 4,CHANGE IN PAPILLOMA SEVERITY,1,6,16.6667,12
Neoplastic disease,Recurrent Cancer,Phase 4,CHANGE IN VHI SCORE,1,6,16.6667,13
Neoplastic disease,Recurrent Cancer,Phase 4,DAYS TO RELAPSE,1,6,16.6667,14
Neoplastic disease,Recurrent Cancer,Phase 4,DURATION OF HOSPITAL STAY,1,6,16.6667,15
Neoplastic disease,Recurrent Cancer,Phase 4,DURATION OF RESPONSE,1,6,16.6667,3
Neoplastic disease,Renal Cell Carcinoma,Phase 1,OBJECTIVE RESPONSE RATE,13,19,68.4211,0
Neoplastic disease,Renal Cell Carcinoma,Phase 1,PROGRESSION-FREE SURVIVAL,9,19,47.3684,1
Neoplastic disease,Renal Cell Carcinoma,Phase 1,MAXIMUM PLASMA CONCENTRATION,5,19,26.3158,8
Neoplastic disease,Renal Cell Carcinoma,Phase 1,NUMBER OF PARTICIPANTS WITH ADVERSE EVENTS,5,19,26.3158,4
Neoplastic disease,Renal Cell Carcinoma,Phase 1,DURATION OF RESPONSE,4,19,21.0526,3
Neoplastic disease,Renal Cell Carcinoma,Phase 1,OVERALL SURVIVAL,4,19,21.0526,2
Neoplastic disease,Renal Cell Carcinoma,Phase 1,TIME TO MAXIMUM CONCENTRATION,4,19,21.0526,10
Neoplastic disease,Renal Cell Carcinoma,Phase 2,OBJECTIVE RESPONSE RATE,122,164,74.3902,0
Neoplastic disease,Renal Cell Carcinoma,Phase 2,PROGRESSION-FREE SURVIVAL,104,164,63.4146,1
Neoplastic disease,Renal Cell Carcinoma,Phase 2,OVERALL SURVIVAL,75,164,45.7317,2
Neoplastic disease,Renal Cell Carcinoma,Phase 2,DURATION OF RESPONSE,36,164,21.9512,3
Neoplastic disease,Renal Cell Carcinoma,Phase 2,NUMBER OF PARTICIPANTS WITH ADVERSE EVENTS,26,164,15.8537,4
Neoplastic disease,Renal Cell Carcinoma,Phase 2,DISEASE CONTROL RATE,13,164,7.9268,5
Neoplastic disease,Renal Cell Carcinoma,Phase 2,TIME TO PROGRESSION,12,164,7.3171,6
Neoplastic disease,Renal Cell Carcinoma,Phase 3,OVERALL SURVIVAL,35,50,70.0000,2
Neoplastic disease,Renal Cell Carcinoma,Phase 3,OBJECTIVE RESPONSE RATE,27,50,54.0000,0
Neoplastic disease,Renal Cell Carcinoma,Phase 3,PROGRESSION-FREE SURVIVAL,27,50,54.0000,1
Neoplastic disease,Renal Cell Carcinoma,Phase 3,DURATION OF RESPONSE,16,50,32.0000,3
Neoplastic disease,Renal Cell Carcinoma,Phase 3,DISEASE-FREE SURVIVAL,9,50,18.0000,7
Neoplastic disease,Renal Cell Carcinoma,Phase 3,NUMBER OF PARTICIPANTS WITH ADVERSE EVENTS,6,50,12.0000,4
Neoplastic disease,Renal Cell Carcinoma,Phase 3,NUMBER OF PARTICIPANTS WITH TREATMENT-EMERGENT ADVERSE EVENTS,4,50,8.0000,9
Neoplastic disease,Renal Cell Carcinoma,Phase 4,OBJECTIVE RESPONSE RATE,5,12,41.6667,0
Neoplastic disease,Renal Cell Carcinoma,Phase 4,DURATION OF RESPONSE,3,12,25.0000,3
Neoplastic disease,Renal Cell Carcinoma,Phase 4,OVERALL SURVIVAL,3,12,25.0000,2
Neoplastic disease,Renal Cell Carcinoma,Phase 4,PROGRESSION-FREE SURVIVAL,3,12,25.0000,1
Neoplastic disease,Renal Cell Carcinoma,Phase 4,ADVERSE EVENTS RELATED TO TXA,1,12,8.3333,11
Neoplastic disease,Renal Cell Carcinoma,Phase 4,CHANGE IN AUC0-8 OF ALDESLEUKIN,1,12,8.3333,12
Neoplastic disease,Renal Cell Carcinoma,Phase 4,CONTRAST ENHANCED ULTRASOUND FEATURES,1,12,8.3333,13
Infection,Respiratory Syncytial Virus,Phase 1,NUMBER OF PARTICIPANTS WITH SERIOUS ADVERSE EVENTS,17,35,48.5714,0
Infection,Respiratory Syncytial Virus,Phase 1,NUMBER OF PARTICIPANTS WITH ADVERSE EVENTS,9,35,25.7143,1
Infection,Respiratory Syncytial Virus,Phase 1,NUMBER OF PARTICIPANTS WITH TREATMENT-EMERGENT ADVERSE EVENTS,7,35,20.0000,3
Infection,Respiratory Syncytial Virus,Phase 1,NUMBER OF PARTICIPANTS WITH UNSOLICITED ADVERSE EVENTS,7,35,20.0000,6
Infection,Respiratory Syncytial Virus,Phase 1,TIME TO MAXIMUM CONCENTRATION,7,35,20.0000,10
Infection,Respiratory Syncytial Virus,Phase 1,AUC FROM 0 TO INFINITY,6,35,17.1429,11
Infection,Respiratory Syncytial Virus,Phase 1,NUMBER OF PARTICIPANTS WITH SOLICITED ADVERSE EVENTS,6,35,17.1429,12
Infection,Respiratory Syncytial Virus,Phase 2,NUMBER OF PARTICIPANTS WITH SERIOUS ADVERSE EVENTS,16,62,25.8065,0
Infection,Respiratory Syncytial Virus,Phase 2,NUMBER OF PARTICIPANTS WITH TREATMENT-EMERGENT ADVERSE EVENTS,10,62,16.1290,3
Infection,Respiratory Syncytial Virus,Phase 2,MAXIMUM PLASMA CONCENTRATION,8,62,12.9032,7
Infection,Respiratory Syncytial Virus,Phase 2,NUMBER OF PARTICIPANTS WITH ADVERSE EVENTS,8,62,12.9032,1
Infection,Respiratory Syncytial Virus,Phase 2,RSV VIRAL LOAD,7,62,11.2903,9
Infection,Respiratory Syncytial Virus,Phase 2,PLASMA DRUG CONCENTRATION,6,62,9.6774,13
Infection,Respiratory Syncytial Virus,Phase 2,PERCENTAGE OF PARTICIPANTS WITH ADVERSE EVENTS,5,62,8.0645,14
Infection,Respiratory Syncytial Virus,Phase 3,NUMBER OF PARTICIPANTS WITH SERIOUS ADVERSE EVENTS,36,88,40.9091,0
Infection,Respiratory Syncytial Virus,Phase 3,SEROCONVERSION RATE,16,88,18.1818,4
Infection,Respiratory Syncytial Virus,Phase 3,NUMBER OF PARTICIPANTS WITH ADVERSE EVENTS,15,88,17.0455,1
Infection,Respiratory Syncytial Virus,Phase 3,SEROPROTECTION RATE,13,88,14.7727,2
Infection,Respiratory Syncytial Virus,Phase 3,ANTI-DRUG ANTIBODIES,10,88,11.3636,5
Infection,Respiratory Syncytial Virus,Phase 3,NUMBER OF PARTICIPANTS WITH UNSOLICITED ADVERSE EVENTS,7,88,7.9545,6
Infection,Respiratory Syncytial Virus,Phase 3,NUMBER OF SUBJECTS WITH ANY UNSOLICITED ADVERSE EVENTS,7,88,7.9545,8
Infection,Respiratory Syncytial Virus,Phase 4,NUMBER OF PARTICIPANTS WITH SERIOUS ADVERSE EVENTS,9,24,37.5000,0
Infection,Respiratory Syncytial Virus,Phase 4,SEROPROTECTION RATE,5,24,20.8333,2
Infection,Respiratory Syncytial Virus,Phase 4,ANTI-DRUG ANTIBODIES,4,24,16.6667,5
Infection,Respiratory Syncytial Virus,Phase 4,NUMBER OF SUBJECTS WITH ANY AND GRADE 3 SOLICITED LOCAL SYMPTOMS,4,24,16.6667,15
Infection,Respiratory Syncytial Virus,Phase 4,"NUMBER OF SUBJECTS WITH ANY, GRADE 3 AND RELATED SOLICITED GENERAL SYMPTOMS",4,24,16.6667,16
Infection,Respiratory Syncytial Virus,Phase 4,ANTI-D AND ANTI-T ANTIBODY CONCENTRATIONS,3,24,12.5000,17
Infection,Respiratory Syncytial Virus,Phase 4,ANTI-PERTUSSIS ANTIBODY CONCENTRATIONS,3,24,12.5000,18
Sleep disorder,Restless Legs Syndrome,Phase 1,CHANGE FROM BASELINE IN HOLTER DAILY QTCF INTERVAL,1,1,100.0000,17
Sleep disorder,Restless Legs Syndrome,Phase 1,CHANGE FROM BASELINE IN QTCF,1,1,100.0000,18
Sleep disorder,Restless Legs Syndrome,Phase 1,MAXIMUM REDUCTION IN QTCF,1,1,100.0000,19
Sleep disorder,Restless Legs Syndrome,Phase 2,CHANGE IN SF-36 SCORE,3,19,15.7895,1
Sleep disorder,Restless Legs Syndrome,Phase 2,NUMBER OF PARTICIPANTS WITH ADVERSE EVENTS,3,19,15.7895,5
Sleep disorder,Restless Legs Syndrome,Phase 2,CHANGE IN IRLS SCORE,2,19,10.5263,0
Sleep disorder,Restless Legs Syndrome,Phase 2,CHANGE IN PSQI SCORE,2,19,10.5263,8
Sleep disorder,Restless Legs Syndrome,Phase 2,12-LEAD ECG FINDINGS,1,19,5.2632,12
Sleep disorder,Restless Legs Syndrome,Phase 2,AMOUNT OF ANALYTE ELIMINATED IN URINE,1,19,5.2632,14
Sleep disorder,Restless Legs Syndrome,Phase 2,APPARENT TOTAL BODY CLEARANCE,1,19,5.2632,15
Sleep disorder,Restless Legs Syndrome,Phase 3,CHANGE IN IRLS SCORE,4,17,23.5294,0
Sleep disorder,Restless Legs Syndrome,Phase 3,CHANGE IN IRLS TOTAL SCORE,4,17,23.5294,3
Sleep disorder,Restless Legs Syndrome,Phase 3,CHANGE IN SLEEP ADEQUACY SCORE,3,17,17.6471,4
Sleep disorder,Restless Legs Syndrome,Phase 3,CHANGE FROM BASELINE IN IRLS SCORE,2,17,11.7647,2
Sleep disorder,Restless Legs Syndrome,Phase 3,CHANGE FROM BASELINE IN RLS-6 SCORE,2,17,11.7647,7
Sleep disorder,Restless Legs Syndrome,Phase 3,CHANGE IN VAS PAIN SCORE,2,17,11.7647,10
Sleep disorder,Restless Legs Syndrome,Phase 3,NUMBER OF PARTICIPANTS WITH NO REPORTED RLS SYMPTOMS,2,17,11.7647,11
Sleep disorder,Restless Legs Syndrome,Phase 4,CGI-I RESPONDER RATE,2,7,28.5714,6
Sleep disorder,Restless Legs Syndrome,Phase 4,CHANGE FROM BASELINE IN IRLS SCORE,2,7,28.5714,2
Sleep disorder,Restless Legs Syndrome,Phase 4,CHANGE IN IRLS SCORE,2,7,28.5714,0
Sleep disorder,Restless Legs Syndrome,Phase 4,CHANGE IN RLS-6 SCORE,2,7,28.5714,9
Sleep disorder,Restless Legs Syndrome,Phase 4,CHANGE IN SF-36 SCORE,2,7,28.5714,1
Sleep disorder,Restless Legs Syndrome,Phase 4,ACTIGRAPHICALLY-DERIVED TOTAL SLEEP TIME,1,7,14.2857,13
Sleep disorder,Restless Legs Syndrome,Phase 4,CHANGE FROM BASELINE IN ATHENS INSOMNIA SCALE,1,7,14.2857,16
Disorder of eye,Retinal Vein Occlusion,Phase 1,NUMBER OF ADVERSE EVENTS,2,14,14.2857,17
Disorder of eye,Retinal Vein Occlusion,Phase 1,AC-EMAX - HEMOGLOBIN,1,14,7.1429,18
Disorder of eye,Retinal Vein Occlusion,Phase 1,AC-EMAX - RETICULOCYTES,1,14,7.1429,19
Disorder of eye,Retinal Vein Occlusion,Phase 1,AUC FROM 0 TO INFINITY,1,14,7.1429,21
Disorder of eye,Retinal Vein Occlusion,Phase 1,AUEC ABSOLUTE RETICULOCYTE COUNT,1,14,7.1429,22
Disorder of eye,Retinal Vein Occlusion,Phase 1,AUEC HEMOGLOBIN,1,14,7.1429,23
Disorder of eye,Retinal Vein Occlusion,Phase 1,BASELINE EDSS SCORE,1,14,7.1429,24
Disorder of eye,Retinal Vein Occlusion,Phase 2,CHANGE FROM BASELINE IN BEST CORRECTED VISUAL ACUITY,5,38,13.1579,3
Disorder of eye,Retinal Vein Occlusion,Phase 2,NUMBER OF PARTICIPANTS WITH ADVERSE EVENTS,4,38,10.5263,0
Disorder of eye,Retinal Vein Occlusion,Phase 2,CHANGE FROM BASELINE IN THE NUMBER OF PARTICIPANTS WITH ANTI-DRUG ANTIBODIES,2,38,5.2632,10
Disorder of eye,Retinal Vein Occlusion,Phase 2,CHANGE IN BEST CORRECTED VISUAL ACUITY,2,38,5.2632,2
Disorder of eye,Retinal Vein Occlusion,Phase 2,MEAN CHANGE IN CENTRAL SUBFIELD THICKNESS,2,38,5.2632,14
Disorder of eye,Retinal Vein Occlusion,Phase 2,MEAN CHANGE IN TOTAL AREA OF CHOROIDAL NEOVASCULARIZATION,2,38,5.2632,15
Disorder of eye,Retinal Vein Occlusion,Phase 2,MEAN CHANGE IN TOTAL AREA OF CNV,2,38,5.2632,16
Disorder of eye,Retinal Vein Occlusion,Phase 3,CHANGE FROM BASELINE IN BCVA,6,49,12.2449,1
Disorder of eye,Retinal Vein Occlusion,Phase 3,EVENT-FREE SURVIVAL,5,49,10.2041,5
Disorder of eye,Retinal Vein Occlusion,Phase 3,CHANGE IN EQ-5D SCORE,4,49,8.1633,6
Disorder of eye,Retinal Vein Occlusion,Phase 3,CHANGE FROM BASELINE IN BEST-CORRECTED VISUAL ACUITY,3,49,6.1224,4
Disorder of eye,Retinal Vein Occlusion,Phase 3,CHANGE FROM BASELINE IN CENTRAL RETINAL THICKNESS,3,49,6.1224,7
Disorder of eye,Retinal Vein Occlusion,Phase 3,CHANGE FROM BASELINE IN NEI VFQ-25 TOTAL SCORE,3,49,6.1224,8
Disorder of eye,Retinal Vein Occlusion,Phase 3,CHANGE IN BCVA,3,49,6.1224,9
Disorder of eye,Retinal Vein Occlusion,Phase 4,CHANGE IN BEST CORRECTED VISUAL ACUITY,4,31,12.9032,2
Disorder of eye,Retinal Vein Occlusion,Phase 4,NUMBER OF PARTICIPANTS WITH ADVERSE EVENTS,3,31,9.6774,0
Disorder of eye,Retinal Vein Occlusion,Phase 4,CHANGE FROM BASELINE IN BEST-CORRECTED VISUAL ACUITY,2,31,6.4516,4
Disorder of eye,Retinal Vein Occlusion,Phase 4,CHANGE IN CENTRAL SUBFIELD THICKNESS,2,31,6.4516,11
Disorder of eye,Retinal Vein Occlusion,Phase 4,CHANGE IN MACULAR VOLUME,2,31,6.4516,12
Disorder of eye,Retinal Vein Occlusion,Phase 4,MEAN CHANGE IN BEST CORRECTED VISUAL ACUITY,2,31,6.4516,13
Disorder of eye,Retinal Vein Occlusion,Phase 4,ADEQUATE SEDATION,1,31,3.2258,20
Disorder of immune function,Rheumatoid Arthritis,Phase 1,MAXIMUM PLASMA CONCENTRATION,15,34,44.1176,8
Disorder of immune function,Rheumatoid Arthritis,Phase 1,TIME TO MAXIMUM CONCENTRATION,13,34,38.2353,9
Disorder of immune function,Rheumatoid Arthritis,Phase 1,AUC FROM 0 TO INFINITY,10,34,29.4118,11
Disorder of immune function,Rheumatoid Arthritis,Phase 1,ACR20 RESPONSE,7,34,20.5882,0
Disorder of immune function,Rheumatoid Arthritis,Phase 1,NUMBER OF PARTICIPANTS WITH ADVERSE EVENTS,6,34,17.6471,12
Disorder of immune function,Rheumatoid Arthritis,Phase 1,AREA UNDER THE CONCENTRATION-TIME CURVE,5,34,14.7059,13
Disorder of immune function,Rheumatoid Arthritis,Phase 1,AUC FROM 0 TO LAST MEASURABLE CONCENTRATION,5,34,14.7059,14
Disorder of immune function,Rheumatoid Arthritis,Phase 2,ACR20 RESPONSE,114,171,66.6667,0
Disorder of immune function,Rheumatoid Arthritis,Phase 2,ACR50 RESPONSE,91,171,53.2164,2
Disorder of immune function,Rheumatoid Arthritis,Phase 2,ACR70 RESPONSE,81,171,47.3684,4
Disorder of immune function,Rheumatoid Arthritis,Phase 2,CHANGE IN DAS28 SCORE,81,171,47.3684,1
Disorder of immune function,Rheumatoid Arthritis,Phase 2,CHANGE IN HAQ-DI SCORE,60,171,35.0877,3
Disorder of immune function,Rheumatoid Arthritis,Phase 2,CHANGE IN VAS PAIN SCORE,36,171,21.0526,5
Disorder of immune function,Rheumatoid Arthritis,Phase 2,CHANGE IN CDAI SCORE,29,171,16.9591,7
Disorder of immune function,Rheumatoid Arthritis,Phase 3,ACR20 RESPONSE,146,244,59.8361,0
Disorder of immune function,Rheumatoid Arthritis,Phase 3,CHANGE IN DAS28 SCORE,139,244,56.9672,1
Disorder of immune function,Rheumatoid Arthritis,Phase 3,CHANGE IN HAQ-DI SCORE,120,244,49.1803,3
Disorder of immune function,Rheumatoid Arthritis,Phase 3,ACR50 RESPONSE,104,244,42.6230,2
Disorder of immune function,Rheumatoid Arthritis,Phase 3,ACR70 RESPONSE,89,244,36.4754,4
Disorder of immune function,Rheumatoid Arthritis,Phase 3,CHANGE IN VAS PAIN SCORE,56,244,22.9508,5
Disorder of immune function,Rheumatoid Arthritis,Phase 3,CHANGE IN SF-36 SCORE,51,244,20.9016,6
Disorder of immune function,Rheumatoid Arthritis,Phase 4,CHANGE IN DAS28 SCORE,35,88,39.7727,1
Disorder of immune function,Rheumatoid Arthritis,Phase 4,ACR20 RESPONSE,23,88,26.1364,0
Disorder of immune function,Rheumatoid Arthritis,Phase 4,ACR50 RESPONSE,22,88,25.0000,2
Disorder of immune function,Rheumatoid Arthritis,Phase 4,CHANGE IN HAQ-DI SCORE,20,88,22.7273,3
Disorder of immune function,Rheumatoid Arthritis,Phase 4,ACR70 RESPONSE,19,88,21.5909,4
Disorder of immune function,Rheumatoid Arthritis,Phase 4,CHANGE IN VAS PAIN SCORE,15,88,17.0455,5
Disorder of immune function,Rheumatoid Arthritis,Phase 4,CHANGE IN CRP,12,88,13.6364,10
Disorder of skin,Rosacea,Phase 1,AUC (0-24) FOR PALIFERMIN,1,5,20.0000,17
Disorder of skin,Rosacea,Phase 1,CANDIDA SPECIES COUNT,1,5,20.0000,18
Disorder of skin,Rosacea,Phase 1,CHANGE IN BROWN SPOT AREA,1,5,20.0000,19
Disorder of skin,Rosacea,Phase 1,CHANGE IN COLOR EVENNESS,1,5,20.0000,20
Disorder of skin,Rosacea,Phase 1,CHANGE IN LUMINOSITY,1,5,20.0000,21
Disorder of skin,Rosacea,Phase 1,CHANGE IN REDNESS AREA,1,5,20.0000,22
Disorder of skin,Rosacea,Phase 1,CHANGE IN WRINKLES AREA,1,5,20.0000,23
Disorder of skin,Rosacea,Phase 2,NUMBER OF PARTICIPANTS WITH ADVERSE EVENTS,9,79,11.3924,0
Disorder of skin,Rosacea,Phase 2,DURATION OF RESPONSE,4,79,5.0633,10
Disorder of skin,Rosacea,Phase 2,IGA RESPONSE,4,79,5.0633,2
Disorder of skin,Rosacea,Phase 2,NUMBER OF PARTICIPANTS WITH TREATMENT-EMERGENT ADVERSE EVENTS,4,79,5.0633,1
Disorder of skin,Rosacea,Phase 2,CHANGE IN PAIN SCORE,3,79,3.7975,6
Disorder of skin,Rosacea,Phase 2,CURE RATE,3,79,3.7975,11
Disorder of skin,Rosacea,Phase 2,DURATION OF SEVERE ORAL MUCOSITIS,3,79,3.7975,12
Disorder of skin,Rosacea,Phase 3,NUMBER OF PARTICIPANTS WITH TREATMENT-EMERGENT ADVERSE EVENTS,13,98,13.2653,1
Disorder of skin,Rosacea,Phase 3,NUMBER OF PARTICIPANTS WITH ADVERSE EVENTS,8,98,8.1633,0
Disorder of skin,Rosacea,Phase 3,PERCENTAGE OF RESPONDERS AT MAXIMUM FROWN,6,98,6.1224,4
Disorder of skin,Rosacea,Phase 3,RESPONDER RATE,6,98,6.1224,5
Disorder of skin,Rosacea,Phase 3,IGA TREATMENT SUCCESS,5,98,5.1020,7
Disorder of skin,Rosacea,Phase 3,PERCENT CHANGE IN INFLAMMATORY LESION COUNT,5,98,5.1020,8
Disorder of skin,Rosacea,Phase 3,CHANGE FROM BASELINE IN NASAL POLYP SCORE,4,98,4.0816,9
Disorder of skin,Rosacea,Phase 4,PATIENT SATISFACTION,6,49,12.2449,3
Disorder of skin,Rosacea,Phase 4,IGA RESPONSE,4,49,8.1633,2
Disorder of skin,Rosacea,Phase 4,CHANGE FROM BASELINE IN FACE-Q PSYCHOLOGICAL FUNCTION SCORE,2,49,4.0816,13
Disorder of skin,Rosacea,Phase 4,CHANGE IN PAIN SCORE,2,49,4.0816,6
Disorder of skin,Rosacea,Phase 4,CHANGE IN PSYCHOLOGICAL WELL-BEING SCORE,2,49,4.0816,14
Disorder of skin,Rosacea,Phase 4,CHANGE IN QUALITY OF LIFE SCORE,2,49,4.0816,15
Disorder of skin,Rosacea,Phase 4,INFLAMMATORY LESION COUNT,2,49,4.0816,16
Disorder of immune function,Sarcoidosis,Phase 1,AUC FROM 0 TO INFINITY,2,9,22.2222,6
Disorder of immune function,Sarcoidosis,Phase 1,MAXIMUM PLASMA CONCENTRATION,2,9,22.2222,0
Disorder of immune function,Sarcoidosis,Phase 1,PLASMA DRUG CONCENTRATION,2,9,22.2222,11
Disorder of immune function,Sarcoidosis,Phase 1,TIME TO MAXIMUM CONCENTRATION,2,9,22.2222,13
Disorder of immune function,Sarcoidosis,Phase 1,ACCUMULATION RATIO,1,9,11.1111,17
Disorder of immune function,Sarcoidosis,Phase 1,APPARENT TERMINAL HALF-LIFE,1,9,11.1111,19
Disorder of immune function,Sarcoidosis,Phase 1,APPENDICULAR LEAN MASS,1,9,11.1111,20
Disorder of immune function,Sarcoidosis,Phase 2,CHANGE IN 6-MINUTE WALK DISTANCE,7,64,10.9375,2
Disorder of immune function,Sarcoidosis,Phase 2,NUMBER OF PARTICIPANTS WITH TREATMENT-EMERGENT ADVERSE EVENTS,7,64,10.9375,3
Disorder of immune function,Sarcoidosis,Phase 2,GEOMETRIC MEAN TITER,5,64,7.8125,5
Disorder of immune function,Sarcoidosis,Phase 2,SEROCONVERSION RATE,4,64,6.2500,4
Disorder of immune function,Sarcoidosis,Phase 2,CHANGE FROM BASELINE IN CDASI ACTIVITY SCORE,3,64,4.6875,7
Disorder of immune function,Sarcoidosis,Phase 2,MAXIMUM PLASMA CONCENTRATION,3,64,4.6875,0
Disorder of immune function,Sarcoidosis,Phase 2,NUMBER OF PARTICIPANTS WITH ADVERSE EVENTS,3,64,4.6875,1
Disorder of immune function,Sarcoidosis,Phase 3,NUMBER OF PARTICIPANTS WITH ADVERSE EVENTS,3,21,14.2857,1
Disorder of immune function,Sarcoidosis,Phase 3,COMPLETE CURE RATE,2,21,9.5238,8
Disorder of immune function,Sarcoidosis,Phase 3,CURE RATE,2,21,9.5238,9
Disorder of immune function,Sarcoidosis,Phase 3,MEAN CHANGE IN MMT-8 SCORE,2,21,9.5238,10
Disorder of immune function,Sarcoidosis,Phase 3,PROPORTION OF LICE-FREE SUBJECTS,2,21,9.5238,12
Disorder of immune function,Sarcoidosis,Phase 3,SEROCONVERSION RATE,2,21,9.5238,4
Disorder of immune function,Sarcoidosis,Phase 3,"ANNUALIZED RATE OF MILD, MODERATE, AND SEVERE TEAES",1,21,4.7619,18
Disorder of immune function,Sarcoidosis,Phase 4,MAXIMUM PLASMA CONCENTRATION,3,19,15.7895,0
Disorder of immune function,Sarcoidosis,Phase 4,AUC FROM 0 TO INFINITY,2,19,10.5263,6
Disorder of immune function,Sarcoidosis,Phase 4,NUMBER OF PARTICIPANTS WITH ADVERSE EVENTS,2,19,10.5263,1
Disorder of immune function,Sarcoidosis,Phase 4,12-LEAD ECG HEART RATE,1,19,5.2632,14
Disorder of immune function,Sarcoidosis,Phase 4,18FDG UPTAKE,1,19,5.2632,15
Disorder of immune function,Sarcoidosis,Phase 4,50-METER WALKING SPEED,1,19,5.2632,16
Disorder of immune function,Sarcoidosis,Phase 4,AREA UNDER THE CONCENTRATION-TIME CURVE,1,19,5.2632,21
Neoplastic disease,Sarcoma,Phase 1,OBJECTIVE RESPONSE RATE,5,15,33.3333,0
Neoplastic disease,Sarcoma,Phase 1,MAXIMUM PLASMA CONCENTRATION,4,15,26.6667,8
Neoplastic disease,Sarcoma,Phase 1,OVERALL SURVIVAL,4,15,26.6667,2
Neoplastic disease,Sarcoma,Phase 1,PROGRESSION-FREE SURVIVAL,4,15,26.6667,1
Neoplastic disease,Sarcoma,Phase 1,DISEASE CONTROL RATE,3,15,20.0000,9
Neoplastic disease,Sarcoma,Phase 1,MAXIMUM TOLERATED DOSE,3,15,20.0000,10
Neoplastic disease,Sarcoma,Phase 1,NUMBER OF PARTICIPANTS WITH ANTI-OLARATUMAB ANTIBODIES,3,15,20.0000,11
Neoplastic disease,Sarcoma,Phase 2,OBJECTIVE RESPONSE RATE,75,137,54.7445,0
Neoplastic disease,Sarcoma,Phase 2,PROGRESSION-FREE SURVIVAL,61,137,44.5255,1
Neoplastic disease,Sarcoma,Phase 2,OVERALL SURVIVAL,51,137,37.2263,2
Neoplastic disease,Sarcoma,Phase 2,NUMBER OF PARTICIPANTS WITH ADVERSE EVENTS,14,137,10.2190,3
Neoplastic disease,Sarcoma,Phase 2,TIME TO PROGRESSION,11,137,8.0292,5
Neoplastic disease,Sarcoma,Phase 2,DURATION OF RESPONSE,9,137,6.5693,4
Neoplastic disease,Sarcoma,Phase 2,CLINICAL BENEFIT RATE,8,137,5.8394,6
Neoplastic disease,Sarcoma,Phase 3,OVERALL SURVIVAL,10,19,52.6316,2
Neoplastic disease,Sarcoma,Phase 3,EVENT-FREE SURVIVAL,7,19,36.8421,7
Neoplastic disease,Sarcoma,Phase 3,OBJECTIVE RESPONSE RATE,7,19,36.8421,0
Neoplastic disease,Sarcoma,Phase 3,PROGRESSION-FREE SURVIVAL,7,19,36.8421,1
Neoplastic disease,Sarcoma,Phase 3,DURATION OF RESPONSE,3,19,15.7895,4
Neoplastic disease,Sarcoma,Phase 3,5-YEAR FAILURE FREE SURVIVAL,1,19,5.2632,12
Neoplastic disease,Sarcoma,Phase 3,5-YEAR SURVIVAL RATE,1,19,5.2632,13
Neoplastic disease,Sarcoma,Phase 4,CHANGE FROM BASELINE IN HADS SCORE,1,4,25.0000,14
Neoplastic disease,Sarcoma,Phase 4,CHANGE IN MBPI-SF INTERFERENCE INDEX SCORE,1,4,25.0000,15
Neoplastic disease,Sarcoma,Phase 4,CHANGE IN PAIN SCORE,1,4,25.0000,16
Neoplastic disease,Sarcoma,Phase 4,DAAC IN DAILY WORST PAIN,1,4,25.0000,17
Neoplastic disease,Sarcoma,Phase 4,DISEASE PROGRESSION OR RECURRENCE,1,4,25.0000,18
Neoplastic disease,Sarcoma,Phase 4,DURATION ADJUSTED AVERAGE CHANGE IN DAILY WORST PAIN,1,4,25.0000,19
Neoplastic disease,Sarcoma,Phase 4,NUMBER OF PARTICIPANTS EXPERIENCING ADVERSE EVENTS OF INTEREST,1,4,25.0000,20
Mental illness,Schizophrenia,Phase 1,MAXIMUM PLASMA CONCENTRATION,27,52,51.9231,2
Mental illness,Schizophrenia,Phase 1,TIME TO MAXIMUM CONCENTRATION,22,52,42.3077,5
Mental illness,Schizophrenia,Phase 1,NUMBER OF PARTICIPANTS WITH ADVERSE EVENTS,12,52,23.0769,4
Mental illness,Schizophrenia,Phase 1,AREA UNDER THE CONCENTRATION-TIME CURVE,8,52,15.3846,10
Mental illness,Schizophrenia,Phase 1,AUC FROM 0 TO LAST MEASURABLE CONCENTRATION,7,52,13.4615,12
Mental illness,Schizophrenia,Phase 1,PLASMA DRUG CONCENTRATION,7,52,13.4615,15
Mental illness,Schizophrenia,Phase 1,CLEARANCE,6,52,11.5385,17
Mental illness,Schizophrenia,Phase 2,CHANGE IN PANSS SCORE,54,132,40.9091,0
Mental illness,Schizophrenia,Phase 2,CHANGE FROM BASELINE IN CGI-S SCORE,11,132,8.3333,1
Mental illness,Schizophrenia,Phase 2,CHANGE IN CGI-S SCORE,9,132,6.8182,6
Mental illness,Schizophrenia,Phase 2,CHANGE IN BODY WEIGHT,8,132,6.0606,3
Mental illness,Schizophrenia,Phase 2,MAXIMUM PLASMA CONCENTRATION,7,132,5.3030,2
Mental illness,Schizophrenia,Phase 2,NUMBER OF PARTICIPANTS WITH ADVERSE EVENTS,7,132,5.3030,4
Mental illness,Schizophrenia,Phase 2,PANSS TOTAL SCORE,7,132,5.3030,14
Mental illness,Schizophrenia,Phase 3,CHANGE IN PANSS SCORE,65,161,40.3727,0
Mental illness,Schizophrenia,Phase 3,CHANGE FROM BASELINE IN CGI-S SCORE,18,161,11.1801,1
Mental illness,Schizophrenia,Phase 3,NUMBER OF PARTICIPANTS WITH ADVERSE EVENTS,14,161,8.6957,4
Mental illness,Schizophrenia,Phase 3,NUMBER OF PARTICIPANTS WITH TREATMENT-EMERGENT ADVERSE EVENTS,14,161,8.6957,7
Mental illness,Schizophrenia,Phase 3,CHANGE IN BODY WEIGHT,13,161,8.0745,3
Mental illness,Schizophrenia,Phase 3,CHANGE IN CGI-S SCORE,12,161,7.4534,6
Mental illness,Schizophrenia,Phase 3,MEAN CHANGE IN CGI-S SCORE,12,161,7.4534,8
Mental illness,Schizophrenia,Phase 4,CHANGE IN PANSS SCORE,36,119,30.2521,0
Mental illness,Schizophrenia,Phase 4,CHANGE IN BODY WEIGHT,12,119,10.0840,3
Mental illness,Schizophrenia,Phase 4,CHANGE IN BODY MASS INDEX,9,119,7.5630,9
Mental illness,Schizophrenia,Phase 4,CHANGE IN TRIGLYCERIDES,8,119,6.7227,11
Mental illness,Schizophrenia,Phase 4,CHANGE IN TOTAL CHOLESTEROL,7,119,5.8824,13
Mental illness,Schizophrenia,Phase 4,CHANGE IN LDL CHOLESTEROL,6,119,5.0420,16
Mental illness,Schizophrenia,Phase 4,CHANGE FROM BASELINE IN CGI-S SCORE,5,119,4.2017,1
Procedure,Screening,Phase 1,AUC 0-24 OF METOPROLOL,1,1,100.0000,3
Procedure,Screening,Phase 1,CHANGE IN MEAN HEART RATE,1,1,100.0000,9
Procedure,Screening,Phase 1,DIASTOLIC AND SYSTOLIC BLOOD PRESSURE,1,1,100.0000,13
Procedure,Screening,Phase 1,DOSE OF METOPROLOL RESULTING IN NO CHANGE IN MEAN HEART RATE,1,1,100.0000,15
Procedure,Screening,Phase 1,HEART RATE,1,1,100.0000,18
Procedure,Screening,Phase 1,MAXIMUM AND MINIMUM HEART RATE,1,1,100.0000,19
Procedure,Screening,Phase 1,MAXIMUM HEART RATE AND MINIMUM HEART RATE,1,1,100.0000,20
Procedure,Screening,Phase 2,DISEASE CONTROL RATE,1,1,100.0000,14
Procedure,Screening,Phase 2,MEDIAN DURATION OF RESPONSE,1,1,100.0000,21
Procedure,Screening,Phase 2,MEDIAN OVERALL SURVIVAL,1,1,100.0000,22
Procedure,Screening,Phase 2,MEDIAN PROGRESSION-FREE SURVIVAL,1,1,100.0000,23
Procedure,Screening,Phase 2,OBJECTIVE RESPONSE RATE,1,1,100.0000,25
Procedure,Screening,Phase 2,PROPORTION OF PARTICIPANTS WITH TREATMENT-RELATED DOSE-LIMITING TOXICITIES,1,1,100.0000,26
Procedure,Screening,Phase 3,MRI LESION COUNT,2,4,50.0000,0
Procedure,Screening,Phase 3,ACCURACY OF DETECTION OF ABNORMAL BRAIN TISSUE,1,4,25.0000,1
Procedure,Screening,Phase 3,ACCURACY OF DETECTION OF MALIGNANT LESIONS,1,4,25.0000,2
Procedure,Screening,Phase 3,BORDER DELINEATION AND INTERNAL MORPHOLOGY SCORES,1,4,25.0000,6
Procedure,Screening,Phase 3,CHANGE FROM BASELINE IN HEALTH-RELATED QUALITY OF LIFE,1,4,25.0000,7
Procedure,Screening,Phase 3,CONTRAST ENHANCEMENT SCORE,1,4,25.0000,10
Procedure,Screening,Phase 3,"CONTRAST ENHANCEMENT, BORDER DELINEATION AND INTERNAL MORPHOLOGY SCORES",1,4,25.0000,11
Procedure,Screening,Phase 4,AUC FROM 0 TO INFINITY,1,6,16.6667,4
Procedure,Screening,Phase 4,BISPECTRAL INDEX SCORE,1,6,16.6667,5
Procedure,Screening,Phase 4,CHANGE IN BLOOD PROTEIN LEVELS,1,6,16.6667,8
Procedure,Screening,Phase 4,CREATININE CLEARANCE CHANGE,1,6,16.6667,12
Procedure,Screening,Phase 4,ENDOSCOPIST SATISFACTION,1,6,16.6667,16
Procedure,Screening,Phase 4,FREQUENT PAIN ASSUMPTION,1,6,16.6667,17
Procedure,Screening,Phase 4,NUMBER OF SUBJECTS WITH DRIVING SIMULATOR CRASH EVENTS,1,6,16.6667,24
Infection,Sepsis,Phase 1,AUC FROM 0 TO INFINITY,4,16,25.0000,5
Infection,Sepsis,Phase 1,VOLUME OF DISTRIBUTION,4,16,25.0000,8
Infection,Sepsis,Phase 1,MAXIMUM PLASMA CONCENTRATION,3,16,18.7500,2
Infection,Sepsis,Phase 1,NUMBER OF PARTICIPANTS WITH ADVERSE EVENTS,3,16,18.7500,0
Infection,Sepsis,Phase 1,ANTIBODY CONCENTRATION,2,16,12.5000,15
Infection,Sepsis,Phase 1,AUC FROM 0 TO LAST MEASURABLE CONCENTRATION,2,16,12.5000,16
Infection,Sepsis,Phase 1,GEOMETRIC MEAN ANTIBODY CONCENTRATION,2,16,12.5000,17
Infection,Sepsis,Phase 2,NUMBER OF PARTICIPANTS WITH ADVERSE EVENTS,5,36,13.8889,0
Infection,Sepsis,Phase 2,NUMBER OF PARTICIPANTS WITH SERIOUS ADVERSE EVENTS,5,36,13.8889,3
Infection,Sepsis,Phase 2,NUMBER OF PARTICIPANTS WITH TREATMENT-EMERGENT ADVERSE EVENTS,4,36,11.1111,6
Infection,Sepsis,Phase 2,28-DAY MORTALITY,3,36,8.3333,4
Infection,Sepsis,Phase 2,HOSPITAL LENGTH OF STAY,3,36,8.3333,10
Infection,Sepsis,Phase 2,MAXIMUM PLASMA CONCENTRATION,3,36,8.3333,2
Infection,Sepsis,Phase 2,PERCENTAGE OF PARTICIPANTS REPORTING ADVERSE EVENTS,3,36,8.3333,12
Infection,Sepsis,Phase 3,ALL-CAUSE MORTALITY,6,29,20.6897,1
Infection,Sepsis,Phase 3,SEROPROTECTION RATE,4,29,13.7931,7
Infection,Sepsis,Phase 3,90-DAY MORTALITY,3,29,10.3448,9
Infection,Sepsis,Phase 3,LENGTH OF HOSPITAL STAY,3,29,10.3448,11
Infection,Sepsis,Phase 3,NUMBER OF PARTICIPANTS WITH ADVERSE EVENTS,3,29,10.3448,0
Infection,Sepsis,Phase 3,180-DAY MORTALITY,2,29,6.8966,13
Infection,Sepsis,Phase 3,28-DAY ALL-CAUSE MORTALITY,2,29,6.8966,14
Infection,Sepsis,Phase 4,28-DAY MORTALITY,1,19,5.2632,4
Infection,Sepsis,Phase 4,7 DAY ALL-CAUSE IN-HOSPITAL MORTALITY,1,19,5.2632,18
Infection,Sepsis,Phase 4,ACUTE KIDNEY INJURY SCORE,1,19,5.2632,19
Infection,Sepsis,Phase 4,ALL-CAUSE MORTALITY,1,19,5.2632,1
Infection,Sepsis,Phase 4,ANTIMICROBIAL RESISTANCE,1,19,5.2632,20
Infection,Sepsis,Phase 4,ANTIMICROBIAL RESISTANCE RATE,1,19,5.2632,21
Infection,Sepsis,Phase 4,CARDIAC INDEX,1,19,5.2632,22
Respiratory disease,Severe Asthma,Phase 1,ACCUMULATION RATIO,1,1,100.0000,8
Respiratory disease,Severe Asthma,Phase 1,AUC FROM 0 TO INFINITY,1,1,100.0000,11
Respiratory disease,Severe Asthma,Phase 1,AUC[0 - T] FOR CAT-354,1,1,100.0000,12
Respiratory disease,Severe Asthma,Phase 1,CLEARANCE,1,1,100.0000,23
Respiratory disease,Severe Asthma,Phase 1,MAXIMUM OBSERVED SERUM CONCENTRATION,1,1,100.0000,24
Respiratory disease,Severe Asthma,Phase 1,MAXIMUM PLASMA CONCENTRATION,1,1,100.0000,25
Respiratory disease,Severe Asthma,Phase 1,NUMBER OF PARTICIPANTS REPORTING TREATMENT-EMERGENT ADVERSE EVENTS,1,1,100.0000,26
Respiratory disease,Severe Asthma,Phase 2,AQLQ SCORE CHANGE,1,4,25.0000,10
Respiratory disease,Severe Asthma,Phase 2,CHANGE FROM BASELINE IN CERVICOMENTAL ANGLE,1,4,25.0000,13
Respiratory disease,Severe Asthma,Phase 2,CHANGE FROM BASELINE IN PATIENT-REPORTED SUBMENTAL FAT IMPACT SCALE,1,4,25.0000,14
Respiratory disease,Severe Asthma,Phase 2,CHANGE FROM BASELINE IN PR-SMFRS,1,4,25.0000,0
Respiratory disease,Severe Asthma,Phase 2,CHANGE FROM BASELINE IN SKIN LAXITY RATING,1,4,25.0000,15
Respiratory disease,Severe Asthma,Phase 2,CHANGE FROM BASELINE IN SMF RATING SCALE SCORE,1,4,25.0000,16
Respiratory disease,Severe Asthma,Phase 2,CHANGE FROM BASELINE IN SUBJECT SATISFACTION WITH APPEARANCE RATING SCALE,1,4,25.0000,17
Respiratory disease,Severe Asthma,Phase 3,CHANGE FROM BASELINE IN PR-SMFRS,3,13,23.0769,0
Respiratory disease,Severe Asthma,Phase 3,CHANGE FROM BASELINE IN SUBMENTAL FAT THICKNESS,3,13,23.0769,1
Respiratory disease,Severe Asthma,Phase 3,ACTIVITY IMPAIRMENT,2,13,15.3846,2
Respiratory disease,Severe Asthma,Phase 3,ANNUAL EXACERBATION RATE,2,13,15.3846,3
Respiratory disease,Severe Asthma,Phase 3,ANNUALISED ASTHMA EXACERBATION RATE,2,13,15.3846,4
Respiratory disease,Severe Asthma,Phase 3,ANTI-DRUG ANTIBODIES,2,13,15.3846,5
Respiratory disease,Severe Asthma,Phase 3,ASTHMA-RELATED HEALTHCARE ENCOUNTERS,2,13,15.3846,6
Respiratory disease,Severe Asthma,Phase 4,30-DAY MORTALITY,1,3,33.3333,7
Respiratory disease,Severe Asthma,Phase 4,ACQ SCORE,1,3,33.3333,9
Respiratory disease,Severe Asthma,Phase 4,CHANGE IN AVERAGE 10 METER TIME WALKING TEST,1,3,33.3333,18
Respiratory disease,Severe Asthma,Phase 4,CHANGE IN AVERAGE ASHWORTH SCALE,1,3,33.3333,19
Respiratory disease,Severe Asthma,Phase 4,CHANGE IN EQ-5D-3L SCORE,1,3,33.3333,20
Respiratory disease,Severe Asthma,Phase 4,CHANGE IN FIM SCORE,1,3,33.3333,21
Respiratory disease,Severe Asthma,Phase 4,CHANGE IN HAM-D SCORE,1,3,33.3333,22
Disorder of immune function,Severe Combined Immunodeficiency,Phase 1,NUMBER OF ADVERSE EVENTS,1,1,100.0000,19
Disorder of immune function,Severe Combined Immunodeficiency,Phase 1,PLASMA DRUG CONCENTRATION,1,1,100.0000,20
Disorder of immune function,Severe Combined Immunodeficiency,Phase 2,OVERALL SURVIVAL,3,17,17.6471,3
Disorder of immune function,Severe Combined Immunodeficiency,Phase 2,AUCTAU OF ELTROMBOPAG,2,17,11.7647,4
Disorder of immune function,Severe Combined Immunodeficiency,Phase 2,CHANGE FROM BASELINE IN CD4+ CELL COUNT,2,17,11.7647,0
Disorder of immune function,Severe Combined Immunodeficiency,Phase 2,NUMBER OF PARTICIPANTS WITH ADVERSE EVENTS,2,17,11.7647,5
Disorder of immune function,Severe Combined Immunodeficiency,Phase 2,1-YEAR SURVIVAL RATE,1,17,5.8824,9
Disorder of immune function,Severe Combined Immunodeficiency,Phase 2,AUC FOR PLASMA TOTAL IGG,1,17,5.8824,12
Disorder of immune function,Severe Combined Immunodeficiency,Phase 2,AUC FROM 0 TO LAST MEASURABLE CONCENTRATION,1,17,5.8824,13
Disorder of immune function,Severe Combined Immunodeficiency,Phase 3,PERCENTAGE OF PARTICIPANTS WITH HIV-1 RNA < 50 COPIES/ML,5,9,55.5556,1
Disorder of immune function,Severe Combined Immunodeficiency,Phase 3,CHANGE FROM BASELINE IN CD4+ CELL COUNT,3,9,33.3333,0
Disorder of immune function,Severe Combined Immunodeficiency,Phase 3,CHANGE IN CD4 COUNT,2,9,22.2222,2
Disorder of immune function,Severe Combined Immunodeficiency,Phase 3,PERCENTAGE OF PARTICIPANTS ACHIEVING TARGET,2,9,22.2222,6
Disorder of immune function,Severe Combined Immunodeficiency,Phase 3,PERCENTAGE OF PARTICIPANTS WITH ADVERSE EVENTS,2,9,22.2222,7
Disorder of immune function,Severe Combined Immunodeficiency,Phase 3,VIRAL SUPPRESSION RATE,2,9,22.2222,8
Disorder of immune function,Severe Combined Immunodeficiency,Phase 3,AUCTAU,1,9,11.1111,14
Disorder of immune function,Severe Combined Immunodeficiency,Phase 4,ACTIVATED AND REGULATORY T-CELL FREQUENCIES,1,3,33.3333,10
Disorder of immune function,Severe Combined Immunodeficiency,Phase 4,ACTIVATION AND PROLIFERATION OF CD4+ AND CD8+ T-CELL FREQUENCIES,1,3,33.3333,11
Disorder of immune function,Severe Combined Immunodeficiency,Phase 4,CD4+ T-CELL FREQUENCY,1,3,33.3333,15
Disorder of immune function,Severe Combined Immunodeficiency,Phase 4,CHANGE IN CD4 COUNT,1,3,33.3333,2
Disorder of immune function,Severe Combined Immunodeficiency,Phase 4,CHANGE IN CD4+ T-CELL APOPTOSIS,1,3,33.3333,16
Disorder of immune function,Severe Combined Immunodeficiency,Phase 4,GEOMETRIC MEAN CONCENTRATION,1,3,33.3333,17
Disorder of immune function,Severe Combined Immunodeficiency,Phase 4,GEOMETRIC MEAN CONCENTRATION FOR ANTI-RUBELLA VIRUS IGG,1,3,33.3333,18
Infection,Sexually Transmitted Infections,Phase 1,MAXIMUM PLASMA CONCENTRATION,2,7,28.5714,5
Infection,Sexually Transmitted Infections,Phase 1,SEROCONVERSION RATE,2,7,28.5714,9
Infection,Sexually Transmitted Infections,Phase 1,TIME TO MAXIMUM CONCENTRATION,2,7,28.5714,10
Infection,Sexually Transmitted Infections,Phase 1,ABSTINENCE AT THREE-MONTH FOLLOW-UP,1,7,14.2857,12
Infection,Sexually Transmitted Infections,Phase 1,APPARENT ORAL CLEARANCE,1,7,14.2857,20
Infection,Sexually Transmitted Infections,Phase 1,APPARENT TERMINAL HALF-LIFE OF TEDIZOLID PHOSPHATE,1,7,14.2857,21
Infection,Sexually Transmitted Infections,Phase 1,APPARENT VOLUME OF DISTRIBUTION,1,7,14.2857,22
Infection,Sexually Transmitted Infections,Phase 2,30-DAY ALL-CAUSE MORTALITY,1,14,7.1429,11
Infection,Sexually Transmitted Infections,Phase 2,ANTI-NA-GST-1 IGG ANTIBODY RESPONSE,1,14,7.1429,13
Infection,Sexually Transmitted Infections,Phase 2,ANTI-VP1 GI.1 BLOCKING ANTIBODIES TITER,1,14,7.1429,14
Infection,Sexually Transmitted Infections,Phase 2,ANTI-VP1 GI.1 IGA LEVELS,1,14,7.1429,15
Infection,Sexually Transmitted Infections,Phase 2,ANTI-VP1 GI.1 IGG LEVELS,1,14,7.1429,16
Infection,Sexually Transmitted Infections,Phase 2,ANTI-VP1 GII.4 BT50 TITER,1,14,7.1429,17
Infection,Sexually Transmitted Infections,Phase 2,ANTI-VP1 GII.4 IGA LEVELS,1,14,7.1429,18
Infection,Sexually Transmitted Infections,Phase 3,CLINICAL CURE RATE,3,18,16.6667,0
Infection,Sexually Transmitted Infections,Phase 3,COMPLETE RESOLUTION OF SYMPTOMS,3,18,16.6667,1
Infection,Sexually Transmitted Infections,Phase 3,MICROBIOLOGICAL ERADICATION,3,18,16.6667,2
Infection,Sexually Transmitted Infections,Phase 3,NUMBER OF PARTICIPANTS WITH TREATMENT EMERGENT ADVERSE EVENTS,3,18,16.6667,3
Infection,Sexually Transmitted Infections,Phase 3,CURE RATE,2,18,11.1111,4
Infection,Sexually Transmitted Infections,Phase 3,MICROBIOLOGICAL CURE,2,18,11.1111,6
Infection,Sexually Transmitted Infections,Phase 3,MICROBIOLOGICAL CURE RATE,2,18,11.1111,7
Infection,Sexually Transmitted Infections,Phase 4,NUMBER OF PARTICIPANTS WITH ADVERSE EVENTS,2,15,13.3333,8
Infection,Sexually Transmitted Infections,Phase 4,ANTIMICROBIAL SUSCEPTIBILITY PROFILE,1,15,6.6667,19
Infection,Sexually Transmitted Infections,Phase 4,BASELINE DEMOGRAPHICS - AGE,1,15,6.6667,23
Infection,Sexually Transmitted Infections,Phase 4,CATEGORICAL DESCRIPTIVE STATISTICS OF BASELINE DEMOGRAPHICS,1,15,6.6667,24
Infection,Sexually Transmitted Infections,Phase 4,CATEGORICAL DESCRIPTIVE STATISTICS OF SEXUAL HISTORY,1,15,6.6667,25
Infection,Sexually Transmitted Infections,Phase 4,CATEGORICAL DESCRIPTIVE STATISTICS OF SOCIO-EPIDEMIOLOGIC CHARACTERISTICS,1,15,6.6667,26
Infection,Sexually Transmitted Infections,Phase 4,CHANGE FROM BASELINE IN NUGENT SCORE,1,15,6.6667,27
Cardiovascular disease,Shock,Phase 1,30-DAY MORTALITY,1,4,25.0000,14
Cardiovascular disease,Shock,Phase 1,ACCEPTABILITY OF ENROLLMENT,1,4,25.0000,16
Cardiovascular disease,Shock,Phase 1,"ADVERSE EVENTS: HYPERLACTATEMIA, HYPERKALEMIA, HYPERCALCEMIA, HYPERNATREMIA, HYPONATREMIA, HYPERCHLOREMIA, THERAPY FOR BRAIN HERNIATION",1,4,25.0000,17
Cardiovascular disease,Shock,Phase 1,BOOSTERABILITY OF BIOMED RTSST-1 VARIANT VACCINE,1,4,25.0000,19
Cardiovascular disease,Shock,Phase 1,CEREBRAL PERFORMANCE CATEGORIES,1,4,25.0000,21
Cardiovascular disease,Shock,Phase 1,COMPLIANCE WITH STUDY FLUID ADMINISTRATION,1,4,25.0000,24
Cardiovascular disease,Shock,Phase 1,ENROLLMENT OF ELIGIBLE PATIENTS,1,4,25.0000,25
Cardiovascular disease,Shock,Phase 2,ALL-CAUSE MORTALITY,2,13,15.3846,1
Cardiovascular disease,Shock,Phase 2,CHANGE IN HEART RATE,2,13,15.3846,2
Cardiovascular disease,Shock,Phase 2,MEDIAN HEART RATE,2,13,15.3846,5
Cardiovascular disease,Shock,Phase 2,NUMBER OF PARTICIPANTS WITH TREATMENT-EMERGENT ADVERSE EVENTS,2,13,15.3846,6
Cardiovascular disease,Shock,Phase 2,STEADY-STATE CONCENTRATION,2,13,15.3846,7
Cardiovascular disease,Shock,Phase 2,SYSTEMIC CLEARANCE,2,13,15.3846,8
Cardiovascular disease,Shock,Phase 2,TIME TO MAXIMUM CONCENTRATION,2,13,15.3846,9
Cardiovascular disease,Shock,Phase 3,28-DAY MORTALITY,2,7,28.5714,0
Cardiovascular disease,Shock,Phase 3,HOSPITAL LENGTH OF STAY,2,7,28.5714,3
Cardiovascular disease,Shock,Phase 3,ICU LENGTH OF STAY,2,7,28.5714,4
Cardiovascular disease,Shock,Phase 3,1-9 UNITS PRBC AND 6-HOUR MORTALITY,1,7,14.2857,10
Cardiovascular disease,Shock,Phase 3,24 HOUR MORTALITY,1,7,14.2857,11
Cardiovascular disease,Shock,Phase 3,28 DAY ALL CAUSE MORTALITY,1,7,14.2857,12
Cardiovascular disease,Shock,Phase 3,28 DAY ALL-CAUSE MORTALITY,1,7,14.2857,13
Cardiovascular disease,Shock,Phase 4,28-DAY MORTALITY,1,9,11.1111,0
Cardiovascular disease,Shock,Phase 4,90-DAY MORTALITY,1,9,11.1111,15
Cardiovascular disease,Shock,Phase 4,ALL-CAUSE MORTALITY,1,9,11.1111,1
Cardiovascular disease,Shock,Phase 4,AMOUNT OF TIME NON-STUDY VASOPRESSORS USED,1,9,11.1111,18
Cardiovascular disease,Shock,Phase 4,CAUSE OF DEATH,1,9,11.1111,20
Cardiovascular disease,Shock,Phase 4,CHANGE IN CREATININE KINASE,1,9,11.1111,22
Cardiovascular disease,Shock,Phase 4,CHANGE IN MOCA SCORE,1,9,11.1111,23
Disorder of digestive system,Short Bowel Syndrome,Phase 1,SEROCONVERSION RATE,3,13,23.0769,11
Disorder of digestive system,Short Bowel Syndrome,Phase 1,GEOMETRIC MEAN TITER OF IGA ANTIBODIES,2,13,15.3846,15
Disorder of digestive system,Short Bowel Syndrome,Phase 1,NUMBER OF PARTICIPANTS WITH ADVERSE EVENTS,2,13,15.3846,2
Disorder of digestive system,Short Bowel Syndrome,Phase 1,NUMBER OF PARTICIPANTS WITH SOLICITED ADVERSE EVENTS,2,13,15.3846,18
Disorder of digestive system,Short Bowel Syndrome,Phase 1,NUMBER OF PARTICIPANTS WITH UNSOLICITED ADVERSE EVENTS,2,13,15.3846,19
Disorder of digestive system,Short Bowel Syndrome,Phase 1,PARTICIPANT SATISFACTION,2,13,15.3846,21
Disorder of digestive system,Short Bowel Syndrome,Phase 1,ALS IMMUNE RESPONSE,1,13,7.6923,24
Disorder of digestive system,Short Bowel Syndrome,Phase 2,NUMBER OF ADVERSE EVENTS,3,40,7.5000,10
Disorder of digestive system,Short Bowel Syndrome,Phase 2,NUMBER OF PARTICIPANTS WITH ADVERSE EVENTS,3,40,7.5000,2
Disorder of digestive system,Short Bowel Syndrome,Phase 2,NUMBER OF PARTICIPANTS WITH TREATMENT-EMERGENT ADVERSE EVENTS,3,40,7.5000,0
Disorder of digestive system,Short Bowel Syndrome,Phase 2,CHANGE IN PAIN SCORE,2,40,5.0000,13
Disorder of digestive system,Short Bowel Syndrome,Phase 2,CHANGE IN QUALITY OF LIFE SCORE,2,40,5.0000,6
Disorder of digestive system,Short Bowel Syndrome,Phase 2,MAXIMUM PLASMA CONCENTRATION,2,40,5.0000,17
Disorder of digestive system,Short Bowel Syndrome,Phase 2,OVERALL SURVIVAL,2,40,5.0000,20
Disorder of digestive system,Short Bowel Syndrome,Phase 3,NUMBER OF PARTICIPANTS WITH TREATMENT-EMERGENT ADVERSE EVENTS,12,50,24.0000,0
Disorder of digestive system,Short Bowel Syndrome,Phase 3,CHANGE IN BODY WEIGHT,5,50,10.0000,1
Disorder of digestive system,Short Bowel Syndrome,Phase 3,CHANGE FROM BASELINE IN BODY WEIGHT Z-SCORE,4,50,8.0000,3
Disorder of digestive system,Short Bowel Syndrome,Phase 3,CHANGE FROM BASELINE IN HEAD CIRCUMFERENCE Z-SCORE,4,50,8.0000,4
Disorder of digestive system,Short Bowel Syndrome,Phase 3,CHANGE IN BLOOD PRESSURE,4,50,8.0000,5
Disorder of digestive system,Short Bowel Syndrome,Phase 3,CHANGE FROM BASELINE IN BODY MASS INDEX Z-SCORE,3,50,6.0000,7
Disorder of digestive system,Short Bowel Syndrome,Phase 3,CHANGE FROM BASELINE IN BODY WEIGHT FOR AGE Z-SCORE,3,50,6.0000,8
Disorder of digestive system,Short Bowel Syndrome,Phase 4,INCIDENCE OF OPIOID-RELATED ADVERSE EVENTS,3,29,10.3448,9
Disorder of digestive system,Short Bowel Syndrome,Phase 4,BASELINE QT INTERVAL,2,29,6.8966,12
Disorder of digestive system,Short Bowel Syndrome,Phase 4,CHANGE IN QUALITY OF LIFE SCORE,2,29,6.8966,6
Disorder of digestive system,Short Bowel Syndrome,Phase 4,DURATION OF DIARRHEA,2,29,6.8966,14
Disorder of digestive system,Short Bowel Syndrome,Phase 4,LENGTH OF HOSPITAL STAY,2,29,6.8966,16
Disorder of digestive system,Short Bowel Syndrome,Phase 4,TOTAL COST OF HOSPITALIZATION,2,29,6.8966,22
Disorder of digestive system,Short Bowel Syndrome,Phase 4,TOTAL OPIOID BURDEN,2,29,6.8966,23
Blood disease,Sickle Cell Disease,Phase 1,AUC FROM 0 TO INFINITY,4,14,28.5714,6
Blood disease,Sickle Cell Disease,Phase 1,MAXIMUM PLASMA CONCENTRATION,4,14,28.5714,1
Blood disease,Sickle Cell Disease,Phase 1,NUMBER OF PARTICIPANTS WITH TREATMENT-EMERGENT ADVERSE EVENTS,4,14,28.5714,2
Blood disease,Sickle Cell Disease,Phase 1,TIME TO MAXIMUM CONCENTRATION,4,14,28.5714,8
Blood disease,Sickle Cell Disease,Phase 1,APPARENT VOLUME OF DISTRIBUTION,2,14,14.2857,11
Blood disease,Sickle Cell Disease,Phase 1,AUC FROM 0 TO LAST MEASURABLE CONCENTRATION,2,14,14.2857,12
Blood disease,Sickle Cell Disease,Phase 1,NUMBER OF PARTICIPANTS WITH TREATMENT EMERGENT ADVERSE EVENTS,2,14,14.2857,5
Blood disease,Sickle Cell Disease,Phase 2,CHANGE IN HEMOGLOBIN,8,63,12.6984,0
Blood disease,Sickle Cell Disease,Phase 2,MAXIMUM PLASMA CONCENTRATION,6,63,9.5238,1
Blood disease,Sickle Cell Disease,Phase 2,NUMBER OF PARTICIPANTS WITH TREATMENT-EMERGENT ADVERSE EVENTS,6,63,9.5238,2
Blood disease,Sickle Cell Disease,Phase 2,OVERALL SURVIVAL,6,63,9.5238,3
Blood disease,Sickle Cell Disease,Phase 2,CHANGE IN BILIRUBIN,4,63,6.3492,7
Blood disease,Sickle Cell Disease,Phase 2,CHANGE IN 6-MINUTE WALK DISTANCE,3,63,4.7619,9
Blood disease,Sickle Cell Disease,Phase 2,CHANGE IN BODY WEIGHT,3,63,4.7619,10
Blood disease,Sickle Cell Disease,Phase 3,CHANGE IN PAIN SCORE,3,20,15.0000,4
Blood disease,Sickle Cell Disease,Phase 3,NUMBER OF PARTICIPANTS WITH TREATMENT EMERGENT ADVERSE EVENTS,3,20,15.0000,5
Blood disease,Sickle Cell Disease,Phase 3,CHANGE IN HEMOGLOBIN,2,20,10.0000,0
Blood disease,Sickle Cell Disease,Phase 3,DURATION OF HOSPITALIZATION,2,20,10.0000,13
Blood disease,Sickle Cell Disease,Phase 3,NUMBER OF PAINFUL CRISIS EVENTS,2,20,10.0000,14
Blood disease,Sickle Cell Disease,Phase 3,NUMBER OF VASO-OCCLUSIVE CRISIS EVENTS,2,20,10.0000,15
Blood disease,Sickle Cell Disease,Phase 3,ANNUALIZED DAYS OF HEALTHCARE VISITS,1,20,5.0000,17
Blood disease,Sickle Cell Disease,Phase 4,CHANGE IN PAIN SCORE,2,8,25.0000,4
Blood disease,Sickle Cell Disease,Phase 4,ADMISSION RATE,1,8,12.5000,16
Blood disease,Sickle Cell Disease,Phase 4,AUC0-24 OF HYDROXYUREA,1,8,12.5000,18
Blood disease,Sickle Cell Disease,Phase 4,AVERAGE PERCENT HBA DECREMENT,1,8,12.5000,19
Blood disease,Sickle Cell Disease,Phase 4,CHANGE FROM BASELINE IN LIGHT PHYSICAL ACTIVITY,1,8,12.5000,20
Blood disease,Sickle Cell Disease,Phase 4,CHANGE FROM BASELINE IN TOTAL DAILY PHYSICAL ACTIVITY,1,8,12.5000,21
Blood disease,Sickle Cell Disease,Phase 4,CHANGE FROM BASELINE IN TOTAL NOCTURNAL SLEEP TIME,1,8,12.5000,22
Disorder of immune function,Sjögren's Syndrome,Phase 1,CHANGE IN ESSPRI SCORE,1,1,100.0000,3
Disorder of immune function,Sjögren's Syndrome,Phase 1,CHANGE IN SERUM BIOMARKERS OF INFLAMMATION,1,1,100.0000,17
Disorder of immune function,Sjögren's Syndrome,Phase 1,CHANGE IN SF-36 SCORE,1,1,100.0000,2
Disorder of immune function,Sjögren's Syndrome,Phase 1,TOTAL SCORE OF ESSDAI,1,1,100.0000,22
Disorder of immune function,Sjögren's Syndrome,Phase 2,CHANGE FROM BASELINE IN ESSDAI SCORE,10,35,28.5714,0
Disorder of immune function,Sjögren's Syndrome,Phase 2,CHANGE FROM BASELINE IN ESSPRI SCORE,7,35,20.0000,1
Disorder of immune function,Sjögren's Syndrome,Phase 2,CHANGE IN SF-36 SCORE,6,35,17.1429,2
Disorder of immune function,Sjögren's Syndrome,Phase 2,NUMBER OF PARTICIPANTS WITH TREATMENT-EMERGENT ADVERSE EVENTS,6,35,17.1429,4
Disorder of immune function,Sjögren's Syndrome,Phase 2,CHANGE IN ESSPRI SCORE,5,35,14.2857,3
Disorder of immune function,Sjögren's Syndrome,Phase 2,CHANGE IN ESSDAI SCORE,4,35,11.4286,5
Disorder of immune function,Sjögren's Syndrome,Phase 2,TIME TO MAXIMUM CONCENTRATION,4,35,11.4286,7
Disorder of immune function,Sjögren's Syndrome,Phase 3,NUMBER OF PARTICIPANTS WITH ADVERSE EVENTS,4,13,30.7692,6
Disorder of immune function,Sjögren's Syndrome,Phase 3,CHANGE FROM BASELINE IN UNSTIMULATED SALIVARY FLOW RATE,3,13,23.0769,8
Disorder of immune function,Sjögren's Syndrome,Phase 3,OCCURRENCE OF TREATMENT EMERGENT ADVERSE EVENTS,2,13,15.3846,9
Disorder of immune function,Sjögren's Syndrome,Phase 3,ACCRUED DURATION OF REMISSION,1,13,7.6923,10
Disorder of immune function,Sjögren's Syndrome,Phase 3,ANTI-DRUG ANTIBODIES,1,13,7.6923,11
Disorder of immune function,Sjögren's Syndrome,Phase 3,CENTRAL CORNEAL STAINING SCORE,1,13,7.6923,12
Disorder of immune function,Sjögren's Syndrome,Phase 3,"CHANGE FROM BASELINE IN ALT, ALK.PHOSPH., AST, CREATININE KINASE, GGT, AND LACTATE DEHYDROGENASE",1,13,7.6923,13
Disorder of immune function,Sjögren's Syndrome,Phase 4,CHANGE IN BIOMARKER LEVELS,1,5,20.0000,14
Disorder of immune function,Sjögren's Syndrome,Phase 4,CHANGE IN CORNEAL FLUORESCEIN STAINING,1,5,20.0000,15
Disorder of immune function,Sjögren's Syndrome,Phase 4,CHANGE IN DLQI SCORE,1,5,20.0000,16
Disorder of immune function,Sjögren's Syndrome,Phase 4,CORRELATION BETWEEN BIOMARKER EXPRESSION AND NAFL STAINING,1,5,20.0000,18
Disorder of immune function,Sjögren's Syndrome,Phase 4,CORRELATION BETWEEN BIOMARKER EXPRESSION AND TEAR FILM BREAK UP TIME,1,5,20.0000,19
Disorder of immune function,Sjögren's Syndrome,Phase 4,CORRELATION BETWEEN TNF MRNA AND OSDI,1,5,20.0000,20
Disorder of immune function,Sjögren's Syndrome,Phase 4,CORRELATION BETWEEN TNFMRNA AND SCHIRMER TEST,1,5,20.0000,21
Infection,Skin and Soft Tissue Infection,Phase 1,TIME TO MAXIMUM CONCENTRATION,15,24,62.5000,4
Infection,Skin and Soft Tissue Infection,Phase 1,MAXIMUM PLASMA CONCENTRATION,14,24,58.3333,2
Infection,Skin and Soft Tissue Infection,Phase 1,AUC FROM 0 TO INFINITY,12,24,50.0000,5
Infection,Skin and Soft Tissue Infection,Phase 1,RENAL CLEARANCE,7,24,29.1667,13
Infection,Skin and Soft Tissue Infection,Phase 1,AUC FROM 0 TO LAST MEASURABLE CONCENTRATION,6,24,25.0000,14
Infection,Skin and Soft Tissue Infection,Phase 1,NUMBER OF PARTICIPANTS WITH TREATMENT-EMERGENT ADVERSE EVENTS,6,24,25.0000,15
Infection,Skin and Soft Tissue Infection,Phase 1,NUMBER OF PARTICIPANTS WITH SERIOUS ADVERSE EVENTS,5,24,20.8333,0
Infection,Skin and Soft Tissue Infection,Phase 2,NUMBER OF PARTICIPANTS WITH ADVERSE EVENTS,12,58,20.6897,8
Infection,Skin and Soft Tissue Infection,Phase 2,NUMBER OF PARTICIPANTS WITH SERIOUS ADVERSE EVENTS,11,58,18.9655,0
Infection,Skin and Soft Tissue Infection,Phase 2,MICROBIOLOGICAL ERADICATION,8,58,13.7931,12
Infection,Skin and Soft Tissue Infection,Phase 2,CLINICAL RESPONSE,6,58,10.3448,11
Infection,Skin and Soft Tissue Infection,Phase 2,ANTIBODY TITER,5,58,8.6207,1
Infection,Skin and Soft Tissue Infection,Phase 2,MAXIMUM PLASMA CONCENTRATION,5,58,8.6207,2
Infection,Skin and Soft Tissue Infection,Phase 2,NUMBER OF SUBJECTS WITH GRADE 3 SOLICITED LOCAL SYMPTOMS,5,58,8.6207,16
Infection,Skin and Soft Tissue Infection,Phase 3,NUMBER OF PARTICIPANTS WITH SERIOUS ADVERSE EVENTS,31,89,34.8315,0
Infection,Skin and Soft Tissue Infection,Phase 3,ANTIBODY TITER,17,89,19.1011,1
Infection,Skin and Soft Tissue Infection,Phase 3,OPSONOPHAGOCYTIC ACTIVITY,16,89,17.9775,3
Infection,Skin and Soft Tissue Infection,Phase 3,ANTIBODY CONCENTRATIONS,13,89,14.6067,6
Infection,Skin and Soft Tissue Infection,Phase 3,NUMBER OF SUBJECTS WITH ANY AND GRADE 3 SOLICITED LOCAL SYMPTOMS,13,89,14.6067,7
Infection,Skin and Soft Tissue Infection,Phase 3,NUMBER OF PARTICIPANTS WITH UNSOLICITED ADVERSE EVENTS,12,89,13.4831,9
Infection,Skin and Soft Tissue Infection,Phase 3,OPSONOPHAGOCYTIC ACTIVITY TITER,12,89,13.4831,10
Infection,Skin and Soft Tissue Infection,Phase 4,CLINICAL RESPONSE,4,37,10.8108,11
Infection,Skin and Soft Tissue Infection,Phase 4,MICROBIOLOGICAL RESPONSE,3,37,8.1081,17
Infection,Skin and Soft Tissue Infection,Phase 4,NUMBER OF PARTICIPANTS WITH SERIOUS ADVERSE EVENTS,3,37,8.1081,0
Infection,Skin and Soft Tissue Infection,Phase 4,AUC FROM 0 TO INFINITY,2,37,5.4054,5
Infection,Skin and Soft Tissue Infection,Phase 4,CLINICAL RESPONSE OF CURE,2,37,5.4054,18
Infection,Skin and Soft Tissue Infection,Phase 4,CLINICAL SUCCESS,2,37,5.4054,19
Infection,Skin and Soft Tissue Infection,Phase 4,MAXIMUM PLASMA CONCENTRATION,2,37,5.4054,2
Neoplastic disease,Small Cell Lung Cancer,Phase 1,OBJECTIVE RESPONSE RATE,8,18,44.4444,0
Neoplastic disease,Small Cell Lung Cancer,Phase 1,PROGRESSION-FREE SURVIVAL,5,18,27.7778,2
Neoplastic disease,Small Cell Lung Cancer,Phase 1,OVERALL SURVIVAL,4,18,22.2222,1
Neoplastic disease,Small Cell Lung Cancer,Phase 1,MAXIMUM PLASMA CONCENTRATION,3,18,16.6667,9
Neoplastic disease,Small Cell Lung Cancer,Phase 1,NUMBER OF PARTICIPANTS WITH DOSE LIMITING TOXICITIES,3,18,16.6667,10
Neoplastic disease,Small Cell Lung Cancer,Phase 1,AUC FROM 0 TO LAST MEASURABLE CONCENTRATION,2,18,11.1111,11
Neoplastic disease,Small Cell Lung Cancer,Phase 1,DISEASE CONTROL RATE,2,18,11.1111,4
Neoplastic disease,Small Cell Lung Cancer,Phase 2,OBJECTIVE RESPONSE RATE,144,252,57.1429,0
Neoplastic disease,Small Cell Lung Cancer,Phase 2,OVERALL SURVIVAL,132,252,52.3810,1
Neoplastic disease,Small Cell Lung Cancer,Phase 2,PROGRESSION-FREE SURVIVAL,118,252,46.8254,2
Neoplastic disease,Small Cell Lung Cancer,Phase 2,DURATION OF RESPONSE,27,252,10.7143,3
Neoplastic disease,Small Cell Lung Cancer,Phase 2,DISEASE CONTROL RATE,23,252,9.1270,4
Neoplastic disease,Small Cell Lung Cancer,Phase 2,TIME TO PROGRESSION,19,252,7.5397,5
Neoplastic disease,Small Cell Lung Cancer,Phase 2,NUMBER OF PARTICIPANTS WITH TREATMENT-EMERGENT ADVERSE EVENTS,13,252,5.1587,6
Neoplastic disease,Small Cell Lung Cancer,Phase 3,OVERALL SURVIVAL,44,64,68.7500,1
Neoplastic disease,Small Cell Lung Cancer,Phase 3,PROGRESSION-FREE SURVIVAL,39,64,60.9375,2
Neoplastic disease,Small Cell Lung Cancer,Phase 3,OBJECTIVE RESPONSE RATE,36,64,56.2500,0
Neoplastic disease,Small Cell Lung Cancer,Phase 3,DURATION OF RESPONSE,20,64,31.2500,3
Neoplastic disease,Small Cell Lung Cancer,Phase 3,CHANGE IN EORTC QLQ-C30 SCORE,5,64,7.8125,7
Neoplastic disease,Small Cell Lung Cancer,Phase 3,DISEASE CONTROL RATE,5,64,7.8125,4
Neoplastic disease,Small Cell Lung Cancer,Phase 3,NUMBER OF PARTICIPANTS WITH ADVERSE EVENTS,5,64,7.8125,8
Neoplastic disease,Small Cell Lung Cancer,Phase 4,VAS PAIN SCORE,2,6,33.3333,12
Neoplastic disease,Small Cell Lung Cancer,Phase 4,AMOUNT OF OPIOID CONSUMPTION,1,6,16.6667,13
Neoplastic disease,Small Cell Lung Cancer,Phase 4,CHANGE FROM BASELINE IN HEALTH-RELATED QUALITY OF LIFE USING FACT-L,1,6,16.6667,14
Neoplastic disease,Small Cell Lung Cancer,Phase 4,CHANGE IN ITCHING SCORE,1,6,16.6667,15
Neoplastic disease,Small Cell Lung Cancer,Phase 4,CHANGE IN PAIN SCORE,1,6,16.6667,16
Neoplastic disease,Small Cell Lung Cancer,Phase 4,CHANGE IN SKIN SENSITIVITY SCORE,1,6,16.6667,17
Neoplastic disease,Small Cell Lung Cancer,Phase 4,CHANGE IN SKIN SENSITIVITY SCORE - BURNING,1,6,16.6667,18
Mental illness,Smoking Cessation,Phase 1,MAXIMUM PLASMA CONCENTRATION,7,23,30.4348,3
Mental illness,Smoking Cessation,Phase 1,TIME TO MAXIMUM CONCENTRATION,5,23,21.7391,6
Mental illness,Smoking Cessation,Phase 1,AREA UNDER THE CONCENTRATION-TIME CURVE,4,23,17.3913,7
Mental illness,Smoking Cessation,Phase 1,NUMBER OF PARTICIPANTS WITH TREATMENT-EMERGENT ADVERSE EVENTS,3,23,13.0435,16
Mental illness,Smoking Cessation,Phase 1,AUC FROM 0 TO INFINITY,2,23,8.6957,18
Mental illness,Smoking Cessation,Phase 1,CHANGE IN LIKING OF E-CIGARETTE,2,23,8.6957,20
Mental illness,Smoking Cessation,Phase 1,IRRITATION SCORE,2,23,8.6957,22
Mental illness,Smoking Cessation,Phase 2,CHANGE IN BODY WEIGHT,5,107,4.6729,2
Mental illness,Smoking Cessation,Phase 2,CIGARETTES SMOKED PER DAY,5,107,4.6729,4
Mental illness,Smoking Cessation,Phase 2,NUMBER OF PARTICIPANTS WITH ADVERSE EVENTS,5,107,4.6729,0
Mental illness,Smoking Cessation,Phase 2,LATENCY TO INITIATE AD-LIB SMOKING SESSION,4,107,3.7383,9
Mental illness,Smoking Cessation,Phase 2,NUMBER OF CIGARETTES SMOKED,4,107,3.7383,10
Mental illness,Smoking Cessation,Phase 2,7-DAY POINT PREVALENCE ABSTINENCE,3,107,2.8037,1
Mental illness,Smoking Cessation,Phase 2,7-DAY POINT PREVALENCE SMOKING ABSTINENCE,3,107,2.8037,12
Mental illness,Smoking Cessation,Phase 3,7-DAY POINT PREVALENCE ABSTINENCE,4,46,8.6957,1
Mental illness,Smoking Cessation,Phase 3,CHANGE IN HEART RATE,3,46,6.5217,14
Mental illness,Smoking Cessation,Phase 3,4-WEEK CONTINUOUS QUIT RATE,2,46,4.3478,17
Mental illness,Smoking Cessation,Phase 3,CHANGE IN BODY WEIGHT,2,46,4.3478,2
Mental illness,Smoking Cessation,Phase 3,CHANGE IN CRAVING LEVEL,2,46,4.3478,19
Mental illness,Smoking Cessation,Phase 3,CONTINUOUS ABSTINENCE FROM SMOKING,2,46,4.3478,21
Mental illness,Smoking Cessation,Phase 3,NUMBER OF PARTICIPANTS WITH ADVERSE EVENTS,2,46,4.3478,0
Mental illness,Smoking Cessation,Phase 4,CONTINUOUS ABSTINENCE RATE,5,98,5.1020,5
Mental illness,Smoking Cessation,Phase 4,NUMBER OF PARTICIPANTS WITH ADVERSE EVENTS,5,98,5.1020,0
Mental illness,Smoking Cessation,Phase 4,CONTINUOUS ABSTINENCE,4,98,4.0816,8
Mental illness,Smoking Cessation,Phase 4,7-DAY POINT PREVALENCE ABSTINENCE,3,98,3.0612,1
Mental illness,Smoking Cessation,Phase 4,7-DAY POINT PREVALENCE OF ABSTINENCE,3,98,3.0612,11
Mental illness,Smoking Cessation,Phase 4,7-DAY POINT-PREVALENCE ABSTINENCE,3,98,3.0612,13
Mental illness,Smoking Cessation,Phase 4,LATENCY TO RELAPSE,3,98,3.0612,15
Mental illness,Social Anxiety Disorder,Phase 1,AUC FROM 0 TO INFINITY,2,4,50.0000,4
Mental illness,Social Anxiety Disorder,Phase 1,AUC FROM 0 TO LAST MEASURABLE CONCENTRATION,2,4,50.0000,5
Mental illness,Social Anxiety Disorder,Phase 1,CHANGE IN BLOOD PRESSURE,2,4,50.0000,8
Mental illness,Social Anxiety Disorder,Phase 1,MAXIMUM PLASMA CONCENTRATION,2,4,50.0000,16
Mental illness,Social Anxiety Disorder,Phase 1,NUMBER OF PARTICIPANTS WITH ADVERSE EVENTS,2,4,50.0000,17
Mental illness,Social Anxiety Disorder,Phase 1,TIME TO MAXIMUM CONCENTRATION,2,4,50.0000,18
Mental illness,Social Anxiety Disorder,Phase 1,CHANGE FROM BASELINE IN BODY TEMPERATURE,1,4,25.0000,24
Mental illness,Social Anxiety Disorder,Phase 2,CHANGE IN ANXIETY SCORE,2,27,7.4074,7
Mental illness,Social Anxiety Disorder,Phase 2,CHANGE IN HADS-A SCORE,2,27,7.4074,9
Mental illness,Social Anxiety Disorder,Phase 2,CHANGE IN HAM-A SCORE,2,27,7.4074,0
Mental illness,Social Anxiety Disorder,Phase 2,CHANGE IN NEGATIVE INTERPRETATION BIAS,2,27,7.4074,10
Mental illness,Social Anxiety Disorder,Phase 2,CHANGE IN OVERALL ANXIETY SEVERITY AND IMPAIRMENT SCALE,2,27,7.4074,11
Mental illness,Social Anxiety Disorder,Phase 2,CHANGE IN POSITIVE INTERPRETATION BIAS,2,27,7.4074,12
Mental illness,Social Anxiety Disorder,Phase 2,CHANGE IN STATE ANXIETY SCORE,2,27,7.4074,13
Mental illness,Social Anxiety Disorder,Phase 3,CHANGE IN QUALITY OF LIFE SCORE,5,23,21.7391,1
Mental illness,Social Anxiety Disorder,Phase 3,CHANGE IN HAM-A SCORE,4,23,17.3913,0
Mental illness,Social Anxiety Disorder,Phase 3,CHANGE IN CGI-S SCORE,3,23,13.0435,3
Mental illness,Social Anxiety Disorder,Phase 3,CGI-I RESPONSE RATE,2,23,8.6957,6
Mental illness,Social Anxiety Disorder,Phase 3,CHANGE IN HAM-D SCORE,2,23,8.6957,2
Mental illness,Social Anxiety Disorder,Phase 3,CLINICIAN GLOBAL IMPRESSION,2,23,8.6957,14
Mental illness,Social Anxiety Disorder,Phase 3,LIEBOWITZ SOCIAL ANXIETY SCALE SCORE,2,23,8.6957,15
Mental illness,Social Anxiety Disorder,Phase 4,CHANGE IN HAM-A SCORE,3,24,12.5000,0
Mental illness,Social Anxiety Disorder,Phase 4,CHANGE IN HAM-D SCORE,2,24,8.3333,2
Mental illness,Social Anxiety Disorder,Phase 4,AMOUNT OF PROPOFOL CONSUMPTION,1,24,4.1667,19
Mental illness,Social Anxiety Disorder,Phase 4,ANXIETY SCORE,1,24,4.1667,20
Mental illness,Social Anxiety Disorder,Phase 4,BEHAVIORAL AVOIDANCE TASK SCORE,1,24,4.1667,21
Mental illness,Social Anxiety Disorder,Phase 4,BOLD RESPONSE IN BRAIN CLUSTER,1,24,4.1667,22
Mental illness,Social Anxiety Disorder,Phase 4,BOLD RESPONSE IN BRAIN CLUSTERS,1,24,4.1667,23
Neoplastic disease,Solid Tumors (Advanced),Phase 1,MAXIMUM PLASMA CONCENTRATION,86,158,54.4304,1
Neoplastic disease,Solid Tumors (Advanced),Phase 1,OBJECTIVE RESPONSE RATE,86,158,54.4304,0
Neoplastic disease,Solid Tumors (Advanced),Phase 1,TIME TO MAXIMUM CONCENTRATION,63,158,39.8734,3
Neoplastic disease,Solid Tumors (Advanced),Phase 1,PROGRESSION-FREE SURVIVAL,38,158,24.0506,2
Neoplastic disease,Solid Tumors (Advanced),Phase 1,MAXIMUM TOLERATED DOSE,34,158,21.5190,5
Neoplastic disease,Solid Tumors (Advanced),Phase 1,NUMBER OF PARTICIPANTS WITH TREATMENT-EMERGENT ADVERSE EVENTS,32,158,20.2532,6
Neoplastic disease,Solid Tumors (Advanced),Phase 1,DURATION OF RESPONSE,30,158,18.9873,4
Neoplastic disease,Solid Tumors (Advanced),Phase 2,OBJECTIVE RESPONSE RATE,48,70,68.5714,0
Neoplastic disease,Solid Tumors (Advanced),Phase 2,PROGRESSION-FREE SURVIVAL,40,70,57.1429,2
Neoplastic disease,Solid Tumors (Advanced),Phase 2,OVERALL SURVIVAL,24,70,34.2857,7
Neoplastic disease,Solid Tumors (Advanced),Phase 2,DURATION OF RESPONSE,13,70,18.5714,4
Neoplastic disease,Solid Tumors (Advanced),Phase 2,DISEASE CONTROL RATE,12,70,17.1429,8
Neoplastic disease,Solid Tumors (Advanced),Phase 2,CLINICAL BENEFIT RATE,8,70,11.4286,10
Neoplastic disease,Solid Tumors (Advanced),Phase 2,NUMBER OF PARTICIPANTS WITH ADVERSE EVENTS,8,70,11.4286,9
Neoplastic disease,Solid Tumors (Advanced),Phase 3,OVERALL SURVIVAL,8,16,50.0000,7
Neoplastic disease,Solid Tumors (Advanced),Phase 3,OBJECTIVE RESPONSE RATE,7,16,43.7500,0
Neoplastic disease,Solid Tumors (Advanced),Phase 3,PROGRESSION-FREE SURVIVAL,7,16,43.7500,2
Neoplastic disease,Solid Tumors (Advanced),Phase 3,TIME TO PSA PROGRESSION,5,16,31.2500,11
Neoplastic disease,Solid Tumors (Advanced),Phase 3,DURATION OF RESPONSE,3,16,18.7500,4
Neoplastic disease,Solid Tumors (Advanced),Phase 3,NUMBER OF PARTICIPANTS WITH ADVERSE EVENTS,3,16,18.7500,9
Neoplastic disease,Solid Tumors (Advanced),Phase 3,PSA UNDETECTABLE RATE,3,16,18.7500,12
Neoplastic disease,Solid Tumors (Advanced),Phase 4,NUMBER OF PARTICIPANTS WITH ANY OTHER NEW PRIMARY MALIGNANCY,1,2,50.0000,13
Neoplastic disease,Solid Tumors (Advanced),Phase 4,NUMBER OF PARTICIPANTS WITH APLASTIC ANEMIA,1,2,50.0000,14
Neoplastic disease,Solid Tumors (Advanced),Phase 4,NUMBER OF PARTICIPANTS WITH BONE FRACTURES,1,2,50.0000,15
Neoplastic disease,Solid Tumors (Advanced),Phase 4,NUMBER OF PARTICIPANTS WITH BONE-ASSOCIATED EVENTS,1,2,50.0000,16
Neoplastic disease,Solid Tumors (Advanced),Phase 4,NUMBER OF PARTICIPANTS WITH DRUG-RELATED ADVERSE EVENTS,1,2,50.0000,17
Neoplastic disease,Solid Tumors (Advanced),Phase 4,NUMBER OF PARTICIPANTS WITH FEBRILE NEUTROPENIA,1,2,50.0000,18
Neoplastic disease,Solid Tumors (Advanced),Phase 4,NUMBER OF PARTICIPANTS WITH HEMORRHAGE,1,2,50.0000,19
Neoplastic disease,Solid Tumors General,Phase 1,OBJECTIVE RESPONSE RATE,72,130,55.3846,0
Neoplastic disease,Solid Tumors General,Phase 1,MAXIMUM PLASMA CONCENTRATION,60,130,46.1538,1
Neoplastic disease,Solid Tumors General,Phase 1,TIME TO MAXIMUM CONCENTRATION,45,130,34.6154,3
Neoplastic disease,Solid Tumors General,Phase 1,PROGRESSION-FREE SURVIVAL,32,130,24.6154,2
Neoplastic disease,Solid Tumors General,Phase 1,MAXIMUM TOLERATED DOSE,30,130,23.0769,4
Neoplastic disease,Solid Tumors General,Phase 1,DOSE-LIMITING TOXICITIES,26,130,20.0000,5
Neoplastic disease,Solid Tumors General,Phase 1,AUC FROM 0 TO INFINITY,25,130,19.2308,6
Neoplastic disease,Solid Tumors General,Phase 2,OBJECTIVE RESPONSE RATE,33,52,63.4615,0
Neoplastic disease,Solid Tumors General,Phase 2,PROGRESSION-FREE SURVIVAL,24,52,46.1538,2
Neoplastic disease,Solid Tumors General,Phase 2,OVERALL SURVIVAL,23,52,44.2308,7
Neoplastic disease,Solid Tumors General,Phase 2,DURATION OF RESPONSE,16,52,30.7692,8
Neoplastic disease,Solid Tumors General,Phase 2,DISEASE CONTROL RATE,10,52,19.2308,9
Neoplastic disease,Solid Tumors General,Phase 2,MAXIMUM PLASMA CONCENTRATION,7,52,13.4615,1
Neoplastic disease,Solid Tumors General,Phase 2,NUMBER OF PARTICIPANTS WITH ADVERSE EVENTS,7,52,13.4615,10
Neoplastic disease,Solid Tumors General,Phase 3,COMPLETE RESPONSE,1,2,50.0000,11
Neoplastic disease,Solid Tumors General,Phase 3,MD ANDERSON SYMPTOM INVENTORY SCORE,1,2,50.0000,12
Neoplastic disease,Solid Tumors General,Phase 3,PERCENTAGE OF PARTICIPANTS WITH SERIOUS ADVERSE EVENTS,1,2,50.0000,15
Neoplastic disease,Solid Tumors General,Phase 3,PREFERRED TREATMENT CYCLE,1,2,50.0000,16
Neoplastic disease,Solid Tumors General,Phase 3,PROPORTION OF PATIENTS WITH NO EMESIS,1,2,50.0000,17
Neoplastic disease,Solid Tumors General,Phase 3,VAS SCORE FOR NAUSEA,1,2,50.0000,18
Neoplastic disease,Solid Tumors General,Phase 4,DURATION OF RESPONSE,1,1,100.0000,8
Neoplastic disease,Solid Tumors General,Phase 4,NUMBER OF PARTICIPANTS ALIVE,1,1,100.0000,13
Neoplastic disease,Solid Tumors General,Phase 4,NUMBER OF PARTICIPANTS WITH ADVERSE EVENTS AND SERIOUS ADVERSE EVENTS,1,1,100.0000,14
Neoplastic disease,Solid Tumors General,Phase 4,OBJECTIVE RESPONSE RATE,1,1,100.0000,0
Neurological disorder,Spinal Cord Injury,Phase 1,CHANGE IN NEUROPHYSIOLOGICAL PARAMETERS,2,4,50.0000,5
Neurological disorder,Spinal Cord Injury,Phase 1,MAXIMUM CYSTOMETRIC CAPACITY,2,4,50.0000,9
Neurological disorder,Spinal Cord Injury,Phase 1,MRI LESION COUNT,2,4,50.0000,11
Neurological disorder,Spinal Cord Injury,Phase 1,NUMBER OF ADVERSE EVENTS,2,4,50.0000,12
Neurological disorder,Spinal Cord Injury,Phase 1,ASIA SCORE IMPROVEMENT,1,4,25.0000,20
Neurological disorder,Spinal Cord Injury,Phase 1,BLADDER COLONIZATION,1,4,25.0000,23
Neurological disorder,Spinal Cord Injury,Phase 1,BLADDER COMPLIANCE,1,4,25.0000,24
Neurological disorder,Spinal Cord Injury,Phase 2,CHANGE IN BONE MINERAL DENSITY,3,24,12.5000,0
Neurological disorder,Spinal Cord Injury,Phase 2,CHANGE IN C-TERMINAL TELOPEPTIDE,2,24,8.3333,3
Neurological disorder,Spinal Cord Injury,Phase 2,CO2 RESERVE,2,24,8.3333,7
Neurological disorder,Spinal Cord Injury,Phase 2,MEAN PERCENT CHANGE IN BONE-SPECIFIC ALKALINE PHOSPHATASE,2,24,8.3333,10
Neurological disorder,Spinal Cord Injury,Phase 2,ABSOLUTE CHANGE IN WALKING SPEED,1,24,4.1667,14
Neurological disorder,Spinal Cord Injury,Phase 2,ADDITIONAL BLOOD PRODUCTS TRANSFUSED,1,24,4.1667,15
Neurological disorder,Spinal Cord Injury,Phase 2,AHI (APNEA/HYPOPNEA INDEX),1,24,4.1667,18
Neurological disorder,Spinal Cord Injury,Phase 3,CHANGE IN ASHWORTH SCALE SCORE,2,17,11.7647,1
Neurological disorder,Spinal Cord Injury,Phase 3,CHANGE IN ASHWORTH SCORE,2,17,11.7647,2
Neurological disorder,Spinal Cord Injury,Phase 3,INVESTIGATOR'S GLOBAL IMPRESSION OF CHANGE,2,17,11.7647,8
Neurological disorder,Spinal Cord Injury,Phase 3,ADJUSTED MEAN CHANGE IN BLADDER/BOWEL FUNCTION DIARY SCORE,1,17,5.8824,16
Neurological disorder,Spinal Cord Injury,Phase 3,ADJUSTED MEAN CHANGE IN BOWEL FUNCTION DIARY SCORE,1,17,5.8824,17
Neurological disorder,Spinal Cord Injury,Phase 3,ASHWORTH SCALE FOR PLANTAR FLEXORS,1,17,5.8824,19
Neurological disorder,Spinal Cord Injury,Phase 3,BACK-SPECIFIC FUNCTIONAL STATUS,1,17,5.8824,22
Neurological disorder,Spinal Cord Injury,Phase 4,CHANGE IN EQ-5D SCORE,2,16,12.5000,4
Neurological disorder,Spinal Cord Injury,Phase 4,CHANGE IN NRS PAIN SCORE,2,16,12.5000,6
Neurological disorder,Spinal Cord Injury,Phase 4,PATIENT GLOBAL IMPRESSION OF CHANGE,2,16,12.5000,13
Neurological disorder,Spinal Cord Injury,Phase 4,AVERAGE POSTOPERATIVE PAIN SCORE,1,16,6.2500,21
Neurological disorder,Spinal Cord Injury,Phase 4,BPI INTERFERENCE SCORE,1,16,6.2500,25
Neurological disorder,Spinal Cord Injury,Phase 4,CARDIOVASCULAR SYMPTOMS SCORE,1,16,6.2500,26
Neurological disorder,Spinal Cord Injury,Phase 4,CHANGE IN BLOOD PRESSURE,1,16,6.2500,27
Neurological disorder,Spinal Muscular Atrophy,Phase 1,AUCLAST OF RISDIPLAM,2,8,25.0000,12
Neurological disorder,Spinal Muscular Atrophy,Phase 1,CMAX OF RISDIPLAM,2,8,25.0000,13
Neurological disorder,Spinal Muscular Atrophy,Phase 1,MAXIMUM PLASMA CONCENTRATION,2,8,25.0000,2
Neurological disorder,Spinal Muscular Atrophy,Phase 1,%AUCEXTRAP OF RISDIPLAM AND M1,1,8,12.5000,14
Neurological disorder,Spinal Muscular Atrophy,Phase 1,ABILITY TO STAND ALONE,1,8,12.5000,15
Neurological disorder,Spinal Muscular Atrophy,Phase 1,ABILITY TO WALK ALONE,1,8,12.5000,16
Neurological disorder,Spinal Muscular Atrophy,Phase 1,ADHERENCE TO EXERCISE INTERVENTION,1,8,12.5000,18
Neurological disorder,Spinal Muscular Atrophy,Phase 2,MAXIMUM PLASMA CONCENTRATION,7,33,21.2121,2
Neurological disorder,Spinal Muscular Atrophy,Phase 2,NUMBER OF PARTICIPANTS WITH ADVERSE EVENTS,4,33,12.1212,0
Neurological disorder,Spinal Muscular Atrophy,Phase 2,PLASMA DRUG CONCENTRATION,4,33,12.1212,8
Neurological disorder,Spinal Muscular Atrophy,Phase 2,AREA UNDER THE CONCENTRATION-TIME CURVE,3,33,9.0909,9
Neurological disorder,Spinal Muscular Atrophy,Phase 2,CHANGE IN 6-MINUTE WALK DISTANCE,3,33,9.0909,1
Neurological disorder,Spinal Muscular Atrophy,Phase 2,CHANGE IN BODY WEIGHT,3,33,9.0909,10
Neurological disorder,Spinal Muscular Atrophy,Phase 2,TIME TO MAXIMUM CONCENTRATION,3,33,9.0909,11
Neurological disorder,Spinal Muscular Atrophy,Phase 3,NUMBER OF PARTICIPANTS WITH TREATMENT-EMERGENT ADVERSE EVENTS,7,39,17.9487,3
Neurological disorder,Spinal Muscular Atrophy,Phase 3,CHANGE IN 6-MINUTE WALK DISTANCE,6,39,15.3846,1
Neurological disorder,Spinal Muscular Atrophy,Phase 3,NUMBER OF PARTICIPANTS WITH ADVERSE EVENTS,6,39,15.3846,0
Neurological disorder,Spinal Muscular Atrophy,Phase 3,PATIENT GLOBAL IMPRESSION OF CHANGE,5,39,12.8205,4
Neurological disorder,Spinal Muscular Atrophy,Phase 3,CHANGE FROM BASELINE IN RULM TOTAL SCORE,4,39,10.2564,5
Neurological disorder,Spinal Muscular Atrophy,Phase 3,CHANGE IN PAIN SCORE,4,39,10.2564,6
Neurological disorder,Spinal Muscular Atrophy,Phase 3,EVENT-FREE SURVIVAL,4,39,10.2564,7
Neurological disorder,Spinal Muscular Atrophy,Phase 4,ACTIVITIES OF DAILY LIVING QUALITY OF LIFE SCORE,1,7,14.2857,17
Neurological disorder,Spinal Muscular Atrophy,Phase 4,ADVERSE EVENTS OF SPECIAL INTEREST,1,7,14.2857,19
Neurological disorder,Spinal Muscular Atrophy,Phase 4,AVERAGE POST-OPERATIVE OPIOID CONSUMPTION,1,7,14.2857,20
Neurological disorder,Spinal Muscular Atrophy,Phase 4,CHANGE IN PHQ-9 SCORE,1,7,14.2857,21
Neurological disorder,Spinal Muscular Atrophy,Phase 4,CHANGE IN Q-T INTERVAL,1,7,14.2857,22
Neurological disorder,Spinal Muscular Atrophy,Phase 4,DIRECT HEALTHCARE COSTS,1,7,14.2857,23
Neurological disorder,Spinal Muscular Atrophy,Phase 4,HOSPITAL LENGTH OF STAY,1,7,14.2857,24
Neurological disorder,Stroke,Phase 1,CHANGE IN 6-MINUTE WALK DISTANCE,2,20,10.0000,13
Neurological disorder,Stroke,Phase 1,MODIFIED RANKIN SCALE SCORE,2,20,10.0000,1
Neurological disorder,Stroke,Phase 1,10 METER WALK TEST,1,20,5.0000,16
Neurological disorder,Stroke,Phase 1,6-MINUTE WALK DISTANCE,1,20,5.0000,17
Neurological disorder,Stroke,Phase 1,ANTI-PAIRED BASIC AMINO ACID CLEAVING ENZYME ANTIBODY PRODUCTION,1,20,5.0000,18
Neurological disorder,Stroke,Phase 1,AREA UNDER THE CONCENTRATION-TIME CURVE,1,20,5.0000,19
Neurological disorder,Stroke,Phase 1,AUC FROM 0 TO LAST MEASURABLE CONCENTRATION,1,20,5.0000,20
Neurological disorder,Stroke,Phase 2,NUMBER OF PARTICIPANTS WITH ADVERSE EVENTS,7,81,8.6420,2
Neurological disorder,Stroke,Phase 2,MODIFIED RANKIN SCALE SCORE,6,81,7.4074,1
Neurological disorder,Stroke,Phase 2,ALL-CAUSE MORTALITY,5,81,6.1728,0
Neurological disorder,Stroke,Phase 2,BARTHEL INDEX,4,81,4.9383,4
Neurological disorder,Stroke,Phase 2,CHANGE IN NIHSS SCORE,4,81,4.9383,5
Neurological disorder,Stroke,Phase 2,NUMBER OF PARTICIPANTS WITH SERIOUS ADVERSE EVENTS,4,81,4.9383,6
Neurological disorder,Stroke,Phase 2,30-DAY MORTALITY,3,81,3.7037,7
Neurological disorder,Stroke,Phase 3,ALL-CAUSE MORTALITY,13,49,26.5306,0
Neurological disorder,Stroke,Phase 3,MODIFIED RANKIN SCALE SCORE,4,49,8.1633,1
Neurological disorder,Stroke,Phase 3,90-DAY MORTALITY,3,49,6.1224,8
Neurological disorder,Stroke,Phase 3,CHANGE IN EQ-5D SCORE,3,49,6.1224,9
Neurological disorder,Stroke,Phase 3,CHANGE IN MOCA SCORE,3,49,6.1224,3
Neurological disorder,Stroke,Phase 3,NIHSS SCORE,3,49,6.1224,10
Neurological disorder,Stroke,Phase 3,SYMPTOMATIC INTRACRANIAL HEMORRHAGE,3,49,6.1224,11
Neurological disorder,Stroke,Phase 4,ALL-CAUSE MORTALITY,2,28,7.1429,0
Neurological disorder,Stroke,Phase 4,BARTHEL INDEX SCORE,2,28,7.1429,12
Neurological disorder,Stroke,Phase 4,CHANGE IN MOCA SCORE,2,28,7.1429,3
Neurological disorder,Stroke,Phase 4,MODIFIED RANKIN SCALE SCORE,2,28,7.1429,1
Neurological disorder,Stroke,Phase 4,NIH STROKE SCALE SCORE,2,28,7.1429,14
Neurological disorder,Stroke,Phase 4,NUMBER OF PARTICIPANTS WITH ADVERSE EVENTS,2,28,7.1429,2
Neurological disorder,Stroke,Phase 4,NUMBER OF PATIENTS WITH FIRST RECURRENT STROKE,2,28,7.1429,15
Mental illness,Substance Use Disorder,Phase 1,MAXIMUM PLASMA CONCENTRATION,3,23,13.0435,11
Mental illness,Substance Use Disorder,Phase 1,CHANGE IN BRIEF SITUATIONAL CONFIDENCE QUESTIONNAIRE SCORE,2,23,8.6957,14
Mental illness,Substance Use Disorder,Phase 1,CHANGE IN DAST-10 SCORE,2,23,8.6957,15
Mental illness,Substance Use Disorder,Phase 1,CHANGE IN GAD-7 SCORE,2,23,8.6957,16
Mental illness,Substance Use Disorder,Phase 1,CHANGE IN HEART RATE,2,23,8.6957,0
Mental illness,Substance Use Disorder,Phase 1,CHANGE IN PAIN SCORE,2,23,8.6957,17
Mental illness,Substance Use Disorder,Phase 1,CHANGE IN PHQ-8 SCORE,2,23,8.6957,18
Mental illness,Substance Use Disorder,Phase 2,COCAINE USE,6,120,5.0000,1
Mental illness,Substance Use Disorder,Phase 2,CHANGE IN CANNABIS USE,4,120,3.3333,2
Mental illness,Substance Use Disorder,Phase 2,CHANGE IN HEART RATE,4,120,3.3333,0
Mental illness,Substance Use Disorder,Phase 2,COCAINE ABSTINENCE,4,120,3.3333,3
Mental illness,Substance Use Disorder,Phase 2,COCAINE CRAVING SCORE,4,120,3.3333,4
Mental illness,Substance Use Disorder,Phase 2,CHANGE IN HAM-D SCORE,3,120,2.5000,8
Mental illness,Substance Use Disorder,Phase 2,COCAINE CRAVING,3,120,2.5000,9
Mental illness,Substance Use Disorder,Phase 3,ABSTINENCE RATE,1,14,7.1429,20
Mental illness,Substance Use Disorder,Phase 3,AMPHETAMINE CRAVING SCORE,1,14,7.1429,21
Mental illness,Substance Use Disorder,Phase 3,ATTENDANCE AT 12-STEP MEETINGS,1,14,7.1429,22
Mental illness,Substance Use Disorder,Phase 3,BECK DEPRESSION INVENTORY SCORE,1,14,7.1429,23
Mental illness,Substance Use Disorder,Phase 3,BRAIN BLOOD FLOW,1,14,7.1429,24
Mental illness,Substance Use Disorder,Phase 3,CHANGE IN ANNUAL NUMBER OF PATIENT ADMISSIONS,1,14,7.1429,25
Mental illness,Substance Use Disorder,Phase 3,CHANGE IN AVERAGE WAITING TIME,1,14,7.1429,26
Mental illness,Substance Use Disorder,Phase 4,BIPOLAR VAS FOR OVERALL DRUG LIKING,3,17,17.6471,5
Mental illness,Substance Use Disorder,Phase 4,BIPOLAR VAS FOR TAKE DRUG AGAIN,3,17,17.6471,6
Mental illness,Substance Use Disorder,Phase 4,BIPOLAR VISUAL ANALOG SCALE FOR DRUG LIKING,3,17,17.6471,7
Mental illness,Substance Use Disorder,Phase 4,MAXIMUM EFFECT ON VAS,3,17,17.6471,10
Mental illness,Substance Use Disorder,Phase 4,AUCLAST OF GABAPENTIN,2,17,11.7647,12
Mental illness,Substance Use Disorder,Phase 4,BIPOLAR VAS FOR DRUG LIKING,2,17,11.7647,13
Mental illness,Substance Use Disorder,Phase 4,CMAX OF GABAPENTIN,2,17,11.7647,19
Procedure,Surgical Procedures,Phase 1,CHANGE IN VAS PAIN SCORE,1,2,50.0000,1
Procedure,Surgical Procedures,Phase 1,CLOSURE TIME,1,2,50.0000,19
Procedure,Surgical Procedures,Phase 1,NUMBER OF PARTICIPANTS WITH TREATMENT-EMERGENT ADVERSE EVENTS,1,2,50.0000,20
Procedure,Surgical Procedures,Phase 1,PATIENT SCAR ASSESSMENT SCALE,1,2,50.0000,21
Procedure,Surgical Procedures,Phase 1,PLASMA DRUG CONCENTRATION,1,2,50.0000,22
Procedure,Surgical Procedures,Phase 2,CHANGE IN VAS PAIN SCORE,2,26,7.6923,1
Procedure,Surgical Procedures,Phase 2,ABDOMINAL SITE RESPONDER RATE,1,26,3.8462,13
Procedure,Surgical Procedures,Phase 2,ACETAMINOPHEN CONSUMPTION,1,26,3.8462,14
Procedure,Surgical Procedures,Phase 2,ADDITIONAL CONTACTS WITH PROVIDER,1,26,3.8462,15
Procedure,Surgical Procedures,Phase 2,ANTIMICROBIAL ACTIVITY,1,26,3.8462,16
Procedure,Surgical Procedures,Phase 2,ASIA LOWER EXTREMITY MOTOR SCORE,1,26,3.8462,17
Procedure,Surgical Procedures,Phase 2,AUC (0-T) OF GSK1278863,1,26,3.8462,18
Procedure,Surgical Procedures,Phase 3,TIME TO HEMOSTASIS,6,45,13.3333,2
Procedure,Surgical Procedures,Phase 3,BACTERIAL REDUCTION,3,45,6.6667,3
Procedure,Surgical Procedures,Phase 3,CUMULATIVE PROPORTION OF SUBJECTS ACHIEVING HEMOSTASIS,3,45,6.6667,7
Procedure,Surgical Procedures,Phase 3,ALL-CAUSE MORTALITY,2,45,4.4444,10
Procedure,Surgical Procedures,Phase 3,PATIENT SATISFACTION,2,45,4.4444,0
Procedure,Surgical Procedures,Phase 3,PERCENT RESPONDER RATES OF BACTERIAL REDUCTION,2,45,4.4444,11
Procedure,Surgical Procedures,Phase 3,PREVALENCE OF TREATMENT FAILURES,2,45,4.4444,12
Procedure,Surgical Procedures,Phase 4,PATIENT SATISFACTION,8,75,10.6667,0
Procedure,Surgical Procedures,Phase 4,CHANGE IN VAS PAIN SCORE,6,75,8.0000,1
Procedure,Surgical Procedures,Phase 4,CHANGE IN HEMOGLOBIN,3,75,4.0000,4
Procedure,Surgical Procedures,Phase 4,CHANGE IN PAIN SCORE,3,75,4.0000,5
Procedure,Surgical Procedures,Phase 4,CUMULATIVE OPIOID CONSUMPTION,3,75,4.0000,6
Procedure,Surgical Procedures,Phase 4,HOSPITAL LENGTH OF STAY,3,75,4.0000,8
Procedure,Surgical Procedures,Phase 4,OPIOID CONSUMPTION,3,75,4.0000,9
Disorder of immune function,Systemic Lupus Erythematosus,Phase 1,NUMBER OF PARTICIPANTS WITH TREATMENT-EMERGENT ADVERSE EVENTS,7,13,53.8462,0
Disorder of immune function,Systemic Lupus Erythematosus,Phase 1,MAXIMUM PLASMA CONCENTRATION,4,13,30.7692,2
Disorder of immune function,Systemic Lupus Erythematosus,Phase 1,NUMBER OF PARTICIPANTS WITH ANTI-DRUG ANTIBODIES,4,13,30.7692,9
Disorder of immune function,Systemic Lupus Erythematosus,Phase 1,TIME TO MAXIMUM CONCENTRATION,4,13,30.7692,12
Disorder of immune function,Systemic Lupus Erythematosus,Phase 1,NUMBER OF PARTICIPANTS WITH ADVERSE EVENTS,3,13,23.0769,1
Disorder of immune function,Systemic Lupus Erythematosus,Phase 1,NUMBER OF PARTICIPANTS WITH ABNORMAL VITAL SIGNS,2,13,15.3846,14
Disorder of immune function,Systemic Lupus Erythematosus,Phase 1,ACCUMULATION RATIO,1,13,7.6923,17
Disorder of immune function,Systemic Lupus Erythematosus,Phase 2,NUMBER OF PARTICIPANTS WITH TREATMENT-EMERGENT ADVERSE EVENTS,16,69,23.1884,0
Disorder of immune function,Systemic Lupus Erythematosus,Phase 2,NUMBER OF PARTICIPANTS WITH ADVERSE EVENTS,11,69,15.9420,1
Disorder of immune function,Systemic Lupus Erythematosus,Phase 2,MAXIMUM PLASMA CONCENTRATION,8,69,11.5942,2
Disorder of immune function,Systemic Lupus Erythematosus,Phase 2,BICLA RESPONSE,7,69,10.1449,4
Disorder of immune function,Systemic Lupus Erythematosus,Phase 2,SRI-4 RESPONSE,7,69,10.1449,5
Disorder of immune function,Systemic Lupus Erythematosus,Phase 2,BICLA RESPONSE RATE,6,69,8.6957,3
Disorder of immune function,Systemic Lupus Erythematosus,Phase 2,CHANGE IN SF-36 SCORE,6,69,8.6957,6
Disorder of immune function,Systemic Lupus Erythematosus,Phase 3,CHANGE IN SLEDAI SCORE,5,29,17.2414,8
Disorder of immune function,Systemic Lupus Erythematosus,Phase 3,NUMBER OF PARTICIPANTS WITH ADVERSE EVENTS,4,29,13.7931,1
Disorder of immune function,Systemic Lupus Erythematosus,Phase 3,PERCENTAGE OF PARTICIPANTS ACHIEVING SRI-4 RESPONSE,4,29,13.7931,10
Disorder of immune function,Systemic Lupus Erythematosus,Phase 3,SLE RESPONDER INDEX RESPONSE RATE,4,29,13.7931,11
Disorder of immune function,Systemic Lupus Erythematosus,Phase 3,TIME TO FIRST SEVERE FLARE,4,29,13.7931,7
Disorder of immune function,Systemic Lupus Erythematosus,Phase 3,BICLA RESPONSE RATE,3,29,10.3448,3
Disorder of immune function,Systemic Lupus Erythematosus,Phase 3,CHANGE FROM BASELINE IN SWOLLEN JOINT COUNT,3,29,10.3448,13
Disorder of immune function,Systemic Lupus Erythematosus,Phase 4,NUMBER OF PARTICIPANTS WITH ADVERSE EVENTS OF SPECIAL INTEREST,2,9,22.2222,15
Disorder of immune function,Systemic Lupus Erythematosus,Phase 4,NUMBER OF PARTICIPANTS WITH SERIOUS ADVERSE EVENTS,2,9,22.2222,16
Disorder of immune function,Systemic Lupus Erythematosus,Phase 4,TIME TO FIRST SEVERE FLARE,2,9,22.2222,7
Disorder of immune function,Systemic Lupus Erythematosus,Phase 4,ADVERSE EVENTS LEADING TO DISCONTINUATION,1,9,11.1111,18
Disorder of immune function,Systemic Lupus Erythematosus,Phase 4,ALL-CAUSE MORTALITY,1,9,11.1111,19
Disorder of immune function,Systemic Lupus Erythematosus,Phase 4,BILAG DISEASE ACTIVITY SCORE,1,9,11.1111,20
Disorder of immune function,Systemic Lupus Erythematosus,Phase 4,BILAG TOTAL SCORE,1,9,11.1111,21
Disorder of immune function,Systemic Sclerosis,Phase 1,AREA UNDER THE CONCENTRATION-TIME CURVE,1,3,33.3333,14
Disorder of immune function,Systemic Sclerosis,Phase 1,AUC FROM 0 TO INFINITY,1,3,33.3333,15
Disorder of immune function,Systemic Sclerosis,Phase 1,AUC FROM 0 TO LAST MEASURABLE CONCENTRATION,1,3,33.3333,16
Disorder of immune function,Systemic Sclerosis,Phase 1,AUC0-TZ,1,3,33.3333,17
Disorder of immune function,Systemic Sclerosis,Phase 1,CHANGE IN 6-MINUTE WALK DISTANCE,1,3,33.3333,7
Disorder of immune function,Systemic Sclerosis,Phase 1,MAXIMUM PLASMA CONCENTRATION,1,3,33.3333,23
Disorder of immune function,Systemic Sclerosis,Phase 1,NUMBER OF PARTICIPANTS EXPERIENCING A TREATMENT EMERGENT ADVERSE EVENT,1,3,33.3333,24
Disorder of immune function,Systemic Sclerosis,Phase 2,CHANGE IN HAQ-DI SCORE,11,41,26.8293,0
Disorder of immune function,Systemic Sclerosis,Phase 2,NUMBER OF PARTICIPANTS WITH TREATMENT-EMERGENT ADVERSE EVENTS,10,41,24.3902,1
Disorder of immune function,Systemic Sclerosis,Phase 2,CHANGE IN MODIFIED RODNAN SKIN SCORE,6,41,14.6341,2
Disorder of immune function,Systemic Sclerosis,Phase 2,CHANGE FROM BASELINE IN MODIFIED RODNAN SKIN SCORE,5,41,12.1951,3
Disorder of immune function,Systemic Sclerosis,Phase 2,CHANGE IN SF-36 SCORE,5,41,12.1951,4
Disorder of immune function,Systemic Sclerosis,Phase 2,CHANGE IN DLCO,3,41,7.3171,5
Disorder of immune function,Systemic Sclerosis,Phase 2,CHANGE IN FORCED VITAL CAPACITY,3,41,7.3171,6
Disorder of immune function,Systemic Sclerosis,Phase 3,CHANGE IN HAQ-DI SCORE,5,11,45.4545,0
Disorder of immune function,Systemic Sclerosis,Phase 3,DURATION OF SKIN LESION RESPONSE,2,11,18.1818,8
Disorder of immune function,Systemic Sclerosis,Phase 3,EVEROLIMUS TROUGH CONCENTRATION,2,11,18.1818,9
Disorder of immune function,Systemic Sclerosis,Phase 3,PERCENTAGE OF PARTICIPANTS WITH RENAL IMPAIRMENT,2,11,18.1818,10
Disorder of immune function,Systemic Sclerosis,Phase 3,ABSOLUTE CHANGE FROM BASELINE IN FVC,1,11,9.0909,11
Disorder of immune function,Systemic Sclerosis,Phase 3,ABSOLUTE CHANGE IN DIGITAL ULCER NET BURDEN,1,11,9.0909,12
Disorder of immune function,Systemic Sclerosis,Phase 3,ABSOLUTE CHANGE IN DLCO,1,11,9.0909,13
Disorder of immune function,Systemic Sclerosis,Phase 4,CHANGE IN 6-MINUTE WALK DISTANCE,1,2,50.0000,7
Disorder of immune function,Systemic Sclerosis,Phase 4,CHANGE IN EXERCISE PULMONARY HEMODYNAMICS,1,2,50.0000,18
Disorder of immune function,Systemic Sclerosis,Phase 4,CHANGE IN QUALITY OF LIFE SCORE,1,2,50.0000,19
Disorder of immune function,Systemic Sclerosis,Phase 4,CHANGE IN SGRQ SCORE,1,2,50.0000,20
Disorder of immune function,Systemic Sclerosis,Phase 4,DIFFERENCES IN SCAR VISCOELASTICITY,1,2,50.0000,21
Disorder of immune function,Systemic Sclerosis,Phase 4,HAQ-DI SCORE,1,2,50.0000,22
Disorder of immune function,Systemic Sclerosis,Phase 4,TIME TO COMPLETE WOUND CLOSURE,1,2,50.0000,25
Musculoskeletal disorder,Tendinopathy,Phase 1,CHANGE FROM BASELINE RANGE OF MOTION,1,1,100.0000,13
Musculoskeletal disorder,Tendinopathy,Phase 1,CLINICAL IMPROVEMENT,1,1,100.0000,6
Musculoskeletal disorder,Tendinopathy,Phase 1,CLINICAL SUCCESS,1,1,100.0000,14
Musculoskeletal disorder,Tendinopathy,Phase 1,NUMBER OF SUBJECTS WITH AUX I AND AUX II DETECTED,1,1,100.0000,15
Musculoskeletal disorder,Tendinopathy,Phase 1,PERCENT CHANGE IN CONTRACTURE,1,1,100.0000,16
Musculoskeletal disorder,Tendinopathy,Phase 2,CHANGE IN VAS PAIN SCORE,6,20,30.0000,0
Musculoskeletal disorder,Tendinopathy,Phase 2,NUMBER OF PARTICIPANTS WITH SERIOUS ADVERSE EVENTS,5,20,25.0000,2
Musculoskeletal disorder,Tendinopathy,Phase 2,ANTI-DRUG ANTIBODIES,4,20,20.0000,3
Musculoskeletal disorder,Tendinopathy,Phase 2,CHANGE IN PAIN SCORE,3,20,15.0000,5
Musculoskeletal disorder,Tendinopathy,Phase 2,SEROPROTECTION RATE,3,20,15.0000,1
Musculoskeletal disorder,Tendinopathy,Phase 2,ANTI-D AND ANTI-T ANTIBODY CONCENTRATIONS,2,20,10.0000,8
Musculoskeletal disorder,Tendinopathy,Phase 2,ANTI-HBS ANTIBODY CONCENTRATION,2,20,10.0000,9
Musculoskeletal disorder,Tendinopathy,Phase 3,SEROPROTECTION RATE,8,30,26.6667,1
Musculoskeletal disorder,Tendinopathy,Phase 3,NUMBER OF PARTICIPANTS WITH SERIOUS ADVERSE EVENTS,6,30,20.0000,2
Musculoskeletal disorder,Tendinopathy,Phase 3,ANTI-DRUG ANTIBODIES,5,30,16.6667,3
Musculoskeletal disorder,Tendinopathy,Phase 3,CHANGE IN VAS PAIN SCORE,5,30,16.6667,0
Musculoskeletal disorder,Tendinopathy,Phase 3,BOOSTER RESPONSE RATE,4,30,13.3333,4
Musculoskeletal disorder,Tendinopathy,Phase 3,NUMBER OF SUBJECTS WITH UNSOLICITED ADVERSE EVENTS,4,30,13.3333,7
Musculoskeletal disorder,Tendinopathy,Phase 3,CLINICAL IMPROVEMENT,3,30,10.0000,6
Musculoskeletal disorder,Tendinopathy,Phase 4,CHANGE IN VAS PAIN SCORE,5,26,19.2308,0
Musculoskeletal disorder,Tendinopathy,Phase 4,SEROPROTECTION RATE,4,26,15.3846,1
Musculoskeletal disorder,Tendinopathy,Phase 4,CHANGE IN PAIN SCORE,3,26,11.5385,5
Musculoskeletal disorder,Tendinopathy,Phase 4,BOOSTER RESPONSE RATE,2,26,7.6923,4
Musculoskeletal disorder,Tendinopathy,Phase 4,VAS PAIN SCORE,2,26,7.6923,10
Musculoskeletal disorder,Tendinopathy,Phase 4,ABDUCTION STRENGTH,1,26,3.8462,11
Musculoskeletal disorder,Tendinopathy,Phase 4,AFFECTED FUNCTION ON 100 MM VAS-SCALE,1,26,3.8462,12
Blood disease,Thalassemia,Phase 2,CHANGE IN LIVER IRON CONCENTRATION,5,17,29.4118,1
Blood disease,Thalassemia,Phase 2,CHANGE IN FERRITIN,4,17,23.5294,0
Blood disease,Thalassemia,Phase 2,CHANGE IN HEMOGLOBIN,4,17,23.5294,2
Blood disease,Thalassemia,Phase 2,MAXIMUM PLASMA CONCENTRATION,3,17,17.6471,3
Blood disease,Thalassemia,Phase 2,NUMBER OF PARTICIPANTS WITH ADVERSE EVENTS,3,17,17.6471,4
Blood disease,Thalassemia,Phase 2,PLASMA DRUG CONCENTRATION,3,17,17.6471,5
Blood disease,Thalassemia,Phase 2,TIME TO MAXIMUM CONCENTRATION,3,17,17.6471,6
Blood disease,Thalassemia,Phase 3,CHANGE IN FERRITIN,4,5,80.0000,0
Blood disease,Thalassemia,Phase 3,ANNUALIZED NUMBER OF PRBC TRANSFUSIONS,2,5,40.0000,7
Blood disease,Thalassemia,Phase 3,ANNUALIZED PHLEBOTOMY THERAPY USAGE,2,5,40.0000,8
Blood disease,Thalassemia,Phase 3,ANNUALIZED VOLUME OF PRBC TRANSFUSIONS,2,5,40.0000,9
Blood disease,Thalassemia,Phase 3,AUC FROM 0 TO LAST MEASURABLE CONCENTRATION,2,5,40.0000,10
Blood disease,Thalassemia,Phase 3,"BLOOD CONCENTRATION OF 2,3-DIPHOSPHOGLYCERATE",2,5,40.0000,11
Blood disease,Thalassemia,Phase 3,BLOOD CONCENTRATION OF ADENOSINE TRIPHOSPHATE,2,5,40.0000,12
Blood disease,Thalassemia,Phase 4,ABSOLUTE CHANGE IN HEALTH-RELATED QUALITY OF LIFE SCORE,1,5,20.0000,13
Blood disease,Thalassemia,Phase 4,ABSOLUTE CHANGE IN LIC,1,5,20.0000,14
Blood disease,Thalassemia,Phase 4,ABSOLUTE CHANGE IN LIVER IRON CONCENTRATION,1,5,20.0000,15
Blood disease,Thalassemia,Phase 4,ABSOLUTE CHANGE IN LIVER IRON CONTENT,1,5,20.0000,16
Blood disease,Thalassemia,Phase 4,ABSOLUTE CHANGE IN SERUM FERRITIN,1,5,20.0000,17
Blood disease,Thalassemia,Phase 4,ABSOLUTE CHANGE IN SERUM FERRITIN LEVEL,1,5,20.0000,18
Blood disease,Thalassemia,Phase 4,AUCTAU,1,5,20.0000,19
Blood disease,Thrombotic Thrombocytopenic Purpura,Phase 1,ADVERSE EVENTS BY SEVERITY,1,3,33.3333,11
Blood disease,Thrombotic Thrombocytopenic Purpura,Phase 1,CHANGE IN HEMOGLOBIN,1,3,33.3333,14
Blood disease,Thrombotic Thrombocytopenic Purpura,Phase 1,CHANGE IN WHO BLEEDING ASSESSMENT SCORE,1,3,33.3333,16
Blood disease,Thrombotic Thrombocytopenic Purpura,Phase 1,CORRECTED COUNT INCREMENTS,1,3,33.3333,17
Blood disease,Thrombotic Thrombocytopenic Purpura,Phase 1,COUNT INCREMENT,1,3,33.3333,18
Blood disease,Thrombotic Thrombocytopenic Purpura,Phase 1,MAXIMUM TOLERATED DOSE,1,3,33.3333,21
Blood disease,Thrombotic Thrombocytopenic Purpura,Phase 1,MEDIAN NUMBER OF PLATELET TRANSFUSIONS,1,3,33.3333,22
Blood disease,Thrombotic Thrombocytopenic Purpura,Phase 2,CHANGE IN PLATELET COUNT,7,39,17.9487,0
Blood disease,Thrombotic Thrombocytopenic Purpura,Phase 2,TIME TO MAXIMUM CONCENTRATION,7,39,17.9487,4
Blood disease,Thrombotic Thrombocytopenic Purpura,Phase 2,MAXIMUM PLASMA CONCENTRATION,6,39,15.3846,1
Blood disease,Thrombotic Thrombocytopenic Purpura,Phase 2,NUMBER OF PARTICIPANTS WITH ADVERSE EVENTS,5,39,12.8205,2
Blood disease,Thrombotic Thrombocytopenic Purpura,Phase 2,NUMBER OF PARTICIPANTS WITH TREATMENT-EMERGENT ADVERSE EVENTS,4,39,10.2564,6
Blood disease,Thrombotic Thrombocytopenic Purpura,Phase 2,OVERALL SURVIVAL,4,39,10.2564,7
Blood disease,Thrombotic Thrombocytopenic Purpura,Phase 2,PERCENTAGE OF PARTICIPANTS ACHIEVING TARGET,4,39,10.2564,3
Blood disease,Thrombotic Thrombocytopenic Purpura,Phase 3,MAXIMUM PLASMA CONCENTRATION,5,28,17.8571,1
Blood disease,Thrombotic Thrombocytopenic Purpura,Phase 3,RESPONDER RATE,5,28,17.8571,5
Blood disease,Thrombotic Thrombocytopenic Purpura,Phase 3,CHANGE IN PLATELET COUNT,4,28,14.2857,0
Blood disease,Thrombotic Thrombocytopenic Purpura,Phase 3,PERCENTAGE OF PARTICIPANTS ACHIEVING TARGET,4,28,14.2857,3
Blood disease,Thrombotic Thrombocytopenic Purpura,Phase 3,CHANGE IN SF-36 SCORE,3,28,10.7143,8
Blood disease,Thrombotic Thrombocytopenic Purpura,Phase 3,NUMBER OF PARTICIPANTS WITH ADVERSE EVENTS,3,28,10.7143,2
Blood disease,Thrombotic Thrombocytopenic Purpura,Phase 3,CHANGE IN EGFR,2,28,7.1429,9
Blood disease,Thrombotic Thrombocytopenic Purpura,Phase 4,NUMBER OF PARTICIPANTS WITH ADVERSE EVENTS,2,10,20.0000,2
Blood disease,Thrombotic Thrombocytopenic Purpura,Phase 4,ABSOLUTE CHANGE IN PLATELET COUNT,1,10,10.0000,10
Blood disease,Thrombotic Thrombocytopenic Purpura,Phase 4,CHANGE IN COLLAGEN LEVEL,1,10,10.0000,12
Blood disease,Thrombotic Thrombocytopenic Purpura,Phase 4,CHANGE IN EC GRADING SCALE,1,10,10.0000,13
Blood disease,Thrombotic Thrombocytopenic Purpura,Phase 4,CHANGE IN PLATELET TRANSCRIPTOME,1,10,10.0000,15
Blood disease,Thrombotic Thrombocytopenic Purpura,Phase 4,DECREASE IN ANTI-BP180 IGG,1,10,10.0000,19
Blood disease,Thrombotic Thrombocytopenic Purpura,Phase 4,DECREASE IN ANTI-BP230 ANTIBODY IGG,1,10,10.0000,20
Neoplastic disease,Thyroid Cancer,Phase 1,NUMBER OF PARTICIPANTS WHO EXPERIENCED A DOSE-LIMITING TOXICITY,1,2,50.0000,15
Neoplastic disease,Thyroid Cancer,Phase 1,RECOMMENDED PHASE 2 DOSE,1,2,50.0000,16
Neoplastic disease,Thyroid Cancer,Phase 2,OBJECTIVE RESPONSE RATE,46,69,66.6667,0
Neoplastic disease,Thyroid Cancer,Phase 2,PROGRESSION-FREE SURVIVAL,36,69,52.1739,1
Neoplastic disease,Thyroid Cancer,Phase 2,OVERALL SURVIVAL,28,69,40.5797,2
Neoplastic disease,Thyroid Cancer,Phase 2,DURATION OF RESPONSE,12,69,17.3913,3
Neoplastic disease,Thyroid Cancer,Phase 2,DISEASE CONTROL RATE,10,69,14.4928,4
Neoplastic disease,Thyroid Cancer,Phase 2,NUMBER OF PARTICIPANTS WITH ADVERSE EVENTS,7,69,10.1449,5
Neoplastic disease,Thyroid Cancer,Phase 2,NUMBER OF ADVERSE EVENTS,5,69,7.2464,6
Neoplastic disease,Thyroid Cancer,Phase 3,OBJECTIVE RESPONSE RATE,7,11,63.6364,0
Neoplastic disease,Thyroid Cancer,Phase 3,PROGRESSION-FREE SURVIVAL,7,11,63.6364,1
Neoplastic disease,Thyroid Cancer,Phase 3,OVERALL SURVIVAL,5,11,45.4545,2
Neoplastic disease,Thyroid Cancer,Phase 3,DURATION OF RESPONSE,4,11,36.3636,3
Neoplastic disease,Thyroid Cancer,Phase 3,BIOCHEMICAL RESPONSE CEA,2,11,18.1818,7
Neoplastic disease,Thyroid Cancer,Phase 3,DISEASE CONTROL RATE,2,11,18.1818,4
Neoplastic disease,Thyroid Cancer,Phase 3,TIME TO WORSENING OF PAIN,2,11,18.1818,8
Neoplastic disease,Thyroid Cancer,Phase 4,OBJECTIVE RESPONSE RATE,3,6,50.0000,0
Neoplastic disease,Thyroid Cancer,Phase 4,CHANGE IN THYROID-DEPENDENT QUALITY OF LIFE SCORE,1,6,16.6667,9
Neoplastic disease,Thyroid Cancer,Phase 4,COMPLETE RESPONSE RATE,1,6,16.6667,10
Neoplastic disease,Thyroid Cancer,Phase 4,DURATION OF OBJECTIVE RESPONSE,1,6,16.6667,11
Neoplastic disease,Thyroid Cancer,Phase 4,HAZARD RATIO FOR SURGICALLY TREATED KC,1,6,16.6667,12
Neoplastic disease,Thyroid Cancer,Phase 4,LESION DETECTION,1,6,16.6667,13
Neoplastic disease,Thyroid Cancer,Phase 4,MEAN NUMBER OF DOSE ADJUSTMENTS,1,6,16.6667,14
Disorder of ear,Tinnitus,Phase 1,P50 AMPLITUDE,1,1,100.0000,15
Disorder of ear,Tinnitus,Phase 1,SIMPLE REACTION TIME,1,1,100.0000,17
Disorder of ear,Tinnitus,Phase 2,CHANGE IN THI SCORE,1,5,20.0000,2
Disorder of ear,Tinnitus,Phase 2,CHANGE IN TINNITUS ANNOYANCE,1,5,20.0000,3
Disorder of ear,Tinnitus,Phase 2,CHANGE IN TINNITUS ANNOYANCE SCORE,1,5,20.0000,4
Disorder of ear,Tinnitus,Phase 2,CHANGE IN TINNITUS HANDICAP INVENTORY SCORE,1,5,20.0000,11
Disorder of ear,Tinnitus,Phase 2,CHANGE IN TINNITUS HANDICAP QUESTIONNAIRE SCORE,1,5,20.0000,12
Disorder of ear,Tinnitus,Phase 2,CHANGE IN TINNITUS LOUDNESS,1,5,20.0000,13
Disorder of ear,Tinnitus,Phase 2,CHANGE IN TINNITUS LOUDNESS SCORE,1,5,20.0000,14
Disorder of ear,Tinnitus,Phase 3,CHANGE IN TINNITUS FUNCTIONAL INDEX AUDITORY DIFFICULTIES SCORE,1,4,25.0000,5
Disorder of ear,Tinnitus,Phase 3,CHANGE IN TINNITUS FUNCTIONAL INDEX COGNITIVE INTERFERENCE SCORE,1,4,25.0000,6
Disorder of ear,Tinnitus,Phase 3,CHANGE IN TINNITUS FUNCTIONAL INDEX EMOTIONAL DISTRESS SCORE,1,4,25.0000,7
Disorder of ear,Tinnitus,Phase 3,CHANGE IN TINNITUS FUNCTIONAL INDEX INTRUSIVENESS SCORE,1,4,25.0000,8
Disorder of ear,Tinnitus,Phase 3,CHANGE IN TINNITUS FUNCTIONAL INDEX REDUCED SENSE OF CONTROL SCORE,1,4,25.0000,9
Disorder of ear,Tinnitus,Phase 3,CHANGE IN TINNITUS FUNCTIONAL INDEX RELAXATION INTERFERENCE SCORE,1,4,25.0000,10
Disorder of ear,Tinnitus,Phase 3,CHANGE IN TINNITUS FUNCTIONAL INDEX SCORE,1,4,25.0000,0
Disorder of ear,Tinnitus,Phase 4,CHANGE IN GLOBAL BOTHERSOME SCALE SCORE,1,1,100.0000,1
Disorder of ear,Tinnitus,Phase 4,CHANGE IN TINNITUS FUNCTIONAL INDEX SCORE,1,1,100.0000,0
Disorder of ear,Tinnitus,Phase 4,PATIENTS' GLOBAL IMPRESSION OF CHANGE,1,1,100.0000,16
Injury,Trauma,Phase 1,30-DAY MORTALITY,1,3,33.3333,0
Injury,Trauma,Phase 1,CHANGE IN HISTOLOGICAL ACUTE INFLAMMATION SCORE,1,3,33.3333,15
Injury,Trauma,Phase 1,CHANGE IN HISTOLOGICAL REPAIR SCORE,1,3,33.3333,16
Injury,Trauma,Phase 1,CHANGE IN INTERLEUKIN 10,1,3,33.3333,17
Injury,Trauma,Phase 1,CHANGE IN INTERLEUKIN 1A,1,3,33.3333,18
Injury,Trauma,Phase 1,CHANGE IN INTERLEUKIN 1B,1,3,33.3333,19
Injury,Trauma,Phase 1,CHANGE IN INTERLEUKIN 6,1,3,33.3333,20
Injury,Trauma,Phase 2,NUMBER OF PARTICIPANTS WITH ADVERSE EVENTS,2,19,10.5263,5
Injury,Trauma,Phase 2,VENTILATOR FREE DAYS,2,19,10.5263,6
Injury,Trauma,Phase 2,24 HOUR MORTALITY,1,19,5.2632,2
Injury,Trauma,Phase 2,24-HOUR MORTALITY,1,19,5.2632,1
Injury,Trauma,Phase 2,28-DAY MORTALITY,1,19,5.2632,8
Injury,Trauma,Phase 2,3-HOUR MORTALITY,1,19,5.2632,9
Injury,Trauma,Phase 2,30-DAY MORTALITY,1,19,5.2632,0
Injury,Trauma,Phase 3,30-DAY MORTALITY,2,12,16.6667,0
Injury,Trauma,Phase 3,ALL-CAUSE MORTALITY,2,12,16.6667,3
Injury,Trauma,Phase 3,CURRENT HEALTH ASSESSMENT SCORE,2,12,16.6667,4
Injury,Trauma,Phase 3,24 HOUR MORTALITY,1,12,8.3333,2
Injury,Trauma,Phase 3,24 HOUR TOTAL BLOOD TRANSFUSION,1,12,8.3333,7
Injury,Trauma,Phase 3,24-HOUR MORTALITY,1,12,8.3333,1
Injury,Trauma,Phase 3,ACUTE LUNG INJURY,1,12,8.3333,10
Injury,Trauma,Phase 4,30-DAY MORTALITY,2,16,12.5000,0
Injury,Trauma,Phase 4,24-HOUR MORTALITY,1,16,6.2500,1
Injury,Trauma,Phase 4,AVERAGE DAILY OPIOID USE,1,16,6.2500,11
Injury,Trauma,Phase 4,AVERAGE DVPRS PAIN SCORE,1,16,6.2500,12
Injury,Trauma,Phase 4,BRIEF PAIN INVENTORY INTERFERENCE SCORE,1,16,6.2500,13
Injury,Trauma,Phase 4,CHANGE IN BPI SCORE,1,16,6.2500,14
Injury,Trauma,Phase 4,DURATION OF EMERGENCY DEPARTMENT STAY,1,16,6.2500,21
Neurological disorder,Traumatic Brain Injury,Phase 1,CEREBRAL CORTICAL CONNECTIVITY,1,4,25.0000,19
Neurological disorder,Traumatic Brain Injury,Phase 1,CHANGE IN ALPHA/DELTA RATIO,1,4,25.0000,20
Neurological disorder,Traumatic Brain Injury,Phase 1,CHANGE IN CRP,1,4,25.0000,21
Neurological disorder,Traumatic Brain Injury,Phase 1,D-AMINO ACID OXIDASE CHANGE,1,4,25.0000,22
Neurological disorder,Traumatic Brain Injury,Phase 1,DRUG ADHERENCE RATE,1,4,25.0000,23
Neurological disorder,Traumatic Brain Injury,Phase 1,DRUG-RELATED ADVERSE EVENTS,1,4,25.0000,24
Neurological disorder,Traumatic Brain Injury,Phase 1,GENERIC ASSESSMENT OF SIDE EFFECTS-PROBIOTICS,1,4,25.0000,25
Neurological disorder,Traumatic Brain Injury,Phase 2,NUMBER OF PARTICIPANTS WITH ADVERSE EVENTS,3,30,10.0000,0
Neurological disorder,Traumatic Brain Injury,Phase 2,CHANGE IN QUALITY OF LIFE SCORE,2,30,6.6667,2
Neurological disorder,Traumatic Brain Injury,Phase 2,DISABILITY RATING SCALE,2,30,6.6667,4
Neurological disorder,Traumatic Brain Injury,Phase 2,NUMBER OF PARTICIPANTS WITH SEIZURES,2,30,6.6667,6
Neurological disorder,Traumatic Brain Injury,Phase 2,TREATMENT ADHERENCE RATE,2,30,6.6667,7
Neurological disorder,Traumatic Brain Injury,Phase 2,VENTILATOR-FREE DAYS,2,30,6.6667,8
Neurological disorder,Traumatic Brain Injury,Phase 2,24-HOUR MORTALITY,1,30,3.3333,9
Neurological disorder,Traumatic Brain Injury,Phase 3,CONCOMITANT MEDICATION USAGE,2,15,13.3333,3
Neurological disorder,Traumatic Brain Injury,Phase 3,NUMBER OF PARTICIPANTS WITH ADVERSE EVENTS,2,15,13.3333,0
Neurological disorder,Traumatic Brain Injury,Phase 3,NUMBER OF PARTICIPANTS WITH NOTABLE BLOOD PRESSURE VALUES,2,15,13.3333,5
Neurological disorder,Traumatic Brain Injury,Phase 3,28-DAY SURVIVAL,1,15,6.6667,10
Neurological disorder,Traumatic Brain Injury,Phase 3,30-DAY MORTALITY,1,15,6.6667,1
Neurological disorder,Traumatic Brain Injury,Phase 3,ACUTE ISCHEMIC STROKE,1,15,6.6667,14
Neurological disorder,Traumatic Brain Injury,Phase 3,ALL-CAUSE MORTALITY,1,15,6.6667,15
Neurological disorder,Traumatic Brain Injury,Phase 4,30-DAY MORTALITY,1,14,7.1429,1
Neurological disorder,Traumatic Brain Injury,Phase 4,ABSOLUTE CHANGE IN PSEUDOMONAS AERUGINOSA DENSITY,1,14,7.1429,11
Neurological disorder,Traumatic Brain Injury,Phase 4,ABSOLUTE CHANGE IN PSEUDOMONAS AERUGINOSA SPUTUM DENSITY,1,14,7.1429,12
Neurological disorder,Traumatic Brain Injury,Phase 4,ACUTE CHANGE IN FEV1,1,14,7.1429,13
Neurological disorder,Traumatic Brain Injury,Phase 4,ARTERIAL BLOOD GASES (PACO2),1,14,7.1429,16
Neurological disorder,Traumatic Brain Injury,Phase 4,BEHAVIOR RATING INVENTORY OF EXECUTIVE FUNCTIONING T-SCORES,1,14,7.1429,17
Neurological disorder,Traumatic Brain Injury,Phase 4,BEHAVIOR REGULATION INDEX SCORE,1,14,7.1429,18
Neurological disorder,Trigeminal Neuralgia,Phase 1,CHANGE IN NRS PAIN SCORE,2,3,66.6667,2
Neurological disorder,Trigeminal Neuralgia,Phase 1,CHANGE IN VAS PAIN SCORE,1,3,33.3333,3
Neurological disorder,Trigeminal Neuralgia,Phase 1,INTRACANAL BACTERIAL COUNT,1,3,33.3333,13
Neurological disorder,Trigeminal Neuralgia,Phase 1,PAIN RESPONSE RATE,1,3,33.3333,4
Neurological disorder,Trigeminal Neuralgia,Phase 1,TIME TO TREATMENT FAILURE,1,3,33.3333,14
Neurological disorder,Trigeminal Neuralgia,Phase 2,CHANGE IN PAIN SCORE,13,48,27.0833,0
Neurological disorder,Trigeminal Neuralgia,Phase 2,PATIENT GLOBAL IMPRESSION OF CHANGE,10,48,20.8333,1
Neurological disorder,Trigeminal Neuralgia,Phase 2,CHANGE IN NRS PAIN SCORE,9,48,18.7500,2
Neurological disorder,Trigeminal Neuralgia,Phase 2,PAIN RESPONSE RATE,6,48,12.5000,4
Neurological disorder,Trigeminal Neuralgia,Phase 2,CHANGE IN BPI SCORE,4,48,8.3333,5
Neurological disorder,Trigeminal Neuralgia,Phase 2,CHANGE IN SLEEP INTERFERENCE SCORE,4,48,8.3333,6
Neurological disorder,Trigeminal Neuralgia,Phase 2,CHANGE IN VAS PAIN SCORE,4,48,8.3333,3
Neurological disorder,Trigeminal Neuralgia,Phase 3,CHANGE IN NRS PAIN SCORE,4,23,17.3913,2
Neurological disorder,Trigeminal Neuralgia,Phase 3,CHANGE IN PAIN SCORE,3,23,13.0435,0
Neurological disorder,Trigeminal Neuralgia,Phase 3,PATIENT GLOBAL IMPRESSION OF CHANGE,3,23,13.0435,1
Neurological disorder,Trigeminal Neuralgia,Phase 3,CHANGE IN BPI SCORE,2,23,8.6957,5
Neurological disorder,Trigeminal Neuralgia,Phase 3,CHANGE IN SF-36 SCORE,2,23,8.6957,9
Neurological disorder,Trigeminal Neuralgia,Phase 3,OPTIMAL SLEEP SCORE,2,23,8.6957,11
Neurological disorder,Trigeminal Neuralgia,Phase 3,PAIN INTENSITY DIFFERENCE,2,23,8.6957,12
Neurological disorder,Trigeminal Neuralgia,Phase 4,CHANGE IN PAIN SCORE,6,28,21.4286,0
Neurological disorder,Trigeminal Neuralgia,Phase 4,CHANGE IN VAS PAIN SCORE,4,28,14.2857,3
Neurological disorder,Trigeminal Neuralgia,Phase 4,PATIENT GLOBAL IMPRESSION OF CHANGE,4,28,14.2857,1
Neurological disorder,Trigeminal Neuralgia,Phase 4,CHANGE FROM BASELINE IN TACTILE THRESHOLD,3,28,10.7143,7
Neurological disorder,Trigeminal Neuralgia,Phase 4,CHANGE IN SCHIFF SENSITIVITY SCORE,2,28,7.1429,8
Neurological disorder,Trigeminal Neuralgia,Phase 4,HEART RATE,2,28,7.1429,10
Neurological disorder,Trigeminal Neuralgia,Phase 4,PAIN RESPONSE RATE,2,28,7.1429,4
Infection,Tuberculosis,Phase 1,TIME TO MAXIMUM CONCENTRATION,6,19,31.5789,3
Infection,Tuberculosis,Phase 1,MAXIMUM PLASMA CONCENTRATION,5,19,26.3158,1
Infection,Tuberculosis,Phase 1,NUMBER OF PARTICIPANTS WITH ADVERSE EVENTS,5,19,26.3158,4
Infection,Tuberculosis,Phase 1,AUC FROM 0 TO INFINITY,4,19,21.0526,7
Infection,Tuberculosis,Phase 1,APPARENT TERMINAL HALF-LIFE,2,19,10.5263,9
Infection,Tuberculosis,Phase 1,AUC FROM 0 TO LAST MEASURABLE CONCENTRATION,2,19,10.5263,10
Infection,Tuberculosis,Phase 1,NUMBER OF ADVERSE EVENTS,2,19,10.5263,11
Infection,Tuberculosis,Phase 2,SPUTUM CULTURE CONVERSION,14,63,22.2222,0
Infection,Tuberculosis,Phase 2,NUMBER OF PARTICIPANTS WITH SERIOUS ADVERSE EVENTS,11,63,17.4603,2
Infection,Tuberculosis,Phase 2,MAXIMUM PLASMA CONCENTRATION,10,63,15.8730,1
Infection,Tuberculosis,Phase 2,EARLY BACTERICIDAL ACTIVITY,8,63,12.6984,5
Infection,Tuberculosis,Phase 2,NUMBER OF PARTICIPANTS WITH ADVERSE EVENTS,5,63,7.9365,4
Infection,Tuberculosis,Phase 2,RATE OF CHANGE IN TIME TO SPUTUM CULTURE POSITIVITY,5,63,7.9365,6
Infection,Tuberculosis,Phase 2,TIME TO MAXIMUM CONCENTRATION,5,63,7.9365,3
Infection,Tuberculosis,Phase 3,SPUTUM CULTURE CONVERSION,4,16,25.0000,0
Infection,Tuberculosis,Phase 3,TIME TO SPUTUM CULTURE CONVERSION,3,16,18.7500,8
Infection,Tuberculosis,Phase 3,NUMBER OF PARTICIPANTS WITH SERIOUS ADVERSE EVENTS,2,16,12.5000,2
Infection,Tuberculosis,Phase 3,PERCENTAGE OF PARTICIPANTS COMPLETING TREATMENT,2,16,12.5000,12
Infection,Tuberculosis,Phase 3,PLASMA DRUG CONCENTRATION,2,16,12.5000,13
Infection,Tuberculosis,Phase 3,ACQUIRED DRUG RESISTANCE,1,16,6.2500,14
Infection,Tuberculosis,Phase 3,ADVERSE TREATMENT OUTCOME,1,16,6.2500,15
Infection,Tuberculosis,Phase 4,ANTI-PA IGG ANTIBODY CONCENTRATION,1,11,9.0909,16
Infection,Tuberculosis,Phase 4,AUC0-12H OF LINEZOLID,1,11,9.0909,17
Infection,Tuberculosis,Phase 4,CHANGE FROM BASELINE IN PSEUDOMONAS AERUGINOSA COLONY FORMING UNITS,1,11,9.0909,18
Infection,Tuberculosis,Phase 4,COSTS PER DETECTED CASE,1,11,9.0909,19
Infection,Tuberculosis,Phase 4,CUMULATIVE INCIDENCE OF GRADE 3/4 HEPATOTOXICITY,1,11,9.0909,20
Infection,Tuberculosis,Phase 4,FREQUENCY OF TARGETED ADVERSE EVENTS,1,11,9.0909,21
Infection,Tuberculosis,Phase 4,GEOMETRIC MEAN CONCENTRATION OF ANTI-PA IGG,1,11,9.0909,22
Disorder of endocrine system,Type 1 Diabetes,Phase 1,MAXIMUM PLASMA CONCENTRATION,7,49,14.2857,5
Disorder of endocrine system,Type 1 Diabetes,Phase 1,TIME TO MAXIMUM CONCENTRATION,7,49,14.2857,4
Disorder of endocrine system,Type 1 Diabetes,Phase 1,NUMBER OF PARTICIPANTS WITH ADVERSE EVENTS,4,49,8.1633,9
Disorder of endocrine system,Type 1 Diabetes,Phase 1,AUC FROM 0 TO INFINITY,3,49,6.1224,12
Disorder of endocrine system,Type 1 Diabetes,Phase 1,CHANGE IN HEMOGLOBIN A1C,3,49,6.1224,0
Disorder of endocrine system,Type 1 Diabetes,Phase 1,INSULIN LISPRO AUC(0-5H),3,49,6.1224,14
Disorder of endocrine system,Type 1 Diabetes,Phase 1,MAXIMUM GLUCOSE INFUSION RATE,3,49,6.1224,15
Disorder of endocrine system,Type 1 Diabetes,Phase 2,CHANGE IN HEMOGLOBIN A1C,29,104,27.8846,0
Disorder of endocrine system,Type 1 Diabetes,Phase 2,CHANGE IN BODY WEIGHT,6,104,5.7692,1
Disorder of endocrine system,Type 1 Diabetes,Phase 2,TIME TO MAXIMUM CONCENTRATION,5,104,4.8077,4
Disorder of endocrine system,Type 1 Diabetes,Phase 2,C-PEPTIDE AUC,4,104,3.8462,7
Disorder of endocrine system,Type 1 Diabetes,Phase 2,INJECTION SITE REACTIONS,4,104,3.8462,8
Disorder of endocrine system,Type 1 Diabetes,Phase 2,MAXIMUM PLASMA CONCENTRATION,4,104,3.8462,5
Disorder of endocrine system,Type 1 Diabetes,Phase 2,NUMBER OF PARTICIPANTS WITH TREATMENT-EMERGENT ADVERSE EVENTS,4,104,3.8462,10
Disorder of endocrine system,Type 1 Diabetes,Phase 3,CHANGE IN HEMOGLOBIN A1C,52,77,67.5325,0
Disorder of endocrine system,Type 1 Diabetes,Phase 3,CHANGE IN BODY WEIGHT,20,77,25.9740,1
Disorder of endocrine system,Type 1 Diabetes,Phase 3,PERCENTAGE OF PARTICIPANTS ACHIEVING TARGET,19,77,24.6753,3
Disorder of endocrine system,Type 1 Diabetes,Phase 3,CHANGE IN FASTING PLASMA GLUCOSE,16,77,20.7792,2
Disorder of endocrine system,Type 1 Diabetes,Phase 3,CHANGE IN BLOOD PRESSURE,5,77,6.4935,6
Disorder of endocrine system,Type 1 Diabetes,Phase 3,RATE OF SEVERE HYPOGLYCEMIA,4,77,5.1948,11
Disorder of endocrine system,Type 1 Diabetes,Phase 3,"CHANGE FROM BASELINE IN 1,5-ANHYDROGLUCITOL",3,77,3.8961,13
Disorder of endocrine system,Type 1 Diabetes,Phase 4,CHANGE IN HEMOGLOBIN A1C,14,42,33.3333,0
Disorder of endocrine system,Type 1 Diabetes,Phase 4,CHANGE IN FASTING PLASMA GLUCOSE,6,42,14.2857,2
Disorder of endocrine system,Type 1 Diabetes,Phase 4,CHANGE IN INSULIN SENSITIVITY,2,42,4.7619,16
Disorder of endocrine system,Type 1 Diabetes,Phase 4,CHANGE IN PERCENT PREDICTED FEV1,2,42,4.7619,17
Disorder of endocrine system,Type 1 Diabetes,Phase 4,CHANGE IN TIME IN RANGE,2,42,4.7619,18
Disorder of endocrine system,Type 1 Diabetes,Phase 4,MEAN AUC FOR BLOOD GLUCOSE CONCENTRATION,2,42,4.7619,19
Disorder of endocrine system,Type 1 Diabetes,Phase 4,NUMBER OF PARTICIPANTS WITH HYPOGLYCEMIC EVENTS,2,42,4.7619,20
Disorder of endocrine system,Type 2 Diabetes,Phase 1,MAXIMUM PLASMA CONCENTRATION,79,142,55.6338,4
Disorder of endocrine system,Type 2 Diabetes,Phase 1,TIME TO MAXIMUM CONCENTRATION,57,142,40.1408,5
Disorder of endocrine system,Type 2 Diabetes,Phase 1,AUC FROM 0 TO INFINITY,41,142,28.8732,6
Disorder of endocrine system,Type 2 Diabetes,Phase 1,NUMBER OF PARTICIPANTS WITH ADVERSE EVENTS,28,142,19.7183,7
Disorder of endocrine system,Type 2 Diabetes,Phase 1,AREA UNDER THE CONCENTRATION-TIME CURVE,17,142,11.9718,12
Disorder of endocrine system,Type 2 Diabetes,Phase 1,NUMBER OF PARTICIPANTS WITH TREATMENT-EMERGENT ADVERSE EVENTS,17,142,11.9718,9
Disorder of endocrine system,Type 2 Diabetes,Phase 1,AUC FROM 0 TO LAST MEASURABLE CONCENTRATION,16,142,11.2676,13
Disorder of endocrine system,Type 2 Diabetes,Phase 2,CHANGE IN HEMOGLOBIN A1C,117,198,59.0909,0
Disorder of endocrine system,Type 2 Diabetes,Phase 2,CHANGE IN FASTING PLASMA GLUCOSE,87,198,43.9394,1
Disorder of endocrine system,Type 2 Diabetes,Phase 2,CHANGE IN BODY WEIGHT,59,198,29.7980,2
Disorder of endocrine system,Type 2 Diabetes,Phase 2,PERCENTAGE OF PARTICIPANTS ACHIEVING TARGET,26,198,13.1313,3
Disorder of endocrine system,Type 2 Diabetes,Phase 2,MAXIMUM PLASMA CONCENTRATION,18,198,9.0909,4
Disorder of endocrine system,Type 2 Diabetes,Phase 2,NUMBER OF PARTICIPANTS WITH TREATMENT-EMERGENT ADVERSE EVENTS,15,198,7.5758,9
Disorder of endocrine system,Type 2 Diabetes,Phase 2,TIME TO MAXIMUM CONCENTRATION,15,198,7.5758,5
Disorder of endocrine system,Type 2 Diabetes,Phase 3,CHANGE IN HEMOGLOBIN A1C,317,427,74.2389,0
Disorder of endocrine system,Type 2 Diabetes,Phase 3,CHANGE IN FASTING PLASMA GLUCOSE,229,427,53.6300,1
Disorder of endocrine system,Type 2 Diabetes,Phase 3,CHANGE IN BODY WEIGHT,170,427,39.8126,2
Disorder of endocrine system,Type 2 Diabetes,Phase 3,PERCENTAGE OF PARTICIPANTS ACHIEVING TARGET,141,427,33.0211,3
Disorder of endocrine system,Type 2 Diabetes,Phase 3,CHANGE IN HDL CHOLESTEROL,30,427,7.0258,10
Disorder of endocrine system,Type 2 Diabetes,Phase 3,CHANGE IN FASTING SERUM GLUCOSE,27,427,6.3232,11
Disorder of endocrine system,Type 2 Diabetes,Phase 3,CHANGE IN TOTAL CHOLESTEROL,27,427,6.3232,8
Disorder of endocrine system,Type 2 Diabetes,Phase 4,CHANGE IN HEMOGLOBIN A1C,96,238,40.3361,0
Disorder of endocrine system,Type 2 Diabetes,Phase 4,CHANGE IN FASTING PLASMA GLUCOSE,58,238,24.3697,1
Disorder of endocrine system,Type 2 Diabetes,Phase 4,CHANGE IN BODY WEIGHT,46,238,19.3277,2
Disorder of endocrine system,Type 2 Diabetes,Phase 4,PERCENTAGE OF PARTICIPANTS ACHIEVING TARGET,29,238,12.1849,3
Disorder of endocrine system,Type 2 Diabetes,Phase 4,CHANGE IN BODY MASS INDEX,13,238,5.4622,14
Disorder of endocrine system,Type 2 Diabetes,Phase 4,CHANGE IN TOTAL CHOLESTEROL,12,238,5.0420,8
Disorder of endocrine system,Type 2 Diabetes,Phase 4,NUMBER OF PARTICIPANTS WITH ADVERSE EVENTS,12,238,5.0420,7
Disorder of digestive system,Ulcerative Colitis,Phase 1,AREA UNDER THE CONCENTRATION-TIME CURVE,4,11,36.3636,11
Disorder of digestive system,Ulcerative Colitis,Phase 1,MAXIMUM PLASMA CONCENTRATION,4,11,36.3636,12
Disorder of digestive system,Ulcerative Colitis,Phase 1,NUMBER OF PARTICIPANTS WITH ADVERSE EVENTS,4,11,36.3636,2
Disorder of digestive system,Ulcerative Colitis,Phase 1,TIME TO MAXIMUM CONCENTRATION,4,11,36.3636,14
Disorder of digestive system,Ulcerative Colitis,Phase 1,NUMBER OF ADVERSE EVENTS,2,11,18.1818,18
Disorder of digestive system,Ulcerative Colitis,Phase 1,NUMBER OF PARTICIPANTS WITH TREATMENT-EMERGENT ADVERSE EVENTS,2,11,18.1818,3
Disorder of digestive system,Ulcerative Colitis,Phase 1,ANTI-DRUG ANTIBODIES,1,11,9.0909,19
Disorder of digestive system,Ulcerative Colitis,Phase 2,CLINICAL REMISSION,35,101,34.6535,0
Disorder of digestive system,Ulcerative Colitis,Phase 2,NUMBER OF PARTICIPANTS WITH TREATMENT-EMERGENT ADVERSE EVENTS,19,101,18.8119,3
Disorder of digestive system,Ulcerative Colitis,Phase 2,ENDOSCOPIC REMISSION,17,101,16.8317,1
Disorder of digestive system,Ulcerative Colitis,Phase 2,NUMBER OF PARTICIPANTS WITH ADVERSE EVENTS,12,101,11.8812,2
Disorder of digestive system,Ulcerative Colitis,Phase 2,ENDOSCOPIC IMPROVEMENT,10,101,9.9010,5
Disorder of digestive system,Ulcerative Colitis,Phase 2,CHANGE IN CRP,9,101,8.9109,6
Disorder of digestive system,Ulcerative Colitis,Phase 2,CHANGE IN MAYO SCORE,8,101,7.9208,7
Disorder of digestive system,Ulcerative Colitis,Phase 3,CLINICAL REMISSION,31,98,31.6327,0
Disorder of digestive system,Ulcerative Colitis,Phase 3,ENDOSCOPIC REMISSION,22,98,22.4490,1
Disorder of digestive system,Ulcerative Colitis,Phase 3,MUCOSAL HEALING,11,98,11.2245,4
Disorder of digestive system,Ulcerative Colitis,Phase 3,NUMBER OF PARTICIPANTS WITH ADVERSE EVENTS,8,98,8.1633,2
Disorder of digestive system,Ulcerative Colitis,Phase 3,CHANGE IN IBDQ SCORE,7,98,7.1429,8
Disorder of digestive system,Ulcerative Colitis,Phase 3,CORTICOSTEROID-FREE CLINICAL REMISSION,7,98,7.1429,9
Disorder of digestive system,Ulcerative Colitis,Phase 3,PERCENTAGE OF PARTICIPANTS ACHIEVING CLINICAL RESPONSE,7,98,7.1429,10
Disorder of digestive system,Ulcerative Colitis,Phase 4,PATIENT SATISFACTION,4,38,10.5263,13
Disorder of digestive system,Ulcerative Colitis,Phase 4,NUMBER OF PARTICIPANTS WITH ADVERSE EVENTS,3,38,7.8947,2
Disorder of digestive system,Ulcerative Colitis,Phase 4,CLINICAL REMISSION,2,38,5.2632,0
Disorder of digestive system,Ulcerative Colitis,Phase 4,CONTACT WITH SURGEON/DOCTOR,2,38,5.2632,15
Disorder of digestive system,Ulcerative Colitis,Phase 4,INCIDENCE OF OPIOID-RELATED ADVERSE EVENTS,2,38,5.2632,16
Disorder of digestive system,Ulcerative Colitis,Phase 4,LENGTH OF HOSPITAL STAY,2,38,5.2632,17
Disorder of digestive system,Ulcerative Colitis,Phase 4,MUCOSAL HEALING,2,38,5.2632,4
Disorder of the genitourinary system,Urinary Incontinence,Phase 1,CHANGE IN AVERAGE VOLUME VOIDED,1,2,50.0000,21
Disorder of the genitourinary system,Urinary Incontinence,Phase 1,CHANGE IN DAYTIME VOIDING OCCURRENCES,1,2,50.0000,22
Disorder of the genitourinary system,Urinary Incontinence,Phase 1,CHANGE IN ICIQ SCORE,1,2,50.0000,23
Disorder of the genitourinary system,Urinary Incontinence,Phase 1,CHANGE IN INDEPENDENT VOIDING OCCURRENCES,1,2,50.0000,24
Disorder of the genitourinary system,Urinary Incontinence,Phase 1,CHANGE IN NUMBER OF BLADDER LEAKS,1,2,50.0000,25
Disorder of the genitourinary system,Urinary Incontinence,Phase 1,CHANGE IN UABQ SCORE,1,2,50.0000,26
Disorder of the genitourinary system,Urinary Incontinence,Phase 1,IMPROVEMENT IN UNDERACTIVE BLADDER SYMPTOMS,1,2,50.0000,27
Disorder of the genitourinary system,Urinary Incontinence,Phase 2,CHANGE IN SF-36 SCORE,2,14,14.2857,10
Disorder of the genitourinary system,Urinary Incontinence,Phase 2,INCONTINENCE EPISODE FREQUENCY,2,14,14.2857,13
Disorder of the genitourinary system,Urinary Incontinence,Phase 2,INJECTION PROCEDURE-RELATED ADVERSE EVENTS,2,14,14.2857,14
Disorder of the genitourinary system,Urinary Incontinence,Phase 2,NUMBER OF PARTICIPANTS WITH BIOPSY PROCEDURE-RELATED ADVERSE EVENTS,2,14,14.2857,16
Disorder of the genitourinary system,Urinary Incontinence,Phase 2,NUMBER OF PARTICIPANTS WITH DRUG-RELATED ADVERSE EVENTS,2,14,14.2857,17
Disorder of the genitourinary system,Urinary Incontinence,Phase 2,NUMBER OF PARTICIPANTS WITH INJECTION PROCEDURE-RELATED ADVERSE EVENTS,2,14,14.2857,18
Disorder of the genitourinary system,Urinary Incontinence,Phase 2,ADHERENCE TO TREATMENT PROTOCOL,1,14,7.1429,20
Disorder of the genitourinary system,Urinary Incontinence,Phase 3,PATIENT GLOBAL IMPRESSION OF IMPROVEMENT,5,26,19.2308,0
Disorder of the genitourinary system,Urinary Incontinence,Phase 3,NUMBER OF PARTICIPANTS WITH TREATMENT EMERGENT ADVERSE EVENTS,3,26,11.5385,3
Disorder of the genitourinary system,Urinary Incontinence,Phase 3,PERCENTAGE OF PARTICIPANTS WITH NIGHT TIME URINARY INCONTINENCE,3,26,11.5385,4
Disorder of the genitourinary system,Urinary Incontinence,Phase 3,CHANGE FROM BASELINE EQ-5D INDEX SCORE,2,26,7.6923,5
Disorder of the genitourinary system,Urinary Incontinence,Phase 3,CHANGE FROM BASELINE IIQ-LF PHYSICAL ACTIVITY SCORE,2,26,7.6923,6
Disorder of the genitourinary system,Urinary Incontinence,Phase 3,CHANGE FROM BASELINE IIQ-LF TOTAL SCORE,2,26,7.6923,7
Disorder of the genitourinary system,Urinary Incontinence,Phase 3,CHANGE FROM BASELINE IIQ-LF TRAVEL SCORE,2,26,7.6923,8
Disorder of the genitourinary system,Urinary Incontinence,Phase 4,PATIENT SATISFACTION,4,37,10.8108,1
Disorder of the genitourinary system,Urinary Incontinence,Phase 4,CHANGE IN QUALITY OF LIFE SCORE,3,37,8.1081,2
Disorder of the genitourinary system,Urinary Incontinence,Phase 4,CHANGE IN PAIN SCORE,2,37,5.4054,9
Disorder of the genitourinary system,Urinary Incontinence,Phase 4,CHANGE IN VAS PAIN SCORE,2,37,5.4054,11
Disorder of the genitourinary system,Urinary Incontinence,Phase 4,ESTIMATED BLOOD LOSS,2,37,5.4054,12
Disorder of the genitourinary system,Urinary Incontinence,Phase 4,NUMBER OF PARTICIPANTS WITH ADVERSE EVENTS,2,37,5.4054,15
Disorder of the genitourinary system,Urinary Incontinence,Phase 4,OBJECTIVE TREATMENT SUCCESS,2,37,5.4054,19
Infection,Urinary Tract Infection,Phase 1,MAXIMUM PLASMA CONCENTRATION,4,8,50.0000,7
Infection,Urinary Tract Infection,Phase 1,TIME TO MAXIMUM CONCENTRATION,4,8,50.0000,8
Infection,Urinary Tract Infection,Phase 1,AUC FROM 0 TO INFINITY,2,8,25.0000,10
Infection,Urinary Tract Infection,Phase 1,AUC FROM 0 TO LAST MEASURABLE CONCENTRATION,2,8,25.0000,11
Infection,Urinary Tract Infection,Phase 1,NUMBER OF PARTICIPANTS WITH TREATMENT-RELATED ADVERSE EVENTS,2,8,25.0000,17
Infection,Urinary Tract Infection,Phase 1,VOLUME OF DISTRIBUTION,2,8,25.0000,18
Infection,Urinary Tract Infection,Phase 1,ACCUMULATION RATIO,1,8,12.5000,21
Infection,Urinary Tract Infection,Phase 2,MICROBIOLOGICAL ERADICATION,7,31,22.5806,0
Infection,Urinary Tract Infection,Phase 2,NUMBER OF PARTICIPANTS WITH ADVERSE EVENTS,3,31,9.6774,3
Infection,Urinary Tract Infection,Phase 2,NUMBER OF PARTICIPANTS WITH SERIOUS ADVERSE EVENTS,3,31,9.6774,9
Infection,Urinary Tract Infection,Phase 2,CHANGE FROM BASELINE IN MAXIMUM FLOW RATE,2,31,6.4516,12
Infection,Urinary Tract Infection,Phase 2,CHANGE FROM BASELINE IN PATIENT PERCEPTION OF BLADDER CONDITION,2,31,6.4516,13
Infection,Urinary Tract Infection,Phase 2,CHANGE IN ICIQ MLUTS TOTAL SYMPTOM SCORE,2,31,6.4516,14
Infection,Urinary Tract Infection,Phase 2,INCIDENCE OF URINARY TRACT INFECTION,2,31,6.4516,16
Infection,Urinary Tract Infection,Phase 3,MICROBIOLOGICAL ERADICATION,10,41,24.3902,0
Infection,Urinary Tract Infection,Phase 3,CLINICAL CURE RATE,9,41,21.9512,1
Infection,Urinary Tract Infection,Phase 3,MICROBIOLOGICAL RESPONSE,7,41,17.0732,2
Infection,Urinary Tract Infection,Phase 3,CLINICAL CURE,5,41,12.1951,4
Infection,Urinary Tract Infection,Phase 3,PLASMA DRUG CONCENTRATION,5,41,12.1951,5
Infection,Urinary Tract Infection,Phase 3,CURE RATE,4,41,9.7561,6
Infection,Urinary Tract Infection,Phase 3,NUMBER OF PARTICIPANTS WITH ADVERSE EVENTS,4,41,9.7561,3
Infection,Urinary Tract Infection,Phase 4,CHANGE IN QUALITY OF LIFE SCORE,2,28,7.1429,15
Infection,Urinary Tract Infection,Phase 4,ABLATION EFFICIENCY,1,28,3.5714,19
Infection,Urinary Tract Infection,Phase 4,ABLATION SPEED,1,28,3.5714,20
Infection,Urinary Tract Infection,Phase 4,ALL-CAUSE MORTALITY,1,28,3.5714,22
Infection,Urinary Tract Infection,Phase 4,ANTIBIOTIC RESISTANCE TO MACROBID,1,28,3.5714,23
Infection,Urinary Tract Infection,Phase 4,ANY PAIN MEDICATION,1,28,3.5714,24
Infection,Urinary Tract Infection,Phase 4,APPARENT FIRST-ORDER ELIMINATION RATE CONSTANT,1,28,3.5714,25
Disorder of the genitourinary system,Uterine Fibroids,Phase 1,CHANGE IN ALKALINE PHOSPHATASE,1,2,50.0000,20
Disorder of the genitourinary system,Uterine Fibroids,Phase 1,CHANGE IN ALT,1,2,50.0000,21
Disorder of the genitourinary system,Uterine Fibroids,Phase 1,CHANGE IN BILIRUBIN,1,2,50.0000,22
Disorder of the genitourinary system,Uterine Fibroids,Phase 1,CHANGE IN ENDOMETRIAL THICKNESS,1,2,50.0000,23
Disorder of the genitourinary system,Uterine Fibroids,Phase 1,CHANGE IN EPICATECHIN GALLATE,1,2,50.0000,24
Disorder of the genitourinary system,Uterine Fibroids,Phase 1,CHANGE IN EPIGALLOCATECHIN,1,2,50.0000,25
Disorder of the genitourinary system,Uterine Fibroids,Phase 1,CHANGE IN EPIGALLOCATECHIN GALLATE,1,2,50.0000,26
Disorder of the genitourinary system,Uterine Fibroids,Phase 2,NUMBER OF PARTICIPANTS WITH ADVERSE EVENTS,4,31,12.9032,0
Disorder of the genitourinary system,Uterine Fibroids,Phase 2,OBJECTIVE RESPONSE RATE,4,31,12.9032,1
Disorder of the genitourinary system,Uterine Fibroids,Phase 2,PROGRESSION-FREE SURVIVAL,4,31,12.9032,2
Disorder of the genitourinary system,Uterine Fibroids,Phase 2,CHANGE IN QUALITY OF LIFE SCORE,3,31,9.6774,4
Disorder of the genitourinary system,Uterine Fibroids,Phase 2,PERCENTAGE CHANGE IN UFS-SSS SCORE,3,31,9.6774,6
Disorder of the genitourinary system,Uterine Fibroids,Phase 2,PERCENTAGE CHANGE IN UFS-SSS SUBSCALE SCORE QUESTION 5,3,31,9.6774,7
Disorder of the genitourinary system,Uterine Fibroids,Phase 2,PERCENTAGE OF PARTICIPANTS IN AMENORRHEA,3,31,9.6774,8
Disorder of the genitourinary system,Uterine Fibroids,Phase 3,CHANGE FROM BASELINE IN MBL VOLUME,3,20,15.0000,3
Disorder of the genitourinary system,Uterine Fibroids,Phase 3,NUMBER OF PARTICIPANTS WITH ENDOMETRIAL HISTOLOGY FINDINGS,3,20,15.0000,5
Disorder of the genitourinary system,Uterine Fibroids,Phase 3,PERCENTAGE OF PARTICIPANTS WITH SUPPRESSION OF BLEEDING,3,20,15.0000,9
Disorder of the genitourinary system,Uterine Fibroids,Phase 3,ABSENCE OF BLEEDING,2,20,10.0000,10
Disorder of the genitourinary system,Uterine Fibroids,Phase 3,CHANGE FROM BASELINE IN UFS-QOL REVISED ACTIVITIES SUBSCALE SCORE,2,20,10.0000,11
Disorder of the genitourinary system,Uterine Fibroids,Phase 3,CHANGE FROM BASELINE IN UFS-QOL SYMPTOM SEVERITY SCORE,2,20,10.0000,12
Disorder of the genitourinary system,Uterine Fibroids,Phase 3,CHANGE FROM BASELINE OF ENDOMETRIAL THICKNESS,2,20,10.0000,13
Disorder of the genitourinary system,Uterine Fibroids,Phase 4,CHANGE IN HEMOGLOBIN,2,14,14.2857,14
Disorder of the genitourinary system,Uterine Fibroids,Phase 4,NUMBER OF PARTICIPANTS WITH ADVERSE EVENTS,2,14,14.2857,0
Disorder of the genitourinary system,Uterine Fibroids,Phase 4,PATIENT SATISFACTION,2,14,14.2857,15
Disorder of the genitourinary system,Uterine Fibroids,Phase 4,AFS SCORE FOR ADNEXAL ADHESIONS,1,14,7.1429,16
Disorder of the genitourinary system,Uterine Fibroids,Phase 4,AMOUNT OF OXYTOCIN,1,14,7.1429,17
Disorder of the genitourinary system,Uterine Fibroids,Phase 4,BLEEDING IMPROVEMENT,1,14,7.1429,18
Disorder of the genitourinary system,Uterine Fibroids,Phase 4,CESSATION OF BLEEDING WITHIN 5 DAYS,1,14,7.1429,19
Disorder of eye,Uveitis,Phase 1,CHANGE IN VISUAL ACUITY,1,2,50.0000,21
Disorder of eye,Uveitis,Phase 1,CYSTOID MACULAR EDEMA,1,2,50.0000,22
Disorder of eye,Uveitis,Phase 1,CYSTOID MACULAR EDEMA IN THE WORSE EYE,1,2,50.0000,23
Disorder of eye,Uveitis,Phase 1,NUMBER OF PARTICIPANTS WITH AT LEAST 2-STEP DECREASE IN VITREOUS HAZE,1,2,50.0000,24
Disorder of eye,Uveitis,Phase 1,NUMBER OF PARTICIPANTS WITH SYSTEMIC TOXICITIES,1,2,50.0000,25
Disorder of eye,Uveitis,Phase 2,MEAN BEST CORRECTED VISUAL ACUITY,2,18,11.1111,9
Disorder of eye,Uveitis,Phase 2,NUMBER OF PARTICIPANTS WITH ADVERSE EVENTS,2,18,11.1111,10
Disorder of eye,Uveitis,Phase 2,NUMBER OF RESPONDERS,2,18,11.1111,11
Disorder of eye,Uveitis,Phase 2,ABILITY TO TAPER IMMUNOSUPPRESSIVE MEDICATIONS,1,18,5.5556,13
Disorder of eye,Uveitis,Phase 2,ABSOLUTE HAMSTRING VOLUME,1,18,5.5556,15
Disorder of eye,Uveitis,Phase 2,ABSOLUTE ISOKINETIC EXTENSION,1,18,5.5556,16
Disorder of eye,Uveitis,Phase 2,ABSOLUTE ISOKINETIC EXTENSION STRENGTH,1,18,5.5556,17
Disorder of eye,Uveitis,Phase 3,CHANGE IN ANTERIOR CHAMBER CELL GRADE,3,22,13.6364,0
Disorder of eye,Uveitis,Phase 3,PERCENT CHANGE IN CENTRAL RETINAL THICKNESS,3,22,13.6364,2
Disorder of eye,Uveitis,Phase 3,CHANGE IN LOGMAR BCVA,2,22,9.0909,3
Disorder of eye,Uveitis,Phase 3,CHANGE IN VFQ-25 NEAR VISION SUBSCORE,2,22,9.0909,4
Disorder of eye,Uveitis,Phase 3,CHANGE IN VFQ-25 OCULAR PAIN SUBSCORE,2,22,9.0909,5
Disorder of eye,Uveitis,Phase 3,CHANGE IN VITREOUS HAZE GRADE,2,22,9.0909,6
Disorder of eye,Uveitis,Phase 3,CHANGE IN VITREOUS HAZE SCORE,2,22,9.0909,7
Disorder of eye,Uveitis,Phase 4,CHANGE IN NRS PAIN SCORE,3,16,18.7500,1
Disorder of eye,Uveitis,Phase 4,INTRAOCULAR PRESSURE CHANGE,2,16,12.5000,8
Disorder of eye,Uveitis,Phase 4,OPIOID CONSUMPTION,2,16,12.5000,12
Disorder of eye,Uveitis,Phase 4,ABSENCE OF INTRAOCULAR INFLAMMATION,1,16,6.2500,14
Disorder of eye,Uveitis,Phase 4,ALL-CAUSE MORTALITY,1,16,6.2500,18
Disorder of eye,Uveitis,Phase 4,ANTERIOR CHAMBER INFLAMMATION,1,16,6.2500,19
Disorder of eye,Uveitis,Phase 4,CENTER POINT MACULAR THICKNESS,1,16,6.2500,20
Situation with explicit context,Vaccination,Phase 1,NUMBER OF PARTICIPANTS WITH SERIOUS ADVERSE EVENTS,3,6,50.0000,4
Situation with explicit context,Vaccination,Phase 1,TIME TO MAXIMUM CONCENTRATION,2,6,33.3333,16
Situation with explicit context,Vaccination,Phase 1,ANTI-DRUG ANTIBODIES,1,6,16.6667,17
Situation with explicit context,Vaccination,Phase 1,AREA UNDER THE CURVE (AUC0-28D),1,6,16.6667,18
Situation with explicit context,Vaccination,Phase 1,AUC FROM 0 TO INFINITY,1,6,16.6667,19
Situation with explicit context,Vaccination,Phase 1,AUC FROM 0 TO LAST MEASURABLE CONCENTRATION,1,6,16.6667,20
Situation with explicit context,Vaccination,Phase 1,AUC PERCENTAGE EXTRAPOLATION,1,6,16.6667,21
Situation with explicit context,Vaccination,Phase 2,PERCENTAGE OF PARTICIPANTS ACHIEVING HSBA TITER,3,10,30.0000,8
Situation with explicit context,Vaccination,Phase 2,PERCENTAGE OF PARTICIPANTS WITH AT LEAST ONE ADVERSE EVENT,3,10,30.0000,9
Situation with explicit context,Vaccination,Phase 2,SERUM BACTERICIDAL ASSAY GMTS,3,10,30.0000,11
Situation with explicit context,Vaccination,Phase 2,GEOMETRIC MEAN TITER,2,10,20.0000,3
Situation with explicit context,Vaccination,Phase 2,NUMBER OF PARTICIPANTS WITH ADVERSE EVENTS,2,10,20.0000,13
Situation with explicit context,Vaccination,Phase 2,NUMBER OF PARTICIPANTS WITH SERIOUS ADVERSE EVENTS,2,10,20.0000,4
Situation with explicit context,Vaccination,Phase 2,PERCENTAGE OF PARTICIPANTS ACHIEVING HSBA TITER >= LLOQ,2,10,20.0000,14
Situation with explicit context,Vaccination,Phase 3,PERCENTAGE OF PARTICIPANTS REPORTING LOCAL REACTIONS,14,28,50.0000,2
Situation with explicit context,Vaccination,Phase 3,PERCENTAGE OF PARTICIPANTS REPORTING SYSTEMIC EVENTS,14,28,50.0000,0
Situation with explicit context,Vaccination,Phase 3,PERCENTAGE OF PARTICIPANTS ACHIEVING TARGET,13,28,46.4286,1
Situation with explicit context,Vaccination,Phase 3,GEOMETRIC MEAN ANTIBODY CONCENTRATION,8,28,28.5714,5
Situation with explicit context,Vaccination,Phase 3,GEOMETRIC MEAN TITER,6,28,21.4286,3
Situation with explicit context,Vaccination,Phase 3,GEOMETRIC MEAN CONCENTRATION OF IGG ANTIBODY,5,28,17.8571,6
Situation with explicit context,Vaccination,Phase 3,GEOMETRIC MEAN ANTIBODY TITER,4,28,14.2857,7
Situation with explicit context,Vaccination,Phase 4,NUMBER OF PARTICIPANTS WITH SERIOUS ADVERSE EVENTS,4,13,30.7692,4
Situation with explicit context,Vaccination,Phase 4,SEROPROTECTION RATE,3,13,23.0769,10
Situation with explicit context,Vaccination,Phase 4,GEOMETRIC MEAN TITER,2,13,15.3846,3
Situation with explicit context,Vaccination,Phase 4,LOCAL REACTIONS,2,13,15.3846,12
Situation with explicit context,Vaccination,Phase 4,PERCENTAGE OF PARTICIPANTS ACHIEVING TARGET,2,13,15.3846,1
Situation with explicit context,Vaccination,Phase 4,PERCENTAGE OF PARTICIPANTS REPORTING SYSTEMIC EVENTS,2,13,15.3846,0
Situation with explicit context,Vaccination,Phase 4,PERCENTAGE OF PARTICIPANTS WITH SERIOUS ADVERSE EVENTS,2,13,15.3846,15
Disorder of immune function,Vasculitis,Phase 1,AREA UNDER THE CONCENTRATION-TIME CURVE,1,2,50.0000,13
Disorder of immune function,Vasculitis,Phase 1,ERYTHROCYTE SEDIMENTATION RATE,1,2,50.0000,20
Disorder of immune function,Vasculitis,Phase 1,MAXIMUM SERUM CONCENTRATION,1,2,50.0000,21
Disorder of immune function,Vasculitis,Phase 1,OVERALL SURVIVAL,1,2,50.0000,22
Disorder of immune function,Vasculitis,Phase 1,PERCENTAGE OF PARTICIPANTS WITH ADVERSE EVENTS,1,2,50.0000,23
Disorder of immune function,Vasculitis,Phase 1,SERUM CONCENTRATION OF C-REACTIVE PROTEIN,1,2,50.0000,24
Disorder of immune function,Vasculitis,Phase 1,SERUM CONCENTRATION OF INTERLEUKIN-6,1,2,50.0000,25
Disorder of immune function,Vasculitis,Phase 2,CHANGE IN SF-36 SCORE,3,15,20.0000,1
Disorder of immune function,Vasculitis,Phase 2,CHANGE IN CRP,2,15,13.3333,0
Disorder of immune function,Vasculitis,Phase 2,CHANGE IN EGFR,2,15,13.3333,4
Disorder of immune function,Vasculitis,Phase 2,CHANGE IN EQ-5D SCORE,2,15,13.3333,5
Disorder of immune function,Vasculitis,Phase 2,MEAN CHANGE IN PROMIS PHYSICAL FUNCTION SCORE,2,15,13.3333,8
Disorder of immune function,Vasculitis,Phase 2,MEAN CHANGE IN WORST STIFFNESS NRS SCORE,2,15,13.3333,9
Disorder of immune function,Vasculitis,Phase 2,NUMBER OF PARTICIPANTS WITH TREATMENT-EMERGENT ADVERSE EVENTS,2,15,13.3333,12
Disorder of immune function,Vasculitis,Phase 3,SUSTAINED REMISSION,4,12,33.3333,2
Disorder of immune function,Vasculitis,Phase 3,CHANGE IN CRP,3,12,25.0000,0
Disorder of immune function,Vasculitis,Phase 3,CHANGE FROM BASELINE IN HEMATOLOGY PARAMETERS,2,12,16.6667,3
Disorder of immune function,Vasculitis,Phase 3,CHANGE IN ESR,2,12,16.6667,6
Disorder of immune function,Vasculitis,Phase 3,CHANGE IN FACIT-FATIGUE SCORE,2,12,16.6667,7
Disorder of immune function,Vasculitis,Phase 3,NUMBER OF DISEASE FLARES,2,12,16.6667,10
Disorder of immune function,Vasculitis,Phase 3,NUMBER OF PARTICIPANTS WITH ADVERSE EVENTS,2,12,16.6667,11
Disorder of immune function,Vasculitis,Phase 4,AVERAGE NARCOTIC CONSUMPTION,1,6,16.6667,14
Disorder of immune function,Vasculitis,Phase 4,AVERAGE NUMERIC PAIN SCORE,1,6,16.6667,15
Disorder of immune function,Vasculitis,Phase 4,CHANGE FROM BASELINE IN EQ-5D-5L SCALE SCORE,1,6,16.6667,16
Disorder of immune function,Vasculitis,Phase 4,CHANGE IN PROMIS PHYSICAL FUNCTION SCORE,1,6,16.6667,17
Disorder of immune function,Vasculitis,Phase 4,CHANGE IN SF-36 SCORE,1,6,16.6667,1
Disorder of immune function,Vasculitis,Phase 4,COMPOSITE OF DISEASE RELAPSE AND SERIOUS ADVERSE EVENTS,1,6,16.6667,18
Disorder of immune function,Vasculitis,Phase 4,CORONARY FLOW RESERVE,1,6,16.6667,19
Disorder of haemostatic system,Venous Thromboembolism,Phase 1,MAXIMUM PLASMA CONCENTRATION,3,8,37.5000,3
Disorder of haemostatic system,Venous Thromboembolism,Phase 1,TIME TO MAXIMUM CONCENTRATION,3,8,37.5000,8
Disorder of haemostatic system,Venous Thromboembolism,Phase 1,AUC FROM 0 TO LAST MEASURABLE CONCENTRATION,2,8,25.0000,12
Disorder of haemostatic system,Venous Thromboembolism,Phase 1,INJECTION SITE REACTIONS,2,8,25.0000,15
Disorder of haemostatic system,Venous Thromboembolism,Phase 1,NUMBER OF PARTICIPANTS WITH TREATMENT-EMERGENT ADVERSE EVENTS,2,8,25.0000,16
Disorder of haemostatic system,Venous Thromboembolism,Phase 1,NUMBER OF SUBJECTS WITH ABNORMAL ELECTROCARDIOGRAM,2,8,25.0000,17
Disorder of haemostatic system,Venous Thromboembolism,Phase 1,ACCEPTABILITY OF LACTIN-V,1,8,12.5000,22
Disorder of haemostatic system,Venous Thromboembolism,Phase 2,PLASMA DRUG CONCENTRATION,5,39,12.8205,5
Disorder of haemostatic system,Venous Thromboembolism,Phase 2,MAXIMUM PLASMA CONCENTRATION,3,39,7.6923,3
Disorder of haemostatic system,Venous Thromboembolism,Phase 2,NUMBER OF PARTICIPANTS WITH BLEEDING EVENTS,3,39,7.6923,1
Disorder of haemostatic system,Venous Thromboembolism,Phase 2,ACTIVATED PARTIAL THROMBOPLASTIN TIME,2,39,5.1282,2
Disorder of haemostatic system,Venous Thromboembolism,Phase 2,ALL-CAUSE MORTALITY,2,39,5.1282,0
Disorder of haemostatic system,Venous Thromboembolism,Phase 2,ANTI-FACTOR XA ACTIVITY,2,39,5.1282,10
Disorder of haemostatic system,Venous Thromboembolism,Phase 2,ASYMPTOMATIC DETERIORATION IN THROMBOTIC BURDEN,2,39,5.1282,11
Disorder of haemostatic system,Venous Thromboembolism,Phase 3,ALL-CAUSE MORTALITY,5,58,8.6207,0
Disorder of haemostatic system,Venous Thromboembolism,Phase 3,NUMBER OF PARTICIPANTS WITH ADVERSE EVENTS,5,58,8.6207,4
Disorder of haemostatic system,Venous Thromboembolism,Phase 3,ACTIVATED PARTIAL THROMBOPLASTIN TIME,4,58,6.8966,2
Disorder of haemostatic system,Venous Thromboembolism,Phase 3,FREQUENCY OF PATIENTS WITH CLINICALLY SIGNIFICANT ABNORMALITIES,4,58,6.8966,6
Disorder of haemostatic system,Venous Thromboembolism,Phase 3,NUMBER OF PARTICIPANTS WITH BLEEDING EVENTS,4,58,6.8966,1
Disorder of haemostatic system,Venous Thromboembolism,Phase 3,PERCENTAGE OF PARTICIPANTS WITH MAJOR BLEEDING,4,58,6.8966,7
Disorder of haemostatic system,Venous Thromboembolism,Phase 3,ADVERSE EVENTS POTENTIALLY RELATED TO TREATMENT,2,58,3.4483,9
Disorder of haemostatic system,Venous Thromboembolism,Phase 4,ALL-CAUSE MORTALITY,5,26,19.2308,0
Disorder of haemostatic system,Venous Thromboembolism,Phase 4,BACTERIOLOGICAL CURE RATE,2,26,7.6923,13
Disorder of haemostatic system,Venous Thromboembolism,Phase 4,CHANGE IN PAIN SCORE,2,26,7.6923,14
Disorder of haemostatic system,Venous Thromboembolism,Phase 4,PATIENT SATISFACTION,2,26,7.6923,18
Disorder of haemostatic system,Venous Thromboembolism,Phase 4,ABSOLUTE CHANGE OF TARGET ULCER,1,26,3.8462,19
Disorder of haemostatic system,Venous Thromboembolism,Phase 4,ABSOLUTE VERTEBRAL BODY HEIGHT RESTORATION,1,26,3.8462,20
Disorder of haemostatic system,Venous Thromboembolism,Phase 4,ABSOLUTE WOUND SIZE REDUCTION,1,26,3.8462,21
Cardiovascular disease,Ventricular Arrhythmias,Phase 2,ADVERSE EFFECTS ASSOCIATED WITH IBUTILIDE,1,5,20.0000,4
Cardiovascular disease,Ventricular Arrhythmias,Phase 2,AREA UNDER THE QTCI - TIME CURVE,1,5,20.0000,6
Cardiovascular disease,Ventricular Arrhythmias,Phase 2,BASELINE QTCI INTERVALS,1,5,20.0000,9
Cardiovascular disease,Ventricular Arrhythmias,Phase 2,CHANGE FROM BASELINE IN NONSUSTAINED VENTRICULAR TACHYCARDIA COUNT,1,5,20.0000,15
Cardiovascular disease,Ventricular Arrhythmias,Phase 2,CHANGE FROM BASELINE IN PVC COUNT,1,5,20.0000,16
Cardiovascular disease,Ventricular Arrhythmias,Phase 2,CHANGE IN BAROREFLEX GAIN,1,5,20.0000,17
Cardiovascular disease,Ventricular Arrhythmias,Phase 2,CHANGE IN EJECTION FRACTION,1,5,20.0000,18
Cardiovascular disease,Ventricular Arrhythmias,Phase 3,TIME TO CONVERSION TO SINUS RHYTHM,2,9,22.2222,3
Cardiovascular disease,Ventricular Arrhythmias,Phase 3,ALL-CAUSE MORTALITY,1,9,11.1111,0
Cardiovascular disease,Ventricular Arrhythmias,Phase 3,CHANGE FROM BASELINE IN MEAN DAILY QTCF INTERVAL,1,9,11.1111,11
Cardiovascular disease,Ventricular Arrhythmias,Phase 3,CHANGE FROM BASELINE IN MEAN DAYTIME QT INTERVAL,1,9,11.1111,12
Cardiovascular disease,Ventricular Arrhythmias,Phase 3,CHANGE FROM BASELINE IN MEAN DAYTIME QTCF INTERVAL,1,9,11.1111,13
Cardiovascular disease,Ventricular Arrhythmias,Phase 3,CHANGE FROM BASELINE IN MEAN NOCTURNAL QTCF INTERVAL,1,9,11.1111,14
Cardiovascular disease,Ventricular Arrhythmias,Phase 3,CHRONIC EFFECTIVENESS,1,9,11.1111,19
Cardiovascular disease,Ventricular Arrhythmias,Phase 4,ATRIAL FIBRILLATION BURDEN,2,17,11.7647,1
Cardiovascular disease,Ventricular Arrhythmias,Phase 4,TERMINATION OF VENTRICULAR TACHYCARDIA,2,17,11.7647,2
Cardiovascular disease,Ventricular Arrhythmias,Phase 4,ALL CAUSE HOSPITALIZATION,1,17,5.8824,5
Cardiovascular disease,Ventricular Arrhythmias,Phase 4,ALL-CAUSE MORTALITY,1,17,5.8824,0
Cardiovascular disease,Ventricular Arrhythmias,Phase 4,ARRHYTHMIA OCCURRENCE,1,17,5.8824,7
Cardiovascular disease,Ventricular Arrhythmias,Phase 4,AV BLOCK REQUIRING PACEMAKER INSERTION,1,17,5.8824,8
Cardiovascular disease,Ventricular Arrhythmias,Phase 4,CARDIAC-RELATED DEATH,1,17,5.8824,10
Disorder of skin,Vitiligo,Phase 1,AREA UNDER THE CONCENTRATION-TIME CURVE,1,5,20.0000,10
Disorder of skin,Vitiligo,Phase 1,BASELINE SERUM CONCENTRATION OF SHBG,1,5,20.0000,13
Disorder of skin,Vitiligo,Phase 1,BASELINE TROUGH SERUM CONCENTRATION OF LUTEINIZING HORMONE,1,5,20.0000,14
Disorder of skin,Vitiligo,Phase 1,CHANGE IN DESMOGLEIN 1 AND 3 TITERS,1,5,20.0000,16
Disorder of skin,Vitiligo,Phase 1,CHANGE IN PEMPHIGUS DISEASE AREA INDEX SCORE,1,5,20.0000,20
Disorder of skin,Vitiligo,Phase 1,CLINICAL RESOLUTION OF 1ST ANATOMICALLY DISTANT WART,1,5,20.0000,22
Disorder of skin,Vitiligo,Phase 1,CLINICAL RESOLUTION OF 2ND ANATOMICALLY DISTANT WART,1,5,20.0000,23
Disorder of skin,Vitiligo,Phase 2,NUMBER OF PARTICIPANTS WITH TREATMENT-EMERGENT ADVERSE EVENTS,7,39,17.9487,0
Disorder of skin,Vitiligo,Phase 2,CHANGE IN DLQI SCORE,4,39,10.2564,1
Disorder of skin,Vitiligo,Phase 2,NUMBER OF PARTICIPANTS WITH ADVERSE EVENTS,3,39,7.6923,7
Disorder of skin,Vitiligo,Phase 2,PERCENT CHANGE IN T-VASI,3,39,7.6923,8
Disorder of skin,Vitiligo,Phase 2,F-VASI50 RESPONSE,2,39,5.1282,3
Disorder of skin,Vitiligo,Phase 2,IGA RESPONSE,2,39,5.1282,2
Disorder of skin,Vitiligo,Phase 2,MEAN CHANGE IN F-VASI SCORE,2,39,5.1282,9
Disorder of skin,Vitiligo,Phase 3,CHANGE IN DLQI SCORE,7,26,26.9231,1
Disorder of skin,Vitiligo,Phase 3,NUMBER OF PARTICIPANTS WITH TREATMENT-EMERGENT ADVERSE EVENTS,7,26,26.9231,0
Disorder of skin,Vitiligo,Phase 3,IGA RESPONSE,4,26,15.3846,2
Disorder of skin,Vitiligo,Phase 3,CHANGE FROM BASELINE IN VAGINAL PH,3,26,11.5385,4
Disorder of skin,Vitiligo,Phase 3,F-VASI50 RESPONSE,3,26,11.5385,3
Disorder of skin,Vitiligo,Phase 3,F-VASI75 RESPONSE,3,26,11.5385,5
Disorder of skin,Vitiligo,Phase 3,F-VASI90 RESPONSE,3,26,11.5385,6
Disorder of skin,Vitiligo,Phase 4,AVERAGE CHANGE IN LOCAL SKIN REACTIONS,1,9,11.1111,11
Disorder of skin,Vitiligo,Phase 4,AVERAGE CHANGE IN PARTICIPANT REPORTED PAIN,1,9,11.1111,12
Disorder of skin,Vitiligo,Phase 4,CHANGE IN CLEARANCE,1,9,11.1111,15
Disorder of skin,Vitiligo,Phase 4,CHANGE IN HYPERPIGMENTATION,1,9,11.1111,17
Disorder of skin,Vitiligo,Phase 4,CHANGE IN ICDAS II SCORE FOR SMOOTH SURFACES WSL,1,9,11.1111,18
Disorder of skin,Vitiligo,Phase 4,CHANGE IN PAIN SCORE,1,9,11.1111,19
Disorder of skin,Vitiligo,Phase 4,CHANGE IN RHYTIDES,1,9,11.1111,21
Disorder of haemostatic system,Von Willebrand Disease,Phase 2,>50% REDUCTION IN PBAC,1,3,33.3333,7
Disorder of haemostatic system,Von Willebrand Disease,Phase 2,DICHOTOMIZED BOSNIAK SCORE,1,3,33.3333,8
Disorder of haemostatic system,Von Willebrand Disease,Phase 2,DICHOTOMIZED BOSNIAK SCORES COMPARISON,1,3,33.3333,9
Disorder of haemostatic system,Von Willebrand Disease,Phase 2,NO. OF SUBJECTS WITH DETECTABLE VWF MRNA,1,3,33.3333,10
Disorder of haemostatic system,Von Willebrand Disease,Phase 2,NO. OF SUBJECTS WITH IL-11 ASSOCIATED ADVERSE EVENTS,1,3,33.3333,11
Disorder of haemostatic system,Von Willebrand Disease,Phase 2,NUMBER OF PARTICIPANTS WITH ADVERSE EVENTS,1,3,33.3333,12
Disorder of haemostatic system,Von Willebrand Disease,Phase 2,VOLUME OF BLOOD TRANSFUSION,1,3,33.3333,13
Disorder of haemostatic system,Von Willebrand Disease,Phase 3,AUC FROM 0 TO INFINITY,3,7,42.8571,0
Disorder of haemostatic system,Von Willebrand Disease,Phase 3,MEAN RESIDENCE TIME,3,7,42.8571,1
Disorder of haemostatic system,Von Willebrand Disease,Phase 3,VOLUME OF DISTRIBUTION AT STEADY STATE,3,7,42.8571,2
Disorder of haemostatic system,Von Willebrand Disease,Phase 3,AVERAGE NUMBER OF INFUSIONS,2,7,28.5714,3
Disorder of haemostatic system,Von Willebrand Disease,Phase 3,CLEARANCE,2,7,28.5714,4
Disorder of haemostatic system,Von Willebrand Disease,Phase 3,NUMBER OF PARTICIPANTS WITH HYPERSENSITIVITY REACTIONS,2,7,28.5714,5
Disorder of haemostatic system,Von Willebrand Disease,Phase 3,NUMBER OF PARTICIPANTS WITH THROMBOEMBOLIC EVENTS,2,7,28.5714,6
Neoplastic disease,Waldenstrom Macroglobulinemia,Phase 1,MAXIMUM PLASMA CONCENTRATION,3,8,37.5000,8
Neoplastic disease,Waldenstrom Macroglobulinemia,Phase 1,AUC FROM 0 TO INFINITY,2,8,25.0000,9
Neoplastic disease,Waldenstrom Macroglobulinemia,Phase 1,AUC FROM 0 TO LAST MEASURABLE CONCENTRATION,2,8,25.0000,10
Neoplastic disease,Waldenstrom Macroglobulinemia,Phase 1,AUCT OF PLASMA TOTAL MOLYBDENUM,2,8,25.0000,11
Neoplastic disease,Waldenstrom Macroglobulinemia,Phase 1,MAXIMUM TOLERATED DOSE,2,8,25.0000,13
Neoplastic disease,Waldenstrom Macroglobulinemia,Phase 1,NUMBER OF PARTICIPANTS WITH TREATMENT-EMERGENT ADVERSE EVENTS,2,8,25.0000,7
Neoplastic disease,Waldenstrom Macroglobulinemia,Phase 1,OBJECTIVE RESPONSE RATE,2,8,25.0000,0
Neoplastic disease,Waldenstrom Macroglobulinemia,Phase 2,OBJECTIVE RESPONSE RATE,29,47,61.7021,0
Neoplastic disease,Waldenstrom Macroglobulinemia,Phase 2,PROGRESSION-FREE SURVIVAL,18,47,38.2979,1
Neoplastic disease,Waldenstrom Macroglobulinemia,Phase 2,TIME TO PROGRESSION,10,47,21.2766,4
Neoplastic disease,Waldenstrom Macroglobulinemia,Phase 2,DURATION OF RESPONSE,9,47,19.1489,2
Neoplastic disease,Waldenstrom Macroglobulinemia,Phase 2,OVERALL SURVIVAL,9,47,19.1489,3
Neoplastic disease,Waldenstrom Macroglobulinemia,Phase 2,MAJOR RESPONSE RATE,6,47,12.7660,5
Neoplastic disease,Waldenstrom Macroglobulinemia,Phase 2,NUMBER OF PARTICIPANTS WITH ADVERSE EVENTS,6,47,12.7660,6
Neoplastic disease,Waldenstrom Macroglobulinemia,Phase 3,NUMBER OF PARTICIPANTS WITH TREATMENT-EMERGENT ADVERSE EVENTS,4,11,36.3636,7
Neoplastic disease,Waldenstrom Macroglobulinemia,Phase 3,CHANGE IN HEMOGLOBIN,2,11,18.1818,12
Neoplastic disease,Waldenstrom Macroglobulinemia,Phase 3,OBJECTIVE RESPONSE RATE,2,11,18.1818,0
Neoplastic disease,Waldenstrom Macroglobulinemia,Phase 3,PROGRESSION-FREE SURVIVAL,2,11,18.1818,1
Neoplastic disease,Waldenstrom Macroglobulinemia,Phase 3,24-HOUR URINARY COPPER EXCRETION,1,11,9.0909,14
Neoplastic disease,Waldenstrom Macroglobulinemia,Phase 3,ABSOLUTE CHANGE IN NON-CERULOPLASMIN BOUND COPPER,1,11,9.0909,15
Neoplastic disease,Waldenstrom Macroglobulinemia,Phase 3,ANNUALIZED RATE OF ACUTE SERIOUS BACTERIAL INFECTIONS,1,11,9.0909,16
Neoplastic disease,Waldenstrom Macroglobulinemia,Phase 4,CLINICAL RESPONSE RATE,1,1,100.0000,17
Neoplastic disease,Waldenstrom Macroglobulinemia,Phase 4,DURATION OF RESPONSE,1,1,100.0000,2
Neoplastic disease,Waldenstrom Macroglobulinemia,Phase 4,NUMBER OF PARTICIPANTS WITH GRADE 3 OR HIGHER TREATMENT-EMERGENT ADVERSE EVENTS,1,1,100.0000,18
Neoplastic disease,Waldenstrom Macroglobulinemia,Phase 4,OBJECTIVE RESPONSE RATE,1,1,100.0000,0
Neoplastic disease,Waldenstrom Macroglobulinemia,Phase 4,OVERALL SURVIVAL,1,1,100.0000,3
Neoplastic disease,Waldenstrom Macroglobulinemia,Phase 4,PLASMA DRUG CONCENTRATION,1,1,100.0000,19
Neoplastic disease,Waldenstrom Macroglobulinemia,Phase 4,PROGRESSION-FREE SURVIVAL,1,1,100.0000,1
Disorder of skin,Wound Healing,Phase 1,AREA UNDER THE CONCENTRATION-TIME CURVE FROM TIME ZERO TO INFINITY,1,3,33.3333,14
Disorder of skin,Wound Healing,Phase 1,AUC FROM 0 TO INFINITY,1,3,33.3333,3
Disorder of skin,Wound Healing,Phase 1,AUC FROM 0 TO LAST MEASURABLE CONCENTRATION,1,3,33.3333,15
Disorder of skin,Wound Healing,Phase 1,CMAX OF GSK1278863,1,3,33.3333,23
Disorder of skin,Wound Healing,Phase 1,HALF-LIFE,1,3,33.3333,24
Disorder of skin,Wound Healing,Phase 1,HALF-LIFE OF GSK1278863,1,3,33.3333,25
Disorder of skin,Wound Healing,Phase 1,LAG TIME BEFORE OBSERVATION OF DRUG CONCENTRATIONS,1,3,33.3333,26
Disorder of skin,Wound Healing,Phase 2,TIME TO CLINICAL CURE,2,24,8.3333,8
Disorder of skin,Wound Healing,Phase 2,% ULCERS WHICH COMPLETELY HEALED,1,24,4.1667,9
Disorder of skin,Wound Healing,Phase 2,ADHERENCE TO OFFLOADING BOOT,1,24,4.1667,10
Disorder of skin,Wound Healing,Phase 2,APPARENT FIRST-ORDER ELIMINATION RATE CONSTANT,1,24,4.1667,13
Disorder of skin,Wound Healing,Phase 2,AUC FROM 0 TO INFINITY,1,24,4.1667,3
Disorder of skin,Wound Healing,Phase 2,AUC%_EXTRAPOLATED,1,24,4.1667,16
Disorder of skin,Wound Healing,Phase 2,CENTER OF MASS SWAY,1,24,4.1667,19
Disorder of skin,Wound Healing,Phase 3,NUMBER OF PARTICIPANTS WITH TREATMENT-EMERGENT ADVERSE EVENTS,3,22,13.6364,0
Disorder of skin,Wound Healing,Phase 3,TIME TO WOUND CLOSURE,3,22,13.6364,1
Disorder of skin,Wound Healing,Phase 3,ADVERSE EVENTS BY RELATIONSHIP TO STUDY MEDICATION,2,22,9.0909,2
Disorder of skin,Wound Healing,Phase 3,CLEARANCE RATE,2,22,9.0909,4
Disorder of skin,Wound Healing,Phase 3,COMPLETE CLEARANCE OF COMMON WARTS,2,22,9.0909,5
Disorder of skin,Wound Healing,Phase 3,COSMETIC OUTCOME,2,22,9.0909,6
Disorder of skin,Wound Healing,Phase 3,FREQUENCY OF ADVERSE EVENTS,2,22,9.0909,7
Disorder of skin,Wound Healing,Phase 4,ALLERGIC REACTION,1,19,5.2632,11
Disorder of skin,Wound Healing,Phase 4,ANTIBIOTICS PRESCRIBED FOR PRESUMED SSI,1,19,5.2632,12
Disorder of skin,Wound Healing,Phase 4,BATES-JENSEN WOUND ASSESSMENT SCORE - MODIFIED,1,19,5.2632,17
Disorder of skin,Wound Healing,Phase 4,CAPILLARY DENSITY,1,19,5.2632,18
Disorder of skin,Wound Healing,Phase 4,CHANGE FROM BASELINE IN EXTENT OF PRESENCE/ABSENCE OF EPITHELIAL TONGUE,1,19,5.2632,20
Disorder of skin,Wound Healing,Phase 4,CHANGE FROM BASELINE IN WOUND AREA,1,19,5.2632,21
Disorder of skin,Wound Healing,Phase 4,CHANGE IN DEPRESSION SCORE,1,19,5.2632,22
