outcome_rank,outcome_category,outcome_normalized,start_year,trial_count
1,Response Rates,OBJECTIVE RESPONSE RATE,1966,1
169,Mortality,CARDIOVASCULAR MORTALITY,1982,1
266,Mortality,NUMBER OF PARTICIPANTS WHO DIED,1985,1
4,Adverse Events/Safety,NUMBER OF PARTICIPANTS WITH ADVERSE EVENTS,1986,1
11,Biomarkers/Lab Values,CHANGE IN HEMOGLOBIN A1C,1988,1
44,Biomarkers/Lab Values,CHANGE IN LDL CHOLESTEROL,1988,1
54,Biomarkers/Lab Values,CHANGE IN TRIGLYCERIDES,1988,1
56,Biomarkers/Lab Values,CHANGE IN TOTAL CHOLESTEROL,1988,1
58,Biomarkers/Lab Values,CHANGE IN HDL CHOLESTEROL,1988,1
258,Biomarkers/Lab Values,CHANGE IN FASTING GLUCOSE,1988,1
11,Biomarkers/Lab Values,CHANGE IN HEMOGLOBIN A1C,1989,1
258,Biomarkers/Lab Values,CHANGE IN FASTING GLUCOSE,1989,1
475,Functional Status,ACTIVITIES OF DAILY LIVING,1989,1
1,Response Rates,OBJECTIVE RESPONSE RATE,1990,1
2,Survival/Time-to-Event,OVERALL SURVIVAL,1990,2
8,Response Rates,DURATION OF RESPONSE,1990,1
13,Pharmacokinetics,AREA UNDER THE CONCENTRATION-TIME CURVE,1990,1
19,Dose-Finding,MAXIMUM TOLERATED DOSE,1990,1
21,Survival/Time-to-Event,TIME TO PROGRESSION,1990,1
22,Mortality,ALL-CAUSE MORTALITY,1990,1
59,Pharmacokinetics,HALF-LIFE,1990,1
62,Pharmacokinetics,CLEARANCE,1990,1
95,Remission/Cure,COMPLETE REMISSION,1990,1
168,Survival/Time-to-Event,TIME TO NEXT TREATMENT,1990,2
184,Pharmacokinetics,VOLUME OF DISTRIBUTION AT STEADY STATE,1990,1
445,Response Rates,CONFIRMED RESPONSE RATE,1990,1
29,Response Rates,COMPLETE RESPONSE RATE,1991,1
149,Survival/Time-to-Event,1-YEAR SURVIVAL RATE,1991,1
396,Survival/Time-to-Event,2-YEAR SURVIVAL RATE,1991,1
4,Adverse Events/Safety,NUMBER OF PARTICIPANTS WITH ADVERSE EVENTS,1992,1
9,Adverse Events/Safety,NUMBER OF PARTICIPANTS WITH SERIOUS ADVERSE EVENTS,1992,1
152,Biomarkers/Lab Values,CHANGE IN BILIRUBIN,1992,1
1,Response Rates,OBJECTIVE RESPONSE RATE,1993,1
3,Survival/Time-to-Event,PROGRESSION-FREE SURVIVAL,1993,1
4,Adverse Events/Safety,NUMBER OF PARTICIPANTS WITH ADVERSE EVENTS,1993,1
12,Vital Signs/Physical Measures,CHANGE IN BODY WEIGHT,1993,1
22,Mortality,ALL-CAUSE MORTALITY,1993,4
39,Vital Signs/Physical Measures,CHANGE IN BODY MASS INDEX,1993,1
206,Adverse Events/Safety,NUMBER OF PARTICIPANTS WITH SERIOUS AND/OR NON-SERIOUS ADVERSE EVENTS,1993,1
491,Vital Signs/Physical Measures,CHANGE FROM BASELINE IN HEIGHT,1993,1
1,Response Rates,OBJECTIVE RESPONSE RATE,1994,1
2,Survival/Time-to-Event,OVERALL SURVIVAL,1994,1
4,Adverse Events/Safety,NUMBER OF PARTICIPANTS WITH ADVERSE EVENTS,1994,1
22,Mortality,ALL-CAUSE MORTALITY,1994,1
37,Quality of Life/PRO,CHANGE IN EQ-5D SCORE,1994,1
49,Survival/Time-to-Event,DISEASE-FREE SURVIVAL,1994,1
76,Mental Health Outcomes,CHANGE IN HAM-D SCORE,1994,1
95,Remission/Cure,COMPLETE REMISSION,1994,1
102,Adverse Events/Safety,GRADE 3 OR HIGHER ADVERSE EVENTS,1994,1
229,Functional Status,CHANGE IN EDSS SCORE,1994,1
1,Response Rates,OBJECTIVE RESPONSE RATE,1995,5
2,Survival/Time-to-Event,OVERALL SURVIVAL,1995,5
3,Survival/Time-to-Event,PROGRESSION-FREE SURVIVAL,1995,1
8,Response Rates,DURATION OF RESPONSE,1995,2
9,Adverse Events/Safety,NUMBER OF PARTICIPANTS WITH SERIOUS ADVERSE EVENTS,1995,1
21,Survival/Time-to-Event,TIME TO PROGRESSION,1995,1
28,Quality of Life/PRO,CHANGE IN SF-36 SCORE,1995,1
29,Response Rates,COMPLETE RESPONSE RATE,1995,1
36,Response Rates,CLINICAL BENEFIT RATE,1995,1
39,Vital Signs/Physical Measures,CHANGE IN BODY MASS INDEX,1995,1
48,Response Rates,TIME TO RESPONSE,1995,1
78,Symptoms/Pain,PAIN RESPONSE RATE,1995,4
113,Treatment Adherence,COMPLIANCE RATE,1995,1
206,Adverse Events/Safety,NUMBER OF PARTICIPANTS WITH SERIOUS AND/OR NON-SERIOUS ADVERSE EVENTS,1995,1
222,Symptoms/Pain,NAUSEA,1995,1
235,Quality of Life/PRO,SLEEP EFFICIENCY,1995,1
341,Mortality,NUMBER OF DEATHS,1995,1
1,Response Rates,OBJECTIVE RESPONSE RATE,1996,24
2,Survival/Time-to-Event,OVERALL SURVIVAL,1996,3
3,Survival/Time-to-Event,PROGRESSION-FREE SURVIVAL,1996,1
4,Adverse Events/Safety,NUMBER OF PARTICIPANTS WITH ADVERSE EVENTS,1996,1
5,Pharmacokinetics,MAXIMUM PLASMA CONCENTRATION,1996,1
8,Response Rates,DURATION OF RESPONSE,1996,2
9,Adverse Events/Safety,NUMBER OF PARTICIPANTS WITH SERIOUS ADVERSE EVENTS,1996,1
21,Survival/Time-to-Event,TIME TO PROGRESSION,1996,2
29,Response Rates,COMPLETE RESPONSE RATE,1996,3
35,Pharmacokinetics,VOLUME OF DISTRIBUTION,1996,1
45,Survival/Time-to-Event,EVENT-FREE SURVIVAL,1996,1
62,Pharmacokinetics,CLEARANCE,1996,1
67,Survival/Time-to-Event,MEDIAN OVERALL SURVIVAL,1996,1
73,Pharmacokinetics,TERMINAL HALF-LIFE,1996,1
77,Survival/Time-to-Event,TIME TO TREATMENT FAILURE,1996,1
95,Remission/Cure,COMPLETE REMISSION,1996,1
110,Immunogenicity,IMMUNE RESPONSE RATE,1996,1
130,Symptoms/Pain,CHANGE IN WOMAC PAIN SCORE,1996,1
210,Adverse Events/Safety,NUMBER OF PARTICIPANTS WITH DRUG-RELATED ADVERSE EVENTS,1996,1
313,Adverse Events/Safety,NUMBER OF PARTICIPANTS WITH GRADE 3 OR HIGHER ADVERSE EVENTS,1996,1
399,Symptoms/Pain,CHANGE IN WOMAC STIFFNESS SCORE,1996,1
445,Response Rates,CONFIRMED RESPONSE RATE,1996,1
1,Response Rates,OBJECTIVE RESPONSE RATE,1997,2
2,Survival/Time-to-Event,OVERALL SURVIVAL,1997,8
3,Survival/Time-to-Event,PROGRESSION-FREE SURVIVAL,1997,3
4,Adverse Events/Safety,NUMBER OF PARTICIPANTS WITH ADVERSE EVENTS,1997,4
8,Response Rates,DURATION OF RESPONSE,1997,1
9,Adverse Events/Safety,NUMBER OF PARTICIPANTS WITH SERIOUS ADVERSE EVENTS,1997,1
12,Vital Signs/Physical Measures,CHANGE IN BODY WEIGHT,1997,1
13,Pharmacokinetics,AREA UNDER THE CONCENTRATION-TIME CURVE,1997,1
17,Symptoms/Pain,CHANGE IN VAS PAIN SCORE,1997,1
18,Quality of Life/PRO,PATIENT SATISFACTION,1997,1
19,Dose-Finding,MAXIMUM TOLERATED DOSE,1997,1
20,Symptoms/Pain,CHANGE IN PAIN SCORE,1997,1
21,Survival/Time-to-Event,TIME TO PROGRESSION,1997,1
28,Quality of Life/PRO,CHANGE IN SF-36 SCORE,1997,2
39,Vital Signs/Physical Measures,CHANGE IN BODY MASS INDEX,1997,1
42,Response Rates,SUSTAINED VIROLOGIC RESPONSE,1997,1
45,Survival/Time-to-Event,EVENT-FREE SURVIVAL,1997,2
49,Survival/Time-to-Event,DISEASE-FREE SURVIVAL,1997,1
57,Response Rates,ACR20 RESPONSE,1997,1
76,Mental Health Outcomes,CHANGE IN HAM-D SCORE,1997,1
96,Imaging Outcomes,CHANGE IN BONE MINERAL DENSITY,1997,1
131,Mortality,30-DAY MORTALITY,1997,1
182,Response Rates,CLINICAL RESPONSE RATE,1997,1
207,Symptoms/Pain,VAS PAIN SCORE,1997,1
217,Response Rates,CLINICAL RESPONSE,1997,1
370,Mental Health Outcomes,DEPRESSIVE SYMPTOMS,1997,1
458,Adverse Events/Safety,ANNUALIZED BLEEDING RATE,1997,1
1,Response Rates,OBJECTIVE RESPONSE RATE,1998,9
2,Survival/Time-to-Event,OVERALL SURVIVAL,1998,17
3,Survival/Time-to-Event,PROGRESSION-FREE SURVIVAL,1998,9
4,Adverse Events/Safety,NUMBER OF PARTICIPANTS WITH ADVERSE EVENTS,1998,4
8,Response Rates,DURATION OF RESPONSE,1998,6
9,Adverse Events/Safety,NUMBER OF PARTICIPANTS WITH SERIOUS ADVERSE EVENTS,1998,3
12,Vital Signs/Physical Measures,CHANGE IN BODY WEIGHT,1998,1
18,Quality of Life/PRO,PATIENT SATISFACTION,1998,1
19,Dose-Finding,MAXIMUM TOLERATED DOSE,1998,1
21,Survival/Time-to-Event,TIME TO PROGRESSION,1998,4
22,Mortality,ALL-CAUSE MORTALITY,1998,1
27,Adverse Events/Safety,NUMBER OF ADVERSE EVENTS,1998,1
29,Response Rates,COMPLETE RESPONSE RATE,1998,2
39,Vital Signs/Physical Measures,CHANGE IN BODY MASS INDEX,1998,1
45,Survival/Time-to-Event,EVENT-FREE SURVIVAL,1998,1
48,Response Rates,TIME TO RESPONSE,1998,1
49,Survival/Time-to-Event,DISEASE-FREE SURVIVAL,1998,4
57,Response Rates,ACR20 RESPONSE,1998,1
76,Mental Health Outcomes,CHANGE IN HAM-D SCORE,1998,1
77,Survival/Time-to-Event,TIME TO TREATMENT FAILURE,1998,4
80,Response Rates,ACR50 RESPONSE,1998,1
81,Immunogenicity,ANTIBODY TITER,1998,1
85,Adverse Events/Safety,NUMBER OF PARTICIPANTS WITH TREATMENT-RELATED ADVERSE EVENTS,1998,1
89,Response Rates,ACR70 RESPONSE,1998,1
96,Imaging Outcomes,CHANGE IN BONE MINERAL DENSITY,1998,1
98,Biomarkers/Lab Values,PERCENTAGE OF PARTICIPANTS WITH LABORATORY ABNORMALITIES,1998,1
102,Adverse Events/Safety,GRADE 3 OR HIGHER ADVERSE EVENTS,1998,2
108,Response Rates,COMPLETE RESPONSE,1998,4
110,Immunogenicity,IMMUNE RESPONSE RATE,1998,1
131,Mortality,30-DAY MORTALITY,1998,2
155,Adverse Events/Safety,NUMBER OF PATIENTS WITH ADVERSE EVENTS,1998,1
168,Survival/Time-to-Event,TIME TO NEXT TREATMENT,1998,1
172,Response Rates,PARTIAL RESPONSE RATE,1998,3
197,Survival/Time-to-Event,RELAPSE-FREE SURVIVAL,1998,1
203,Adverse Events/Safety,NUMBER OF PARTICIPANTS WITH ANY ADVERSE EVENTS,1998,1
204,Biomarkers/Lab Values,MINIMAL RESIDUAL DISEASE NEGATIVITY,1998,1
210,Adverse Events/Safety,NUMBER OF PARTICIPANTS WITH DRUG-RELATED ADVERSE EVENTS,1998,3
226,Mortality,TREATMENT-RELATED MORTALITY,1998,1
266,Mortality,NUMBER OF PARTICIPANTS WHO DIED,1998,1
287,Response Rates,TARGET LESION RESPONSE,1998,1
291,Response Rates,COMPLETE REMISSION RATE,1998,1
302,Imaging Outcomes,PERCENT CHANGE IN BONE MINERAL DENSITY,1998,1
437,Response Rates,NUMBER OF RESPONDERS,1998,1
445,Response Rates,CONFIRMED RESPONSE RATE,1998,5
457,Mortality,TIME TO DEATH,1998,1
479,Treatment Adherence,DURATION OF TREATMENT,1998,1
495,Functional Status,HARRIS HIP SCORE,1998,1
1,Response Rates,OBJECTIVE RESPONSE RATE,1999,8
2,Survival/Time-to-Event,OVERALL SURVIVAL,1999,24
3,Survival/Time-to-Event,PROGRESSION-FREE SURVIVAL,1999,10
4,Adverse Events/Safety,NUMBER OF PARTICIPANTS WITH ADVERSE EVENTS,1999,5
8,Response Rates,DURATION OF RESPONSE,1999,3
9,Adverse Events/Safety,NUMBER OF PARTICIPANTS WITH SERIOUS ADVERSE EVENTS,1999,1
11,Biomarkers/Lab Values,CHANGE IN HEMOGLOBIN A1C,1999,2
16,Quality of Life/PRO,CHANGE IN QUALITY OF LIFE SCORE,1999,2
18,Quality of Life/PRO,PATIENT SATISFACTION,1999,1
21,Survival/Time-to-Event,TIME TO PROGRESSION,1999,2
22,Mortality,ALL-CAUSE MORTALITY,1999,1
28,Quality of Life/PRO,CHANGE IN SF-36 SCORE,1999,2
29,Response Rates,COMPLETE RESPONSE RATE,1999,1
48,Response Rates,TIME TO RESPONSE,1999,1
49,Survival/Time-to-Event,DISEASE-FREE SURVIVAL,1999,9
76,Mental Health Outcomes,CHANGE IN HAM-D SCORE,1999,1
81,Immunogenicity,ANTIBODY TITER,1999,1
85,Adverse Events/Safety,NUMBER OF PARTICIPANTS WITH TREATMENT-RELATED ADVERSE EVENTS,1999,1
113,Treatment Adherence,COMPLIANCE RATE,1999,1
122,Response Rates,PATHOLOGICAL COMPLETE RESPONSE,1999,1
139,Mental Health Outcomes,CHANGE IN HAM-A SCORE,1999,1
149,Survival/Time-to-Event,1-YEAR SURVIVAL RATE,1999,1
188,Disease Activity Scores,CHANGE IN UPDRS SCORE,1999,1
203,Adverse Events/Safety,NUMBER OF PARTICIPANTS WITH ANY ADVERSE EVENTS,1999,1
226,Mortality,TREATMENT-RELATED MORTALITY,1999,1
227,Survival/Time-to-Event,RECURRENCE-FREE SURVIVAL,1999,1
231,Response Rates,TUMOR RESPONSE RATE,1999,1
244,Remission/Cure,DEPRESSION REMISSION RATE,1999,1
251,Survival/Time-to-Event,TIME TO TUMOR PROGRESSION,1999,1
266,Mortality,NUMBER OF PARTICIPANTS WHO DIED,1999,1
269,Response Rates,TUMOR RESPONSE,1999,1
281,Vital Signs/Physical Measures,FORCED VITAL CAPACITY,1999,1
283,Mortality,NON-RELAPSE MORTALITY,1999,1
284,Functional Status,VISUAL ACUITY,1999,1
360,Mental Health Outcomes,BECK DEPRESSION INVENTORY SCORE,1999,1
370,Mental Health Outcomes,DEPRESSIVE SYMPTOMS,1999,1
375,Vital Signs/Physical Measures,CHANGE IN INTRAOCULAR PRESSURE,1999,1
396,Survival/Time-to-Event,2-YEAR SURVIVAL RATE,1999,1
415,Mortality,TRANSPLANT-RELATED MORTALITY,1999,1
463,Adverse Events/Safety,DRUG-RELATED ADVERSE EVENTS,1999,1
495,Functional Status,HARRIS HIP SCORE,1999,1
1,Response Rates,OBJECTIVE RESPONSE RATE,2000,8
2,Survival/Time-to-Event,OVERALL SURVIVAL,2000,27
3,Survival/Time-to-Event,PROGRESSION-FREE SURVIVAL,2000,10
4,Adverse Events/Safety,NUMBER OF PARTICIPANTS WITH ADVERSE EVENTS,2000,8
5,Pharmacokinetics,MAXIMUM PLASMA CONCENTRATION,2000,2
7,Pharmacokinetics,TIME TO MAXIMUM CONCENTRATION,2000,1
8,Response Rates,DURATION OF RESPONSE,2000,4
9,Adverse Events/Safety,NUMBER OF PARTICIPANTS WITH SERIOUS ADVERSE EVENTS,2000,3
11,Biomarkers/Lab Values,CHANGE IN HEMOGLOBIN A1C,2000,2
12,Vital Signs/Physical Measures,CHANGE IN BODY WEIGHT,2000,4
16,Quality of Life/PRO,CHANGE IN QUALITY OF LIFE SCORE,2000,1
17,Symptoms/Pain,CHANGE IN VAS PAIN SCORE,2000,2
19,Dose-Finding,MAXIMUM TOLERATED DOSE,2000,1
21,Survival/Time-to-Event,TIME TO PROGRESSION,2000,5
22,Mortality,ALL-CAUSE MORTALITY,2000,4
24,Vital Signs/Physical Measures,CHANGE IN BLOOD PRESSURE,2000,2
26,Biomarkers/Lab Values,CHANGE IN FASTING PLASMA GLUCOSE,2000,1
28,Quality of Life/PRO,CHANGE IN SF-36 SCORE,2000,3
29,Response Rates,COMPLETE RESPONSE RATE,2000,5
30,Adverse Events/Safety,NUMBER OF PARTICIPANTS WITH TREATMENT EMERGENT ADVERSE EVENTS,2000,1
31,Vital Signs/Physical Measures,CHANGE IN HEART RATE,2000,2
34,Immunogenicity,SEROCONVERSION RATE,2000,1
35,Pharmacokinetics,VOLUME OF DISTRIBUTION,2000,1
36,Response Rates,CLINICAL BENEFIT RATE,2000,1
38,Hospitalization/Healthcare Use,LENGTH OF HOSPITAL STAY,2000,1
39,Vital Signs/Physical Measures,CHANGE IN BODY MASS INDEX,2000,3
41,Symptoms/Pain,CHANGE IN NRS PAIN SCORE,2000,1
43,Adverse Events/Safety,DOSE-LIMITING TOXICITIES,2000,1
44,Biomarkers/Lab Values,CHANGE IN LDL CHOLESTEROL,2000,3
45,Survival/Time-to-Event,EVENT-FREE SURVIVAL,2000,4
47,Functional Status,CHANGE IN 6-MINUTE WALK DISTANCE,2000,1
48,Response Rates,TIME TO RESPONSE,2000,1
49,Survival/Time-to-Event,DISEASE-FREE SURVIVAL,2000,8
52,Biomarkers/Lab Values,CHANGE IN CRP,2000,2
53,Immunogenicity,ANTI-DRUG ANTIBODIES,2000,1
54,Biomarkers/Lab Values,CHANGE IN TRIGLYCERIDES,2000,1
56,Biomarkers/Lab Values,CHANGE IN TOTAL CHOLESTEROL,2000,1
57,Response Rates,ACR20 RESPONSE,2000,4
58,Biomarkers/Lab Values,CHANGE IN HDL CHOLESTEROL,2000,1
60,Disease Activity Scores,CHANGE IN DAS28 SCORE,2000,1
62,Pharmacokinetics,CLEARANCE,2000,1
63,Functional Status,CHANGE IN HAQ-DI SCORE,2000,3
70,Biomarkers/Lab Values,CHANGE IN CD4 COUNT,2000,2
71,Biomarkers/Lab Values,NUMBER OF PARTICIPANTS WITH LABORATORY ABNORMALITIES,2000,1
74,Quality of Life/PRO,QUALITY OF LIFE SCORE,2000,1
75,Biomarkers/Lab Values,CHANGE IN EGFR,2000,1
77,Survival/Time-to-Event,TIME TO TREATMENT FAILURE,2000,3
80,Response Rates,ACR50 RESPONSE,2000,4
81,Immunogenicity,ANTIBODY TITER,2000,3
82,Vital Signs/Physical Measures,CHANGE IN DIASTOLIC BLOOD PRESSURE,2000,1
89,Response Rates,ACR70 RESPONSE,2000,4
91,Survival/Time-to-Event,MEDIAN PROGRESSION-FREE SURVIVAL,2000,2
96,Imaging Outcomes,CHANGE IN BONE MINERAL DENSITY,2000,3
98,Biomarkers/Lab Values,PERCENTAGE OF PARTICIPANTS WITH LABORATORY ABNORMALITIES,2000,2
102,Adverse Events/Safety,GRADE 3 OR HIGHER ADVERSE EVENTS,2000,2
105,Mental Health Outcomes,CHANGE IN MMSE SCORE,2000,1
108,Response Rates,COMPLETE RESPONSE,2000,3
117,Remission/Cure,CLINICAL REMISSION,2000,1
122,Response Rates,PATHOLOGICAL COMPLETE RESPONSE,2000,1
169,Mortality,CARDIOVASCULAR MORTALITY,2000,1
194,Hospitalization/Healthcare Use,TIME TO HOSPITAL DISCHARGE,2000,1
197,Survival/Time-to-Event,RELAPSE-FREE SURVIVAL,2000,1
200,Survival/Time-to-Event,OVERALL SURVIVAL RATE,2000,1
205,Imaging Outcomes,CHANGE IN TUMOR SIZE,2000,1
206,Adverse Events/Safety,NUMBER OF PARTICIPANTS WITH SERIOUS AND/OR NON-SERIOUS ADVERSE EVENTS,2000,1
222,Symptoms/Pain,NAUSEA,2000,1
226,Mortality,TREATMENT-RELATED MORTALITY,2000,1
227,Survival/Time-to-Event,RECURRENCE-FREE SURVIVAL,2000,2
231,Response Rates,TUMOR RESPONSE RATE,2000,1
241,Mental Health Outcomes,CHANGE IN CGI-S SCORE,2000,1
251,Survival/Time-to-Event,TIME TO TUMOR PROGRESSION,2000,1
255,Adverse Events/Safety,ADVERSE EVENTS LEADING TO DISCONTINUATION,2000,1
266,Mortality,NUMBER OF PARTICIPANTS WHO DIED,2000,1
273,Hospitalization/Healthcare Use,DURATION OF HOSPITALIZATION,2000,1
284,Functional Status,VISUAL ACUITY,2000,1
299,Functional Status,CHANGE IN VISUAL ACUITY,2000,1
303,Symptoms/Pain,CHANGE IN ADHD-RS SCORE,2000,1
311,Treatment Adherence,MEDICATION ADHERENCE,2000,1
320,Adverse Events/Safety,TOTAL SERIOUS ADVERSE EVENTS SUMMARY,2000,1
392,Survival/Time-to-Event,MEDIAN SURVIVAL TIME,2000,1
445,Response Rates,CONFIRMED RESPONSE RATE,2000,1
477,Imaging Outcomes,CHANGE IN LEFT VENTRICULAR EJECTION FRACTION,2000,1
492,Vital Signs/Physical Measures,CHANGE FROM BASELINE IN INTRAOCULAR PRESSURE,2000,1
1,Response Rates,OBJECTIVE RESPONSE RATE,2001,23
2,Survival/Time-to-Event,OVERALL SURVIVAL,2001,39
3,Survival/Time-to-Event,PROGRESSION-FREE SURVIVAL,2001,19
4,Adverse Events/Safety,NUMBER OF PARTICIPANTS WITH ADVERSE EVENTS,2001,16
5,Pharmacokinetics,MAXIMUM PLASMA CONCENTRATION,2001,9
6,Adverse Events/Safety,NUMBER OF PARTICIPANTS WITH TREATMENT-EMERGENT ADVERSE EVENTS,2001,1
7,Pharmacokinetics,TIME TO MAXIMUM CONCENTRATION,2001,2
8,Response Rates,DURATION OF RESPONSE,2001,11
9,Adverse Events/Safety,NUMBER OF PARTICIPANTS WITH SERIOUS ADVERSE EVENTS,2001,5
10,Pharmacokinetics,AUC FROM 0 TO INFINITY,2001,2
11,Biomarkers/Lab Values,CHANGE IN HEMOGLOBIN A1C,2001,1
12,Vital Signs/Physical Measures,CHANGE IN BODY WEIGHT,2001,2
13,Pharmacokinetics,AREA UNDER THE CONCENTRATION-TIME CURVE,2001,6
15,Pharmacokinetics,PLASMA DRUG CONCENTRATION,2001,1
16,Quality of Life/PRO,CHANGE IN QUALITY OF LIFE SCORE,2001,2
17,Symptoms/Pain,CHANGE IN VAS PAIN SCORE,2001,4
18,Quality of Life/PRO,PATIENT SATISFACTION,2001,1
19,Dose-Finding,MAXIMUM TOLERATED DOSE,2001,4
20,Symptoms/Pain,CHANGE IN PAIN SCORE,2001,4
21,Survival/Time-to-Event,TIME TO PROGRESSION,2001,5
22,Mortality,ALL-CAUSE MORTALITY,2001,7
23,Response Rates,PERCENTAGE OF PARTICIPANTS ACHIEVING TARGET,2001,1
24,Vital Signs/Physical Measures,CHANGE IN BLOOD PRESSURE,2001,1
25,Pharmacokinetics,AUC FROM 0 TO LAST MEASURABLE CONCENTRATION,2001,4
26,Biomarkers/Lab Values,CHANGE IN FASTING PLASMA GLUCOSE,2001,2
28,Quality of Life/PRO,CHANGE IN SF-36 SCORE,2001,1
29,Response Rates,COMPLETE RESPONSE RATE,2001,4
32,Biomarkers/Lab Values,CHANGE IN HEMOGLOBIN,2001,1
36,Response Rates,CLINICAL BENEFIT RATE,2001,1
37,Quality of Life/PRO,CHANGE IN EQ-5D SCORE,2001,1
38,Hospitalization/Healthcare Use,LENGTH OF HOSPITAL STAY,2001,1
42,Response Rates,SUSTAINED VIROLOGIC RESPONSE,2001,1
43,Adverse Events/Safety,DOSE-LIMITING TOXICITIES,2001,3
44,Biomarkers/Lab Values,CHANGE IN LDL CHOLESTEROL,2001,1
45,Survival/Time-to-Event,EVENT-FREE SURVIVAL,2001,2
47,Functional Status,CHANGE IN 6-MINUTE WALK DISTANCE,2001,1
48,Response Rates,TIME TO RESPONSE,2001,1
49,Survival/Time-to-Event,DISEASE-FREE SURVIVAL,2001,8
52,Biomarkers/Lab Values,CHANGE IN CRP,2001,2
54,Biomarkers/Lab Values,CHANGE IN TRIGLYCERIDES,2001,1
56,Biomarkers/Lab Values,CHANGE IN TOTAL CHOLESTEROL,2001,1
57,Response Rates,ACR20 RESPONSE,2001,1
62,Pharmacokinetics,CLEARANCE,2001,2
63,Functional Status,CHANGE IN HAQ-DI SCORE,2001,1
64,Biomarkers/Lab Values,CHANGE IN VIRAL LOAD,2001,2
66,Biomarkers/Lab Values,CHANGE IN ALT,2001,2
67,Survival/Time-to-Event,MEDIAN OVERALL SURVIVAL,2001,4
68,Vital Signs/Physical Measures,CHANGE IN WAIST CIRCUMFERENCE,2001,1
69,Adverse Events/Safety,INCIDENCE OF ADVERSE EVENTS,2001,1
70,Biomarkers/Lab Values,CHANGE IN CD4 COUNT,2001,4
71,Biomarkers/Lab Values,NUMBER OF PARTICIPANTS WITH LABORATORY ABNORMALITIES,2001,1
72,Pharmacokinetics,TROUGH CONCENTRATION,2001,1
73,Pharmacokinetics,TERMINAL HALF-LIFE,2001,1
76,Mental Health Outcomes,CHANGE IN HAM-D SCORE,2001,2
77,Survival/Time-to-Event,TIME TO TREATMENT FAILURE,2001,5
78,Symptoms/Pain,PAIN RESPONSE RATE,2001,1
86,Pharmacokinetics,TERMINAL ELIMINATION HALF-LIFE,2001,1
95,Remission/Cure,COMPLETE REMISSION,2001,2
96,Imaging Outcomes,CHANGE IN BONE MINERAL DENSITY,2001,2
98,Biomarkers/Lab Values,PERCENTAGE OF PARTICIPANTS WITH LABORATORY ABNORMALITIES,2001,2
101,Adverse Events/Safety,NUMBER OF PARTICIPANTS WITH DOSE LIMITING TOXICITIES,2001,1
102,Adverse Events/Safety,GRADE 3 OR HIGHER ADVERSE EVENTS,2001,1
104,Treatment Adherence,PERCENTAGE OF PARTICIPANTS COMPLETING TREATMENT,2001,1
105,Mental Health Outcomes,CHANGE IN MMSE SCORE,2001,1
108,Response Rates,COMPLETE RESPONSE,2001,1
109,Dose-Finding,RECOMMENDED PHASE 2 DOSE,2001,1
111,Pharmacokinetics,RENAL CLEARANCE,2001,1
112,Biomarkers/Lab Values,PERCENT CHANGE IN LDL CHOLESTEROL,2001,1
114,Adverse Events/Safety,NUMBER OF PARTICIPANTS WITH DOSE-LIMITING TOXICITIES,2001,1
120,Functional Status,6-MINUTE WALK DISTANCE,2001,1
122,Response Rates,PATHOLOGICAL COMPLETE RESPONSE,2001,1
132,Imaging Outcomes,CHANGE IN EJECTION FRACTION,2001,1
135,Vital Signs/Physical Measures,CHANGE IN TEMPERATURE,2001,1
137,Pharmacokinetics,TIME TO MAXIMUM PLASMA CONCENTRATION,2001,2
149,Survival/Time-to-Event,1-YEAR SURVIVAL RATE,2001,2
153,Adverse Events/Safety,NUMBER OF PARTICIPANTS WITH SERIOUS AND NON-SERIOUS ADVERSE EVENTS,2001,1
158,Biomarkers/Lab Values,PERCENT CHANGE IN TOTAL CHOLESTEROL,2001,1
161,Adverse Events/Safety,DOSE-LIMITING TOXICITY,2001,1
163,Microbiological/Virological,VIRAL SUPPRESSION RATE,2001,1
164,Biomarkers/Lab Values,PERCENT CHANGE IN HDL CHOLESTEROL,2001,1
169,Mortality,CARDIOVASCULAR MORTALITY,2001,2
177,Survival/Time-to-Event,MEDIAN PROGRESSION FREE SURVIVAL,2001,1
183,Biomarkers/Lab Values,PERCENT CHANGE IN TRIGLYCERIDES,2001,1
197,Survival/Time-to-Event,RELAPSE-FREE SURVIVAL,2001,2
200,Survival/Time-to-Event,OVERALL SURVIVAL RATE,2001,1
201,Response Rates,PATHOLOGIC COMPLETE RESPONSE,2001,1
202,Quality of Life/PRO,TREATMENT SATISFACTION,2001,1
203,Adverse Events/Safety,NUMBER OF PARTICIPANTS WITH ANY ADVERSE EVENTS,2001,1
206,Adverse Events/Safety,NUMBER OF PARTICIPANTS WITH SERIOUS AND/OR NON-SERIOUS ADVERSE EVENTS,2001,1
207,Symptoms/Pain,VAS PAIN SCORE,2001,1
208,Quality of Life/PRO,CHANGE IN EQ-5D VAS SCORE,2001,1
214,Mental Health Outcomes,CHANGE FROM BASELINE IN CGI-S SCORE,2001,1
219,Pharmacokinetics,ELIMINATION RATE CONSTANT,2001,1
222,Symptoms/Pain,NAUSEA,2001,1
226,Mortality,TREATMENT-RELATED MORTALITY,2001,2
227,Survival/Time-to-Event,RECURRENCE-FREE SURVIVAL,2001,1
231,Response Rates,TUMOR RESPONSE RATE,2001,1
236,Survival/Time-to-Event,TIME TO RELAPSE,2001,1
251,Survival/Time-to-Event,TIME TO TUMOR PROGRESSION,2001,2
252,Pharmacokinetics,APPARENT CLEARANCE (CL/F),2001,1
266,Mortality,NUMBER OF PARTICIPANTS WHO DIED,2001,1
285,Mental Health Outcomes,CHANGE IN BDI-II SCORE,2001,2
288,Disease Activity Scores,ANNUALIZED RELAPSE RATE,2001,1
291,Response Rates,COMPLETE REMISSION RATE,2001,1
302,Imaging Outcomes,PERCENT CHANGE IN BONE MINERAL DENSITY,2001,1
320,Adverse Events/Safety,TOTAL SERIOUS ADVERSE EVENTS SUMMARY,2001,1
334,Vital Signs/Physical Measures,MEAN CHANGE IN BLOOD PRESSURE,2001,1
374,Biomarkers/Lab Values,CHANGE FROM BASELINE IN CLINICAL CHEMISTRY PARAMETERS,2001,1
384,Quality of Life/PRO,CHANGE IN SLEEP QUALITY SCORE,2001,2
392,Survival/Time-to-Event,MEDIAN SURVIVAL TIME,2001,1
396,Survival/Time-to-Event,2-YEAR SURVIVAL RATE,2001,1
415,Mortality,TRANSPLANT-RELATED MORTALITY,2001,1
445,Response Rates,CONFIRMED RESPONSE RATE,2001,1
446,Imaging Outcomes,MRI LESION COUNT,2001,1
464,Adverse Events/Safety,NUMBER OF PARTICIPANTS WITH INJECTION SITE REACTIONS,2001,1
491,Vital Signs/Physical Measures,CHANGE FROM BASELINE IN HEIGHT,2001,1
1,Response Rates,OBJECTIVE RESPONSE RATE,2002,41
2,Survival/Time-to-Event,OVERALL SURVIVAL,2002,68
3,Survival/Time-to-Event,PROGRESSION-FREE SURVIVAL,2002,32
4,Adverse Events/Safety,NUMBER OF PARTICIPANTS WITH ADVERSE EVENTS,2002,31
5,Pharmacokinetics,MAXIMUM PLASMA CONCENTRATION,2002,37
6,Adverse Events/Safety,NUMBER OF PARTICIPANTS WITH TREATMENT-EMERGENT ADVERSE EVENTS,2002,3
7,Pharmacokinetics,TIME TO MAXIMUM CONCENTRATION,2002,10
8,Response Rates,DURATION OF RESPONSE,2002,11
9,Adverse Events/Safety,NUMBER OF PARTICIPANTS WITH SERIOUS ADVERSE EVENTS,2002,6
10,Pharmacokinetics,AUC FROM 0 TO INFINITY,2002,8
11,Biomarkers/Lab Values,CHANGE IN HEMOGLOBIN A1C,2002,3
12,Vital Signs/Physical Measures,CHANGE IN BODY WEIGHT,2002,3
13,Pharmacokinetics,AREA UNDER THE CONCENTRATION-TIME CURVE,2002,31
15,Pharmacokinetics,PLASMA DRUG CONCENTRATION,2002,3
16,Quality of Life/PRO,CHANGE IN QUALITY OF LIFE SCORE,2002,5
17,Symptoms/Pain,CHANGE IN VAS PAIN SCORE,2002,1
18,Quality of Life/PRO,PATIENT SATISFACTION,2002,3
19,Dose-Finding,MAXIMUM TOLERATED DOSE,2002,8
20,Symptoms/Pain,CHANGE IN PAIN SCORE,2002,8
21,Survival/Time-to-Event,TIME TO PROGRESSION,2002,9
22,Mortality,ALL-CAUSE MORTALITY,2002,14
23,Response Rates,PERCENTAGE OF PARTICIPANTS ACHIEVING TARGET,2002,1
24,Vital Signs/Physical Measures,CHANGE IN BLOOD PRESSURE,2002,1
25,Pharmacokinetics,AUC FROM 0 TO LAST MEASURABLE CONCENTRATION,2002,6
26,Biomarkers/Lab Values,CHANGE IN FASTING PLASMA GLUCOSE,2002,2
27,Adverse Events/Safety,NUMBER OF ADVERSE EVENTS,2002,4
28,Quality of Life/PRO,CHANGE IN SF-36 SCORE,2002,4
29,Response Rates,COMPLETE RESPONSE RATE,2002,3
31,Vital Signs/Physical Measures,CHANGE IN HEART RATE,2002,1
32,Biomarkers/Lab Values,CHANGE IN HEMOGLOBIN,2002,3
34,Immunogenicity,SEROCONVERSION RATE,2002,1
35,Pharmacokinetics,VOLUME OF DISTRIBUTION,2002,2
36,Response Rates,CLINICAL BENEFIT RATE,2002,1
37,Quality of Life/PRO,CHANGE IN EQ-5D SCORE,2002,1
39,Vital Signs/Physical Measures,CHANGE IN BODY MASS INDEX,2002,3
40,Quality of Life/PRO,PATIENT GLOBAL IMPRESSION OF CHANGE,2002,6
41,Symptoms/Pain,CHANGE IN NRS PAIN SCORE,2002,5
42,Response Rates,SUSTAINED VIROLOGIC RESPONSE,2002,2
44,Biomarkers/Lab Values,CHANGE IN LDL CHOLESTEROL,2002,1
45,Survival/Time-to-Event,EVENT-FREE SURVIVAL,2002,5
47,Functional Status,CHANGE IN 6-MINUTE WALK DISTANCE,2002,1
48,Response Rates,TIME TO RESPONSE,2002,1
49,Survival/Time-to-Event,DISEASE-FREE SURVIVAL,2002,17
51,Mental Health Outcomes,CHANGE IN MADRS SCORE,2002,1
52,Biomarkers/Lab Values,CHANGE IN CRP,2002,2
53,Immunogenicity,ANTI-DRUG ANTIBODIES,2002,4
54,Biomarkers/Lab Values,CHANGE IN TRIGLYCERIDES,2002,2
57,Response Rates,ACR20 RESPONSE,2002,3
59,Pharmacokinetics,HALF-LIFE,2002,2
60,Disease Activity Scores,CHANGE IN DAS28 SCORE,2002,2
61,Vital Signs/Physical Measures,CHANGE IN SYSTOLIC BLOOD PRESSURE,2002,3
62,Pharmacokinetics,CLEARANCE,2002,1
63,Functional Status,CHANGE IN HAQ-DI SCORE,2002,3
64,Biomarkers/Lab Values,CHANGE IN VIRAL LOAD,2002,3
66,Biomarkers/Lab Values,CHANGE IN ALT,2002,1
67,Survival/Time-to-Event,MEDIAN OVERALL SURVIVAL,2002,1
68,Vital Signs/Physical Measures,CHANGE IN WAIST CIRCUMFERENCE,2002,1
69,Adverse Events/Safety,INCIDENCE OF ADVERSE EVENTS,2002,3
70,Biomarkers/Lab Values,CHANGE IN CD4 COUNT,2002,1
72,Pharmacokinetics,TROUGH CONCENTRATION,2002,2
74,Quality of Life/PRO,QUALITY OF LIFE SCORE,2002,1
75,Biomarkers/Lab Values,CHANGE IN EGFR,2002,1
76,Mental Health Outcomes,CHANGE IN HAM-D SCORE,2002,2
77,Survival/Time-to-Event,TIME TO TREATMENT FAILURE,2002,5
78,Symptoms/Pain,PAIN RESPONSE RATE,2002,1
80,Response Rates,ACR50 RESPONSE,2002,1
81,Immunogenicity,ANTIBODY TITER,2002,1
82,Vital Signs/Physical Measures,CHANGE IN DIASTOLIC BLOOD PRESSURE,2002,1
84,Pharmacokinetics,ACCUMULATION RATIO,2002,1
85,Adverse Events/Safety,NUMBER OF PARTICIPANTS WITH TREATMENT-RELATED ADVERSE EVENTS,2002,2
86,Pharmacokinetics,TERMINAL ELIMINATION HALF-LIFE,2002,1
87,Biomarkers/Lab Values,CHANGE IN CREATININE,2002,2
89,Response Rates,ACR70 RESPONSE,2002,1
91,Survival/Time-to-Event,MEDIAN PROGRESSION-FREE SURVIVAL,2002,1
93,Symptoms/Pain,CHANGE IN BPI SCORE,2002,4
94,Immunogenicity,NUMBER OF PARTICIPANTS WITH ANTI-DRUG ANTIBODIES,2002,2
95,Remission/Cure,COMPLETE REMISSION,2002,3
96,Imaging Outcomes,CHANGE IN BONE MINERAL DENSITY,2002,5
97,Quality of Life/PRO,CHANGE IN EORTC QLQ-C30 SCORE,2002,2
98,Biomarkers/Lab Values,PERCENTAGE OF PARTICIPANTS WITH LABORATORY ABNORMALITIES,2002,7
100,Mental Health Outcomes,CHANGE IN PANSS SCORE,2002,3
102,Adverse Events/Safety,GRADE 3 OR HIGHER ADVERSE EVENTS,2002,5
103,Vital Signs/Physical Measures,SYSTOLIC BLOOD PRESSURE,2002,1
107,Biomarkers/Lab Values,CHANGE IN PLATELET COUNT,2002,1
108,Response Rates,COMPLETE RESPONSE,2002,1
110,Immunogenicity,IMMUNE RESPONSE RATE,2002,1
111,Pharmacokinetics,RENAL CLEARANCE,2002,1
114,Adverse Events/Safety,NUMBER OF PARTICIPANTS WITH DOSE-LIMITING TOXICITIES,2002,1
115,Vital Signs/Physical Measures,CHANGE FROM BASELINE IN FEV1,2002,2
117,Remission/Cure,CLINICAL REMISSION,2002,3
118,Response Rates,RESPONDER RATE,2002,1
120,Functional Status,6-MINUTE WALK DISTANCE,2002,1
122,Response Rates,PATHOLOGICAL COMPLETE RESPONSE,2002,2
127,Hospitalization/Healthcare Use,HOSPITAL LENGTH OF STAY,2002,2
136,Adverse Events/Safety,TOTAL ADVERSE EVENTS SUMMARY,2002,1
140,Disease Activity Scores,CHANGE IN CDAI SCORE,2002,1
141,Vital Signs/Physical Measures,CHANGE FROM BASELINE IN BLOOD PRESSURE,2002,1
146,Immunogenicity,GEOMETRIC MEAN TITERS,2002,2
147,Quality of Life/PRO,CHANGE IN SGRQ SCORE,2002,1
149,Survival/Time-to-Event,1-YEAR SURVIVAL RATE,2002,4
154,Hospitalization/Healthcare Use,HOSPITALIZATION RATE,2002,1
155,Adverse Events/Safety,NUMBER OF PATIENTS WITH ADVERSE EVENTS,2002,1
160,Adverse Events/Safety,NUMBER OF SERIOUS ADVERSE EVENTS,2002,1
167,Adverse Events/Safety,NUMBER OF SUBJECTS WITH ANY AND GRADE 3 SOLICITED LOCAL SYMPTOMS,2002,1
169,Mortality,CARDIOVASCULAR MORTALITY,2002,2
174,Mental Health Outcomes,DEPRESSION RESPONSE RATE,2002,1
177,Survival/Time-to-Event,MEDIAN PROGRESSION FREE SURVIVAL,2002,1
179,Pharmacokinetics,APPARENT ORAL CLEARANCE,2002,1
182,Response Rates,CLINICAL RESPONSE RATE,2002,1
188,Disease Activity Scores,CHANGE IN UPDRS SCORE,2002,2
195,Vital Signs/Physical Measures,HEART RATE,2002,1
197,Survival/Time-to-Event,RELAPSE-FREE SURVIVAL,2002,2
200,Survival/Time-to-Event,OVERALL SURVIVAL RATE,2002,2
201,Response Rates,PATHOLOGIC COMPLETE RESPONSE,2002,2
203,Adverse Events/Safety,NUMBER OF PARTICIPANTS WITH ANY ADVERSE EVENTS,2002,1
204,Biomarkers/Lab Values,MINIMAL RESIDUAL DISEASE NEGATIVITY,2002,1
209,Adverse Events/Safety,NUMBER OF PARTICIPANTS WITH ADVERSE EVENTS LEADING TO DISCONTINUATION,2002,3
210,Adverse Events/Safety,NUMBER OF PARTICIPANTS WITH DRUG-RELATED ADVERSE EVENTS,2002,2
218,Survival/Time-to-Event,TIME TO PSA PROGRESSION,2002,1
220,Adverse Events/Safety,NUMBER OF PARTICIPANTS WITH ADVERSE EVENTS OF SPECIAL INTEREST,2002,1
221,Pharmacokinetics,PEAK PLASMA CONCENTRATION,2002,2
222,Symptoms/Pain,NAUSEA,2002,1
227,Survival/Time-to-Event,RECURRENCE-FREE SURVIVAL,2002,1
228,Pharmacokinetics,AUCTAU,2002,1
231,Response Rates,TUMOR RESPONSE RATE,2002,2
234,Quality of Life/PRO,CHANGE IN KCCQ SCORE,2002,1
241,Mental Health Outcomes,CHANGE IN CGI-S SCORE,2002,1
244,Remission/Cure,DEPRESSION REMISSION RATE,2002,1
245,Disease Control,STABLE DISEASE RATE,2002,1
249,Symptoms/Pain,DYSPNEA SCORE,2002,1
251,Survival/Time-to-Event,TIME TO TUMOR PROGRESSION,2002,2
256,Mortality,ALL COLLECTED DEATHS,2002,1
258,Biomarkers/Lab Values,CHANGE IN FASTING GLUCOSE,2002,1
266,Mortality,NUMBER OF PARTICIPANTS WHO DIED,2002,2
267,Pharmacokinetics,PLASMA DECAY HALF-LIFE,2002,1
270,Hospitalization/Healthcare Use,LENGTH OF STAY,2002,1
271,Pharmacokinetics,MAXIMUM OBSERVED PLASMA CONCENTRATION,2002,1
283,Mortality,NON-RELAPSE MORTALITY,2002,1
284,Functional Status,VISUAL ACUITY,2002,1
285,Mental Health Outcomes,CHANGE IN BDI-II SCORE,2002,1
287,Response Rates,TARGET LESION RESPONSE,2002,1
288,Disease Activity Scores,ANNUALIZED RELAPSE RATE,2002,2
291,Response Rates,COMPLETE REMISSION RATE,2002,1
292,Remission/Cure,ENDOSCOPIC REMISSION,2002,1
301,Biomarkers/Lab Values,MEAN CHANGE IN HEMOGLOBIN,2002,1
302,Imaging Outcomes,PERCENT CHANGE IN BONE MINERAL DENSITY,2002,2
305,Disease Control,DURATION OF STABLE DISEASE,2002,3
309,Mortality,PERCENTAGE OF PARTICIPANTS WHO DIED,2002,1
313,Adverse Events/Safety,NUMBER OF PARTICIPANTS WITH GRADE 3 OR HIGHER ADVERSE EVENTS,2002,1
317,Remission/Cure,CLINICAL CURE RATE,2002,1
320,Adverse Events/Safety,TOTAL SERIOUS ADVERSE EVENTS SUMMARY,2002,1
331,Mortality,90-DAY MORTALITY,2002,1
333,Symptoms/Pain,AVERAGE PAIN SCORE,2002,1
334,Vital Signs/Physical Measures,MEAN CHANGE IN BLOOD PRESSURE,2002,1
335,Response Rates,PSA RESPONSE RATE,2002,2
341,Mortality,NUMBER OF DEATHS,2002,2
352,Response Rates,PERCENTAGE OF PATIENTS ACHIEVING TARGET,2002,1
359,Pharmacokinetics,AUCINF,2002,2
360,Mental Health Outcomes,BECK DEPRESSION INVENTORY SCORE,2002,1
363,Adverse Events/Safety,NUMBER OF SUBJECTS WITH ANY UNSOLICITED ADVERSE EVENTS,2002,1
377,Imaging Outcomes,LEFT VENTRICULAR EJECTION FRACTION,2002,1
387,Survival/Time-to-Event,TIME TO FIRST EXACERBATION,2002,2
388,Adverse Events/Safety,TREATMENT DISCONTINUATION RATE,2002,1
392,Survival/Time-to-Event,MEDIAN SURVIVAL TIME,2002,2
393,Adverse Events/Safety,NUMBER OF PARTICIPANTS WITH TREATMENT RELATED ADVERSE EVENTS,2002,1
396,Survival/Time-to-Event,2-YEAR SURVIVAL RATE,2002,1
427,Biomarkers/Lab Values,CHANGE IN BNP,2002,2
447,Adverse Events/Safety,NUMBER OF PARTICIPANTS WITH NON-SERIOUS ADVERSE EVENTS,2002,1
464,Adverse Events/Safety,NUMBER OF PARTICIPANTS WITH INJECTION SITE REACTIONS,2002,1
467,Quality of Life/PRO,SLEEP DISTURBANCE SCORE,2002,1
471,Vital Signs/Physical Measures,MEAN HEART RATE,2002,1
475,Functional Status,ACTIVITIES OF DAILY LIVING,2002,2
480,Adverse Events/Safety,NUMBER OF DOSE LIMITING TOXICITIES,2002,2
493,Quality of Life/PRO,CHANGE IN PITTSBURGH SLEEP QUALITY INDEX SCORE,2002,1
495,Functional Status,HARRIS HIP SCORE,2002,2
1,Response Rates,OBJECTIVE RESPONSE RATE,2003,91
2,Survival/Time-to-Event,OVERALL SURVIVAL,2003,92
3,Survival/Time-to-Event,PROGRESSION-FREE SURVIVAL,2003,59
4,Adverse Events/Safety,NUMBER OF PARTICIPANTS WITH ADVERSE EVENTS,2003,42
5,Pharmacokinetics,MAXIMUM PLASMA CONCENTRATION,2003,40
6,Adverse Events/Safety,NUMBER OF PARTICIPANTS WITH TREATMENT-EMERGENT ADVERSE EVENTS,2003,5
7,Pharmacokinetics,TIME TO MAXIMUM CONCENTRATION,2003,8
8,Response Rates,DURATION OF RESPONSE,2003,26
9,Adverse Events/Safety,NUMBER OF PARTICIPANTS WITH SERIOUS ADVERSE EVENTS,2003,21
10,Pharmacokinetics,AUC FROM 0 TO INFINITY,2003,22
11,Biomarkers/Lab Values,CHANGE IN HEMOGLOBIN A1C,2003,10
12,Vital Signs/Physical Measures,CHANGE IN BODY WEIGHT,2003,10
13,Pharmacokinetics,AREA UNDER THE CONCENTRATION-TIME CURVE,2003,29
14,Disease Control,DISEASE CONTROL RATE,2003,1
15,Pharmacokinetics,PLASMA DRUG CONCENTRATION,2003,4
16,Quality of Life/PRO,CHANGE IN QUALITY OF LIFE SCORE,2003,9
17,Symptoms/Pain,CHANGE IN VAS PAIN SCORE,2003,8
18,Quality of Life/PRO,PATIENT SATISFACTION,2003,5
19,Dose-Finding,MAXIMUM TOLERATED DOSE,2003,13
20,Symptoms/Pain,CHANGE IN PAIN SCORE,2003,4
21,Survival/Time-to-Event,TIME TO PROGRESSION,2003,22
22,Mortality,ALL-CAUSE MORTALITY,2003,12
23,Response Rates,PERCENTAGE OF PARTICIPANTS ACHIEVING TARGET,2003,3
24,Vital Signs/Physical Measures,CHANGE IN BLOOD PRESSURE,2003,2
26,Biomarkers/Lab Values,CHANGE IN FASTING PLASMA GLUCOSE,2003,5
27,Adverse Events/Safety,NUMBER OF ADVERSE EVENTS,2003,6
28,Quality of Life/PRO,CHANGE IN SF-36 SCORE,2003,6
29,Response Rates,COMPLETE RESPONSE RATE,2003,11
30,Adverse Events/Safety,NUMBER OF PARTICIPANTS WITH TREATMENT EMERGENT ADVERSE EVENTS,2003,2
31,Vital Signs/Physical Measures,CHANGE IN HEART RATE,2003,3
32,Biomarkers/Lab Values,CHANGE IN HEMOGLOBIN,2003,10
33,Adverse Events/Safety,PERCENTAGE OF PARTICIPANTS WITH ADVERSE EVENTS,2003,2
34,Immunogenicity,SEROCONVERSION RATE,2003,7
35,Pharmacokinetics,VOLUME OF DISTRIBUTION,2003,4
36,Response Rates,CLINICAL BENEFIT RATE,2003,4
37,Quality of Life/PRO,CHANGE IN EQ-5D SCORE,2003,3
38,Hospitalization/Healthcare Use,LENGTH OF HOSPITAL STAY,2003,3
39,Vital Signs/Physical Measures,CHANGE IN BODY MASS INDEX,2003,5
41,Symptoms/Pain,CHANGE IN NRS PAIN SCORE,2003,4
42,Response Rates,SUSTAINED VIROLOGIC RESPONSE,2003,9
43,Adverse Events/Safety,DOSE-LIMITING TOXICITIES,2003,7
44,Biomarkers/Lab Values,CHANGE IN LDL CHOLESTEROL,2003,7
45,Survival/Time-to-Event,EVENT-FREE SURVIVAL,2003,11
46,Immunogenicity,SEROPROTECTION RATE,2003,4
47,Functional Status,CHANGE IN 6-MINUTE WALK DISTANCE,2003,2
48,Response Rates,TIME TO RESPONSE,2003,8
49,Survival/Time-to-Event,DISEASE-FREE SURVIVAL,2003,13
51,Mental Health Outcomes,CHANGE IN MADRS SCORE,2003,2
52,Biomarkers/Lab Values,CHANGE IN CRP,2003,5
53,Immunogenicity,ANTI-DRUG ANTIBODIES,2003,3
54,Biomarkers/Lab Values,CHANGE IN TRIGLYCERIDES,2003,4
56,Biomarkers/Lab Values,CHANGE IN TOTAL CHOLESTEROL,2003,3
57,Response Rates,ACR20 RESPONSE,2003,6
58,Biomarkers/Lab Values,CHANGE IN HDL CHOLESTEROL,2003,4
60,Disease Activity Scores,CHANGE IN DAS28 SCORE,2003,3
62,Pharmacokinetics,CLEARANCE,2003,2
63,Functional Status,CHANGE IN HAQ-DI SCORE,2003,3
64,Biomarkers/Lab Values,CHANGE IN VIRAL LOAD,2003,4
65,Treatment Adherence,TREATMENT ADHERENCE RATE,2003,2
66,Biomarkers/Lab Values,CHANGE IN ALT,2003,5
67,Survival/Time-to-Event,MEDIAN OVERALL SURVIVAL,2003,2
68,Vital Signs/Physical Measures,CHANGE IN WAIST CIRCUMFERENCE,2003,1
70,Biomarkers/Lab Values,CHANGE IN CD4 COUNT,2003,3
72,Pharmacokinetics,TROUGH CONCENTRATION,2003,2
75,Biomarkers/Lab Values,CHANGE IN EGFR,2003,4
76,Mental Health Outcomes,CHANGE IN HAM-D SCORE,2003,7
77,Survival/Time-to-Event,TIME TO TREATMENT FAILURE,2003,13
78,Symptoms/Pain,PAIN RESPONSE RATE,2003,2
80,Response Rates,ACR50 RESPONSE,2003,3
81,Immunogenicity,ANTIBODY TITER,2003,1
82,Vital Signs/Physical Measures,CHANGE IN DIASTOLIC BLOOD PRESSURE,2003,1
83,Response Rates,PASI 75 RESPONSE,2003,2
84,Pharmacokinetics,ACCUMULATION RATIO,2003,1
86,Pharmacokinetics,TERMINAL ELIMINATION HALF-LIFE,2003,1
87,Biomarkers/Lab Values,CHANGE IN CREATININE,2003,6
89,Response Rates,ACR70 RESPONSE,2003,4
91,Survival/Time-to-Event,MEDIAN PROGRESSION-FREE SURVIVAL,2003,2
92,Adverse Events/Safety,PERCENTAGE OF PARTICIPANTS WITH TREATMENT-EMERGENT ADVERSE EVENTS,2003,1
95,Remission/Cure,COMPLETE REMISSION,2003,9
96,Imaging Outcomes,CHANGE IN BONE MINERAL DENSITY,2003,4
97,Quality of Life/PRO,CHANGE IN EORTC QLQ-C30 SCORE,2003,1
98,Biomarkers/Lab Values,PERCENTAGE OF PARTICIPANTS WITH LABORATORY ABNORMALITIES,2003,3
99,Biomarkers/Lab Values,CHANGE IN AST,2003,4
100,Mental Health Outcomes,CHANGE IN PANSS SCORE,2003,2
101,Adverse Events/Safety,NUMBER OF PARTICIPANTS WITH DOSE LIMITING TOXICITIES,2003,1
102,Adverse Events/Safety,GRADE 3 OR HIGHER ADVERSE EVENTS,2003,5
104,Treatment Adherence,PERCENTAGE OF PARTICIPANTS COMPLETING TREATMENT,2003,3
105,Mental Health Outcomes,CHANGE IN MMSE SCORE,2003,1
106,Pharmacokinetics,MEAN RESIDENCE TIME,2003,4
107,Biomarkers/Lab Values,CHANGE IN PLATELET COUNT,2003,5
108,Response Rates,COMPLETE RESPONSE,2003,4
110,Immunogenicity,IMMUNE RESPONSE RATE,2003,4
111,Pharmacokinetics,RENAL CLEARANCE,2003,1
113,Treatment Adherence,COMPLIANCE RATE,2003,4
114,Adverse Events/Safety,NUMBER OF PARTICIPANTS WITH DOSE-LIMITING TOXICITIES,2003,1
115,Vital Signs/Physical Measures,CHANGE FROM BASELINE IN FEV1,2003,4
119,Quality of Life/PRO,FATIGUE,2003,3
120,Functional Status,6-MINUTE WALK DISTANCE,2003,2
121,Pharmacokinetics,MAXIMUM SERUM CONCENTRATION,2003,1
122,Response Rates,PATHOLOGICAL COMPLETE RESPONSE,2003,8
124,Adverse Events/Safety,INJECTION SITE REACTIONS,2003,1
127,Hospitalization/Healthcare Use,HOSPITAL LENGTH OF STAY,2003,3
128,Biomarkers/Lab Values,CHANGE IN WHITE BLOOD CELL COUNT,2003,2
131,Mortality,30-DAY MORTALITY,2003,2
133,Biomarkers/Lab Values,CHANGE IN ALBUMIN,2003,3
136,Adverse Events/Safety,TOTAL ADVERSE EVENTS SUMMARY,2003,3
139,Mental Health Outcomes,CHANGE IN HAM-A SCORE,2003,1
143,Mental Health Outcomes,CHANGE IN ADAS-COG SCORE,2003,1
146,Immunogenicity,GEOMETRIC MEAN TITERS,2003,2
147,Quality of Life/PRO,CHANGE IN SGRQ SCORE,2003,2
148,Pharmacokinetics,APPARENT CLEARANCE,2003,1
149,Survival/Time-to-Event,1-YEAR SURVIVAL RATE,2003,1
150,Response Rates,BEST OVERALL RESPONSE RATE,2003,1
151,Biomarkers/Lab Values,CHANGE FROM BASELINE IN HEMATOCRIT,2003,1
152,Biomarkers/Lab Values,CHANGE IN BILIRUBIN,2003,4
155,Adverse Events/Safety,NUMBER OF PATIENTS WITH ADVERSE EVENTS,2003,1
156,Mental Health Outcomes,CHANGE IN YMRS SCORE,2003,1
159,Pharmacokinetics,TROUGH PLASMA CONCENTRATION,2003,1
161,Adverse Events/Safety,DOSE-LIMITING TOXICITY,2003,1
163,Microbiological/Virological,VIRAL SUPPRESSION RATE,2003,2
165,Treatment Adherence,RETENTION RATE,2003,1
166,Biomarkers/Lab Values,CHANGE IN FERRITIN,2003,2
167,Adverse Events/Safety,NUMBER OF SUBJECTS WITH ANY AND GRADE 3 SOLICITED LOCAL SYMPTOMS,2003,1
169,Mortality,CARDIOVASCULAR MORTALITY,2003,2
174,Mental Health Outcomes,DEPRESSION RESPONSE RATE,2003,3
175,Biomarkers/Lab Values,CHANGE IN ESR,2003,2
180,Vital Signs/Physical Measures,CHANGE FROM BASELINE IN TROUGH FEV1,2003,2
182,Response Rates,CLINICAL RESPONSE RATE,2003,4
188,Disease Activity Scores,CHANGE IN UPDRS SCORE,2003,1
192,Adverse Events/Safety,"NUMBER OF SUBJECTS WITH ANY, GRADE 3 AND RELATED SOLICITED GENERAL SYMPTOMS",2003,1
194,Hospitalization/Healthcare Use,TIME TO HOSPITAL DISCHARGE,2003,1
195,Vital Signs/Physical Measures,HEART RATE,2003,1
197,Survival/Time-to-Event,RELAPSE-FREE SURVIVAL,2003,1
201,Response Rates,PATHOLOGIC COMPLETE RESPONSE,2003,3
202,Quality of Life/PRO,TREATMENT SATISFACTION,2003,2
203,Adverse Events/Safety,NUMBER OF PARTICIPANTS WITH ANY ADVERSE EVENTS,2003,2
204,Biomarkers/Lab Values,MINIMAL RESIDUAL DISEASE NEGATIVITY,2003,2
205,Imaging Outcomes,CHANGE IN TUMOR SIZE,2003,1
208,Quality of Life/PRO,CHANGE IN EQ-5D VAS SCORE,2003,1
215,Vital Signs/Physical Measures,CHANGE FROM BASELINE IN SYSTOLIC BLOOD PRESSURE,2003,1
217,Response Rates,CLINICAL RESPONSE,2003,5
222,Symptoms/Pain,NAUSEA,2003,1
223,Biomarkers/Lab Values,CHANGE IN ABSOLUTE NEUTROPHIL COUNT,2003,2
226,Mortality,TREATMENT-RELATED MORTALITY,2003,2
227,Survival/Time-to-Event,RECURRENCE-FREE SURVIVAL,2003,2
229,Functional Status,CHANGE IN EDSS SCORE,2003,1
230,Biomarkers/Lab Values,CHANGE IN HSCRP,2003,2
231,Response Rates,TUMOR RESPONSE RATE,2003,2
236,Survival/Time-to-Event,TIME TO RELAPSE,2003,1
237,Pharmacokinetics,MINIMUM PLASMA CONCENTRATION,2003,1
241,Mental Health Outcomes,CHANGE IN CGI-S SCORE,2003,1
242,Adverse Events/Safety,FREQUENCY OF ADVERSE EVENTS,2003,2
244,Remission/Cure,DEPRESSION REMISSION RATE,2003,1
245,Disease Control,STABLE DISEASE RATE,2003,2
251,Survival/Time-to-Event,TIME TO TUMOR PROGRESSION,2003,3
253,Biomarkers/Lab Values,CHANGE IN FASTING INSULIN,2003,1
256,Mortality,ALL COLLECTED DEATHS,2003,1
259,Vital Signs/Physical Measures,FORCED EXPIRATORY VOLUME IN 1 SECOND (FEV1),2003,1
266,Mortality,NUMBER OF PARTICIPANTS WHO DIED,2003,1
267,Pharmacokinetics,PLASMA DECAY HALF-LIFE,2003,3
269,Response Rates,TUMOR RESPONSE,2003,6
271,Pharmacokinetics,MAXIMUM OBSERVED PLASMA CONCENTRATION,2003,2
279,Adverse Events/Safety,NUMBER OF SUBJECTS REPORTING UNSOLICITED ADVERSE EVENTS,2003,5
282,Biomarkers/Lab Values,LABORATORY VALUES SUMMARY,2003,1
287,Response Rates,TARGET LESION RESPONSE,2003,4
290,Biomarkers/Lab Values,CHANGE IN PSA,2003,1
291,Response Rates,COMPLETE REMISSION RATE,2003,2
297,Remission/Cure,CURE RATE,2003,2
301,Biomarkers/Lab Values,MEAN CHANGE IN HEMOGLOBIN,2003,1
302,Imaging Outcomes,PERCENT CHANGE IN BONE MINERAL DENSITY,2003,1
303,Symptoms/Pain,CHANGE IN ADHD-RS SCORE,2003,1
305,Disease Control,DURATION OF STABLE DISEASE,2003,1
309,Mortality,PERCENTAGE OF PARTICIPANTS WHO DIED,2003,2
312,Adverse Events/Safety,NUMBER OF PARTICIPANTS WITH ADVERSE EVENTS AND SERIOUS ADVERSE EVENTS,2003,1
315,Disease Activity Scores,CHANGE IN BASDAI SCORE,2003,2
318,Biomarkers/Lab Values,INSULIN SENSITIVITY,2003,1
320,Adverse Events/Safety,TOTAL SERIOUS ADVERSE EVENTS SUMMARY,2003,1
322,Biomarkers/Lab Values,CHANGE IN SERUM CREATININE,2003,1
326,Quality of Life/PRO,CLIENT SATISFACTION,2003,1
328,Adverse Events/Safety,NUMBER OF PARTICIPANTS WITH ANY ADVERSE EVENT,2003,1
332,Adverse Events/Safety,"NUMBER OF SUBJECTS WITH ANY, GRADE 3 AND RELATED UNSOLICITED ADVERSE EVENTS",2003,1
336,Pharmacokinetics,STEADY-STATE CONCENTRATION,2003,1
337,Pharmacokinetics,SYSTEMIC CLEARANCE,2003,1
341,Mortality,NUMBER OF DEATHS,2003,2
346,Vital Signs/Physical Measures,NUMBER OF PARTICIPANTS WITH ABNORMAL VITAL SIGNS,2003,2
350,Response Rates,PROSTATE-SPECIFIC ANTIGEN RESPONSE,2003,2
351,Adverse Events/Safety,ESTIMATED BLOOD LOSS,2003,1
353,Mental Health Outcomes,CLINICAL GLOBAL IMPRESSION - IMPROVEMENT,2003,1
359,Pharmacokinetics,AUCINF,2003,5
360,Mental Health Outcomes,BECK DEPRESSION INVENTORY SCORE,2003,1
362,Functional Status,CHANGE IN BEST CORRECTED VISUAL ACUITY,2003,1
363,Adverse Events/Safety,NUMBER OF SUBJECTS WITH ANY UNSOLICITED ADVERSE EVENTS,2003,1
369,Quality of Life/PRO,CLINICIAN GLOBAL IMPRESSION OF CHANGE,2003,2
376,Vital Signs/Physical Measures,CHANGES IN FORCED VITAL CAPACITY,2003,2
378,Vital Signs/Physical Measures,MEAN ARTERIAL PRESSURE,2003,1
381,Hospitalization/Healthcare Use,PROCEDURE TIME,2003,1
384,Quality of Life/PRO,CHANGE IN SLEEP QUALITY SCORE,2003,1
385,Adverse Events/Safety,NUMBER OF SUBJECTS WITH UNSOLICITED ADVERSE EVENTS,2003,1
389,Immunogenicity,VACCINE RESPONSE RATE,2003,4
391,Hospitalization/Healthcare Use,DURATION OF HOSPITAL STAY,2003,2
392,Survival/Time-to-Event,MEDIAN SURVIVAL TIME,2003,6
396,Survival/Time-to-Event,2-YEAR SURVIVAL RATE,2003,1
408,Biomarkers/Lab Values,CHANGE IN INSULIN SENSITIVITY,2003,1
413,Response Rates,PATHOLOGIC COMPLETE RESPONSE RATE,2003,1
415,Mortality,TRANSPLANT-RELATED MORTALITY,2003,3
417,Survival/Time-to-Event,6-MONTH PROGRESSION-FREE SURVIVAL,2003,1
418,Mental Health Outcomes,CHANGE IN DEPRESSION SCORE,2003,1
419,Quality of Life/PRO,CLINICAL GLOBAL IMPRESSION OF CHANGE,2003,1
424,Immunogenicity,SEROPOSITIVITY RATE,2003,1
433,Functional Status,GRIP STRENGTH,2003,1
438,Immunogenicity,NUMBER OF SEROPROTECTED SUBJECTS,2003,2
439,Adverse Events/Safety,NUMBER OF SUBJECTS WITH SOLICITED GENERAL SYMPTOMS,2003,1
443,Biomarkers/Lab Values,CHANGE FROM BASELINE IN RED BLOOD CELL COUNT,2003,2
445,Response Rates,CONFIRMED RESPONSE RATE,2003,1
452,Survival/Time-to-Event,DURATION OF COMPLETE RESPONSE,2003,2
462,Response Rates,CONFIRMED OBJECTIVE RESPONSE RATE,2003,1
463,Adverse Events/Safety,DRUG-RELATED ADVERSE EVENTS,2003,3
471,Vital Signs/Physical Measures,MEAN HEART RATE,2003,1
472,Response Rates,PERCENTAGE OF PARTICIPANTS WITH RELAPSE,2003,1
475,Functional Status,ACTIVITIES OF DAILY LIVING,2003,1
476,Biomarkers/Lab Values,CHANGE IN FASTING SERUM GLUCOSE,2003,3
477,Imaging Outcomes,CHANGE IN LEFT VENTRICULAR EJECTION FRACTION,2003,1
481,Adverse Events/Safety,NUMBER OF SUBJECTS WITH SOLICITED LOCAL SYMPTOMS,2003,1
490,Functional Status,PHYSICAL FUNCTION,2003,1
495,Functional Status,HARRIS HIP SCORE,2003,2
497,Adverse Events/Safety,NUMBER OF PARTICIPANTS WITH DOSE-LIMITING TOXICITY,2003,1
1,Response Rates,OBJECTIVE RESPONSE RATE,2004,141
2,Survival/Time-to-Event,OVERALL SURVIVAL,2004,149
3,Survival/Time-to-Event,PROGRESSION-FREE SURVIVAL,2004,105
4,Adverse Events/Safety,NUMBER OF PARTICIPANTS WITH ADVERSE EVENTS,2004,72
5,Pharmacokinetics,MAXIMUM PLASMA CONCENTRATION,2004,59
6,Adverse Events/Safety,NUMBER OF PARTICIPANTS WITH TREATMENT-EMERGENT ADVERSE EVENTS,2004,15
7,Pharmacokinetics,TIME TO MAXIMUM CONCENTRATION,2004,23
8,Response Rates,DURATION OF RESPONSE,2004,53
9,Adverse Events/Safety,NUMBER OF PARTICIPANTS WITH SERIOUS ADVERSE EVENTS,2004,40
10,Pharmacokinetics,AUC FROM 0 TO INFINITY,2004,35
11,Biomarkers/Lab Values,CHANGE IN HEMOGLOBIN A1C,2004,15
12,Vital Signs/Physical Measures,CHANGE IN BODY WEIGHT,2004,21
13,Pharmacokinetics,AREA UNDER THE CONCENTRATION-TIME CURVE,2004,33
14,Disease Control,DISEASE CONTROL RATE,2004,11
15,Pharmacokinetics,PLASMA DRUG CONCENTRATION,2004,8
16,Quality of Life/PRO,CHANGE IN QUALITY OF LIFE SCORE,2004,20
17,Symptoms/Pain,CHANGE IN VAS PAIN SCORE,2004,10
18,Quality of Life/PRO,PATIENT SATISFACTION,2004,7
19,Dose-Finding,MAXIMUM TOLERATED DOSE,2004,14
20,Symptoms/Pain,CHANGE IN PAIN SCORE,2004,7
21,Survival/Time-to-Event,TIME TO PROGRESSION,2004,48
22,Mortality,ALL-CAUSE MORTALITY,2004,11
23,Response Rates,PERCENTAGE OF PARTICIPANTS ACHIEVING TARGET,2004,6
24,Vital Signs/Physical Measures,CHANGE IN BLOOD PRESSURE,2004,3
25,Pharmacokinetics,AUC FROM 0 TO LAST MEASURABLE CONCENTRATION,2004,17
26,Biomarkers/Lab Values,CHANGE IN FASTING PLASMA GLUCOSE,2004,11
27,Adverse Events/Safety,NUMBER OF ADVERSE EVENTS,2004,6
28,Quality of Life/PRO,CHANGE IN SF-36 SCORE,2004,10
29,Response Rates,COMPLETE RESPONSE RATE,2004,14
30,Adverse Events/Safety,NUMBER OF PARTICIPANTS WITH TREATMENT EMERGENT ADVERSE EVENTS,2004,2
31,Vital Signs/Physical Measures,CHANGE IN HEART RATE,2004,4
32,Biomarkers/Lab Values,CHANGE IN HEMOGLOBIN,2004,9
33,Adverse Events/Safety,PERCENTAGE OF PARTICIPANTS WITH ADVERSE EVENTS,2004,2
34,Immunogenicity,SEROCONVERSION RATE,2004,8
35,Pharmacokinetics,VOLUME OF DISTRIBUTION,2004,4
36,Response Rates,CLINICAL BENEFIT RATE,2004,12
37,Quality of Life/PRO,CHANGE IN EQ-5D SCORE,2004,1
38,Hospitalization/Healthcare Use,LENGTH OF HOSPITAL STAY,2004,2
39,Vital Signs/Physical Measures,CHANGE IN BODY MASS INDEX,2004,6
40,Quality of Life/PRO,PATIENT GLOBAL IMPRESSION OF CHANGE,2004,4
41,Symptoms/Pain,CHANGE IN NRS PAIN SCORE,2004,3
42,Response Rates,SUSTAINED VIROLOGIC RESPONSE,2004,13
43,Adverse Events/Safety,DOSE-LIMITING TOXICITIES,2004,4
44,Biomarkers/Lab Values,CHANGE IN LDL CHOLESTEROL,2004,5
45,Survival/Time-to-Event,EVENT-FREE SURVIVAL,2004,11
46,Immunogenicity,SEROPROTECTION RATE,2004,8
47,Functional Status,CHANGE IN 6-MINUTE WALK DISTANCE,2004,5
48,Response Rates,TIME TO RESPONSE,2004,9
49,Survival/Time-to-Event,DISEASE-FREE SURVIVAL,2004,23
50,Pharmacokinetics,APPARENT VOLUME OF DISTRIBUTION,2004,2
51,Mental Health Outcomes,CHANGE IN MADRS SCORE,2004,8
52,Biomarkers/Lab Values,CHANGE IN CRP,2004,3
53,Immunogenicity,ANTI-DRUG ANTIBODIES,2004,2
54,Biomarkers/Lab Values,CHANGE IN TRIGLYCERIDES,2004,4
55,Mental Health Outcomes,CHANGE IN PHQ-9 SCORE,2004,1
56,Biomarkers/Lab Values,CHANGE IN TOTAL CHOLESTEROL,2004,2
57,Response Rates,ACR20 RESPONSE,2004,4
58,Biomarkers/Lab Values,CHANGE IN HDL CHOLESTEROL,2004,3
59,Pharmacokinetics,HALF-LIFE,2004,1
60,Disease Activity Scores,CHANGE IN DAS28 SCORE,2004,5
61,Vital Signs/Physical Measures,CHANGE IN SYSTOLIC BLOOD PRESSURE,2004,5
62,Pharmacokinetics,CLEARANCE,2004,1
63,Functional Status,CHANGE IN HAQ-DI SCORE,2004,1
64,Biomarkers/Lab Values,CHANGE IN VIRAL LOAD,2004,11
65,Treatment Adherence,TREATMENT ADHERENCE RATE,2004,2
66,Biomarkers/Lab Values,CHANGE IN ALT,2004,2
67,Survival/Time-to-Event,MEDIAN OVERALL SURVIVAL,2004,6
68,Vital Signs/Physical Measures,CHANGE IN WAIST CIRCUMFERENCE,2004,3
69,Adverse Events/Safety,INCIDENCE OF ADVERSE EVENTS,2004,5
70,Biomarkers/Lab Values,CHANGE IN CD4 COUNT,2004,12
71,Biomarkers/Lab Values,NUMBER OF PARTICIPANTS WITH LABORATORY ABNORMALITIES,2004,1
72,Pharmacokinetics,TROUGH CONCENTRATION,2004,3
73,Pharmacokinetics,TERMINAL HALF-LIFE,2004,2
74,Quality of Life/PRO,QUALITY OF LIFE SCORE,2004,6
75,Biomarkers/Lab Values,CHANGE IN EGFR,2004,1
76,Mental Health Outcomes,CHANGE IN HAM-D SCORE,2004,8
77,Survival/Time-to-Event,TIME TO TREATMENT FAILURE,2004,18
80,Response Rates,ACR50 RESPONSE,2004,1
81,Immunogenicity,ANTIBODY TITER,2004,5
82,Vital Signs/Physical Measures,CHANGE IN DIASTOLIC BLOOD PRESSURE,2004,3
83,Response Rates,PASI 75 RESPONSE,2004,3
84,Pharmacokinetics,ACCUMULATION RATIO,2004,1
87,Biomarkers/Lab Values,CHANGE IN CREATININE,2004,1
89,Response Rates,ACR70 RESPONSE,2004,1
91,Survival/Time-to-Event,MEDIAN PROGRESSION-FREE SURVIVAL,2004,1
93,Symptoms/Pain,CHANGE IN BPI SCORE,2004,1
94,Immunogenicity,NUMBER OF PARTICIPANTS WITH ANTI-DRUG ANTIBODIES,2004,1
95,Remission/Cure,COMPLETE REMISSION,2004,5
96,Imaging Outcomes,CHANGE IN BONE MINERAL DENSITY,2004,11
98,Biomarkers/Lab Values,PERCENTAGE OF PARTICIPANTS WITH LABORATORY ABNORMALITIES,2004,1
99,Biomarkers/Lab Values,CHANGE IN AST,2004,1
100,Mental Health Outcomes,CHANGE IN PANSS SCORE,2004,8
101,Adverse Events/Safety,NUMBER OF PARTICIPANTS WITH DOSE LIMITING TOXICITIES,2004,1
102,Adverse Events/Safety,GRADE 3 OR HIGHER ADVERSE EVENTS,2004,8
103,Vital Signs/Physical Measures,SYSTOLIC BLOOD PRESSURE,2004,4
104,Treatment Adherence,PERCENTAGE OF PARTICIPANTS COMPLETING TREATMENT,2004,2
105,Mental Health Outcomes,CHANGE IN MMSE SCORE,2004,6
106,Pharmacokinetics,MEAN RESIDENCE TIME,2004,2
107,Biomarkers/Lab Values,CHANGE IN PLATELET COUNT,2004,1
108,Response Rates,COMPLETE RESPONSE,2004,5
110,Immunogenicity,IMMUNE RESPONSE RATE,2004,9
113,Treatment Adherence,COMPLIANCE RATE,2004,2
114,Adverse Events/Safety,NUMBER OF PARTICIPANTS WITH DOSE-LIMITING TOXICITIES,2004,3
115,Vital Signs/Physical Measures,CHANGE FROM BASELINE IN FEV1,2004,2
117,Remission/Cure,CLINICAL REMISSION,2004,2
118,Response Rates,RESPONDER RATE,2004,4
119,Quality of Life/PRO,FATIGUE,2004,2
120,Functional Status,6-MINUTE WALK DISTANCE,2004,1
122,Response Rates,PATHOLOGICAL COMPLETE RESPONSE,2004,4
123,Vital Signs/Physical Measures,DIASTOLIC BLOOD PRESSURE,2004,4
125,Pharmacokinetics,MAXIMUM OBSERVED SERUM CONCENTRATION,2004,1
126,Symptoms/Pain,PAIN SCORE,2004,2
128,Biomarkers/Lab Values,CHANGE IN WHITE BLOOD CELL COUNT,2004,2
129,Response Rates,PASI 90 RESPONSE,2004,1
130,Symptoms/Pain,CHANGE IN WOMAC PAIN SCORE,2004,1
131,Mortality,30-DAY MORTALITY,2004,2
132,Imaging Outcomes,CHANGE IN EJECTION FRACTION,2004,4
133,Biomarkers/Lab Values,CHANGE IN ALBUMIN,2004,1
134,Adverse Events/Safety,PERCENTAGE OF PARTICIPANTS WITH SERIOUS ADVERSE EVENTS,2004,1
136,Adverse Events/Safety,TOTAL ADVERSE EVENTS SUMMARY,2004,3
137,Pharmacokinetics,TIME TO MAXIMUM PLASMA CONCENTRATION,2004,2
139,Mental Health Outcomes,CHANGE IN HAM-A SCORE,2004,3
141,Vital Signs/Physical Measures,CHANGE FROM BASELINE IN BLOOD PRESSURE,2004,1
143,Mental Health Outcomes,CHANGE IN ADAS-COG SCORE,2004,3
146,Immunogenicity,GEOMETRIC MEAN TITERS,2004,6
147,Quality of Life/PRO,CHANGE IN SGRQ SCORE,2004,1
148,Pharmacokinetics,APPARENT CLEARANCE,2004,1
149,Survival/Time-to-Event,1-YEAR SURVIVAL RATE,2004,9
150,Response Rates,BEST OVERALL RESPONSE RATE,2004,5
151,Biomarkers/Lab Values,CHANGE FROM BASELINE IN HEMATOCRIT,2004,1
155,Adverse Events/Safety,NUMBER OF PATIENTS WITH ADVERSE EVENTS,2004,2
156,Mental Health Outcomes,CHANGE IN YMRS SCORE,2004,6
159,Pharmacokinetics,TROUGH PLASMA CONCENTRATION,2004,2
160,Adverse Events/Safety,NUMBER OF SERIOUS ADVERSE EVENTS,2004,3
161,Adverse Events/Safety,DOSE-LIMITING TOXICITY,2004,3
162,Immunogenicity,GEOMETRIC MEAN TITER,2004,1
163,Microbiological/Virological,VIRAL SUPPRESSION RATE,2004,6
167,Adverse Events/Safety,NUMBER OF SUBJECTS WITH ANY AND GRADE 3 SOLICITED LOCAL SYMPTOMS,2004,3
169,Mortality,CARDIOVASCULAR MORTALITY,2004,2
172,Response Rates,PARTIAL RESPONSE RATE,2004,1
173,Vital Signs/Physical Measures,CHANGE IN PULSE RATE,2004,2
174,Mental Health Outcomes,DEPRESSION RESPONSE RATE,2004,6
175,Biomarkers/Lab Values,CHANGE IN ESR,2004,2
176,Symptoms/Pain,CHANGE IN PRURITUS SCORE,2004,1
177,Survival/Time-to-Event,MEDIAN PROGRESSION FREE SURVIVAL,2004,3
178,Pharmacokinetics,TOTAL BODY CLEARANCE,2004,3
179,Pharmacokinetics,APPARENT ORAL CLEARANCE,2004,1
181,Vital Signs/Physical Measures,CHANGE IN FEV1,2004,1
182,Response Rates,CLINICAL RESPONSE RATE,2004,3
185,Vital Signs/Physical Measures,CHANGE FROM BASELINE IN PULSE RATE,2004,1
188,Disease Activity Scores,CHANGE IN UPDRS SCORE,2004,3
192,Adverse Events/Safety,"NUMBER OF SUBJECTS WITH ANY, GRADE 3 AND RELATED SOLICITED GENERAL SYMPTOMS",2004,3
195,Vital Signs/Physical Measures,HEART RATE,2004,1
197,Survival/Time-to-Event,RELAPSE-FREE SURVIVAL,2004,1
200,Survival/Time-to-Event,OVERALL SURVIVAL RATE,2004,3
201,Response Rates,PATHOLOGIC COMPLETE RESPONSE,2004,4
203,Adverse Events/Safety,NUMBER OF PARTICIPANTS WITH ANY ADVERSE EVENTS,2004,4
204,Biomarkers/Lab Values,MINIMAL RESIDUAL DISEASE NEGATIVITY,2004,1
205,Imaging Outcomes,CHANGE IN TUMOR SIZE,2004,2
209,Adverse Events/Safety,NUMBER OF PARTICIPANTS WITH ADVERSE EVENTS LEADING TO DISCONTINUATION,2004,1
210,Adverse Events/Safety,NUMBER OF PARTICIPANTS WITH DRUG-RELATED ADVERSE EVENTS,2004,2
214,Mental Health Outcomes,CHANGE FROM BASELINE IN CGI-S SCORE,2004,1
216,Quality of Life/PRO,CHANGE IN FATIGUE SCORE,2004,2
217,Response Rates,CLINICAL RESPONSE,2004,2
218,Survival/Time-to-Event,TIME TO PSA PROGRESSION,2004,2
221,Pharmacokinetics,PEAK PLASMA CONCENTRATION,2004,3
222,Symptoms/Pain,NAUSEA,2004,1
223,Biomarkers/Lab Values,CHANGE IN ABSOLUTE NEUTROPHIL COUNT,2004,1
225,Biomarkers/Lab Values,CHANGE IN HEMATOCRIT,2004,2
226,Mortality,TREATMENT-RELATED MORTALITY,2004,4
227,Survival/Time-to-Event,RECURRENCE-FREE SURVIVAL,2004,4
229,Functional Status,CHANGE IN EDSS SCORE,2004,2
230,Biomarkers/Lab Values,CHANGE IN HSCRP,2004,2
231,Response Rates,TUMOR RESPONSE RATE,2004,5
232,Response Rates,PASI 50 RESPONSE,2004,1
234,Quality of Life/PRO,CHANGE IN KCCQ SCORE,2004,1
236,Survival/Time-to-Event,TIME TO RELAPSE,2004,4
237,Pharmacokinetics,MINIMUM PLASMA CONCENTRATION,2004,1
241,Mental Health Outcomes,CHANGE IN CGI-S SCORE,2004,1
242,Adverse Events/Safety,FREQUENCY OF ADVERSE EVENTS,2004,1
244,Remission/Cure,DEPRESSION REMISSION RATE,2004,1
245,Disease Control,STABLE DISEASE RATE,2004,5
250,Microbiological/Virological,MICROBIOLOGICAL ERADICATION,2004,1
251,Survival/Time-to-Event,TIME TO TUMOR PROGRESSION,2004,9
253,Biomarkers/Lab Values,CHANGE IN FASTING INSULIN,2004,1
255,Adverse Events/Safety,ADVERSE EVENTS LEADING TO DISCONTINUATION,2004,1
258,Biomarkers/Lab Values,CHANGE IN FASTING GLUCOSE,2004,1
264,Biomarkers/Lab Values,CHANGE IN HOMA-IR,2004,1
265,Adverse Events/Safety,INCIDENCE OF SERIOUS ADVERSE EVENTS,2004,1
266,Mortality,NUMBER OF PARTICIPANTS WHO DIED,2004,3
267,Pharmacokinetics,PLASMA DECAY HALF-LIFE,2004,1
268,Quality of Life/PRO,TOTAL SLEEP TIME,2004,1
269,Response Rates,TUMOR RESPONSE,2004,6
271,Pharmacokinetics,MAXIMUM OBSERVED PLASMA CONCENTRATION,2004,1
272,Mental Health Outcomes,CHANGE IN CES-D SCORE,2004,2
279,Adverse Events/Safety,NUMBER OF SUBJECTS REPORTING UNSOLICITED ADVERSE EVENTS,2004,6
282,Biomarkers/Lab Values,LABORATORY VALUES SUMMARY,2004,1
283,Mortality,NON-RELAPSE MORTALITY,2004,4
284,Functional Status,VISUAL ACUITY,2004,1
287,Response Rates,TARGET LESION RESPONSE,2004,1
288,Disease Activity Scores,ANNUALIZED RELAPSE RATE,2004,1
293,Survival/Time-to-Event,PROGRESSION-FREE SURVIVAL RATE,2004,1
297,Remission/Cure,CURE RATE,2004,1
299,Functional Status,CHANGE IN VISUAL ACUITY,2004,1
300,Hospitalization/Healthcare Use,EMERGENCY ROOM VISITS,2004,2
302,Imaging Outcomes,PERCENT CHANGE IN BONE MINERAL DENSITY,2004,3
303,Symptoms/Pain,CHANGE IN ADHD-RS SCORE,2004,5
305,Disease Control,DURATION OF STABLE DISEASE,2004,4
309,Mortality,PERCENTAGE OF PARTICIPANTS WHO DIED,2004,2
312,Adverse Events/Safety,NUMBER OF PARTICIPANTS WITH ADVERSE EVENTS AND SERIOUS ADVERSE EVENTS,2004,4
315,Disease Activity Scores,CHANGE IN BASDAI SCORE,2004,1
317,Remission/Cure,CLINICAL CURE RATE,2004,1
318,Biomarkers/Lab Values,INSULIN SENSITIVITY,2004,2
320,Adverse Events/Safety,TOTAL SERIOUS ADVERSE EVENTS SUMMARY,2004,2
322,Biomarkers/Lab Values,CHANGE IN SERUM CREATININE,2004,1
323,Quality of Life/PRO,CHANGE IN SF-12 SCORE,2004,1
328,Adverse Events/Safety,NUMBER OF PARTICIPANTS WITH ANY ADVERSE EVENT,2004,1
331,Mortality,90-DAY MORTALITY,2004,1
332,Adverse Events/Safety,"NUMBER OF SUBJECTS WITH ANY, GRADE 3 AND RELATED UNSOLICITED ADVERSE EVENTS",2004,2
333,Symptoms/Pain,AVERAGE PAIN SCORE,2004,3
334,Vital Signs/Physical Measures,MEAN CHANGE IN BLOOD PRESSURE,2004,2
335,Response Rates,PSA RESPONSE RATE,2004,1
341,Mortality,NUMBER OF DEATHS,2004,1
344,Response Rates,MEDIAN DURATION OF RESPONSE,2004,2
349,Quality of Life/PRO,PITTSBURGH SLEEP QUALITY INDEX SCORE,2004,1
350,Response Rates,PROSTATE-SPECIFIC ANTIGEN RESPONSE,2004,2
351,Adverse Events/Safety,ESTIMATED BLOOD LOSS,2004,1
353,Mental Health Outcomes,CLINICAL GLOBAL IMPRESSION - IMPROVEMENT,2004,1
355,Adverse Events/Safety,NUMBER OF PARTICIPANTS WITH DOSE LIMITING TOXICITY,2004,1
360,Mental Health Outcomes,BECK DEPRESSION INVENTORY SCORE,2004,2
369,Quality of Life/PRO,CLINICIAN GLOBAL IMPRESSION OF CHANGE,2004,1
376,Vital Signs/Physical Measures,CHANGES IN FORCED VITAL CAPACITY,2004,1
377,Imaging Outcomes,LEFT VENTRICULAR EJECTION FRACTION,2004,2
384,Quality of Life/PRO,CHANGE IN SLEEP QUALITY SCORE,2004,1
385,Adverse Events/Safety,NUMBER OF SUBJECTS WITH UNSOLICITED ADVERSE EVENTS,2004,1
388,Adverse Events/Safety,TREATMENT DISCONTINUATION RATE,2004,2
389,Immunogenicity,VACCINE RESPONSE RATE,2004,1
391,Hospitalization/Healthcare Use,DURATION OF HOSPITAL STAY,2004,1
392,Survival/Time-to-Event,MEDIAN SURVIVAL TIME,2004,2
393,Adverse Events/Safety,NUMBER OF PARTICIPANTS WITH TREATMENT RELATED ADVERSE EVENTS,2004,1
395,Quality of Life/PRO,SLEEP QUALITY SCORE,2004,1
396,Survival/Time-to-Event,2-YEAR SURVIVAL RATE,2004,2
404,Pharmacokinetics,AUC(0-T),2004,1
413,Response Rates,PATHOLOGIC COMPLETE RESPONSE RATE,2004,4
414,Adverse Events/Safety,PERCENTAGE OF PARTICIPANTS REPORTING LOCAL REACTIONS,2004,1
415,Mortality,TRANSPLANT-RELATED MORTALITY,2004,2
416,Vital Signs/Physical Measures,VITAL SIGNS SUMMARY,2004,1
418,Mental Health Outcomes,CHANGE IN DEPRESSION SCORE,2004,1
419,Quality of Life/PRO,CLINICAL GLOBAL IMPRESSION OF CHANGE,2004,2
424,Immunogenicity,SEROPOSITIVITY RATE,2004,1
425,Hospitalization/Healthcare Use,VENTILATOR-FREE DAYS,2004,1
427,Biomarkers/Lab Values,CHANGE IN BNP,2004,2
429,Mental Health Outcomes,DEPRESSION SCORE,2004,1
436,Hospitalization/Healthcare Use,LENGTH OF ICU STAY,2004,1
437,Response Rates,NUMBER OF RESPONDERS,2004,1
445,Response Rates,CONFIRMED RESPONSE RATE,2004,3
447,Adverse Events/Safety,NUMBER OF PARTICIPANTS WITH NON-SERIOUS ADVERSE EVENTS,2004,1
448,Adverse Events/Safety,PERCENTAGE OF PARTICIPANTS REPORTING SYSTEMIC EVENTS,2004,1
453,Biomarkers/Lab Values,MEAN CHANGE IN HEMOGLOBIN A1C,2004,1
457,Mortality,TIME TO DEATH,2004,2
460,Vital Signs/Physical Measures,CHANGE FROM BASELINE IN BODY WEIGHT,2004,2
463,Adverse Events/Safety,DRUG-RELATED ADVERSE EVENTS,2004,2
465,Adverse Events/Safety,OCCURRENCE OF ADVERSE EVENTS,2004,1
467,Quality of Life/PRO,SLEEP DISTURBANCE SCORE,2004,2
472,Response Rates,PERCENTAGE OF PARTICIPANTS WITH RELAPSE,2004,2
477,Imaging Outcomes,CHANGE IN LEFT VENTRICULAR EJECTION FRACTION,2004,2
479,Treatment Adherence,DURATION OF TREATMENT,2004,1
483,Mental Health Outcomes,ANXIETY SCORE,2004,1
489,Response Rates,NUMBER OF PARTICIPANTS ACHIEVING TARGET,2004,2
491,Vital Signs/Physical Measures,CHANGE FROM BASELINE IN HEIGHT,2004,1
494,Functional Status,CHANGE IN WHO FUNCTIONAL CLASS,2004,2
495,Functional Status,HARRIS HIP SCORE,2004,1
500,Pharmacokinetics,PLASMA TROUGH CONCENTRATION,2004,1
1,Response Rates,OBJECTIVE RESPONSE RATE,2005,249
2,Survival/Time-to-Event,OVERALL SURVIVAL,2005,220
3,Survival/Time-to-Event,PROGRESSION-FREE SURVIVAL,2005,188
4,Adverse Events/Safety,NUMBER OF PARTICIPANTS WITH ADVERSE EVENTS,2005,108
5,Pharmacokinetics,MAXIMUM PLASMA CONCENTRATION,2005,66
6,Adverse Events/Safety,NUMBER OF PARTICIPANTS WITH TREATMENT-EMERGENT ADVERSE EVENTS,2005,25
7,Pharmacokinetics,TIME TO MAXIMUM CONCENTRATION,2005,35
8,Response Rates,DURATION OF RESPONSE,2005,66
9,Adverse Events/Safety,NUMBER OF PARTICIPANTS WITH SERIOUS ADVERSE EVENTS,2005,45
10,Pharmacokinetics,AUC FROM 0 TO INFINITY,2005,28
11,Biomarkers/Lab Values,CHANGE IN HEMOGLOBIN A1C,2005,24
12,Vital Signs/Physical Measures,CHANGE IN BODY WEIGHT,2005,25
13,Pharmacokinetics,AREA UNDER THE CONCENTRATION-TIME CURVE,2005,36
14,Disease Control,DISEASE CONTROL RATE,2005,15
15,Pharmacokinetics,PLASMA DRUG CONCENTRATION,2005,8
16,Quality of Life/PRO,CHANGE IN QUALITY OF LIFE SCORE,2005,32
17,Symptoms/Pain,CHANGE IN VAS PAIN SCORE,2005,22
18,Quality of Life/PRO,PATIENT SATISFACTION,2005,12
19,Dose-Finding,MAXIMUM TOLERATED DOSE,2005,35
20,Symptoms/Pain,CHANGE IN PAIN SCORE,2005,20
21,Survival/Time-to-Event,TIME TO PROGRESSION,2005,65
22,Mortality,ALL-CAUSE MORTALITY,2005,15
23,Response Rates,PERCENTAGE OF PARTICIPANTS ACHIEVING TARGET,2005,12
24,Vital Signs/Physical Measures,CHANGE IN BLOOD PRESSURE,2005,14
25,Pharmacokinetics,AUC FROM 0 TO LAST MEASURABLE CONCENTRATION,2005,8
26,Biomarkers/Lab Values,CHANGE IN FASTING PLASMA GLUCOSE,2005,17
27,Adverse Events/Safety,NUMBER OF ADVERSE EVENTS,2005,10
28,Quality of Life/PRO,CHANGE IN SF-36 SCORE,2005,27
29,Response Rates,COMPLETE RESPONSE RATE,2005,22
30,Adverse Events/Safety,NUMBER OF PARTICIPANTS WITH TREATMENT EMERGENT ADVERSE EVENTS,2005,3
31,Vital Signs/Physical Measures,CHANGE IN HEART RATE,2005,7
32,Biomarkers/Lab Values,CHANGE IN HEMOGLOBIN,2005,14
33,Adverse Events/Safety,PERCENTAGE OF PARTICIPANTS WITH ADVERSE EVENTS,2005,7
34,Immunogenicity,SEROCONVERSION RATE,2005,23
35,Pharmacokinetics,VOLUME OF DISTRIBUTION,2005,10
36,Response Rates,CLINICAL BENEFIT RATE,2005,10
37,Quality of Life/PRO,CHANGE IN EQ-5D SCORE,2005,9
38,Hospitalization/Healthcare Use,LENGTH OF HOSPITAL STAY,2005,4
39,Vital Signs/Physical Measures,CHANGE IN BODY MASS INDEX,2005,16
40,Quality of Life/PRO,PATIENT GLOBAL IMPRESSION OF CHANGE,2005,15
41,Symptoms/Pain,CHANGE IN NRS PAIN SCORE,2005,8
42,Response Rates,SUSTAINED VIROLOGIC RESPONSE,2005,14
43,Adverse Events/Safety,DOSE-LIMITING TOXICITIES,2005,14
44,Biomarkers/Lab Values,CHANGE IN LDL CHOLESTEROL,2005,15
45,Survival/Time-to-Event,EVENT-FREE SURVIVAL,2005,18
46,Immunogenicity,SEROPROTECTION RATE,2005,17
47,Functional Status,CHANGE IN 6-MINUTE WALK DISTANCE,2005,11
48,Response Rates,TIME TO RESPONSE,2005,14
49,Survival/Time-to-Event,DISEASE-FREE SURVIVAL,2005,29
50,Pharmacokinetics,APPARENT VOLUME OF DISTRIBUTION,2005,4
51,Mental Health Outcomes,CHANGE IN MADRS SCORE,2005,11
52,Biomarkers/Lab Values,CHANGE IN CRP,2005,11
53,Immunogenicity,ANTI-DRUG ANTIBODIES,2005,6
54,Biomarkers/Lab Values,CHANGE IN TRIGLYCERIDES,2005,9
55,Mental Health Outcomes,CHANGE IN PHQ-9 SCORE,2005,1
56,Biomarkers/Lab Values,CHANGE IN TOTAL CHOLESTEROL,2005,11
57,Response Rates,ACR20 RESPONSE,2005,14
58,Biomarkers/Lab Values,CHANGE IN HDL CHOLESTEROL,2005,12
59,Pharmacokinetics,HALF-LIFE,2005,8
60,Disease Activity Scores,CHANGE IN DAS28 SCORE,2005,15
61,Vital Signs/Physical Measures,CHANGE IN SYSTOLIC BLOOD PRESSURE,2005,7
62,Pharmacokinetics,CLEARANCE,2005,7
63,Functional Status,CHANGE IN HAQ-DI SCORE,2005,11
64,Biomarkers/Lab Values,CHANGE IN VIRAL LOAD,2005,9
65,Treatment Adherence,TREATMENT ADHERENCE RATE,2005,6
66,Biomarkers/Lab Values,CHANGE IN ALT,2005,6
67,Survival/Time-to-Event,MEDIAN OVERALL SURVIVAL,2005,16
68,Vital Signs/Physical Measures,CHANGE IN WAIST CIRCUMFERENCE,2005,6
69,Adverse Events/Safety,INCIDENCE OF ADVERSE EVENTS,2005,4
70,Biomarkers/Lab Values,CHANGE IN CD4 COUNT,2005,16
71,Biomarkers/Lab Values,NUMBER OF PARTICIPANTS WITH LABORATORY ABNORMALITIES,2005,7
72,Pharmacokinetics,TROUGH CONCENTRATION,2005,4
73,Pharmacokinetics,TERMINAL HALF-LIFE,2005,4
74,Quality of Life/PRO,QUALITY OF LIFE SCORE,2005,8
75,Biomarkers/Lab Values,CHANGE IN EGFR,2005,6
76,Mental Health Outcomes,CHANGE IN HAM-D SCORE,2005,15
77,Survival/Time-to-Event,TIME TO TREATMENT FAILURE,2005,23
78,Symptoms/Pain,PAIN RESPONSE RATE,2005,7
80,Response Rates,ACR50 RESPONSE,2005,10
81,Immunogenicity,ANTIBODY TITER,2005,5
82,Vital Signs/Physical Measures,CHANGE IN DIASTOLIC BLOOD PRESSURE,2005,6
83,Response Rates,PASI 75 RESPONSE,2005,10
84,Pharmacokinetics,ACCUMULATION RATIO,2005,2
85,Adverse Events/Safety,NUMBER OF PARTICIPANTS WITH TREATMENT-RELATED ADVERSE EVENTS,2005,1
86,Pharmacokinetics,TERMINAL ELIMINATION HALF-LIFE,2005,1
87,Biomarkers/Lab Values,CHANGE IN CREATININE,2005,6
88,Quality of Life/PRO,CHANGE IN DLQI SCORE,2005,3
89,Response Rates,ACR70 RESPONSE,2005,8
91,Survival/Time-to-Event,MEDIAN PROGRESSION-FREE SURVIVAL,2005,7
93,Symptoms/Pain,CHANGE IN BPI SCORE,2005,4
94,Immunogenicity,NUMBER OF PARTICIPANTS WITH ANTI-DRUG ANTIBODIES,2005,1
95,Remission/Cure,COMPLETE REMISSION,2005,6
96,Imaging Outcomes,CHANGE IN BONE MINERAL DENSITY,2005,9
97,Quality of Life/PRO,CHANGE IN EORTC QLQ-C30 SCORE,2005,3
98,Biomarkers/Lab Values,PERCENTAGE OF PARTICIPANTS WITH LABORATORY ABNORMALITIES,2005,8
99,Biomarkers/Lab Values,CHANGE IN AST,2005,2
100,Mental Health Outcomes,CHANGE IN PANSS SCORE,2005,5
101,Adverse Events/Safety,NUMBER OF PARTICIPANTS WITH DOSE LIMITING TOXICITIES,2005,3
102,Adverse Events/Safety,GRADE 3 OR HIGHER ADVERSE EVENTS,2005,17
103,Vital Signs/Physical Measures,SYSTOLIC BLOOD PRESSURE,2005,5
105,Mental Health Outcomes,CHANGE IN MMSE SCORE,2005,6
106,Pharmacokinetics,MEAN RESIDENCE TIME,2005,5
107,Biomarkers/Lab Values,CHANGE IN PLATELET COUNT,2005,7
108,Response Rates,COMPLETE RESPONSE,2005,12
109,Dose-Finding,RECOMMENDED PHASE 2 DOSE,2005,2
110,Immunogenicity,IMMUNE RESPONSE RATE,2005,7
111,Pharmacokinetics,RENAL CLEARANCE,2005,3
112,Biomarkers/Lab Values,PERCENT CHANGE IN LDL CHOLESTEROL,2005,11
113,Treatment Adherence,COMPLIANCE RATE,2005,1
114,Adverse Events/Safety,NUMBER OF PARTICIPANTS WITH DOSE-LIMITING TOXICITIES,2005,1
115,Vital Signs/Physical Measures,CHANGE FROM BASELINE IN FEV1,2005,2
116,Adverse Events/Safety,NUMBER OF PARTICIPANTS WITH UNSOLICITED ADVERSE EVENTS,2005,3
117,Remission/Cure,CLINICAL REMISSION,2005,2
118,Response Rates,RESPONDER RATE,2005,4
119,Quality of Life/PRO,FATIGUE,2005,5
120,Functional Status,6-MINUTE WALK DISTANCE,2005,7
121,Pharmacokinetics,MAXIMUM SERUM CONCENTRATION,2005,2
122,Response Rates,PATHOLOGICAL COMPLETE RESPONSE,2005,10
123,Vital Signs/Physical Measures,DIASTOLIC BLOOD PRESSURE,2005,4
124,Adverse Events/Safety,INJECTION SITE REACTIONS,2005,1
125,Pharmacokinetics,MAXIMUM OBSERVED SERUM CONCENTRATION,2005,1
126,Symptoms/Pain,PAIN SCORE,2005,1
127,Hospitalization/Healthcare Use,HOSPITAL LENGTH OF STAY,2005,1
128,Biomarkers/Lab Values,CHANGE IN WHITE BLOOD CELL COUNT,2005,5
129,Response Rates,PASI 90 RESPONSE,2005,2
130,Symptoms/Pain,CHANGE IN WOMAC PAIN SCORE,2005,2
131,Mortality,30-DAY MORTALITY,2005,7
132,Imaging Outcomes,CHANGE IN EJECTION FRACTION,2005,4
133,Biomarkers/Lab Values,CHANGE IN ALBUMIN,2005,3
135,Vital Signs/Physical Measures,CHANGE IN TEMPERATURE,2005,2
136,Adverse Events/Safety,TOTAL ADVERSE EVENTS SUMMARY,2005,5
137,Pharmacokinetics,TIME TO MAXIMUM PLASMA CONCENTRATION,2005,1
139,Mental Health Outcomes,CHANGE IN HAM-A SCORE,2005,8
140,Disease Activity Scores,CHANGE IN CDAI SCORE,2005,1
143,Mental Health Outcomes,CHANGE IN ADAS-COG SCORE,2005,2
144,Adverse Events/Safety,INCIDENCE OF TREATMENT-EMERGENT ADVERSE EVENTS,2005,3
145,Adverse Events/Safety,NUMBER OF PARTICIPANTS WITH ABNORMAL ECG FINDINGS,2005,3
146,Immunogenicity,GEOMETRIC MEAN TITERS,2005,5
149,Survival/Time-to-Event,1-YEAR SURVIVAL RATE,2005,14
150,Response Rates,BEST OVERALL RESPONSE RATE,2005,1
151,Biomarkers/Lab Values,CHANGE FROM BASELINE IN HEMATOCRIT,2005,4
152,Biomarkers/Lab Values,CHANGE IN BILIRUBIN,2005,2
153,Adverse Events/Safety,NUMBER OF PARTICIPANTS WITH SERIOUS AND NON-SERIOUS ADVERSE EVENTS,2005,3
154,Hospitalization/Healthcare Use,HOSPITALIZATION RATE,2005,1
155,Adverse Events/Safety,NUMBER OF PATIENTS WITH ADVERSE EVENTS,2005,1
156,Mental Health Outcomes,CHANGE IN YMRS SCORE,2005,12
157,Pharmacokinetics,APPARENT TERMINAL HALF-LIFE,2005,2
158,Biomarkers/Lab Values,PERCENT CHANGE IN TOTAL CHOLESTEROL,2005,6
159,Pharmacokinetics,TROUGH PLASMA CONCENTRATION,2005,6
160,Adverse Events/Safety,NUMBER OF SERIOUS ADVERSE EVENTS,2005,5
161,Adverse Events/Safety,DOSE-LIMITING TOXICITY,2005,5
162,Immunogenicity,GEOMETRIC MEAN TITER,2005,8
163,Microbiological/Virological,VIRAL SUPPRESSION RATE,2005,8
164,Biomarkers/Lab Values,PERCENT CHANGE IN HDL CHOLESTEROL,2005,5
166,Biomarkers/Lab Values,CHANGE IN FERRITIN,2005,3
167,Adverse Events/Safety,NUMBER OF SUBJECTS WITH ANY AND GRADE 3 SOLICITED LOCAL SYMPTOMS,2005,6
168,Survival/Time-to-Event,TIME TO NEXT TREATMENT,2005,1
169,Mortality,CARDIOVASCULAR MORTALITY,2005,2
171,Pharmacokinetics,ELIMINATION HALF-LIFE,2005,2
172,Response Rates,PARTIAL RESPONSE RATE,2005,3
173,Vital Signs/Physical Measures,CHANGE IN PULSE RATE,2005,2
174,Mental Health Outcomes,DEPRESSION RESPONSE RATE,2005,3
175,Biomarkers/Lab Values,CHANGE IN ESR,2005,2
176,Symptoms/Pain,CHANGE IN PRURITUS SCORE,2005,2
177,Survival/Time-to-Event,MEDIAN PROGRESSION FREE SURVIVAL,2005,4
178,Pharmacokinetics,TOTAL BODY CLEARANCE,2005,2
179,Pharmacokinetics,APPARENT ORAL CLEARANCE,2005,5
181,Vital Signs/Physical Measures,CHANGE IN FEV1,2005,2
182,Response Rates,CLINICAL RESPONSE RATE,2005,4
183,Biomarkers/Lab Values,PERCENT CHANGE IN TRIGLYCERIDES,2005,5
184,Pharmacokinetics,VOLUME OF DISTRIBUTION AT STEADY STATE,2005,3
188,Disease Activity Scores,CHANGE IN UPDRS SCORE,2005,6
190,Biomarkers/Lab Values,PERCENT CHANGE IN APOLIPOPROTEIN B,2005,2
191,Biomarkers/Lab Values,NUMBER OF PARTICIPANTS WITH LABORATORY TEST ABNORMALITIES,2005,1
192,Adverse Events/Safety,"NUMBER OF SUBJECTS WITH ANY, GRADE 3 AND RELATED SOLICITED GENERAL SYMPTOMS",2005,5
194,Hospitalization/Healthcare Use,TIME TO HOSPITAL DISCHARGE,2005,1
195,Vital Signs/Physical Measures,HEART RATE,2005,1
197,Survival/Time-to-Event,RELAPSE-FREE SURVIVAL,2005,2
200,Survival/Time-to-Event,OVERALL SURVIVAL RATE,2005,4
201,Response Rates,PATHOLOGIC COMPLETE RESPONSE,2005,4
202,Quality of Life/PRO,TREATMENT SATISFACTION,2005,2
203,Adverse Events/Safety,NUMBER OF PARTICIPANTS WITH ANY ADVERSE EVENTS,2005,4
205,Imaging Outcomes,CHANGE IN TUMOR SIZE,2005,1
208,Quality of Life/PRO,CHANGE IN EQ-5D VAS SCORE,2005,1
209,Adverse Events/Safety,NUMBER OF PARTICIPANTS WITH ADVERSE EVENTS LEADING TO DISCONTINUATION,2005,1
210,Adverse Events/Safety,NUMBER OF PARTICIPANTS WITH DRUG-RELATED ADVERSE EVENTS,2005,4
211,Adverse Events/Safety,NUMBER OF PARTICIPANTS WITH ECG ABNORMALITIES,2005,1
212,Biomarkers/Lab Values,CHANGE IN C-REACTIVE PROTEIN,2005,3
213,Mental Health Outcomes,CHANGE IN HADS SCORE,2005,4
214,Mental Health Outcomes,CHANGE FROM BASELINE IN CGI-S SCORE,2005,1
215,Vital Signs/Physical Measures,CHANGE FROM BASELINE IN SYSTOLIC BLOOD PRESSURE,2005,1
216,Quality of Life/PRO,CHANGE IN FATIGUE SCORE,2005,1
217,Response Rates,CLINICAL RESPONSE,2005,9
218,Survival/Time-to-Event,TIME TO PSA PROGRESSION,2005,3
219,Pharmacokinetics,ELIMINATION RATE CONSTANT,2005,1
220,Adverse Events/Safety,NUMBER OF PARTICIPANTS WITH ADVERSE EVENTS OF SPECIAL INTEREST,2005,1
221,Pharmacokinetics,PEAK PLASMA CONCENTRATION,2005,2
222,Symptoms/Pain,NAUSEA,2005,5
223,Biomarkers/Lab Values,CHANGE IN ABSOLUTE NEUTROPHIL COUNT,2005,4
224,Biomarkers/Lab Values,CHANGE FROM BASELINE IN HEMATOLOGY PARAMETERS,2005,1
225,Biomarkers/Lab Values,CHANGE IN HEMATOCRIT,2005,5
226,Mortality,TREATMENT-RELATED MORTALITY,2005,6
227,Survival/Time-to-Event,RECURRENCE-FREE SURVIVAL,2005,2
229,Functional Status,CHANGE IN EDSS SCORE,2005,2
230,Biomarkers/Lab Values,CHANGE IN HSCRP,2005,1
231,Response Rates,TUMOR RESPONSE RATE,2005,2
232,Response Rates,PASI 50 RESPONSE,2005,3
233,Adverse Events/Safety,PROCEDURAL SUCCESS,2005,1
234,Quality of Life/PRO,CHANGE IN KCCQ SCORE,2005,2
235,Quality of Life/PRO,SLEEP EFFICIENCY,2005,2
236,Survival/Time-to-Event,TIME TO RELAPSE,2005,4
237,Pharmacokinetics,MINIMUM PLASMA CONCENTRATION,2005,3
238,Symptoms/Pain,PRURITUS SCORE,2005,1
239,Vital Signs/Physical Measures,NUMBER OF PARTICIPANTS WITH CLINICALLY SIGNIFICANT CHANGES IN VITAL SIGNS,2005,2
241,Mental Health Outcomes,CHANGE IN CGI-S SCORE,2005,1
242,Adverse Events/Safety,FREQUENCY OF ADVERSE EVENTS,2005,1
243,Vital Signs/Physical Measures,PERCENT CHANGE IN BODY WEIGHT,2005,1
244,Remission/Cure,DEPRESSION REMISSION RATE,2005,3
245,Disease Control,STABLE DISEASE RATE,2005,5
246,Vital Signs/Physical Measures,BODY MASS INDEX,2005,1
247,Vital Signs/Physical Measures,CHANGE FROM BASELINE IN DIASTOLIC BLOOD PRESSURE,2005,1
248,Disease Activity Scores,CHANGE IN SDAI SCORE,2005,1
249,Symptoms/Pain,DYSPNEA SCORE,2005,2
250,Microbiological/Virological,MICROBIOLOGICAL ERADICATION,2005,2
251,Survival/Time-to-Event,TIME TO TUMOR PROGRESSION,2005,8
253,Biomarkers/Lab Values,CHANGE IN FASTING INSULIN,2005,2
255,Adverse Events/Safety,ADVERSE EVENTS LEADING TO DISCONTINUATION,2005,2
258,Biomarkers/Lab Values,CHANGE IN FASTING GLUCOSE,2005,1
259,Vital Signs/Physical Measures,FORCED EXPIRATORY VOLUME IN 1 SECOND (FEV1),2005,2
262,Biomarkers/Lab Values,CHANGE IN INR,2005,2
263,Vital Signs/Physical Measures,INTRAOCULAR PRESSURE,2005,3
264,Biomarkers/Lab Values,CHANGE IN HOMA-IR,2005,1
265,Adverse Events/Safety,INCIDENCE OF SERIOUS ADVERSE EVENTS,2005,1
266,Mortality,NUMBER OF PARTICIPANTS WHO DIED,2005,7
267,Pharmacokinetics,PLASMA DECAY HALF-LIFE,2005,8
268,Quality of Life/PRO,TOTAL SLEEP TIME,2005,1
269,Response Rates,TUMOR RESPONSE,2005,8
271,Pharmacokinetics,MAXIMUM OBSERVED PLASMA CONCENTRATION,2005,2
272,Mental Health Outcomes,CHANGE IN CES-D SCORE,2005,2
273,Hospitalization/Healthcare Use,DURATION OF HOSPITALIZATION,2005,3
274,Survival/Time-to-Event,DURATION OF OBJECTIVE RESPONSE,2005,3
276,Hospitalization/Healthcare Use,ICU LENGTH OF STAY,2005,1
277,Vital Signs/Physical Measures,NUMBER OF PARTICIPANTS WITH CLINICALLY SIGNIFICANT CHANGE IN VITAL SIGNS,2005,1
279,Adverse Events/Safety,NUMBER OF SUBJECTS REPORTING UNSOLICITED ADVERSE EVENTS,2005,2
280,Quality of Life/PRO,PATIENT GLOBAL IMPRESSION OF IMPROVEMENT,2005,2
281,Vital Signs/Physical Measures,FORCED VITAL CAPACITY,2005,2
282,Biomarkers/Lab Values,LABORATORY VALUES SUMMARY,2005,3
283,Mortality,NON-RELAPSE MORTALITY,2005,3
284,Functional Status,VISUAL ACUITY,2005,1
285,Mental Health Outcomes,CHANGE IN BDI-II SCORE,2005,1
287,Response Rates,TARGET LESION RESPONSE,2005,2
288,Disease Activity Scores,ANNUALIZED RELAPSE RATE,2005,1
290,Biomarkers/Lab Values,CHANGE IN PSA,2005,2
292,Remission/Cure,ENDOSCOPIC REMISSION,2005,1
293,Survival/Time-to-Event,PROGRESSION-FREE SURVIVAL RATE,2005,1
294,Hospitalization/Healthcare Use,READMISSION RATE,2005,1
295,Disease Control,ANNUAL EXACERBATION RATE,2005,1
296,Disease Control,CLINICAL SUCCESS,2005,1
297,Remission/Cure,CURE RATE,2005,2
298,Pharmacokinetics,AUC0-LAST,2005,1
299,Functional Status,CHANGE IN VISUAL ACUITY,2005,4
301,Biomarkers/Lab Values,MEAN CHANGE IN HEMOGLOBIN,2005,1
302,Imaging Outcomes,PERCENT CHANGE IN BONE MINERAL DENSITY,2005,3
303,Symptoms/Pain,CHANGE IN ADHD-RS SCORE,2005,3
305,Disease Control,DURATION OF STABLE DISEASE,2005,3
306,Mortality,MORTALITY,2005,2
308,Biomarkers/Lab Values,PERCENT CHANGE IN NON-HDL-C,2005,1
309,Mortality,PERCENTAGE OF PARTICIPANTS WHO DIED,2005,3
310,Vital Signs/Physical Measures,CHANGE FROM BASELINE IN ECG PARAMETERS,2005,1
312,Adverse Events/Safety,NUMBER OF PARTICIPANTS WITH ADVERSE EVENTS AND SERIOUS ADVERSE EVENTS,2005,3
313,Adverse Events/Safety,NUMBER OF PARTICIPANTS WITH GRADE 3 OR HIGHER ADVERSE EVENTS,2005,2
314,Disease Control,TECHNICAL SUCCESS,2005,1
315,Disease Activity Scores,CHANGE IN BASDAI SCORE,2005,1
316,Functional Status,CHANGE IN ECOG PERFORMANCE STATUS,2005,4
317,Remission/Cure,CLINICAL CURE RATE,2005,1
318,Biomarkers/Lab Values,INSULIN SENSITIVITY,2005,1
319,Treatment Adherence,NUMBER OF PARTICIPANTS COMPLETING TREATMENT,2005,3
320,Adverse Events/Safety,TOTAL SERIOUS ADVERSE EVENTS SUMMARY,2005,2
322,Biomarkers/Lab Values,CHANGE IN SERUM CREATININE,2005,3
323,Quality of Life/PRO,CHANGE IN SF-12 SCORE,2005,4
324,Mental Health Outcomes,CLINICIAN GLOBAL IMPRESSION,2005,5
327,Other Clinical Endpoints,DEVICE SUCCESS,2005,1
328,Adverse Events/Safety,NUMBER OF PARTICIPANTS WITH ANY ADVERSE EVENT,2005,2
329,Biomarkers/Lab Values,PERCENT CHANGE IN LDL-C,2005,1
332,Adverse Events/Safety,"NUMBER OF SUBJECTS WITH ANY, GRADE 3 AND RELATED UNSOLICITED ADVERSE EVENTS",2005,2
334,Vital Signs/Physical Measures,MEAN CHANGE IN BLOOD PRESSURE,2005,2
335,Response Rates,PSA RESPONSE RATE,2005,2
336,Pharmacokinetics,STEADY-STATE CONCENTRATION,2005,1
337,Pharmacokinetics,SYSTEMIC CLEARANCE,2005,3
340,Biomarkers/Lab Values,CHANGE FROM BASELINE IN ERYTHROCYTES,2005,1
341,Mortality,NUMBER OF DEATHS,2005,1
343,Quality of Life/PRO,CHANGE IN FACIT-FATIGUE SCORE,2005,2
345,Adverse Events/Safety,NUMBER OF PARTICIPANTS WHO DISCONTINUED STUDY TREATMENT DUE TO AN AE,2005,1
350,Response Rates,PROSTATE-SPECIFIC ANTIGEN RESPONSE,2005,6
355,Adverse Events/Safety,NUMBER OF PARTICIPANTS WITH DOSE LIMITING TOXICITY,2005,1
358,Biomarkers/Lab Values,PERCENT CHANGE IN NON-HDL CHOLESTEROL,2005,1
361,Functional Status,CHANGE FROM BASELINE IN BEST CORRECTED VISUAL ACUITY,2005,1
363,Adverse Events/Safety,NUMBER OF SUBJECTS WITH ANY UNSOLICITED ADVERSE EVENTS,2005,2
366,Vital Signs/Physical Measures,CHANGE FROM BASELINE IN HEART RATE,2005,1
367,Vital Signs/Physical Measures,CHANGE IN BODY TEMPERATURE,2005,1
368,Mental Health Outcomes,CHANGE IN PERCEIVED STRESS SCORE,2005,1
370,Mental Health Outcomes,DEPRESSIVE SYMPTOMS,2005,3
375,Vital Signs/Physical Measures,CHANGE IN INTRAOCULAR PRESSURE,2005,1
377,Imaging Outcomes,LEFT VENTRICULAR EJECTION FRACTION,2005,4
378,Vital Signs/Physical Measures,MEAN ARTERIAL PRESSURE,2005,1
380,Immunogenicity,NUMBER OF SEROCONVERTED SUBJECTS,2005,2
381,Hospitalization/Healthcare Use,PROCEDURE TIME,2005,1
384,Quality of Life/PRO,CHANGE IN SLEEP QUALITY SCORE,2005,1
385,Adverse Events/Safety,NUMBER OF SUBJECTS WITH UNSOLICITED ADVERSE EVENTS,2005,3
388,Adverse Events/Safety,TREATMENT DISCONTINUATION RATE,2005,1
391,Hospitalization/Healthcare Use,DURATION OF HOSPITAL STAY,2005,2
392,Survival/Time-to-Event,MEDIAN SURVIVAL TIME,2005,4
394,Hospitalization/Healthcare Use,OPERATIVE TIME,2005,3
396,Survival/Time-to-Event,2-YEAR SURVIVAL RATE,2005,2
397,Vital Signs/Physical Measures,CHANGE IN RESPIRATORY RATE,2005,1
399,Symptoms/Pain,CHANGE IN WOMAC STIFFNESS SCORE,2005,1
400,Hospitalization/Healthcare Use,DURATION OF MECHANICAL VENTILATION,2005,1
403,Symptoms/Pain,PAIN INTENSITY,2005,2
404,Pharmacokinetics,AUC(0-T),2005,1
408,Biomarkers/Lab Values,CHANGE IN INSULIN SENSITIVITY,2005,6
409,Mental Health Outcomes,CHANGE IN SELF-EFFICACY SCORE,2005,1
413,Response Rates,PATHOLOGIC COMPLETE RESPONSE RATE,2005,1
415,Mortality,TRANSPLANT-RELATED MORTALITY,2005,4
416,Vital Signs/Physical Measures,VITAL SIGNS SUMMARY,2005,2
417,Survival/Time-to-Event,6-MONTH PROGRESSION-FREE SURVIVAL,2005,1
418,Mental Health Outcomes,CHANGE IN DEPRESSION SCORE,2005,1
419,Quality of Life/PRO,CLINICAL GLOBAL IMPRESSION OF CHANGE,2005,2
420,Immunogenicity,GEOMETRIC MEAN TITER OF ANTIBODIES,2005,2
423,Response Rates,PERCENTAGE OF PARTICIPANTS WITH CLINICAL RESPONSE,2005,1
427,Biomarkers/Lab Values,CHANGE IN BNP,2005,2
428,Vital Signs/Physical Measures,CHANGE IN FORCED VITAL CAPACITY,2005,3
429,Mental Health Outcomes,DEPRESSION SCORE,2005,1
433,Functional Status,GRIP STRENGTH,2005,2
435,Biomarkers/Lab Values,CHANGE IN ALKALINE PHOSPHATASE,2005,1
437,Response Rates,NUMBER OF RESPONDERS,2005,3
438,Immunogenicity,NUMBER OF SEROPROTECTED SUBJECTS,2005,2
439,Adverse Events/Safety,NUMBER OF SUBJECTS WITH SOLICITED GENERAL SYMPTOMS,2005,3
444,Disease Activity Scores,CHANGE IN SWOLLEN JOINT COUNT,2005,1
445,Response Rates,CONFIRMED RESPONSE RATE,2005,1
446,Imaging Outcomes,MRI LESION COUNT,2005,3
449,Mortality,28-DAY MORTALITY,2005,1
451,Remission/Cure,CLINICAL CURE,2005,2
452,Survival/Time-to-Event,DURATION OF COMPLETE RESPONSE,2005,1
453,Biomarkers/Lab Values,MEAN CHANGE IN HEMOGLOBIN A1C,2005,2
454,Symptoms/Pain,PAIN INTERFERENCE SCORE,2005,1
456,Adverse Events/Safety,RATE OF ADVERSE EVENTS,2005,1
459,Functional Status,CHANGE FROM BASELINE IN BCVA,2005,2
460,Vital Signs/Physical Measures,CHANGE FROM BASELINE IN BODY WEIGHT,2005,1
463,Adverse Events/Safety,DRUG-RELATED ADVERSE EVENTS,2005,1
470,Response Rates,EULAR RESPONSE RATE,2005,3
471,Vital Signs/Physical Measures,MEAN HEART RATE,2005,2
472,Response Rates,PERCENTAGE OF PARTICIPANTS WITH RELAPSE,2005,1
477,Imaging Outcomes,CHANGE IN LEFT VENTRICULAR EJECTION FRACTION,2005,4
481,Adverse Events/Safety,NUMBER OF SUBJECTS WITH SOLICITED LOCAL SYMPTOMS,2005,4
482,Immunogenicity,SEROCONVERSION FACTOR,2005,3
484,Pharmacokinetics,AVERAGE PLASMA CONCENTRATION,2005,1
485,Disease Activity Scores,CHANGE IN TENDER JOINT COUNT,2005,1
486,Quality of Life/PRO,CHANGE IN WOMAC SCORE,2005,2
488,Adverse Events/Safety,INCIDENCE AND SEVERITY OF ADVERSE EVENTS,2005,2
489,Response Rates,NUMBER OF PARTICIPANTS ACHIEVING TARGET,2005,1
490,Functional Status,PHYSICAL FUNCTION,2005,2
491,Vital Signs/Physical Measures,CHANGE FROM BASELINE IN HEIGHT,2005,4
493,Quality of Life/PRO,CHANGE IN PITTSBURGH SLEEP QUALITY INDEX SCORE,2005,1
494,Functional Status,CHANGE IN WHO FUNCTIONAL CLASS,2005,1
496,Adverse Events/Safety,NUMBER OF PARTICIPANTS WITH COMPLICATIONS,2005,1
497,Adverse Events/Safety,NUMBER OF PARTICIPANTS WITH DOSE-LIMITING TOXICITY,2005,1
1,Response Rates,OBJECTIVE RESPONSE RATE,2006,331
2,Survival/Time-to-Event,OVERALL SURVIVAL,2006,327
3,Survival/Time-to-Event,PROGRESSION-FREE SURVIVAL,2006,265
4,Adverse Events/Safety,NUMBER OF PARTICIPANTS WITH ADVERSE EVENTS,2006,155
5,Pharmacokinetics,MAXIMUM PLASMA CONCENTRATION,2006,56
6,Adverse Events/Safety,NUMBER OF PARTICIPANTS WITH TREATMENT-EMERGENT ADVERSE EVENTS,2006,41
7,Pharmacokinetics,TIME TO MAXIMUM CONCENTRATION,2006,39
8,Response Rates,DURATION OF RESPONSE,2006,102
9,Adverse Events/Safety,NUMBER OF PARTICIPANTS WITH SERIOUS ADVERSE EVENTS,2006,81
10,Pharmacokinetics,AUC FROM 0 TO INFINITY,2006,24
11,Biomarkers/Lab Values,CHANGE IN HEMOGLOBIN A1C,2006,74
12,Vital Signs/Physical Measures,CHANGE IN BODY WEIGHT,2006,68
13,Pharmacokinetics,AREA UNDER THE CONCENTRATION-TIME CURVE,2006,26
14,Disease Control,DISEASE CONTROL RATE,2006,29
15,Pharmacokinetics,PLASMA DRUG CONCENTRATION,2006,16
16,Quality of Life/PRO,CHANGE IN QUALITY OF LIFE SCORE,2006,37
17,Symptoms/Pain,CHANGE IN VAS PAIN SCORE,2006,38
18,Quality of Life/PRO,PATIENT SATISFACTION,2006,19
19,Dose-Finding,MAXIMUM TOLERATED DOSE,2006,47
20,Symptoms/Pain,CHANGE IN PAIN SCORE,2006,33
21,Survival/Time-to-Event,TIME TO PROGRESSION,2006,93
22,Mortality,ALL-CAUSE MORTALITY,2006,32
23,Response Rates,PERCENTAGE OF PARTICIPANTS ACHIEVING TARGET,2006,49
24,Vital Signs/Physical Measures,CHANGE IN BLOOD PRESSURE,2006,32
25,Pharmacokinetics,AUC FROM 0 TO LAST MEASURABLE CONCENTRATION,2006,9
26,Biomarkers/Lab Values,CHANGE IN FASTING PLASMA GLUCOSE,2006,44
27,Adverse Events/Safety,NUMBER OF ADVERSE EVENTS,2006,26
28,Quality of Life/PRO,CHANGE IN SF-36 SCORE,2006,37
29,Response Rates,COMPLETE RESPONSE RATE,2006,30
30,Adverse Events/Safety,NUMBER OF PARTICIPANTS WITH TREATMENT EMERGENT ADVERSE EVENTS,2006,4
31,Vital Signs/Physical Measures,CHANGE IN HEART RATE,2006,26
32,Biomarkers/Lab Values,CHANGE IN HEMOGLOBIN,2006,20
33,Adverse Events/Safety,PERCENTAGE OF PARTICIPANTS WITH ADVERSE EVENTS,2006,14
34,Immunogenicity,SEROCONVERSION RATE,2006,27
35,Pharmacokinetics,VOLUME OF DISTRIBUTION,2006,12
36,Response Rates,CLINICAL BENEFIT RATE,2006,14
37,Quality of Life/PRO,CHANGE IN EQ-5D SCORE,2006,18
38,Hospitalization/Healthcare Use,LENGTH OF HOSPITAL STAY,2006,12
39,Vital Signs/Physical Measures,CHANGE IN BODY MASS INDEX,2006,23
40,Quality of Life/PRO,PATIENT GLOBAL IMPRESSION OF CHANGE,2006,19
41,Symptoms/Pain,CHANGE IN NRS PAIN SCORE,2006,7
42,Response Rates,SUSTAINED VIROLOGIC RESPONSE,2006,8
43,Adverse Events/Safety,DOSE-LIMITING TOXICITIES,2006,19
44,Biomarkers/Lab Values,CHANGE IN LDL CHOLESTEROL,2006,20
45,Survival/Time-to-Event,EVENT-FREE SURVIVAL,2006,24
46,Immunogenicity,SEROPROTECTION RATE,2006,37
47,Functional Status,CHANGE IN 6-MINUTE WALK DISTANCE,2006,14
48,Response Rates,TIME TO RESPONSE,2006,19
49,Survival/Time-to-Event,DISEASE-FREE SURVIVAL,2006,40
50,Pharmacokinetics,APPARENT VOLUME OF DISTRIBUTION,2006,2
51,Mental Health Outcomes,CHANGE IN MADRS SCORE,2006,22
52,Biomarkers/Lab Values,CHANGE IN CRP,2006,26
53,Immunogenicity,ANTI-DRUG ANTIBODIES,2006,13
54,Biomarkers/Lab Values,CHANGE IN TRIGLYCERIDES,2006,21
55,Mental Health Outcomes,CHANGE IN PHQ-9 SCORE,2006,4
56,Biomarkers/Lab Values,CHANGE IN TOTAL CHOLESTEROL,2006,25
57,Response Rates,ACR20 RESPONSE,2006,19
58,Biomarkers/Lab Values,CHANGE IN HDL CHOLESTEROL,2006,22
59,Pharmacokinetics,HALF-LIFE,2006,7
60,Disease Activity Scores,CHANGE IN DAS28 SCORE,2006,20
61,Vital Signs/Physical Measures,CHANGE IN SYSTOLIC BLOOD PRESSURE,2006,12
62,Pharmacokinetics,CLEARANCE,2006,11
63,Functional Status,CHANGE IN HAQ-DI SCORE,2006,11
64,Biomarkers/Lab Values,CHANGE IN VIRAL LOAD,2006,15
65,Treatment Adherence,TREATMENT ADHERENCE RATE,2006,13
66,Biomarkers/Lab Values,CHANGE IN ALT,2006,9
67,Survival/Time-to-Event,MEDIAN OVERALL SURVIVAL,2006,15
68,Vital Signs/Physical Measures,CHANGE IN WAIST CIRCUMFERENCE,2006,9
69,Adverse Events/Safety,INCIDENCE OF ADVERSE EVENTS,2006,10
70,Biomarkers/Lab Values,CHANGE IN CD4 COUNT,2006,24
71,Biomarkers/Lab Values,NUMBER OF PARTICIPANTS WITH LABORATORY ABNORMALITIES,2006,9
72,Pharmacokinetics,TROUGH CONCENTRATION,2006,10
73,Pharmacokinetics,TERMINAL HALF-LIFE,2006,9
74,Quality of Life/PRO,QUALITY OF LIFE SCORE,2006,9
75,Biomarkers/Lab Values,CHANGE IN EGFR,2006,12
76,Mental Health Outcomes,CHANGE IN HAM-D SCORE,2006,29
77,Survival/Time-to-Event,TIME TO TREATMENT FAILURE,2006,31
78,Symptoms/Pain,PAIN RESPONSE RATE,2006,21
79,Response Rates,IGA RESPONSE,2006,1
80,Response Rates,ACR50 RESPONSE,2006,13
81,Immunogenicity,ANTIBODY TITER,2006,24
82,Vital Signs/Physical Measures,CHANGE IN DIASTOLIC BLOOD PRESSURE,2006,11
83,Response Rates,PASI 75 RESPONSE,2006,6
84,Pharmacokinetics,ACCUMULATION RATIO,2006,4
85,Adverse Events/Safety,NUMBER OF PARTICIPANTS WITH TREATMENT-RELATED ADVERSE EVENTS,2006,3
86,Pharmacokinetics,TERMINAL ELIMINATION HALF-LIFE,2006,2
87,Biomarkers/Lab Values,CHANGE IN CREATININE,2006,7
88,Quality of Life/PRO,CHANGE IN DLQI SCORE,2006,1
89,Response Rates,ACR70 RESPONSE,2006,11
91,Survival/Time-to-Event,MEDIAN PROGRESSION-FREE SURVIVAL,2006,9
92,Adverse Events/Safety,PERCENTAGE OF PARTICIPANTS WITH TREATMENT-EMERGENT ADVERSE EVENTS,2006,7
93,Symptoms/Pain,CHANGE IN BPI SCORE,2006,16
95,Remission/Cure,COMPLETE REMISSION,2006,9
96,Imaging Outcomes,CHANGE IN BONE MINERAL DENSITY,2006,22
97,Quality of Life/PRO,CHANGE IN EORTC QLQ-C30 SCORE,2006,7
98,Biomarkers/Lab Values,PERCENTAGE OF PARTICIPANTS WITH LABORATORY ABNORMALITIES,2006,10
99,Biomarkers/Lab Values,CHANGE IN AST,2006,5
100,Mental Health Outcomes,CHANGE IN PANSS SCORE,2006,14
101,Adverse Events/Safety,NUMBER OF PARTICIPANTS WITH DOSE LIMITING TOXICITIES,2006,1
102,Adverse Events/Safety,GRADE 3 OR HIGHER ADVERSE EVENTS,2006,19
103,Vital Signs/Physical Measures,SYSTOLIC BLOOD PRESSURE,2006,10
104,Treatment Adherence,PERCENTAGE OF PARTICIPANTS COMPLETING TREATMENT,2006,6
105,Mental Health Outcomes,CHANGE IN MMSE SCORE,2006,7
106,Pharmacokinetics,MEAN RESIDENCE TIME,2006,10
107,Biomarkers/Lab Values,CHANGE IN PLATELET COUNT,2006,2
108,Response Rates,COMPLETE RESPONSE,2006,20
109,Dose-Finding,RECOMMENDED PHASE 2 DOSE,2006,4
110,Immunogenicity,IMMUNE RESPONSE RATE,2006,11
111,Pharmacokinetics,RENAL CLEARANCE,2006,2
112,Biomarkers/Lab Values,PERCENT CHANGE IN LDL CHOLESTEROL,2006,9
113,Treatment Adherence,COMPLIANCE RATE,2006,8
114,Adverse Events/Safety,NUMBER OF PARTICIPANTS WITH DOSE-LIMITING TOXICITIES,2006,2
115,Vital Signs/Physical Measures,CHANGE FROM BASELINE IN FEV1,2006,7
116,Adverse Events/Safety,NUMBER OF PARTICIPANTS WITH UNSOLICITED ADVERSE EVENTS,2006,4
117,Remission/Cure,CLINICAL REMISSION,2006,6
118,Response Rates,RESPONDER RATE,2006,8
119,Quality of Life/PRO,FATIGUE,2006,5
120,Functional Status,6-MINUTE WALK DISTANCE,2006,6
121,Pharmacokinetics,MAXIMUM SERUM CONCENTRATION,2006,3
122,Response Rates,PATHOLOGICAL COMPLETE RESPONSE,2006,13
123,Vital Signs/Physical Measures,DIASTOLIC BLOOD PRESSURE,2006,6
124,Adverse Events/Safety,INJECTION SITE REACTIONS,2006,3
125,Pharmacokinetics,MAXIMUM OBSERVED SERUM CONCENTRATION,2006,4
126,Symptoms/Pain,PAIN SCORE,2006,4
127,Hospitalization/Healthcare Use,HOSPITAL LENGTH OF STAY,2006,4
128,Biomarkers/Lab Values,CHANGE IN WHITE BLOOD CELL COUNT,2006,3
129,Response Rates,PASI 90 RESPONSE,2006,2
130,Symptoms/Pain,CHANGE IN WOMAC PAIN SCORE,2006,6
131,Mortality,30-DAY MORTALITY,2006,6
132,Imaging Outcomes,CHANGE IN EJECTION FRACTION,2006,10
133,Biomarkers/Lab Values,CHANGE IN ALBUMIN,2006,3
135,Vital Signs/Physical Measures,CHANGE IN TEMPERATURE,2006,4
136,Adverse Events/Safety,TOTAL ADVERSE EVENTS SUMMARY,2006,6
138,Mental Health Outcomes,SUICIDAL IDEATION ASSESSMENT,2006,3
139,Mental Health Outcomes,CHANGE IN HAM-A SCORE,2006,13
140,Disease Activity Scores,CHANGE IN CDAI SCORE,2006,9
141,Vital Signs/Physical Measures,CHANGE FROM BASELINE IN BLOOD PRESSURE,2006,4
143,Mental Health Outcomes,CHANGE IN ADAS-COG SCORE,2006,7
145,Adverse Events/Safety,NUMBER OF PARTICIPANTS WITH ABNORMAL ECG FINDINGS,2006,2
146,Immunogenicity,GEOMETRIC MEAN TITERS,2006,10
147,Quality of Life/PRO,CHANGE IN SGRQ SCORE,2006,4
149,Survival/Time-to-Event,1-YEAR SURVIVAL RATE,2006,12
150,Response Rates,BEST OVERALL RESPONSE RATE,2006,11
151,Biomarkers/Lab Values,CHANGE FROM BASELINE IN HEMATOCRIT,2006,3
152,Biomarkers/Lab Values,CHANGE IN BILIRUBIN,2006,2
153,Adverse Events/Safety,NUMBER OF PARTICIPANTS WITH SERIOUS AND NON-SERIOUS ADVERSE EVENTS,2006,3
154,Hospitalization/Healthcare Use,HOSPITALIZATION RATE,2006,4
155,Adverse Events/Safety,NUMBER OF PATIENTS WITH ADVERSE EVENTS,2006,2
156,Mental Health Outcomes,CHANGE IN YMRS SCORE,2006,12
158,Biomarkers/Lab Values,PERCENT CHANGE IN TOTAL CHOLESTEROL,2006,6
159,Pharmacokinetics,TROUGH PLASMA CONCENTRATION,2006,5
161,Adverse Events/Safety,DOSE-LIMITING TOXICITY,2006,5
162,Immunogenicity,GEOMETRIC MEAN TITER,2006,9
163,Microbiological/Virological,VIRAL SUPPRESSION RATE,2006,5
164,Biomarkers/Lab Values,PERCENT CHANGE IN HDL CHOLESTEROL,2006,3
165,Treatment Adherence,RETENTION RATE,2006,1
166,Biomarkers/Lab Values,CHANGE IN FERRITIN,2006,3
167,Adverse Events/Safety,NUMBER OF SUBJECTS WITH ANY AND GRADE 3 SOLICITED LOCAL SYMPTOMS,2006,16
168,Survival/Time-to-Event,TIME TO NEXT TREATMENT,2006,2
169,Mortality,CARDIOVASCULAR MORTALITY,2006,4
171,Pharmacokinetics,ELIMINATION HALF-LIFE,2006,1
172,Response Rates,PARTIAL RESPONSE RATE,2006,9
173,Vital Signs/Physical Measures,CHANGE IN PULSE RATE,2006,1
174,Mental Health Outcomes,DEPRESSION RESPONSE RATE,2006,10
175,Biomarkers/Lab Values,CHANGE IN ESR,2006,9
176,Symptoms/Pain,CHANGE IN PRURITUS SCORE,2006,2
177,Survival/Time-to-Event,MEDIAN PROGRESSION FREE SURVIVAL,2006,8
178,Pharmacokinetics,TOTAL BODY CLEARANCE,2006,4
179,Pharmacokinetics,APPARENT ORAL CLEARANCE,2006,3
180,Vital Signs/Physical Measures,CHANGE FROM BASELINE IN TROUGH FEV1,2006,2
181,Vital Signs/Physical Measures,CHANGE IN FEV1,2006,6
182,Response Rates,CLINICAL RESPONSE RATE,2006,12
183,Biomarkers/Lab Values,PERCENT CHANGE IN TRIGLYCERIDES,2006,4
184,Pharmacokinetics,VOLUME OF DISTRIBUTION AT STEADY STATE,2006,6
185,Vital Signs/Physical Measures,CHANGE FROM BASELINE IN PULSE RATE,2006,5
186,Adverse Events/Safety,NUMBER OF PARTICIPANTS WITH CLINICALLY SIGNIFICANT LABORATORY ABNORMALITIES,2006,1
187,Biomarkers/Lab Values,CHANGE IN NT-PROBNP,2006,1
188,Disease Activity Scores,CHANGE IN UPDRS SCORE,2006,8
190,Biomarkers/Lab Values,PERCENT CHANGE IN APOLIPOPROTEIN B,2006,5
192,Adverse Events/Safety,"NUMBER OF SUBJECTS WITH ANY, GRADE 3 AND RELATED SOLICITED GENERAL SYMPTOMS",2006,16
194,Hospitalization/Healthcare Use,TIME TO HOSPITAL DISCHARGE,2006,1
195,Vital Signs/Physical Measures,HEART RATE,2006,3
197,Survival/Time-to-Event,RELAPSE-FREE SURVIVAL,2006,2
198,Response Rates,PERCENTAGE OF PARTICIPANTS WITH VIROLOGIC FAILURE,2006,2
200,Survival/Time-to-Event,OVERALL SURVIVAL RATE,2006,7
201,Response Rates,PATHOLOGIC COMPLETE RESPONSE,2006,9
202,Quality of Life/PRO,TREATMENT SATISFACTION,2006,1
203,Adverse Events/Safety,NUMBER OF PARTICIPANTS WITH ANY ADVERSE EVENTS,2006,7
204,Biomarkers/Lab Values,MINIMAL RESIDUAL DISEASE NEGATIVITY,2006,1
205,Imaging Outcomes,CHANGE IN TUMOR SIZE,2006,8
207,Symptoms/Pain,VAS PAIN SCORE,2006,5
208,Quality of Life/PRO,CHANGE IN EQ-5D VAS SCORE,2006,2
209,Adverse Events/Safety,NUMBER OF PARTICIPANTS WITH ADVERSE EVENTS LEADING TO DISCONTINUATION,2006,3
210,Adverse Events/Safety,NUMBER OF PARTICIPANTS WITH DRUG-RELATED ADVERSE EVENTS,2006,4
211,Adverse Events/Safety,NUMBER OF PARTICIPANTS WITH ECG ABNORMALITIES,2006,2
212,Biomarkers/Lab Values,CHANGE IN C-REACTIVE PROTEIN,2006,4
213,Mental Health Outcomes,CHANGE IN HADS SCORE,2006,6
214,Mental Health Outcomes,CHANGE FROM BASELINE IN CGI-S SCORE,2006,5
215,Vital Signs/Physical Measures,CHANGE FROM BASELINE IN SYSTOLIC BLOOD PRESSURE,2006,5
216,Quality of Life/PRO,CHANGE IN FATIGUE SCORE,2006,2
217,Response Rates,CLINICAL RESPONSE,2006,3
218,Survival/Time-to-Event,TIME TO PSA PROGRESSION,2006,3
220,Adverse Events/Safety,NUMBER OF PARTICIPANTS WITH ADVERSE EVENTS OF SPECIAL INTEREST,2006,2
221,Pharmacokinetics,PEAK PLASMA CONCENTRATION,2006,2
222,Symptoms/Pain,NAUSEA,2006,1
223,Biomarkers/Lab Values,CHANGE IN ABSOLUTE NEUTROPHIL COUNT,2006,1
224,Biomarkers/Lab Values,CHANGE FROM BASELINE IN HEMATOLOGY PARAMETERS,2006,2
225,Biomarkers/Lab Values,CHANGE IN HEMATOCRIT,2006,1
226,Mortality,TREATMENT-RELATED MORTALITY,2006,8
227,Survival/Time-to-Event,RECURRENCE-FREE SURVIVAL,2006,6
229,Functional Status,CHANGE IN EDSS SCORE,2006,4
230,Biomarkers/Lab Values,CHANGE IN HSCRP,2006,2
231,Response Rates,TUMOR RESPONSE RATE,2006,10
232,Response Rates,PASI 50 RESPONSE,2006,2
233,Adverse Events/Safety,PROCEDURAL SUCCESS,2006,5
234,Quality of Life/PRO,CHANGE IN KCCQ SCORE,2006,3
235,Quality of Life/PRO,SLEEP EFFICIENCY,2006,4
236,Survival/Time-to-Event,TIME TO RELAPSE,2006,4
237,Pharmacokinetics,MINIMUM PLASMA CONCENTRATION,2006,1
238,Symptoms/Pain,PRURITUS SCORE,2006,3
241,Mental Health Outcomes,CHANGE IN CGI-S SCORE,2006,3
242,Adverse Events/Safety,FREQUENCY OF ADVERSE EVENTS,2006,1
243,Vital Signs/Physical Measures,PERCENT CHANGE IN BODY WEIGHT,2006,3
244,Remission/Cure,DEPRESSION REMISSION RATE,2006,6
245,Disease Control,STABLE DISEASE RATE,2006,6
246,Vital Signs/Physical Measures,BODY MASS INDEX,2006,2
247,Vital Signs/Physical Measures,CHANGE FROM BASELINE IN DIASTOLIC BLOOD PRESSURE,2006,5
248,Disease Activity Scores,CHANGE IN SDAI SCORE,2006,1
249,Symptoms/Pain,DYSPNEA SCORE,2006,1
250,Microbiological/Virological,MICROBIOLOGICAL ERADICATION,2006,1
251,Survival/Time-to-Event,TIME TO TUMOR PROGRESSION,2006,16
253,Biomarkers/Lab Values,CHANGE IN FASTING INSULIN,2006,8
255,Adverse Events/Safety,ADVERSE EVENTS LEADING TO DISCONTINUATION,2006,3
258,Biomarkers/Lab Values,CHANGE IN FASTING GLUCOSE,2006,4
259,Vital Signs/Physical Measures,FORCED EXPIRATORY VOLUME IN 1 SECOND (FEV1),2006,6
260,Quality of Life/PRO,PARTICIPANT SATISFACTION,2006,2
262,Biomarkers/Lab Values,CHANGE IN INR,2006,1
263,Vital Signs/Physical Measures,INTRAOCULAR PRESSURE,2006,4
264,Biomarkers/Lab Values,CHANGE IN HOMA-IR,2006,2
265,Adverse Events/Safety,INCIDENCE OF SERIOUS ADVERSE EVENTS,2006,2
266,Mortality,NUMBER OF PARTICIPANTS WHO DIED,2006,5
267,Pharmacokinetics,PLASMA DECAY HALF-LIFE,2006,2
268,Quality of Life/PRO,TOTAL SLEEP TIME,2006,5
269,Response Rates,TUMOR RESPONSE,2006,3
270,Hospitalization/Healthcare Use,LENGTH OF STAY,2006,2
271,Pharmacokinetics,MAXIMUM OBSERVED PLASMA CONCENTRATION,2006,1
272,Mental Health Outcomes,CHANGE IN CES-D SCORE,2006,4
273,Hospitalization/Healthcare Use,DURATION OF HOSPITALIZATION,2006,2
274,Survival/Time-to-Event,DURATION OF OBJECTIVE RESPONSE,2006,2
276,Hospitalization/Healthcare Use,ICU LENGTH OF STAY,2006,3
279,Adverse Events/Safety,NUMBER OF SUBJECTS REPORTING UNSOLICITED ADVERSE EVENTS,2006,6
280,Quality of Life/PRO,PATIENT GLOBAL IMPRESSION OF IMPROVEMENT,2006,5
282,Biomarkers/Lab Values,LABORATORY VALUES SUMMARY,2006,2
283,Mortality,NON-RELAPSE MORTALITY,2006,4
284,Functional Status,VISUAL ACUITY,2006,3
285,Mental Health Outcomes,CHANGE IN BDI-II SCORE,2006,3
286,Mental Health Outcomes,PERCEIVED STRESS SCORE,2006,1
287,Response Rates,TARGET LESION RESPONSE,2006,8
288,Disease Activity Scores,ANNUALIZED RELAPSE RATE,2006,2
290,Biomarkers/Lab Values,CHANGE IN PSA,2006,3
291,Response Rates,COMPLETE REMISSION RATE,2006,2
292,Remission/Cure,ENDOSCOPIC REMISSION,2006,1
293,Survival/Time-to-Event,PROGRESSION-FREE SURVIVAL RATE,2006,2
295,Disease Control,ANNUAL EXACERBATION RATE,2006,1
296,Disease Control,CLINICAL SUCCESS,2006,7
297,Remission/Cure,CURE RATE,2006,6
299,Functional Status,CHANGE IN VISUAL ACUITY,2006,3
300,Hospitalization/Healthcare Use,EMERGENCY ROOM VISITS,2006,2
301,Biomarkers/Lab Values,MEAN CHANGE IN HEMOGLOBIN,2006,3
302,Imaging Outcomes,PERCENT CHANGE IN BONE MINERAL DENSITY,2006,3
303,Symptoms/Pain,CHANGE IN ADHD-RS SCORE,2006,4
304,Biomarkers/Lab Values,CHANGE IN TOTAL BILIRUBIN,2006,1
305,Disease Control,DURATION OF STABLE DISEASE,2006,6
306,Mortality,MORTALITY,2006,5
307,Adverse Events/Safety,NUMBER OF PARTICIPANTS WITH TREATMENT-EMERGENT SERIOUS ADVERSE EVENTS,2006,1
308,Biomarkers/Lab Values,PERCENT CHANGE IN NON-HDL-C,2006,3
309,Mortality,PERCENTAGE OF PARTICIPANTS WHO DIED,2006,8
310,Vital Signs/Physical Measures,CHANGE FROM BASELINE IN ECG PARAMETERS,2006,3
311,Treatment Adherence,MEDICATION ADHERENCE,2006,1
312,Adverse Events/Safety,NUMBER OF PARTICIPANTS WITH ADVERSE EVENTS AND SERIOUS ADVERSE EVENTS,2006,3
313,Adverse Events/Safety,NUMBER OF PARTICIPANTS WITH GRADE 3 OR HIGHER ADVERSE EVENTS,2006,2
314,Disease Control,TECHNICAL SUCCESS,2006,2
315,Disease Activity Scores,CHANGE IN BASDAI SCORE,2006,2
316,Functional Status,CHANGE IN ECOG PERFORMANCE STATUS,2006,3
317,Remission/Cure,CLINICAL CURE RATE,2006,2
318,Biomarkers/Lab Values,INSULIN SENSITIVITY,2006,3
319,Treatment Adherence,NUMBER OF PARTICIPANTS COMPLETING TREATMENT,2006,5
320,Adverse Events/Safety,TOTAL SERIOUS ADVERSE EVENTS SUMMARY,2006,7
321,Symptoms/Pain,CHANGE IN DYSPNEA SCORE,2006,4
322,Biomarkers/Lab Values,CHANGE IN SERUM CREATININE,2006,1
323,Quality of Life/PRO,CHANGE IN SF-12 SCORE,2006,3
324,Mental Health Outcomes,CLINICIAN GLOBAL IMPRESSION,2006,6
328,Adverse Events/Safety,NUMBER OF PARTICIPANTS WITH ANY ADVERSE EVENT,2006,5
329,Biomarkers/Lab Values,PERCENT CHANGE IN LDL-C,2006,4
332,Adverse Events/Safety,"NUMBER OF SUBJECTS WITH ANY, GRADE 3 AND RELATED UNSOLICITED ADVERSE EVENTS",2006,8
334,Vital Signs/Physical Measures,MEAN CHANGE IN BLOOD PRESSURE,2006,7
335,Response Rates,PSA RESPONSE RATE,2006,5
337,Pharmacokinetics,SYSTEMIC CLEARANCE,2006,3
338,Vital Signs/Physical Measures,TROUGH FEV1,2006,3
341,Mortality,NUMBER OF DEATHS,2006,3
343,Quality of Life/PRO,CHANGE IN FACIT-FATIGUE SCORE,2006,1
344,Response Rates,MEDIAN DURATION OF RESPONSE,2006,1
346,Vital Signs/Physical Measures,NUMBER OF PARTICIPANTS WITH ABNORMAL VITAL SIGNS,2006,1
348,Adverse Events/Safety,PERCENTAGE OF PARTICIPANTS WITH TREATMENT EMERGENT ADVERSE EVENTS,2006,1
349,Quality of Life/PRO,PITTSBURGH SLEEP QUALITY INDEX SCORE,2006,3
350,Response Rates,PROSTATE-SPECIFIC ANTIGEN RESPONSE,2006,7
351,Adverse Events/Safety,ESTIMATED BLOOD LOSS,2006,2
352,Response Rates,PERCENTAGE OF PATIENTS ACHIEVING TARGET,2006,2
353,Mental Health Outcomes,CLINICAL GLOBAL IMPRESSION - IMPROVEMENT,2006,2
355,Adverse Events/Safety,NUMBER OF PARTICIPANTS WITH DOSE LIMITING TOXICITY,2006,5
356,Adverse Events/Safety,NUMBER OF PARTICIPANTS WITH CLINICALLY SIGNIFICANT ECG ABNORMALITIES,2006,1
358,Biomarkers/Lab Values,PERCENT CHANGE IN NON-HDL CHOLESTEROL,2006,1
360,Mental Health Outcomes,BECK DEPRESSION INVENTORY SCORE,2006,3
363,Adverse Events/Safety,NUMBER OF SUBJECTS WITH ANY UNSOLICITED ADVERSE EVENTS,2006,4
365,Immunogenicity,PERCENTAGE OF PARTICIPANTS WITH ANTI-DRUG ANTIBODIES,2006,1
366,Vital Signs/Physical Measures,CHANGE FROM BASELINE IN HEART RATE,2006,1
367,Vital Signs/Physical Measures,CHANGE IN BODY TEMPERATURE,2006,1
368,Mental Health Outcomes,CHANGE IN PERCEIVED STRESS SCORE,2006,1
369,Quality of Life/PRO,CLINICIAN GLOBAL IMPRESSION OF CHANGE,2006,4
370,Mental Health Outcomes,DEPRESSIVE SYMPTOMS,2006,4
374,Biomarkers/Lab Values,CHANGE FROM BASELINE IN CLINICAL CHEMISTRY PARAMETERS,2006,1
378,Vital Signs/Physical Measures,MEAN ARTERIAL PRESSURE,2006,1
379,Vital Signs/Physical Measures,MEAN CHANGE IN HEART RATE,2006,5
380,Immunogenicity,NUMBER OF SEROCONVERTED SUBJECTS,2006,5
381,Hospitalization/Healthcare Use,PROCEDURE TIME,2006,1
384,Quality of Life/PRO,CHANGE IN SLEEP QUALITY SCORE,2006,2
385,Adverse Events/Safety,NUMBER OF SUBJECTS WITH UNSOLICITED ADVERSE EVENTS,2006,7
387,Survival/Time-to-Event,TIME TO FIRST EXACERBATION,2006,3
388,Adverse Events/Safety,TREATMENT DISCONTINUATION RATE,2006,4
389,Immunogenicity,VACCINE RESPONSE RATE,2006,2
390,Quality of Life/PRO,CHANGE IN HEALTH-RELATED QUALITY OF LIFE SCORE,2006,3
391,Hospitalization/Healthcare Use,DURATION OF HOSPITAL STAY,2006,4
392,Survival/Time-to-Event,MEDIAN SURVIVAL TIME,2006,6
393,Adverse Events/Safety,NUMBER OF PARTICIPANTS WITH TREATMENT RELATED ADVERSE EVENTS,2006,3
394,Hospitalization/Healthcare Use,OPERATIVE TIME,2006,2
395,Quality of Life/PRO,SLEEP QUALITY SCORE,2006,3
396,Survival/Time-to-Event,2-YEAR SURVIVAL RATE,2006,2
397,Vital Signs/Physical Measures,CHANGE IN RESPIRATORY RATE,2006,1
398,Quality of Life/PRO,CHANGE IN TREATMENT SATISFACTION SCORE,2006,2
399,Symptoms/Pain,CHANGE IN WOMAC STIFFNESS SCORE,2006,3
400,Hospitalization/Healthcare Use,DURATION OF MECHANICAL VENTILATION,2006,1
402,Adverse Events/Safety,NUMBER OF PARTICIPANTS WITH CLINICAL LABORATORY ABNORMALITIES,2006,1
403,Symptoms/Pain,PAIN INTENSITY,2006,1
404,Pharmacokinetics,AUC(0-T),2006,3
405,Vital Signs/Physical Measures,CHANGE FROM BASELINE IN BODY TEMPERATURE,2006,3
406,Vital Signs/Physical Measures,CHANGE FROM BASELINE IN SYSTOLIC AND DIASTOLIC BLOOD PRESSURE,2006,1
408,Biomarkers/Lab Values,CHANGE IN INSULIN SENSITIVITY,2006,1
410,Symptoms/Pain,INSOMNIA SEVERITY INDEX,2006,3
411,Functional Status,MEAN CHANGE IN BEST CORRECTED VISUAL ACUITY,2006,3
413,Response Rates,PATHOLOGIC COMPLETE RESPONSE RATE,2006,4
414,Adverse Events/Safety,PERCENTAGE OF PARTICIPANTS REPORTING LOCAL REACTIONS,2006,6
415,Mortality,TRANSPLANT-RELATED MORTALITY,2006,1
417,Survival/Time-to-Event,6-MONTH PROGRESSION-FREE SURVIVAL,2006,1
419,Quality of Life/PRO,CLINICAL GLOBAL IMPRESSION OF CHANGE,2006,3
420,Immunogenicity,GEOMETRIC MEAN TITER OF ANTIBODIES,2006,3
421,Adverse Events/Safety,NUMBER OF PARTICIPANTS WITH ADVERSE DRUG REACTIONS,2006,1
424,Immunogenicity,SEROPOSITIVITY RATE,2006,1
425,Hospitalization/Healthcare Use,VENTILATOR-FREE DAYS,2006,4
426,Pharmacokinetics,APPARENT TOTAL BODY CLEARANCE,2006,1
427,Biomarkers/Lab Values,CHANGE IN BNP,2006,1
428,Vital Signs/Physical Measures,CHANGE IN FORCED VITAL CAPACITY,2006,1
433,Functional Status,GRIP STRENGTH,2006,2
435,Biomarkers/Lab Values,CHANGE IN ALKALINE PHOSPHATASE,2006,2
436,Hospitalization/Healthcare Use,LENGTH OF ICU STAY,2006,2
437,Response Rates,NUMBER OF RESPONDERS,2006,3
438,Immunogenicity,NUMBER OF SEROPROTECTED SUBJECTS,2006,3
439,Adverse Events/Safety,NUMBER OF SUBJECTS WITH SOLICITED GENERAL SYMPTOMS,2006,6
441,Functional Status,TIMED UP AND GO TEST,2006,1
442,Biomarkers/Lab Values,CHANGE FROM BASELINE IN FASTING PLASMA GLUCOSE,2006,6
443,Biomarkers/Lab Values,CHANGE FROM BASELINE IN RED BLOOD CELL COUNT,2006,1
444,Disease Activity Scores,CHANGE IN SWOLLEN JOINT COUNT,2006,2
445,Response Rates,CONFIRMED RESPONSE RATE,2006,3
446,Imaging Outcomes,MRI LESION COUNT,2006,3
447,Adverse Events/Safety,NUMBER OF PARTICIPANTS WITH NON-SERIOUS ADVERSE EVENTS,2006,1
448,Adverse Events/Safety,PERCENTAGE OF PARTICIPANTS REPORTING SYSTEMIC EVENTS,2006,7
449,Mortality,28-DAY MORTALITY,2006,2
450,Pharmacokinetics,APPARENT VOLUME OF DISTRIBUTION (VZ/F),2006,1
451,Remission/Cure,CLINICAL CURE,2006,2
453,Biomarkers/Lab Values,MEAN CHANGE IN HEMOGLOBIN A1C,2006,4
455,Remission/Cure,PERCENTAGE OF PARTICIPANTS ACHIEVING CLINICAL REMISSION,2006,1
456,Adverse Events/Safety,RATE OF ADVERSE EVENTS,2006,1
457,Mortality,TIME TO DEATH,2006,2
460,Vital Signs/Physical Measures,CHANGE FROM BASELINE IN BODY WEIGHT,2006,6
461,Functional Status,CHANGE IN WOMAC PHYSICAL FUNCTION SCORE,2006,3
463,Adverse Events/Safety,DRUG-RELATED ADVERSE EVENTS,2006,4
464,Adverse Events/Safety,NUMBER OF PARTICIPANTS WITH INJECTION SITE REACTIONS,2006,1
467,Quality of Life/PRO,SLEEP DISTURBANCE SCORE,2006,1
469,Symptoms/Pain,APNEA-HYPOPNEA INDEX,2006,1
470,Response Rates,EULAR RESPONSE RATE,2006,2
471,Vital Signs/Physical Measures,MEAN HEART RATE,2006,1
472,Response Rates,PERCENTAGE OF PARTICIPANTS WITH RELAPSE,2006,2
474,Response Rates,TREATMENT SUCCESS,2006,2
475,Functional Status,ACTIVITIES OF DAILY LIVING,2006,3
476,Biomarkers/Lab Values,CHANGE IN FASTING SERUM GLUCOSE,2006,1
477,Imaging Outcomes,CHANGE IN LEFT VENTRICULAR EJECTION FRACTION,2006,2
479,Treatment Adherence,DURATION OF TREATMENT,2006,1
481,Adverse Events/Safety,NUMBER OF SUBJECTS WITH SOLICITED LOCAL SYMPTOMS,2006,4
482,Immunogenicity,SEROCONVERSION FACTOR,2006,7
483,Mental Health Outcomes,ANXIETY SCORE,2006,1
485,Disease Activity Scores,CHANGE IN TENDER JOINT COUNT,2006,1
487,Mortality,IN-HOSPITAL MORTALITY,2006,1
488,Adverse Events/Safety,INCIDENCE AND SEVERITY OF ADVERSE EVENTS,2006,1
489,Response Rates,NUMBER OF PARTICIPANTS ACHIEVING TARGET,2006,8
491,Vital Signs/Physical Measures,CHANGE FROM BASELINE IN HEIGHT,2006,1
492,Vital Signs/Physical Measures,CHANGE FROM BASELINE IN INTRAOCULAR PRESSURE,2006,2
494,Functional Status,CHANGE IN WHO FUNCTIONAL CLASS,2006,2
495,Functional Status,HARRIS HIP SCORE,2006,2
497,Adverse Events/Safety,NUMBER OF PARTICIPANTS WITH DOSE-LIMITING TOXICITY,2006,1
498,Adverse Events/Safety,NUMBER OF PARTICIPANTS WITH SOLICITED LOCAL ADVERSE EVENTS,2006,2
499,Adverse Events/Safety,PERCENTAGE OF PARTICIPANTS WITH AT LEAST ONE ADVERSE EVENT,2006,1
500,Pharmacokinetics,PLASMA TROUGH CONCENTRATION,2006,1
1,Response Rates,OBJECTIVE RESPONSE RATE,2007,349
2,Survival/Time-to-Event,OVERALL SURVIVAL,2007,319
3,Survival/Time-to-Event,PROGRESSION-FREE SURVIVAL,2007,294
4,Adverse Events/Safety,NUMBER OF PARTICIPANTS WITH ADVERSE EVENTS,2007,207
5,Pharmacokinetics,MAXIMUM PLASMA CONCENTRATION,2007,134
6,Adverse Events/Safety,NUMBER OF PARTICIPANTS WITH TREATMENT-EMERGENT ADVERSE EVENTS,2007,77
7,Pharmacokinetics,TIME TO MAXIMUM CONCENTRATION,2007,86
8,Response Rates,DURATION OF RESPONSE,2007,99
9,Adverse Events/Safety,NUMBER OF PARTICIPANTS WITH SERIOUS ADVERSE EVENTS,2007,112
10,Pharmacokinetics,AUC FROM 0 TO INFINITY,2007,46
11,Biomarkers/Lab Values,CHANGE IN HEMOGLOBIN A1C,2007,71
12,Vital Signs/Physical Measures,CHANGE IN BODY WEIGHT,2007,62
13,Pharmacokinetics,AREA UNDER THE CONCENTRATION-TIME CURVE,2007,50
14,Disease Control,DISEASE CONTROL RATE,2007,29
15,Pharmacokinetics,PLASMA DRUG CONCENTRATION,2007,32
16,Quality of Life/PRO,CHANGE IN QUALITY OF LIFE SCORE,2007,42
17,Symptoms/Pain,CHANGE IN VAS PAIN SCORE,2007,40
18,Quality of Life/PRO,PATIENT SATISFACTION,2007,37
19,Dose-Finding,MAXIMUM TOLERATED DOSE,2007,63
20,Symptoms/Pain,CHANGE IN PAIN SCORE,2007,40
21,Survival/Time-to-Event,TIME TO PROGRESSION,2007,68
22,Mortality,ALL-CAUSE MORTALITY,2007,29
23,Response Rates,PERCENTAGE OF PARTICIPANTS ACHIEVING TARGET,2007,51
24,Vital Signs/Physical Measures,CHANGE IN BLOOD PRESSURE,2007,45
25,Pharmacokinetics,AUC FROM 0 TO LAST MEASURABLE CONCENTRATION,2007,25
26,Biomarkers/Lab Values,CHANGE IN FASTING PLASMA GLUCOSE,2007,36
27,Adverse Events/Safety,NUMBER OF ADVERSE EVENTS,2007,24
28,Quality of Life/PRO,CHANGE IN SF-36 SCORE,2007,45
29,Response Rates,COMPLETE RESPONSE RATE,2007,26
30,Adverse Events/Safety,NUMBER OF PARTICIPANTS WITH TREATMENT EMERGENT ADVERSE EVENTS,2007,14
31,Vital Signs/Physical Measures,CHANGE IN HEART RATE,2007,32
32,Biomarkers/Lab Values,CHANGE IN HEMOGLOBIN,2007,24
33,Adverse Events/Safety,PERCENTAGE OF PARTICIPANTS WITH ADVERSE EVENTS,2007,10
34,Immunogenicity,SEROCONVERSION RATE,2007,46
35,Pharmacokinetics,VOLUME OF DISTRIBUTION,2007,18
36,Response Rates,CLINICAL BENEFIT RATE,2007,30
37,Quality of Life/PRO,CHANGE IN EQ-5D SCORE,2007,22
38,Hospitalization/Healthcare Use,LENGTH OF HOSPITAL STAY,2007,19
39,Vital Signs/Physical Measures,CHANGE IN BODY MASS INDEX,2007,17
40,Quality of Life/PRO,PATIENT GLOBAL IMPRESSION OF CHANGE,2007,37
41,Symptoms/Pain,CHANGE IN NRS PAIN SCORE,2007,23
42,Response Rates,SUSTAINED VIROLOGIC RESPONSE,2007,24
43,Adverse Events/Safety,DOSE-LIMITING TOXICITIES,2007,15
44,Biomarkers/Lab Values,CHANGE IN LDL CHOLESTEROL,2007,34
45,Survival/Time-to-Event,EVENT-FREE SURVIVAL,2007,31
46,Immunogenicity,SEROPROTECTION RATE,2007,40
47,Functional Status,CHANGE IN 6-MINUTE WALK DISTANCE,2007,11
48,Response Rates,TIME TO RESPONSE,2007,20
49,Survival/Time-to-Event,DISEASE-FREE SURVIVAL,2007,37
50,Pharmacokinetics,APPARENT VOLUME OF DISTRIBUTION,2007,9
51,Mental Health Outcomes,CHANGE IN MADRS SCORE,2007,28
52,Biomarkers/Lab Values,CHANGE IN CRP,2007,26
53,Immunogenicity,ANTI-DRUG ANTIBODIES,2007,22
54,Biomarkers/Lab Values,CHANGE IN TRIGLYCERIDES,2007,26
55,Mental Health Outcomes,CHANGE IN PHQ-9 SCORE,2007,2
56,Biomarkers/Lab Values,CHANGE IN TOTAL CHOLESTEROL,2007,24
57,Response Rates,ACR20 RESPONSE,2007,21
58,Biomarkers/Lab Values,CHANGE IN HDL CHOLESTEROL,2007,28
59,Pharmacokinetics,HALF-LIFE,2007,12
60,Disease Activity Scores,CHANGE IN DAS28 SCORE,2007,25
61,Vital Signs/Physical Measures,CHANGE IN SYSTOLIC BLOOD PRESSURE,2007,24
62,Pharmacokinetics,CLEARANCE,2007,13
63,Functional Status,CHANGE IN HAQ-DI SCORE,2007,16
64,Biomarkers/Lab Values,CHANGE IN VIRAL LOAD,2007,23
65,Treatment Adherence,TREATMENT ADHERENCE RATE,2007,11
66,Biomarkers/Lab Values,CHANGE IN ALT,2007,16
67,Survival/Time-to-Event,MEDIAN OVERALL SURVIVAL,2007,13
68,Vital Signs/Physical Measures,CHANGE IN WAIST CIRCUMFERENCE,2007,15
69,Adverse Events/Safety,INCIDENCE OF ADVERSE EVENTS,2007,8
70,Biomarkers/Lab Values,CHANGE IN CD4 COUNT,2007,21
71,Biomarkers/Lab Values,NUMBER OF PARTICIPANTS WITH LABORATORY ABNORMALITIES,2007,12
72,Pharmacokinetics,TROUGH CONCENTRATION,2007,6
73,Pharmacokinetics,TERMINAL HALF-LIFE,2007,13
74,Quality of Life/PRO,QUALITY OF LIFE SCORE,2007,17
75,Biomarkers/Lab Values,CHANGE IN EGFR,2007,7
76,Mental Health Outcomes,CHANGE IN HAM-D SCORE,2007,24
77,Survival/Time-to-Event,TIME TO TREATMENT FAILURE,2007,23
78,Symptoms/Pain,PAIN RESPONSE RATE,2007,25
79,Response Rates,IGA RESPONSE,2007,7
80,Response Rates,ACR50 RESPONSE,2007,12
81,Immunogenicity,ANTIBODY TITER,2007,30
82,Vital Signs/Physical Measures,CHANGE IN DIASTOLIC BLOOD PRESSURE,2007,21
83,Response Rates,PASI 75 RESPONSE,2007,8
84,Pharmacokinetics,ACCUMULATION RATIO,2007,11
85,Adverse Events/Safety,NUMBER OF PARTICIPANTS WITH TREATMENT-RELATED ADVERSE EVENTS,2007,10
86,Pharmacokinetics,TERMINAL ELIMINATION HALF-LIFE,2007,9
87,Biomarkers/Lab Values,CHANGE IN CREATININE,2007,13
88,Quality of Life/PRO,CHANGE IN DLQI SCORE,2007,9
89,Response Rates,ACR70 RESPONSE,2007,11
91,Survival/Time-to-Event,MEDIAN PROGRESSION-FREE SURVIVAL,2007,19
92,Adverse Events/Safety,PERCENTAGE OF PARTICIPANTS WITH TREATMENT-EMERGENT ADVERSE EVENTS,2007,2
93,Symptoms/Pain,CHANGE IN BPI SCORE,2007,15
94,Immunogenicity,NUMBER OF PARTICIPANTS WITH ANTI-DRUG ANTIBODIES,2007,2
95,Remission/Cure,COMPLETE REMISSION,2007,9
96,Imaging Outcomes,CHANGE IN BONE MINERAL DENSITY,2007,17
97,Quality of Life/PRO,CHANGE IN EORTC QLQ-C30 SCORE,2007,7
98,Biomarkers/Lab Values,PERCENTAGE OF PARTICIPANTS WITH LABORATORY ABNORMALITIES,2007,16
99,Biomarkers/Lab Values,CHANGE IN AST,2007,7
100,Mental Health Outcomes,CHANGE IN PANSS SCORE,2007,21
101,Adverse Events/Safety,NUMBER OF PARTICIPANTS WITH DOSE LIMITING TOXICITIES,2007,6
102,Adverse Events/Safety,GRADE 3 OR HIGHER ADVERSE EVENTS,2007,18
103,Vital Signs/Physical Measures,SYSTOLIC BLOOD PRESSURE,2007,8
104,Treatment Adherence,PERCENTAGE OF PARTICIPANTS COMPLETING TREATMENT,2007,7
105,Mental Health Outcomes,CHANGE IN MMSE SCORE,2007,17
106,Pharmacokinetics,MEAN RESIDENCE TIME,2007,12
107,Biomarkers/Lab Values,CHANGE IN PLATELET COUNT,2007,13
108,Response Rates,COMPLETE RESPONSE,2007,9
109,Dose-Finding,RECOMMENDED PHASE 2 DOSE,2007,8
110,Immunogenicity,IMMUNE RESPONSE RATE,2007,10
111,Pharmacokinetics,RENAL CLEARANCE,2007,5
112,Biomarkers/Lab Values,PERCENT CHANGE IN LDL CHOLESTEROL,2007,17
113,Treatment Adherence,COMPLIANCE RATE,2007,17
114,Adverse Events/Safety,NUMBER OF PARTICIPANTS WITH DOSE-LIMITING TOXICITIES,2007,5
115,Vital Signs/Physical Measures,CHANGE FROM BASELINE IN FEV1,2007,5
116,Adverse Events/Safety,NUMBER OF PARTICIPANTS WITH UNSOLICITED ADVERSE EVENTS,2007,5
117,Remission/Cure,CLINICAL REMISSION,2007,7
118,Response Rates,RESPONDER RATE,2007,9
119,Quality of Life/PRO,FATIGUE,2007,7
120,Functional Status,6-MINUTE WALK DISTANCE,2007,3
121,Pharmacokinetics,MAXIMUM SERUM CONCENTRATION,2007,4
122,Response Rates,PATHOLOGICAL COMPLETE RESPONSE,2007,15
123,Vital Signs/Physical Measures,DIASTOLIC BLOOD PRESSURE,2007,6
124,Adverse Events/Safety,INJECTION SITE REACTIONS,2007,8
125,Pharmacokinetics,MAXIMUM OBSERVED SERUM CONCENTRATION,2007,6
126,Symptoms/Pain,PAIN SCORE,2007,2
128,Biomarkers/Lab Values,CHANGE IN WHITE BLOOD CELL COUNT,2007,8
129,Response Rates,PASI 90 RESPONSE,2007,4
130,Symptoms/Pain,CHANGE IN WOMAC PAIN SCORE,2007,6
131,Mortality,30-DAY MORTALITY,2007,8
132,Imaging Outcomes,CHANGE IN EJECTION FRACTION,2007,6
133,Biomarkers/Lab Values,CHANGE IN ALBUMIN,2007,5
134,Adverse Events/Safety,PERCENTAGE OF PARTICIPANTS WITH SERIOUS ADVERSE EVENTS,2007,4
135,Vital Signs/Physical Measures,CHANGE IN TEMPERATURE,2007,2
136,Adverse Events/Safety,TOTAL ADVERSE EVENTS SUMMARY,2007,16
137,Pharmacokinetics,TIME TO MAXIMUM PLASMA CONCENTRATION,2007,2
138,Mental Health Outcomes,SUICIDAL IDEATION ASSESSMENT,2007,3
139,Mental Health Outcomes,CHANGE IN HAM-A SCORE,2007,11
140,Disease Activity Scores,CHANGE IN CDAI SCORE,2007,3
141,Vital Signs/Physical Measures,CHANGE FROM BASELINE IN BLOOD PRESSURE,2007,4
143,Mental Health Outcomes,CHANGE IN ADAS-COG SCORE,2007,8
144,Adverse Events/Safety,INCIDENCE OF TREATMENT-EMERGENT ADVERSE EVENTS,2007,1
145,Adverse Events/Safety,NUMBER OF PARTICIPANTS WITH ABNORMAL ECG FINDINGS,2007,2
146,Immunogenicity,GEOMETRIC MEAN TITERS,2007,19
147,Quality of Life/PRO,CHANGE IN SGRQ SCORE,2007,6
148,Pharmacokinetics,APPARENT CLEARANCE,2007,4
149,Survival/Time-to-Event,1-YEAR SURVIVAL RATE,2007,12
150,Response Rates,BEST OVERALL RESPONSE RATE,2007,5
151,Biomarkers/Lab Values,CHANGE FROM BASELINE IN HEMATOCRIT,2007,6
152,Biomarkers/Lab Values,CHANGE IN BILIRUBIN,2007,4
153,Adverse Events/Safety,NUMBER OF PARTICIPANTS WITH SERIOUS AND NON-SERIOUS ADVERSE EVENTS,2007,3
154,Hospitalization/Healthcare Use,HOSPITALIZATION RATE,2007,5
155,Adverse Events/Safety,NUMBER OF PATIENTS WITH ADVERSE EVENTS,2007,10
156,Mental Health Outcomes,CHANGE IN YMRS SCORE,2007,16
157,Pharmacokinetics,APPARENT TERMINAL HALF-LIFE,2007,1
158,Biomarkers/Lab Values,PERCENT CHANGE IN TOTAL CHOLESTEROL,2007,14
159,Pharmacokinetics,TROUGH PLASMA CONCENTRATION,2007,5
160,Adverse Events/Safety,NUMBER OF SERIOUS ADVERSE EVENTS,2007,5
161,Adverse Events/Safety,DOSE-LIMITING TOXICITY,2007,8
162,Immunogenicity,GEOMETRIC MEAN TITER,2007,10
163,Microbiological/Virological,VIRAL SUPPRESSION RATE,2007,4
164,Biomarkers/Lab Values,PERCENT CHANGE IN HDL CHOLESTEROL,2007,12
165,Treatment Adherence,RETENTION RATE,2007,2
166,Biomarkers/Lab Values,CHANGE IN FERRITIN,2007,2
167,Adverse Events/Safety,NUMBER OF SUBJECTS WITH ANY AND GRADE 3 SOLICITED LOCAL SYMPTOMS,2007,15
168,Survival/Time-to-Event,TIME TO NEXT TREATMENT,2007,5
169,Mortality,CARDIOVASCULAR MORTALITY,2007,6
171,Pharmacokinetics,ELIMINATION HALF-LIFE,2007,2
172,Response Rates,PARTIAL RESPONSE RATE,2007,11
173,Vital Signs/Physical Measures,CHANGE IN PULSE RATE,2007,5
174,Mental Health Outcomes,DEPRESSION RESPONSE RATE,2007,7
175,Biomarkers/Lab Values,CHANGE IN ESR,2007,7
176,Symptoms/Pain,CHANGE IN PRURITUS SCORE,2007,2
177,Survival/Time-to-Event,MEDIAN PROGRESSION FREE SURVIVAL,2007,8
178,Pharmacokinetics,TOTAL BODY CLEARANCE,2007,5
179,Pharmacokinetics,APPARENT ORAL CLEARANCE,2007,7
180,Vital Signs/Physical Measures,CHANGE FROM BASELINE IN TROUGH FEV1,2007,3
181,Vital Signs/Physical Measures,CHANGE IN FEV1,2007,9
182,Response Rates,CLINICAL RESPONSE RATE,2007,8
183,Biomarkers/Lab Values,PERCENT CHANGE IN TRIGLYCERIDES,2007,12
184,Pharmacokinetics,VOLUME OF DISTRIBUTION AT STEADY STATE,2007,7
185,Vital Signs/Physical Measures,CHANGE FROM BASELINE IN PULSE RATE,2007,2
186,Adverse Events/Safety,NUMBER OF PARTICIPANTS WITH CLINICALLY SIGNIFICANT LABORATORY ABNORMALITIES,2007,4
187,Biomarkers/Lab Values,CHANGE IN NT-PROBNP,2007,3
188,Disease Activity Scores,CHANGE IN UPDRS SCORE,2007,11
189,Adverse Events/Safety,NUMBER OF TREATMENT-EMERGENT ADVERSE EVENTS,2007,2
190,Biomarkers/Lab Values,PERCENT CHANGE IN APOLIPOPROTEIN B,2007,8
191,Biomarkers/Lab Values,NUMBER OF PARTICIPANTS WITH LABORATORY TEST ABNORMALITIES,2007,5
192,Adverse Events/Safety,"NUMBER OF SUBJECTS WITH ANY, GRADE 3 AND RELATED SOLICITED GENERAL SYMPTOMS",2007,17
193,Symptoms/Pain,OPIOID CONSUMPTION,2007,1
194,Hospitalization/Healthcare Use,TIME TO HOSPITAL DISCHARGE,2007,5
195,Vital Signs/Physical Measures,HEART RATE,2007,3
196,Vital Signs/Physical Measures,CHANGE FROM BASELINE IN RESPIRATORY RATE,2007,1
197,Survival/Time-to-Event,RELAPSE-FREE SURVIVAL,2007,4
198,Response Rates,PERCENTAGE OF PARTICIPANTS WITH VIROLOGIC FAILURE,2007,1
200,Survival/Time-to-Event,OVERALL SURVIVAL RATE,2007,1
201,Response Rates,PATHOLOGIC COMPLETE RESPONSE,2007,6
202,Quality of Life/PRO,TREATMENT SATISFACTION,2007,4
203,Adverse Events/Safety,NUMBER OF PARTICIPANTS WITH ANY ADVERSE EVENTS,2007,3
204,Biomarkers/Lab Values,MINIMAL RESIDUAL DISEASE NEGATIVITY,2007,2
205,Imaging Outcomes,CHANGE IN TUMOR SIZE,2007,7
208,Quality of Life/PRO,CHANGE IN EQ-5D VAS SCORE,2007,7
209,Adverse Events/Safety,NUMBER OF PARTICIPANTS WITH ADVERSE EVENTS LEADING TO DISCONTINUATION,2007,2
210,Adverse Events/Safety,NUMBER OF PARTICIPANTS WITH DRUG-RELATED ADVERSE EVENTS,2007,4
211,Adverse Events/Safety,NUMBER OF PARTICIPANTS WITH ECG ABNORMALITIES,2007,4
212,Biomarkers/Lab Values,CHANGE IN C-REACTIVE PROTEIN,2007,5
213,Mental Health Outcomes,CHANGE IN HADS SCORE,2007,7
214,Mental Health Outcomes,CHANGE FROM BASELINE IN CGI-S SCORE,2007,5
215,Vital Signs/Physical Measures,CHANGE FROM BASELINE IN SYSTOLIC BLOOD PRESSURE,2007,6
216,Quality of Life/PRO,CHANGE IN FATIGUE SCORE,2007,3
217,Response Rates,CLINICAL RESPONSE,2007,6
218,Survival/Time-to-Event,TIME TO PSA PROGRESSION,2007,6
219,Pharmacokinetics,ELIMINATION RATE CONSTANT,2007,1
221,Pharmacokinetics,PEAK PLASMA CONCENTRATION,2007,1
222,Symptoms/Pain,NAUSEA,2007,2
223,Biomarkers/Lab Values,CHANGE IN ABSOLUTE NEUTROPHIL COUNT,2007,3
224,Biomarkers/Lab Values,CHANGE FROM BASELINE IN HEMATOLOGY PARAMETERS,2007,1
225,Biomarkers/Lab Values,CHANGE IN HEMATOCRIT,2007,5
226,Mortality,TREATMENT-RELATED MORTALITY,2007,5
227,Survival/Time-to-Event,RECURRENCE-FREE SURVIVAL,2007,3
228,Pharmacokinetics,AUCTAU,2007,3
229,Functional Status,CHANGE IN EDSS SCORE,2007,3
230,Biomarkers/Lab Values,CHANGE IN HSCRP,2007,3
231,Response Rates,TUMOR RESPONSE RATE,2007,10
232,Response Rates,PASI 50 RESPONSE,2007,4
233,Adverse Events/Safety,PROCEDURAL SUCCESS,2007,3
234,Quality of Life/PRO,CHANGE IN KCCQ SCORE,2007,1
235,Quality of Life/PRO,SLEEP EFFICIENCY,2007,9
236,Survival/Time-to-Event,TIME TO RELAPSE,2007,2
237,Pharmacokinetics,MINIMUM PLASMA CONCENTRATION,2007,3
238,Symptoms/Pain,PRURITUS SCORE,2007,3
239,Vital Signs/Physical Measures,NUMBER OF PARTICIPANTS WITH CLINICALLY SIGNIFICANT CHANGES IN VITAL SIGNS,2007,2
240,Immunogenicity,SERORESPONSE RATE,2007,5
241,Mental Health Outcomes,CHANGE IN CGI-S SCORE,2007,5
242,Adverse Events/Safety,FREQUENCY OF ADVERSE EVENTS,2007,4
243,Vital Signs/Physical Measures,PERCENT CHANGE IN BODY WEIGHT,2007,4
244,Remission/Cure,DEPRESSION REMISSION RATE,2007,6
245,Disease Control,STABLE DISEASE RATE,2007,9
247,Vital Signs/Physical Measures,CHANGE FROM BASELINE IN DIASTOLIC BLOOD PRESSURE,2007,5
248,Disease Activity Scores,CHANGE IN SDAI SCORE,2007,3
249,Symptoms/Pain,DYSPNEA SCORE,2007,8
250,Microbiological/Virological,MICROBIOLOGICAL ERADICATION,2007,9
251,Survival/Time-to-Event,TIME TO TUMOR PROGRESSION,2007,7
253,Biomarkers/Lab Values,CHANGE IN FASTING INSULIN,2007,5
255,Adverse Events/Safety,ADVERSE EVENTS LEADING TO DISCONTINUATION,2007,10
256,Mortality,ALL COLLECTED DEATHS,2007,3
258,Biomarkers/Lab Values,CHANGE IN FASTING GLUCOSE,2007,5
259,Vital Signs/Physical Measures,FORCED EXPIRATORY VOLUME IN 1 SECOND (FEV1),2007,9
260,Quality of Life/PRO,PARTICIPANT SATISFACTION,2007,3
261,Response Rates,PASI 100 RESPONSE,2007,1
262,Biomarkers/Lab Values,CHANGE IN INR,2007,2
263,Vital Signs/Physical Measures,INTRAOCULAR PRESSURE,2007,3
264,Biomarkers/Lab Values,CHANGE IN HOMA-IR,2007,2
265,Adverse Events/Safety,INCIDENCE OF SERIOUS ADVERSE EVENTS,2007,4
266,Mortality,NUMBER OF PARTICIPANTS WHO DIED,2007,5
267,Pharmacokinetics,PLASMA DECAY HALF-LIFE,2007,6
268,Quality of Life/PRO,TOTAL SLEEP TIME,2007,7
269,Response Rates,TUMOR RESPONSE,2007,1
271,Pharmacokinetics,MAXIMUM OBSERVED PLASMA CONCENTRATION,2007,3
272,Mental Health Outcomes,CHANGE IN CES-D SCORE,2007,3
273,Hospitalization/Healthcare Use,DURATION OF HOSPITALIZATION,2007,3
274,Survival/Time-to-Event,DURATION OF OBJECTIVE RESPONSE,2007,5
275,Hospitalization/Healthcare Use,ICU ADMISSION RATE,2007,1
276,Hospitalization/Healthcare Use,ICU LENGTH OF STAY,2007,3
277,Vital Signs/Physical Measures,NUMBER OF PARTICIPANTS WITH CLINICALLY SIGNIFICANT CHANGE IN VITAL SIGNS,2007,2
278,Immunogenicity,NUMBER OF PARTICIPANTS WITH POSITIVE ANTI-DRUG ANTIBODIES,2007,1
279,Adverse Events/Safety,NUMBER OF SUBJECTS REPORTING UNSOLICITED ADVERSE EVENTS,2007,14
280,Quality of Life/PRO,PATIENT GLOBAL IMPRESSION OF IMPROVEMENT,2007,7
281,Vital Signs/Physical Measures,FORCED VITAL CAPACITY,2007,8
282,Biomarkers/Lab Values,LABORATORY VALUES SUMMARY,2007,4
283,Mortality,NON-RELAPSE MORTALITY,2007,4
284,Functional Status,VISUAL ACUITY,2007,4
285,Mental Health Outcomes,CHANGE IN BDI-II SCORE,2007,3
286,Mental Health Outcomes,PERCEIVED STRESS SCORE,2007,1
287,Response Rates,TARGET LESION RESPONSE,2007,5
288,Disease Activity Scores,ANNUALIZED RELAPSE RATE,2007,9
289,Mental Health Outcomes,CHANGE IN ANXIETY SCORE,2007,1
290,Biomarkers/Lab Values,CHANGE IN PSA,2007,5
291,Response Rates,COMPLETE REMISSION RATE,2007,4
292,Remission/Cure,ENDOSCOPIC REMISSION,2007,2
293,Survival/Time-to-Event,PROGRESSION-FREE SURVIVAL RATE,2007,6
296,Disease Control,CLINICAL SUCCESS,2007,5
297,Remission/Cure,CURE RATE,2007,4
298,Pharmacokinetics,AUC0-LAST,2007,2
299,Functional Status,CHANGE IN VISUAL ACUITY,2007,5
300,Hospitalization/Healthcare Use,EMERGENCY ROOM VISITS,2007,3
301,Biomarkers/Lab Values,MEAN CHANGE IN HEMOGLOBIN,2007,9
302,Imaging Outcomes,PERCENT CHANGE IN BONE MINERAL DENSITY,2007,5
303,Symptoms/Pain,CHANGE IN ADHD-RS SCORE,2007,9
304,Biomarkers/Lab Values,CHANGE IN TOTAL BILIRUBIN,2007,1
305,Disease Control,DURATION OF STABLE DISEASE,2007,9
308,Biomarkers/Lab Values,PERCENT CHANGE IN NON-HDL-C,2007,3
309,Mortality,PERCENTAGE OF PARTICIPANTS WHO DIED,2007,5
310,Vital Signs/Physical Measures,CHANGE FROM BASELINE IN ECG PARAMETERS,2007,5
312,Adverse Events/Safety,NUMBER OF PARTICIPANTS WITH ADVERSE EVENTS AND SERIOUS ADVERSE EVENTS,2007,2
313,Adverse Events/Safety,NUMBER OF PARTICIPANTS WITH GRADE 3 OR HIGHER ADVERSE EVENTS,2007,6
314,Disease Control,TECHNICAL SUCCESS,2007,2
315,Disease Activity Scores,CHANGE IN BASDAI SCORE,2007,3
316,Functional Status,CHANGE IN ECOG PERFORMANCE STATUS,2007,3
317,Remission/Cure,CLINICAL CURE RATE,2007,5
318,Biomarkers/Lab Values,INSULIN SENSITIVITY,2007,7
320,Adverse Events/Safety,TOTAL SERIOUS ADVERSE EVENTS SUMMARY,2007,5
321,Symptoms/Pain,CHANGE IN DYSPNEA SCORE,2007,4
322,Biomarkers/Lab Values,CHANGE IN SERUM CREATININE,2007,3
323,Quality of Life/PRO,CHANGE IN SF-12 SCORE,2007,1
324,Mental Health Outcomes,CLINICIAN GLOBAL IMPRESSION,2007,6
325,Functional Status,CHANGE IN PHYSICAL ACTIVITY,2007,1
327,Other Clinical Endpoints,DEVICE SUCCESS,2007,4
328,Adverse Events/Safety,NUMBER OF PARTICIPANTS WITH ANY ADVERSE EVENT,2007,1
329,Biomarkers/Lab Values,PERCENT CHANGE IN LDL-C,2007,2
330,Vital Signs/Physical Measures,RESPIRATORY RATE,2007,5
331,Mortality,90-DAY MORTALITY,2007,2
332,Adverse Events/Safety,"NUMBER OF SUBJECTS WITH ANY, GRADE 3 AND RELATED UNSOLICITED ADVERSE EVENTS",2007,10
333,Symptoms/Pain,AVERAGE PAIN SCORE,2007,4
334,Vital Signs/Physical Measures,MEAN CHANGE IN BLOOD PRESSURE,2007,4
335,Response Rates,PSA RESPONSE RATE,2007,7
337,Pharmacokinetics,SYSTEMIC CLEARANCE,2007,2
338,Vital Signs/Physical Measures,TROUGH FEV1,2007,7
339,Pharmacokinetics,APPARENT TERMINAL ELIMINATION HALF-LIFE,2007,3
343,Quality of Life/PRO,CHANGE IN FACIT-FATIGUE SCORE,2007,2
344,Response Rates,MEDIAN DURATION OF RESPONSE,2007,6
347,Adverse Events/Safety,NUMBER OF TREATMENT EMERGENT ADVERSE EVENTS,2007,1
349,Quality of Life/PRO,PITTSBURGH SLEEP QUALITY INDEX SCORE,2007,2
350,Response Rates,PROSTATE-SPECIFIC ANTIGEN RESPONSE,2007,7
352,Response Rates,PERCENTAGE OF PATIENTS ACHIEVING TARGET,2007,4
353,Mental Health Outcomes,CLINICAL GLOBAL IMPRESSION - IMPROVEMENT,2007,3
355,Adverse Events/Safety,NUMBER OF PARTICIPANTS WITH DOSE LIMITING TOXICITY,2007,1
357,Quality of Life/PRO,PATIENT GLOBAL IMPRESSION OF SEVERITY,2007,2
358,Biomarkers/Lab Values,PERCENT CHANGE IN NON-HDL CHOLESTEROL,2007,2
360,Mental Health Outcomes,BECK DEPRESSION INVENTORY SCORE,2007,2
361,Functional Status,CHANGE FROM BASELINE IN BEST CORRECTED VISUAL ACUITY,2007,1
362,Functional Status,CHANGE IN BEST CORRECTED VISUAL ACUITY,2007,1
363,Adverse Events/Safety,NUMBER OF SUBJECTS WITH ANY UNSOLICITED ADVERSE EVENTS,2007,7
366,Vital Signs/Physical Measures,CHANGE FROM BASELINE IN HEART RATE,2007,1
369,Quality of Life/PRO,CLINICIAN GLOBAL IMPRESSION OF CHANGE,2007,2
370,Mental Health Outcomes,DEPRESSIVE SYMPTOMS,2007,1
372,Adverse Events/Safety,TOTAL OPIOID CONSUMPTION,2007,1
374,Biomarkers/Lab Values,CHANGE FROM BASELINE IN CLINICAL CHEMISTRY PARAMETERS,2007,1
375,Vital Signs/Physical Measures,CHANGE IN INTRAOCULAR PRESSURE,2007,3
376,Vital Signs/Physical Measures,CHANGES IN FORCED VITAL CAPACITY,2007,3
377,Imaging Outcomes,LEFT VENTRICULAR EJECTION FRACTION,2007,3
379,Vital Signs/Physical Measures,MEAN CHANGE IN HEART RATE,2007,5
380,Immunogenicity,NUMBER OF SEROCONVERTED SUBJECTS,2007,3
381,Hospitalization/Healthcare Use,PROCEDURE TIME,2007,1
384,Quality of Life/PRO,CHANGE IN SLEEP QUALITY SCORE,2007,3
385,Adverse Events/Safety,NUMBER OF SUBJECTS WITH UNSOLICITED ADVERSE EVENTS,2007,4
387,Survival/Time-to-Event,TIME TO FIRST EXACERBATION,2007,2
388,Adverse Events/Safety,TREATMENT DISCONTINUATION RATE,2007,3
389,Immunogenicity,VACCINE RESPONSE RATE,2007,7
391,Hospitalization/Healthcare Use,DURATION OF HOSPITAL STAY,2007,2
392,Survival/Time-to-Event,MEDIAN SURVIVAL TIME,2007,2
393,Adverse Events/Safety,NUMBER OF PARTICIPANTS WITH TREATMENT RELATED ADVERSE EVENTS,2007,6
394,Hospitalization/Healthcare Use,OPERATIVE TIME,2007,2
396,Survival/Time-to-Event,2-YEAR SURVIVAL RATE,2007,5
398,Quality of Life/PRO,CHANGE IN TREATMENT SATISFACTION SCORE,2007,1
399,Symptoms/Pain,CHANGE IN WOMAC STIFFNESS SCORE,2007,3
400,Hospitalization/Healthcare Use,DURATION OF MECHANICAL VENTILATION,2007,3
402,Adverse Events/Safety,NUMBER OF PARTICIPANTS WITH CLINICAL LABORATORY ABNORMALITIES,2007,1
403,Symptoms/Pain,PAIN INTENSITY,2007,2
404,Pharmacokinetics,AUC(0-T),2007,4
406,Vital Signs/Physical Measures,CHANGE FROM BASELINE IN SYSTOLIC AND DIASTOLIC BLOOD PRESSURE,2007,2
407,Biomarkers/Lab Values,CHANGE IN ALBUMIN AND TOTAL PROTEIN,2007,7
408,Biomarkers/Lab Values,CHANGE IN INSULIN SENSITIVITY,2007,1
410,Symptoms/Pain,INSOMNIA SEVERITY INDEX,2007,1
411,Functional Status,MEAN CHANGE IN BEST CORRECTED VISUAL ACUITY,2007,2
412,Adverse Events/Safety,NUMBER OF PARTICIPANTS WITH CLINICALLY SIGNIFICANT ECG CHANGES,2007,1
413,Response Rates,PATHOLOGIC COMPLETE RESPONSE RATE,2007,4
414,Adverse Events/Safety,PERCENTAGE OF PARTICIPANTS REPORTING LOCAL REACTIONS,2007,11
415,Mortality,TRANSPLANT-RELATED MORTALITY,2007,6
416,Vital Signs/Physical Measures,VITAL SIGNS SUMMARY,2007,2
417,Survival/Time-to-Event,6-MONTH PROGRESSION-FREE SURVIVAL,2007,7
419,Quality of Life/PRO,CLINICAL GLOBAL IMPRESSION OF CHANGE,2007,6
420,Immunogenicity,GEOMETRIC MEAN TITER OF ANTIBODIES,2007,2
421,Adverse Events/Safety,NUMBER OF PARTICIPANTS WITH ADVERSE DRUG REACTIONS,2007,3
423,Response Rates,PERCENTAGE OF PARTICIPANTS WITH CLINICAL RESPONSE,2007,4
425,Hospitalization/Healthcare Use,VENTILATOR-FREE DAYS,2007,1
426,Pharmacokinetics,APPARENT TOTAL BODY CLEARANCE,2007,2
427,Biomarkers/Lab Values,CHANGE IN BNP,2007,2
428,Vital Signs/Physical Measures,CHANGE IN FORCED VITAL CAPACITY,2007,5
429,Mental Health Outcomes,DEPRESSION SCORE,2007,2
430,Disease Activity Scores,PERCENT CHANGE IN PASI SCORE,2007,4
432,Symptoms/Pain,CHANGE IN INSOMNIA SEVERITY INDEX SCORE,2007,2
433,Functional Status,GRIP STRENGTH,2007,3
434,Adverse Events/Safety,PERCENTAGE OF PARTICIPANTS EXPERIENCING TREATMENT-EMERGENT ADVERSE EVENTS,2007,1
435,Biomarkers/Lab Values,CHANGE IN ALKALINE PHOSPHATASE,2007,4
437,Response Rates,NUMBER OF RESPONDERS,2007,6
438,Immunogenicity,NUMBER OF SEROPROTECTED SUBJECTS,2007,3
439,Adverse Events/Safety,NUMBER OF SUBJECTS WITH SOLICITED GENERAL SYMPTOMS,2007,6
440,Pharmacokinetics,TIME OF MAXIMUM CONCENTRATION,2007,1
441,Functional Status,TIMED UP AND GO TEST,2007,1
442,Biomarkers/Lab Values,CHANGE FROM BASELINE IN FASTING PLASMA GLUCOSE,2007,3
443,Biomarkers/Lab Values,CHANGE FROM BASELINE IN RED BLOOD CELL COUNT,2007,2
444,Disease Activity Scores,CHANGE IN SWOLLEN JOINT COUNT,2007,2
445,Response Rates,CONFIRMED RESPONSE RATE,2007,4
446,Imaging Outcomes,MRI LESION COUNT,2007,4
448,Adverse Events/Safety,PERCENTAGE OF PARTICIPANTS REPORTING SYSTEMIC EVENTS,2007,11
451,Remission/Cure,CLINICAL CURE,2007,6
452,Survival/Time-to-Event,DURATION OF COMPLETE RESPONSE,2007,1
453,Biomarkers/Lab Values,MEAN CHANGE IN HEMOGLOBIN A1C,2007,2
454,Symptoms/Pain,PAIN INTERFERENCE SCORE,2007,2
455,Remission/Cure,PERCENTAGE OF PARTICIPANTS ACHIEVING CLINICAL REMISSION,2007,1
456,Adverse Events/Safety,RATE OF ADVERSE EVENTS,2007,5
457,Mortality,TIME TO DEATH,2007,3
459,Functional Status,CHANGE FROM BASELINE IN BCVA,2007,1
460,Vital Signs/Physical Measures,CHANGE FROM BASELINE IN BODY WEIGHT,2007,2
461,Functional Status,CHANGE IN WOMAC PHYSICAL FUNCTION SCORE,2007,3
462,Response Rates,CONFIRMED OBJECTIVE RESPONSE RATE,2007,1
463,Adverse Events/Safety,DRUG-RELATED ADVERSE EVENTS,2007,2
464,Adverse Events/Safety,NUMBER OF PARTICIPANTS WITH INJECTION SITE REACTIONS,2007,4
465,Adverse Events/Safety,OCCURRENCE OF ADVERSE EVENTS,2007,4
466,Adverse Events/Safety,PERCENTAGE OF PARTICIPANTS WITH SYSTEMIC EVENTS,2007,1
467,Quality of Life/PRO,SLEEP DISTURBANCE SCORE,2007,3
469,Symptoms/Pain,APNEA-HYPOPNEA INDEX,2007,2
470,Response Rates,EULAR RESPONSE RATE,2007,2
471,Vital Signs/Physical Measures,MEAN HEART RATE,2007,5
472,Response Rates,PERCENTAGE OF PARTICIPANTS WITH RELAPSE,2007,3
473,Pharmacokinetics,TERMINAL PHASE ELIMINATION HALF-LIFE,2007,2
474,Response Rates,TREATMENT SUCCESS,2007,2
476,Biomarkers/Lab Values,CHANGE IN FASTING SERUM GLUCOSE,2007,1
477,Imaging Outcomes,CHANGE IN LEFT VENTRICULAR EJECTION FRACTION,2007,6
478,Disease Control,DURATION OF DISEASE CONTROL,2007,3
479,Treatment Adherence,DURATION OF TREATMENT,2007,2
480,Adverse Events/Safety,NUMBER OF DOSE LIMITING TOXICITIES,2007,1
481,Adverse Events/Safety,NUMBER OF SUBJECTS WITH SOLICITED LOCAL SYMPTOMS,2007,4
482,Immunogenicity,SEROCONVERSION FACTOR,2007,8
483,Mental Health Outcomes,ANXIETY SCORE,2007,1
484,Pharmacokinetics,AVERAGE PLASMA CONCENTRATION,2007,2
486,Quality of Life/PRO,CHANGE IN WOMAC SCORE,2007,2
487,Mortality,IN-HOSPITAL MORTALITY,2007,2
489,Response Rates,NUMBER OF PARTICIPANTS ACHIEVING TARGET,2007,4
490,Functional Status,PHYSICAL FUNCTION,2007,2
494,Functional Status,CHANGE IN WHO FUNCTIONAL CLASS,2007,1
497,Adverse Events/Safety,NUMBER OF PARTICIPANTS WITH DOSE-LIMITING TOXICITY,2007,3
499,Adverse Events/Safety,PERCENTAGE OF PARTICIPANTS WITH AT LEAST ONE ADVERSE EVENT,2007,1
1,Response Rates,OBJECTIVE RESPONSE RATE,2008,352
2,Survival/Time-to-Event,OVERALL SURVIVAL,2008,308
3,Survival/Time-to-Event,PROGRESSION-FREE SURVIVAL,2008,316
4,Adverse Events/Safety,NUMBER OF PARTICIPANTS WITH ADVERSE EVENTS,2008,251
5,Pharmacokinetics,MAXIMUM PLASMA CONCENTRATION,2008,147
6,Adverse Events/Safety,NUMBER OF PARTICIPANTS WITH TREATMENT-EMERGENT ADVERSE EVENTS,2008,95
7,Pharmacokinetics,TIME TO MAXIMUM CONCENTRATION,2008,95
8,Response Rates,DURATION OF RESPONSE,2008,103
9,Adverse Events/Safety,NUMBER OF PARTICIPANTS WITH SERIOUS ADVERSE EVENTS,2008,90
10,Pharmacokinetics,AUC FROM 0 TO INFINITY,2008,63
11,Biomarkers/Lab Values,CHANGE IN HEMOGLOBIN A1C,2008,98
12,Vital Signs/Physical Measures,CHANGE IN BODY WEIGHT,2008,87
13,Pharmacokinetics,AREA UNDER THE CONCENTRATION-TIME CURVE,2008,51
14,Disease Control,DISEASE CONTROL RATE,2008,40
15,Pharmacokinetics,PLASMA DRUG CONCENTRATION,2008,37
16,Quality of Life/PRO,CHANGE IN QUALITY OF LIFE SCORE,2008,46
17,Symptoms/Pain,CHANGE IN VAS PAIN SCORE,2008,64
18,Quality of Life/PRO,PATIENT SATISFACTION,2008,26
19,Dose-Finding,MAXIMUM TOLERATED DOSE,2008,60
20,Symptoms/Pain,CHANGE IN PAIN SCORE,2008,54
21,Survival/Time-to-Event,TIME TO PROGRESSION,2008,70
22,Mortality,ALL-CAUSE MORTALITY,2008,40
23,Response Rates,PERCENTAGE OF PARTICIPANTS ACHIEVING TARGET,2008,64
24,Vital Signs/Physical Measures,CHANGE IN BLOOD PRESSURE,2008,60
25,Pharmacokinetics,AUC FROM 0 TO LAST MEASURABLE CONCENTRATION,2008,25
26,Biomarkers/Lab Values,CHANGE IN FASTING PLASMA GLUCOSE,2008,61
27,Adverse Events/Safety,NUMBER OF ADVERSE EVENTS,2008,31
28,Quality of Life/PRO,CHANGE IN SF-36 SCORE,2008,50
29,Response Rates,COMPLETE RESPONSE RATE,2008,37
30,Adverse Events/Safety,NUMBER OF PARTICIPANTS WITH TREATMENT EMERGENT ADVERSE EVENTS,2008,13
31,Vital Signs/Physical Measures,CHANGE IN HEART RATE,2008,31
32,Biomarkers/Lab Values,CHANGE IN HEMOGLOBIN,2008,35
33,Adverse Events/Safety,PERCENTAGE OF PARTICIPANTS WITH ADVERSE EVENTS,2008,27
34,Immunogenicity,SEROCONVERSION RATE,2008,41
35,Pharmacokinetics,VOLUME OF DISTRIBUTION,2008,21
36,Response Rates,CLINICAL BENEFIT RATE,2008,23
37,Quality of Life/PRO,CHANGE IN EQ-5D SCORE,2008,26
38,Hospitalization/Healthcare Use,LENGTH OF HOSPITAL STAY,2008,17
39,Vital Signs/Physical Measures,CHANGE IN BODY MASS INDEX,2008,30
40,Quality of Life/PRO,PATIENT GLOBAL IMPRESSION OF CHANGE,2008,38
41,Symptoms/Pain,CHANGE IN NRS PAIN SCORE,2008,13
42,Response Rates,SUSTAINED VIROLOGIC RESPONSE,2008,23
43,Adverse Events/Safety,DOSE-LIMITING TOXICITIES,2008,9
44,Biomarkers/Lab Values,CHANGE IN LDL CHOLESTEROL,2008,32
45,Survival/Time-to-Event,EVENT-FREE SURVIVAL,2008,30
46,Immunogenicity,SEROPROTECTION RATE,2008,40
47,Functional Status,CHANGE IN 6-MINUTE WALK DISTANCE,2008,20
48,Response Rates,TIME TO RESPONSE,2008,32
49,Survival/Time-to-Event,DISEASE-FREE SURVIVAL,2008,24
50,Pharmacokinetics,APPARENT VOLUME OF DISTRIBUTION,2008,10
51,Mental Health Outcomes,CHANGE IN MADRS SCORE,2008,35
52,Biomarkers/Lab Values,CHANGE IN CRP,2008,23
53,Immunogenicity,ANTI-DRUG ANTIBODIES,2008,18
54,Biomarkers/Lab Values,CHANGE IN TRIGLYCERIDES,2008,25
55,Mental Health Outcomes,CHANGE IN PHQ-9 SCORE,2008,3
56,Biomarkers/Lab Values,CHANGE IN TOTAL CHOLESTEROL,2008,27
57,Response Rates,ACR20 RESPONSE,2008,27
58,Biomarkers/Lab Values,CHANGE IN HDL CHOLESTEROL,2008,29
59,Pharmacokinetics,HALF-LIFE,2008,20
60,Disease Activity Scores,CHANGE IN DAS28 SCORE,2008,22
61,Vital Signs/Physical Measures,CHANGE IN SYSTOLIC BLOOD PRESSURE,2008,21
62,Pharmacokinetics,CLEARANCE,2008,13
63,Functional Status,CHANGE IN HAQ-DI SCORE,2008,21
64,Biomarkers/Lab Values,CHANGE IN VIRAL LOAD,2008,26
65,Treatment Adherence,TREATMENT ADHERENCE RATE,2008,10
66,Biomarkers/Lab Values,CHANGE IN ALT,2008,23
67,Survival/Time-to-Event,MEDIAN OVERALL SURVIVAL,2008,25
68,Vital Signs/Physical Measures,CHANGE IN WAIST CIRCUMFERENCE,2008,19
69,Adverse Events/Safety,INCIDENCE OF ADVERSE EVENTS,2008,11
70,Biomarkers/Lab Values,CHANGE IN CD4 COUNT,2008,22
71,Biomarkers/Lab Values,NUMBER OF PARTICIPANTS WITH LABORATORY ABNORMALITIES,2008,16
72,Pharmacokinetics,TROUGH CONCENTRATION,2008,10
73,Pharmacokinetics,TERMINAL HALF-LIFE,2008,11
74,Quality of Life/PRO,QUALITY OF LIFE SCORE,2008,18
75,Biomarkers/Lab Values,CHANGE IN EGFR,2008,13
76,Mental Health Outcomes,CHANGE IN HAM-D SCORE,2008,26
77,Survival/Time-to-Event,TIME TO TREATMENT FAILURE,2008,15
78,Symptoms/Pain,PAIN RESPONSE RATE,2008,18
79,Response Rates,IGA RESPONSE,2008,7
80,Response Rates,ACR50 RESPONSE,2008,21
81,Immunogenicity,ANTIBODY TITER,2008,19
82,Vital Signs/Physical Measures,CHANGE IN DIASTOLIC BLOOD PRESSURE,2008,17
83,Response Rates,PASI 75 RESPONSE,2008,14
84,Pharmacokinetics,ACCUMULATION RATIO,2008,8
85,Adverse Events/Safety,NUMBER OF PARTICIPANTS WITH TREATMENT-RELATED ADVERSE EVENTS,2008,7
86,Pharmacokinetics,TERMINAL ELIMINATION HALF-LIFE,2008,5
87,Biomarkers/Lab Values,CHANGE IN CREATININE,2008,16
88,Quality of Life/PRO,CHANGE IN DLQI SCORE,2008,9
89,Response Rates,ACR70 RESPONSE,2008,19
90,Mental Health Outcomes,CHANGE IN GAD-7 SCORE,2008,1
91,Survival/Time-to-Event,MEDIAN PROGRESSION-FREE SURVIVAL,2008,18
92,Adverse Events/Safety,PERCENTAGE OF PARTICIPANTS WITH TREATMENT-EMERGENT ADVERSE EVENTS,2008,7
93,Symptoms/Pain,CHANGE IN BPI SCORE,2008,16
94,Immunogenicity,NUMBER OF PARTICIPANTS WITH ANTI-DRUG ANTIBODIES,2008,5
95,Remission/Cure,COMPLETE REMISSION,2008,12
96,Imaging Outcomes,CHANGE IN BONE MINERAL DENSITY,2008,9
97,Quality of Life/PRO,CHANGE IN EORTC QLQ-C30 SCORE,2008,4
98,Biomarkers/Lab Values,PERCENTAGE OF PARTICIPANTS WITH LABORATORY ABNORMALITIES,2008,14
99,Biomarkers/Lab Values,CHANGE IN AST,2008,12
100,Mental Health Outcomes,CHANGE IN PANSS SCORE,2008,24
101,Adverse Events/Safety,NUMBER OF PARTICIPANTS WITH DOSE LIMITING TOXICITIES,2008,12
102,Adverse Events/Safety,GRADE 3 OR HIGHER ADVERSE EVENTS,2008,13
103,Vital Signs/Physical Measures,SYSTOLIC BLOOD PRESSURE,2008,16
104,Treatment Adherence,PERCENTAGE OF PARTICIPANTS COMPLETING TREATMENT,2008,5
105,Mental Health Outcomes,CHANGE IN MMSE SCORE,2008,13
106,Pharmacokinetics,MEAN RESIDENCE TIME,2008,10
107,Biomarkers/Lab Values,CHANGE IN PLATELET COUNT,2008,11
108,Response Rates,COMPLETE RESPONSE,2008,14
109,Dose-Finding,RECOMMENDED PHASE 2 DOSE,2008,7
110,Immunogenicity,IMMUNE RESPONSE RATE,2008,11
111,Pharmacokinetics,RENAL CLEARANCE,2008,4
112,Biomarkers/Lab Values,PERCENT CHANGE IN LDL CHOLESTEROL,2008,9
113,Treatment Adherence,COMPLIANCE RATE,2008,8
114,Adverse Events/Safety,NUMBER OF PARTICIPANTS WITH DOSE-LIMITING TOXICITIES,2008,9
115,Vital Signs/Physical Measures,CHANGE FROM BASELINE IN FEV1,2008,9
116,Adverse Events/Safety,NUMBER OF PARTICIPANTS WITH UNSOLICITED ADVERSE EVENTS,2008,8
117,Remission/Cure,CLINICAL REMISSION,2008,7
118,Response Rates,RESPONDER RATE,2008,20
119,Quality of Life/PRO,FATIGUE,2008,6
120,Functional Status,6-MINUTE WALK DISTANCE,2008,17
121,Pharmacokinetics,MAXIMUM SERUM CONCENTRATION,2008,3
122,Response Rates,PATHOLOGICAL COMPLETE RESPONSE,2008,17
123,Vital Signs/Physical Measures,DIASTOLIC BLOOD PRESSURE,2008,12
124,Adverse Events/Safety,INJECTION SITE REACTIONS,2008,6
125,Pharmacokinetics,MAXIMUM OBSERVED SERUM CONCENTRATION,2008,8
126,Symptoms/Pain,PAIN SCORE,2008,2
127,Hospitalization/Healthcare Use,HOSPITAL LENGTH OF STAY,2008,4
128,Biomarkers/Lab Values,CHANGE IN WHITE BLOOD CELL COUNT,2008,6
129,Response Rates,PASI 90 RESPONSE,2008,6
130,Symptoms/Pain,CHANGE IN WOMAC PAIN SCORE,2008,6
131,Mortality,30-DAY MORTALITY,2008,6
132,Imaging Outcomes,CHANGE IN EJECTION FRACTION,2008,17
133,Biomarkers/Lab Values,CHANGE IN ALBUMIN,2008,6
134,Adverse Events/Safety,PERCENTAGE OF PARTICIPANTS WITH SERIOUS ADVERSE EVENTS,2008,3
135,Vital Signs/Physical Measures,CHANGE IN TEMPERATURE,2008,2
136,Adverse Events/Safety,TOTAL ADVERSE EVENTS SUMMARY,2008,9
137,Pharmacokinetics,TIME TO MAXIMUM PLASMA CONCENTRATION,2008,3
138,Mental Health Outcomes,SUICIDAL IDEATION ASSESSMENT,2008,4
139,Mental Health Outcomes,CHANGE IN HAM-A SCORE,2008,20
140,Disease Activity Scores,CHANGE IN CDAI SCORE,2008,6
141,Vital Signs/Physical Measures,CHANGE FROM BASELINE IN BLOOD PRESSURE,2008,6
143,Mental Health Outcomes,CHANGE IN ADAS-COG SCORE,2008,13
144,Adverse Events/Safety,INCIDENCE OF TREATMENT-EMERGENT ADVERSE EVENTS,2008,2
145,Adverse Events/Safety,NUMBER OF PARTICIPANTS WITH ABNORMAL ECG FINDINGS,2008,10
146,Immunogenicity,GEOMETRIC MEAN TITERS,2008,11
147,Quality of Life/PRO,CHANGE IN SGRQ SCORE,2008,5
148,Pharmacokinetics,APPARENT CLEARANCE,2008,4
149,Survival/Time-to-Event,1-YEAR SURVIVAL RATE,2008,8
150,Response Rates,BEST OVERALL RESPONSE RATE,2008,12
151,Biomarkers/Lab Values,CHANGE FROM BASELINE IN HEMATOCRIT,2008,3
152,Biomarkers/Lab Values,CHANGE IN BILIRUBIN,2008,7
153,Adverse Events/Safety,NUMBER OF PARTICIPANTS WITH SERIOUS AND NON-SERIOUS ADVERSE EVENTS,2008,4
154,Hospitalization/Healthcare Use,HOSPITALIZATION RATE,2008,4
155,Adverse Events/Safety,NUMBER OF PATIENTS WITH ADVERSE EVENTS,2008,5
156,Mental Health Outcomes,CHANGE IN YMRS SCORE,2008,18
157,Pharmacokinetics,APPARENT TERMINAL HALF-LIFE,2008,10
158,Biomarkers/Lab Values,PERCENT CHANGE IN TOTAL CHOLESTEROL,2008,6
159,Pharmacokinetics,TROUGH PLASMA CONCENTRATION,2008,9
160,Adverse Events/Safety,NUMBER OF SERIOUS ADVERSE EVENTS,2008,4
161,Adverse Events/Safety,DOSE-LIMITING TOXICITY,2008,4
162,Immunogenicity,GEOMETRIC MEAN TITER,2008,9
163,Microbiological/Virological,VIRAL SUPPRESSION RATE,2008,8
164,Biomarkers/Lab Values,PERCENT CHANGE IN HDL CHOLESTEROL,2008,6
165,Treatment Adherence,RETENTION RATE,2008,3
166,Biomarkers/Lab Values,CHANGE IN FERRITIN,2008,3
167,Adverse Events/Safety,NUMBER OF SUBJECTS WITH ANY AND GRADE 3 SOLICITED LOCAL SYMPTOMS,2008,9
168,Survival/Time-to-Event,TIME TO NEXT TREATMENT,2008,6
169,Mortality,CARDIOVASCULAR MORTALITY,2008,5
170,Response Rates,EASI 75 RESPONSE,2008,1
171,Pharmacokinetics,ELIMINATION HALF-LIFE,2008,4
172,Response Rates,PARTIAL RESPONSE RATE,2008,9
173,Vital Signs/Physical Measures,CHANGE IN PULSE RATE,2008,7
174,Mental Health Outcomes,DEPRESSION RESPONSE RATE,2008,5
175,Biomarkers/Lab Values,CHANGE IN ESR,2008,7
176,Symptoms/Pain,CHANGE IN PRURITUS SCORE,2008,1
177,Survival/Time-to-Event,MEDIAN PROGRESSION FREE SURVIVAL,2008,5
178,Pharmacokinetics,TOTAL BODY CLEARANCE,2008,6
179,Pharmacokinetics,APPARENT ORAL CLEARANCE,2008,6
180,Vital Signs/Physical Measures,CHANGE FROM BASELINE IN TROUGH FEV1,2008,3
181,Vital Signs/Physical Measures,CHANGE IN FEV1,2008,14
182,Response Rates,CLINICAL RESPONSE RATE,2008,7
183,Biomarkers/Lab Values,PERCENT CHANGE IN TRIGLYCERIDES,2008,8
184,Pharmacokinetics,VOLUME OF DISTRIBUTION AT STEADY STATE,2008,4
185,Vital Signs/Physical Measures,CHANGE FROM BASELINE IN PULSE RATE,2008,5
186,Adverse Events/Safety,NUMBER OF PARTICIPANTS WITH CLINICALLY SIGNIFICANT LABORATORY ABNORMALITIES,2008,5
187,Biomarkers/Lab Values,CHANGE IN NT-PROBNP,2008,8
188,Disease Activity Scores,CHANGE IN UPDRS SCORE,2008,6
189,Adverse Events/Safety,NUMBER OF TREATMENT-EMERGENT ADVERSE EVENTS,2008,1
190,Biomarkers/Lab Values,PERCENT CHANGE IN APOLIPOPROTEIN B,2008,6
192,Adverse Events/Safety,"NUMBER OF SUBJECTS WITH ANY, GRADE 3 AND RELATED SOLICITED GENERAL SYMPTOMS",2008,8
194,Hospitalization/Healthcare Use,TIME TO HOSPITAL DISCHARGE,2008,1
195,Vital Signs/Physical Measures,HEART RATE,2008,9
196,Vital Signs/Physical Measures,CHANGE FROM BASELINE IN RESPIRATORY RATE,2008,1
197,Survival/Time-to-Event,RELAPSE-FREE SURVIVAL,2008,8
200,Survival/Time-to-Event,OVERALL SURVIVAL RATE,2008,5
201,Response Rates,PATHOLOGIC COMPLETE RESPONSE,2008,7
202,Quality of Life/PRO,TREATMENT SATISFACTION,2008,2
203,Adverse Events/Safety,NUMBER OF PARTICIPANTS WITH ANY ADVERSE EVENTS,2008,5
204,Biomarkers/Lab Values,MINIMAL RESIDUAL DISEASE NEGATIVITY,2008,5
205,Imaging Outcomes,CHANGE IN TUMOR SIZE,2008,7
206,Adverse Events/Safety,NUMBER OF PARTICIPANTS WITH SERIOUS AND/OR NON-SERIOUS ADVERSE EVENTS,2008,1
207,Symptoms/Pain,VAS PAIN SCORE,2008,1
208,Quality of Life/PRO,CHANGE IN EQ-5D VAS SCORE,2008,10
209,Adverse Events/Safety,NUMBER OF PARTICIPANTS WITH ADVERSE EVENTS LEADING TO DISCONTINUATION,2008,4
210,Adverse Events/Safety,NUMBER OF PARTICIPANTS WITH DRUG-RELATED ADVERSE EVENTS,2008,9
211,Adverse Events/Safety,NUMBER OF PARTICIPANTS WITH ECG ABNORMALITIES,2008,2
212,Biomarkers/Lab Values,CHANGE IN C-REACTIVE PROTEIN,2008,6
213,Mental Health Outcomes,CHANGE IN HADS SCORE,2008,2
214,Mental Health Outcomes,CHANGE FROM BASELINE IN CGI-S SCORE,2008,13
215,Vital Signs/Physical Measures,CHANGE FROM BASELINE IN SYSTOLIC BLOOD PRESSURE,2008,4
216,Quality of Life/PRO,CHANGE IN FATIGUE SCORE,2008,5
217,Response Rates,CLINICAL RESPONSE,2008,4
218,Survival/Time-to-Event,TIME TO PSA PROGRESSION,2008,6
219,Pharmacokinetics,ELIMINATION RATE CONSTANT,2008,2
220,Adverse Events/Safety,NUMBER OF PARTICIPANTS WITH ADVERSE EVENTS OF SPECIAL INTEREST,2008,4
221,Pharmacokinetics,PEAK PLASMA CONCENTRATION,2008,5
222,Symptoms/Pain,NAUSEA,2008,5
223,Biomarkers/Lab Values,CHANGE IN ABSOLUTE NEUTROPHIL COUNT,2008,7
224,Biomarkers/Lab Values,CHANGE FROM BASELINE IN HEMATOLOGY PARAMETERS,2008,3
225,Biomarkers/Lab Values,CHANGE IN HEMATOCRIT,2008,4
226,Mortality,TREATMENT-RELATED MORTALITY,2008,4
227,Survival/Time-to-Event,RECURRENCE-FREE SURVIVAL,2008,6
228,Pharmacokinetics,AUCTAU,2008,4
229,Functional Status,CHANGE IN EDSS SCORE,2008,5
230,Biomarkers/Lab Values,CHANGE IN HSCRP,2008,2
231,Response Rates,TUMOR RESPONSE RATE,2008,10
232,Response Rates,PASI 50 RESPONSE,2008,11
233,Adverse Events/Safety,PROCEDURAL SUCCESS,2008,6
234,Quality of Life/PRO,CHANGE IN KCCQ SCORE,2008,2
235,Quality of Life/PRO,SLEEP EFFICIENCY,2008,6
236,Survival/Time-to-Event,TIME TO RELAPSE,2008,2
237,Pharmacokinetics,MINIMUM PLASMA CONCENTRATION,2008,5
238,Symptoms/Pain,PRURITUS SCORE,2008,5
240,Immunogenicity,SERORESPONSE RATE,2008,3
241,Mental Health Outcomes,CHANGE IN CGI-S SCORE,2008,4
242,Adverse Events/Safety,FREQUENCY OF ADVERSE EVENTS,2008,4
243,Vital Signs/Physical Measures,PERCENT CHANGE IN BODY WEIGHT,2008,6
244,Remission/Cure,DEPRESSION REMISSION RATE,2008,7
245,Disease Control,STABLE DISEASE RATE,2008,6
246,Vital Signs/Physical Measures,BODY MASS INDEX,2008,7
247,Vital Signs/Physical Measures,CHANGE FROM BASELINE IN DIASTOLIC BLOOD PRESSURE,2008,5
248,Disease Activity Scores,CHANGE IN SDAI SCORE,2008,2
249,Symptoms/Pain,DYSPNEA SCORE,2008,6
250,Microbiological/Virological,MICROBIOLOGICAL ERADICATION,2008,7
251,Survival/Time-to-Event,TIME TO TUMOR PROGRESSION,2008,9
252,Pharmacokinetics,APPARENT CLEARANCE (CL/F),2008,3
253,Biomarkers/Lab Values,CHANGE IN FASTING INSULIN,2008,2
255,Adverse Events/Safety,ADVERSE EVENTS LEADING TO DISCONTINUATION,2008,5
256,Mortality,ALL COLLECTED DEATHS,2008,3
258,Biomarkers/Lab Values,CHANGE IN FASTING GLUCOSE,2008,3
259,Vital Signs/Physical Measures,FORCED EXPIRATORY VOLUME IN 1 SECOND (FEV1),2008,9
260,Quality of Life/PRO,PARTICIPANT SATISFACTION,2008,2
261,Response Rates,PASI 100 RESPONSE,2008,3
262,Biomarkers/Lab Values,CHANGE IN INR,2008,2
263,Vital Signs/Physical Measures,INTRAOCULAR PRESSURE,2008,4
264,Biomarkers/Lab Values,CHANGE IN HOMA-IR,2008,6
265,Adverse Events/Safety,INCIDENCE OF SERIOUS ADVERSE EVENTS,2008,3
266,Mortality,NUMBER OF PARTICIPANTS WHO DIED,2008,4
267,Pharmacokinetics,PLASMA DECAY HALF-LIFE,2008,10
268,Quality of Life/PRO,TOTAL SLEEP TIME,2008,4
269,Response Rates,TUMOR RESPONSE,2008,7
270,Hospitalization/Healthcare Use,LENGTH OF STAY,2008,1
271,Pharmacokinetics,MAXIMUM OBSERVED PLASMA CONCENTRATION,2008,5
272,Mental Health Outcomes,CHANGE IN CES-D SCORE,2008,3
273,Hospitalization/Healthcare Use,DURATION OF HOSPITALIZATION,2008,7
274,Survival/Time-to-Event,DURATION OF OBJECTIVE RESPONSE,2008,5
275,Hospitalization/Healthcare Use,ICU ADMISSION RATE,2008,1
277,Vital Signs/Physical Measures,NUMBER OF PARTICIPANTS WITH CLINICALLY SIGNIFICANT CHANGE IN VITAL SIGNS,2008,1
278,Immunogenicity,NUMBER OF PARTICIPANTS WITH POSITIVE ANTI-DRUG ANTIBODIES,2008,1
279,Adverse Events/Safety,NUMBER OF SUBJECTS REPORTING UNSOLICITED ADVERSE EVENTS,2008,12
280,Quality of Life/PRO,PATIENT GLOBAL IMPRESSION OF IMPROVEMENT,2008,8
281,Vital Signs/Physical Measures,FORCED VITAL CAPACITY,2008,6
282,Biomarkers/Lab Values,LABORATORY VALUES SUMMARY,2008,7
283,Mortality,NON-RELAPSE MORTALITY,2008,4
284,Functional Status,VISUAL ACUITY,2008,2
285,Mental Health Outcomes,CHANGE IN BDI-II SCORE,2008,8
286,Mental Health Outcomes,PERCEIVED STRESS SCORE,2008,2
287,Response Rates,TARGET LESION RESPONSE,2008,12
288,Disease Activity Scores,ANNUALIZED RELAPSE RATE,2008,4
289,Mental Health Outcomes,CHANGE IN ANXIETY SCORE,2008,1
290,Biomarkers/Lab Values,CHANGE IN PSA,2008,7
291,Response Rates,COMPLETE REMISSION RATE,2008,1
292,Remission/Cure,ENDOSCOPIC REMISSION,2008,1
293,Survival/Time-to-Event,PROGRESSION-FREE SURVIVAL RATE,2008,2
295,Disease Control,ANNUAL EXACERBATION RATE,2008,3
296,Disease Control,CLINICAL SUCCESS,2008,4
297,Remission/Cure,CURE RATE,2008,4
298,Pharmacokinetics,AUC0-LAST,2008,1
299,Functional Status,CHANGE IN VISUAL ACUITY,2008,3
300,Hospitalization/Healthcare Use,EMERGENCY ROOM VISITS,2008,2
301,Biomarkers/Lab Values,MEAN CHANGE IN HEMOGLOBIN,2008,12
302,Imaging Outcomes,PERCENT CHANGE IN BONE MINERAL DENSITY,2008,5
303,Symptoms/Pain,CHANGE IN ADHD-RS SCORE,2008,6
304,Biomarkers/Lab Values,CHANGE IN TOTAL BILIRUBIN,2008,5
305,Disease Control,DURATION OF STABLE DISEASE,2008,3
306,Mortality,MORTALITY,2008,1
307,Adverse Events/Safety,NUMBER OF PARTICIPANTS WITH TREATMENT-EMERGENT SERIOUS ADVERSE EVENTS,2008,3
309,Mortality,PERCENTAGE OF PARTICIPANTS WHO DIED,2008,5
311,Treatment Adherence,MEDICATION ADHERENCE,2008,2
312,Adverse Events/Safety,NUMBER OF PARTICIPANTS WITH ADVERSE EVENTS AND SERIOUS ADVERSE EVENTS,2008,5
313,Adverse Events/Safety,NUMBER OF PARTICIPANTS WITH GRADE 3 OR HIGHER ADVERSE EVENTS,2008,1
314,Disease Control,TECHNICAL SUCCESS,2008,4
315,Disease Activity Scores,CHANGE IN BASDAI SCORE,2008,2
316,Functional Status,CHANGE IN ECOG PERFORMANCE STATUS,2008,5
317,Remission/Cure,CLINICAL CURE RATE,2008,5
318,Biomarkers/Lab Values,INSULIN SENSITIVITY,2008,4
319,Treatment Adherence,NUMBER OF PARTICIPANTS COMPLETING TREATMENT,2008,1
320,Adverse Events/Safety,TOTAL SERIOUS ADVERSE EVENTS SUMMARY,2008,5
321,Symptoms/Pain,CHANGE IN DYSPNEA SCORE,2008,4
322,Biomarkers/Lab Values,CHANGE IN SERUM CREATININE,2008,3
323,Quality of Life/PRO,CHANGE IN SF-12 SCORE,2008,1
324,Mental Health Outcomes,CLINICIAN GLOBAL IMPRESSION,2008,3
325,Functional Status,CHANGE IN PHYSICAL ACTIVITY,2008,2
327,Other Clinical Endpoints,DEVICE SUCCESS,2008,5
328,Adverse Events/Safety,NUMBER OF PARTICIPANTS WITH ANY ADVERSE EVENT,2008,7
329,Biomarkers/Lab Values,PERCENT CHANGE IN LDL-C,2008,1
330,Vital Signs/Physical Measures,RESPIRATORY RATE,2008,1
331,Mortality,90-DAY MORTALITY,2008,2
332,Adverse Events/Safety,"NUMBER OF SUBJECTS WITH ANY, GRADE 3 AND RELATED UNSOLICITED ADVERSE EVENTS",2008,3
333,Symptoms/Pain,AVERAGE PAIN SCORE,2008,1
334,Vital Signs/Physical Measures,MEAN CHANGE IN BLOOD PRESSURE,2008,10
335,Response Rates,PSA RESPONSE RATE,2008,6
337,Pharmacokinetics,SYSTEMIC CLEARANCE,2008,4
338,Vital Signs/Physical Measures,TROUGH FEV1,2008,8
339,Pharmacokinetics,APPARENT TERMINAL ELIMINATION HALF-LIFE,2008,1
340,Biomarkers/Lab Values,CHANGE FROM BASELINE IN ERYTHROCYTES,2008,3
341,Mortality,NUMBER OF DEATHS,2008,6
343,Quality of Life/PRO,CHANGE IN FACIT-FATIGUE SCORE,2008,2
344,Response Rates,MEDIAN DURATION OF RESPONSE,2008,2
345,Adverse Events/Safety,NUMBER OF PARTICIPANTS WHO DISCONTINUED STUDY TREATMENT DUE TO AN AE,2008,3
346,Vital Signs/Physical Measures,NUMBER OF PARTICIPANTS WITH ABNORMAL VITAL SIGNS,2008,2
349,Quality of Life/PRO,PITTSBURGH SLEEP QUALITY INDEX SCORE,2008,1
350,Response Rates,PROSTATE-SPECIFIC ANTIGEN RESPONSE,2008,3
351,Adverse Events/Safety,ESTIMATED BLOOD LOSS,2008,2
352,Response Rates,PERCENTAGE OF PATIENTS ACHIEVING TARGET,2008,16
353,Mental Health Outcomes,CLINICAL GLOBAL IMPRESSION - IMPROVEMENT,2008,6
355,Adverse Events/Safety,NUMBER OF PARTICIPANTS WITH DOSE LIMITING TOXICITY,2008,3
356,Adverse Events/Safety,NUMBER OF PARTICIPANTS WITH CLINICALLY SIGNIFICANT ECG ABNORMALITIES,2008,2
357,Quality of Life/PRO,PATIENT GLOBAL IMPRESSION OF SEVERITY,2008,3
358,Biomarkers/Lab Values,PERCENT CHANGE IN NON-HDL CHOLESTEROL,2008,2
359,Pharmacokinetics,AUCINF,2008,3
360,Mental Health Outcomes,BECK DEPRESSION INVENTORY SCORE,2008,3
361,Functional Status,CHANGE FROM BASELINE IN BEST CORRECTED VISUAL ACUITY,2008,7
362,Functional Status,CHANGE IN BEST CORRECTED VISUAL ACUITY,2008,1
363,Adverse Events/Safety,NUMBER OF SUBJECTS WITH ANY UNSOLICITED ADVERSE EVENTS,2008,4
364,Disease Activity Scores,PERCENT CHANGE IN EASI SCORE,2008,2
366,Vital Signs/Physical Measures,CHANGE FROM BASELINE IN HEART RATE,2008,3
367,Vital Signs/Physical Measures,CHANGE IN BODY TEMPERATURE,2008,1
368,Mental Health Outcomes,CHANGE IN PERCEIVED STRESS SCORE,2008,2
369,Quality of Life/PRO,CLINICIAN GLOBAL IMPRESSION OF CHANGE,2008,5
370,Mental Health Outcomes,DEPRESSIVE SYMPTOMS,2008,1
372,Adverse Events/Safety,TOTAL OPIOID CONSUMPTION,2008,2
374,Biomarkers/Lab Values,CHANGE FROM BASELINE IN CLINICAL CHEMISTRY PARAMETERS,2008,1
375,Vital Signs/Physical Measures,CHANGE IN INTRAOCULAR PRESSURE,2008,1
376,Vital Signs/Physical Measures,CHANGES IN FORCED VITAL CAPACITY,2008,5
377,Imaging Outcomes,LEFT VENTRICULAR EJECTION FRACTION,2008,5
378,Vital Signs/Physical Measures,MEAN ARTERIAL PRESSURE,2008,1
379,Vital Signs/Physical Measures,MEAN CHANGE IN HEART RATE,2008,7
380,Immunogenicity,NUMBER OF SEROCONVERTED SUBJECTS,2008,5
381,Hospitalization/Healthcare Use,PROCEDURE TIME,2008,2
382,Other Clinical Endpoints,RECRUITMENT RATE,2008,1
383,Pharmacokinetics,AUC0-TZ,2008,2
384,Quality of Life/PRO,CHANGE IN SLEEP QUALITY SCORE,2008,1
385,Adverse Events/Safety,NUMBER OF SUBJECTS WITH UNSOLICITED ADVERSE EVENTS,2008,11
387,Survival/Time-to-Event,TIME TO FIRST EXACERBATION,2008,3
389,Immunogenicity,VACCINE RESPONSE RATE,2008,8
390,Quality of Life/PRO,CHANGE IN HEALTH-RELATED QUALITY OF LIFE SCORE,2008,4
391,Hospitalization/Healthcare Use,DURATION OF HOSPITAL STAY,2008,2
392,Survival/Time-to-Event,MEDIAN SURVIVAL TIME,2008,2
393,Adverse Events/Safety,NUMBER OF PARTICIPANTS WITH TREATMENT RELATED ADVERSE EVENTS,2008,2
394,Hospitalization/Healthcare Use,OPERATIVE TIME,2008,1
395,Quality of Life/PRO,SLEEP QUALITY SCORE,2008,3
396,Survival/Time-to-Event,2-YEAR SURVIVAL RATE,2008,3
398,Quality of Life/PRO,CHANGE IN TREATMENT SATISFACTION SCORE,2008,5
399,Symptoms/Pain,CHANGE IN WOMAC STIFFNESS SCORE,2008,3
400,Hospitalization/Healthcare Use,DURATION OF MECHANICAL VENTILATION,2008,3
402,Adverse Events/Safety,NUMBER OF PARTICIPANTS WITH CLINICAL LABORATORY ABNORMALITIES,2008,1
403,Symptoms/Pain,PAIN INTENSITY,2008,3
404,Pharmacokinetics,AUC(0-T),2008,4
406,Vital Signs/Physical Measures,CHANGE FROM BASELINE IN SYSTOLIC AND DIASTOLIC BLOOD PRESSURE,2008,2
407,Biomarkers/Lab Values,CHANGE IN ALBUMIN AND TOTAL PROTEIN,2008,5
408,Biomarkers/Lab Values,CHANGE IN INSULIN SENSITIVITY,2008,5
410,Symptoms/Pain,INSOMNIA SEVERITY INDEX,2008,1
411,Functional Status,MEAN CHANGE IN BEST CORRECTED VISUAL ACUITY,2008,4
412,Adverse Events/Safety,NUMBER OF PARTICIPANTS WITH CLINICALLY SIGNIFICANT ECG CHANGES,2008,1
413,Response Rates,PATHOLOGIC COMPLETE RESPONSE RATE,2008,2
414,Adverse Events/Safety,PERCENTAGE OF PARTICIPANTS REPORTING LOCAL REACTIONS,2008,4
415,Mortality,TRANSPLANT-RELATED MORTALITY,2008,1
417,Survival/Time-to-Event,6-MONTH PROGRESSION-FREE SURVIVAL,2008,5
418,Mental Health Outcomes,CHANGE IN DEPRESSION SCORE,2008,3
419,Quality of Life/PRO,CLINICAL GLOBAL IMPRESSION OF CHANGE,2008,4
420,Immunogenicity,GEOMETRIC MEAN TITER OF ANTIBODIES,2008,3
421,Adverse Events/Safety,NUMBER OF PARTICIPANTS WITH ADVERSE DRUG REACTIONS,2008,1
423,Response Rates,PERCENTAGE OF PARTICIPANTS WITH CLINICAL RESPONSE,2008,2
424,Immunogenicity,SEROPOSITIVITY RATE,2008,6
426,Pharmacokinetics,APPARENT TOTAL BODY CLEARANCE,2008,1
427,Biomarkers/Lab Values,CHANGE IN BNP,2008,4
428,Vital Signs/Physical Measures,CHANGE IN FORCED VITAL CAPACITY,2008,2
429,Mental Health Outcomes,DEPRESSION SCORE,2008,4
430,Disease Activity Scores,PERCENT CHANGE IN PASI SCORE,2008,2
431,Biomarkers/Lab Values,CHANGE IN BILIRUBIN AND CREATININE,2008,4
432,Symptoms/Pain,CHANGE IN INSOMNIA SEVERITY INDEX SCORE,2008,2
433,Functional Status,GRIP STRENGTH,2008,1
437,Response Rates,NUMBER OF RESPONDERS,2008,5
438,Immunogenicity,NUMBER OF SEROPROTECTED SUBJECTS,2008,8
439,Adverse Events/Safety,NUMBER OF SUBJECTS WITH SOLICITED GENERAL SYMPTOMS,2008,8
440,Pharmacokinetics,TIME OF MAXIMUM CONCENTRATION,2008,2
441,Functional Status,TIMED UP AND GO TEST,2008,1
442,Biomarkers/Lab Values,CHANGE FROM BASELINE IN FASTING PLASMA GLUCOSE,2008,3
443,Biomarkers/Lab Values,CHANGE FROM BASELINE IN RED BLOOD CELL COUNT,2008,1
444,Disease Activity Scores,CHANGE IN SWOLLEN JOINT COUNT,2008,4
445,Response Rates,CONFIRMED RESPONSE RATE,2008,4
446,Imaging Outcomes,MRI LESION COUNT,2008,4
447,Adverse Events/Safety,NUMBER OF PARTICIPANTS WITH NON-SERIOUS ADVERSE EVENTS,2008,3
448,Adverse Events/Safety,PERCENTAGE OF PARTICIPANTS REPORTING SYSTEMIC EVENTS,2008,2
449,Mortality,28-DAY MORTALITY,2008,1
450,Pharmacokinetics,APPARENT VOLUME OF DISTRIBUTION (VZ/F),2008,1
451,Remission/Cure,CLINICAL CURE,2008,4
452,Survival/Time-to-Event,DURATION OF COMPLETE RESPONSE,2008,1
453,Biomarkers/Lab Values,MEAN CHANGE IN HEMOGLOBIN A1C,2008,1
455,Remission/Cure,PERCENTAGE OF PARTICIPANTS ACHIEVING CLINICAL REMISSION,2008,1
456,Adverse Events/Safety,RATE OF ADVERSE EVENTS,2008,4
457,Mortality,TIME TO DEATH,2008,2
459,Functional Status,CHANGE FROM BASELINE IN BCVA,2008,1
460,Vital Signs/Physical Measures,CHANGE FROM BASELINE IN BODY WEIGHT,2008,1
461,Functional Status,CHANGE IN WOMAC PHYSICAL FUNCTION SCORE,2008,2
463,Adverse Events/Safety,DRUG-RELATED ADVERSE EVENTS,2008,2
464,Adverse Events/Safety,NUMBER OF PARTICIPANTS WITH INJECTION SITE REACTIONS,2008,1
466,Adverse Events/Safety,PERCENTAGE OF PARTICIPANTS WITH SYSTEMIC EVENTS,2008,3
467,Quality of Life/PRO,SLEEP DISTURBANCE SCORE,2008,2
469,Symptoms/Pain,APNEA-HYPOPNEA INDEX,2008,6
470,Response Rates,EULAR RESPONSE RATE,2008,6
471,Vital Signs/Physical Measures,MEAN HEART RATE,2008,10
472,Response Rates,PERCENTAGE OF PARTICIPANTS WITH RELAPSE,2008,3
473,Pharmacokinetics,TERMINAL PHASE ELIMINATION HALF-LIFE,2008,2
474,Response Rates,TREATMENT SUCCESS,2008,4
476,Biomarkers/Lab Values,CHANGE IN FASTING SERUM GLUCOSE,2008,6
478,Disease Control,DURATION OF DISEASE CONTROL,2008,3
479,Treatment Adherence,DURATION OF TREATMENT,2008,1
480,Adverse Events/Safety,NUMBER OF DOSE LIMITING TOXICITIES,2008,2
481,Adverse Events/Safety,NUMBER OF SUBJECTS WITH SOLICITED LOCAL SYMPTOMS,2008,7
482,Immunogenicity,SEROCONVERSION FACTOR,2008,3
484,Pharmacokinetics,AVERAGE PLASMA CONCENTRATION,2008,1
485,Disease Activity Scores,CHANGE IN TENDER JOINT COUNT,2008,1
486,Quality of Life/PRO,CHANGE IN WOMAC SCORE,2008,2
488,Adverse Events/Safety,INCIDENCE AND SEVERITY OF ADVERSE EVENTS,2008,2
489,Response Rates,NUMBER OF PARTICIPANTS ACHIEVING TARGET,2008,3
492,Vital Signs/Physical Measures,CHANGE FROM BASELINE IN INTRAOCULAR PRESSURE,2008,2
493,Quality of Life/PRO,CHANGE IN PITTSBURGH SLEEP QUALITY INDEX SCORE,2008,2
494,Functional Status,CHANGE IN WHO FUNCTIONAL CLASS,2008,2
495,Functional Status,HARRIS HIP SCORE,2008,2
497,Adverse Events/Safety,NUMBER OF PARTICIPANTS WITH DOSE-LIMITING TOXICITY,2008,5
498,Adverse Events/Safety,NUMBER OF PARTICIPANTS WITH SOLICITED LOCAL ADVERSE EVENTS,2008,1
499,Adverse Events/Safety,PERCENTAGE OF PARTICIPANTS WITH AT LEAST ONE ADVERSE EVENT,2008,2
500,Pharmacokinetics,PLASMA TROUGH CONCENTRATION,2008,1
1,Response Rates,OBJECTIVE RESPONSE RATE,2009,388
2,Survival/Time-to-Event,OVERALL SURVIVAL,2009,336
3,Survival/Time-to-Event,PROGRESSION-FREE SURVIVAL,2009,334
4,Adverse Events/Safety,NUMBER OF PARTICIPANTS WITH ADVERSE EVENTS,2009,248
5,Pharmacokinetics,MAXIMUM PLASMA CONCENTRATION,2009,194
6,Adverse Events/Safety,NUMBER OF PARTICIPANTS WITH TREATMENT-EMERGENT ADVERSE EVENTS,2009,104
7,Pharmacokinetics,TIME TO MAXIMUM CONCENTRATION,2009,133
8,Response Rates,DURATION OF RESPONSE,2009,110
9,Adverse Events/Safety,NUMBER OF PARTICIPANTS WITH SERIOUS ADVERSE EVENTS,2009,117
10,Pharmacokinetics,AUC FROM 0 TO INFINITY,2009,78
11,Biomarkers/Lab Values,CHANGE IN HEMOGLOBIN A1C,2009,90
12,Vital Signs/Physical Measures,CHANGE IN BODY WEIGHT,2009,81
13,Pharmacokinetics,AREA UNDER THE CONCENTRATION-TIME CURVE,2009,57
14,Disease Control,DISEASE CONTROL RATE,2009,51
15,Pharmacokinetics,PLASMA DRUG CONCENTRATION,2009,67
16,Quality of Life/PRO,CHANGE IN QUALITY OF LIFE SCORE,2009,58
17,Symptoms/Pain,CHANGE IN VAS PAIN SCORE,2009,69
18,Quality of Life/PRO,PATIENT SATISFACTION,2009,44
19,Dose-Finding,MAXIMUM TOLERATED DOSE,2009,88
20,Symptoms/Pain,CHANGE IN PAIN SCORE,2009,42
21,Survival/Time-to-Event,TIME TO PROGRESSION,2009,78
22,Mortality,ALL-CAUSE MORTALITY,2009,49
23,Response Rates,PERCENTAGE OF PARTICIPANTS ACHIEVING TARGET,2009,61
24,Vital Signs/Physical Measures,CHANGE IN BLOOD PRESSURE,2009,54
25,Pharmacokinetics,AUC FROM 0 TO LAST MEASURABLE CONCENTRATION,2009,32
26,Biomarkers/Lab Values,CHANGE IN FASTING PLASMA GLUCOSE,2009,73
27,Adverse Events/Safety,NUMBER OF ADVERSE EVENTS,2009,29
28,Quality of Life/PRO,CHANGE IN SF-36 SCORE,2009,53
29,Response Rates,COMPLETE RESPONSE RATE,2009,32
30,Adverse Events/Safety,NUMBER OF PARTICIPANTS WITH TREATMENT EMERGENT ADVERSE EVENTS,2009,20
31,Vital Signs/Physical Measures,CHANGE IN HEART RATE,2009,31
32,Biomarkers/Lab Values,CHANGE IN HEMOGLOBIN,2009,36
33,Adverse Events/Safety,PERCENTAGE OF PARTICIPANTS WITH ADVERSE EVENTS,2009,17
34,Immunogenicity,SEROCONVERSION RATE,2009,46
35,Pharmacokinetics,VOLUME OF DISTRIBUTION,2009,31
36,Response Rates,CLINICAL BENEFIT RATE,2009,32
37,Quality of Life/PRO,CHANGE IN EQ-5D SCORE,2009,33
38,Hospitalization/Healthcare Use,LENGTH OF HOSPITAL STAY,2009,23
39,Vital Signs/Physical Measures,CHANGE IN BODY MASS INDEX,2009,18
40,Quality of Life/PRO,PATIENT GLOBAL IMPRESSION OF CHANGE,2009,27
41,Symptoms/Pain,CHANGE IN NRS PAIN SCORE,2009,23
42,Response Rates,SUSTAINED VIROLOGIC RESPONSE,2009,22
43,Adverse Events/Safety,DOSE-LIMITING TOXICITIES,2009,22
44,Biomarkers/Lab Values,CHANGE IN LDL CHOLESTEROL,2009,36
45,Survival/Time-to-Event,EVENT-FREE SURVIVAL,2009,29
46,Immunogenicity,SEROPROTECTION RATE,2009,52
47,Functional Status,CHANGE IN 6-MINUTE WALK DISTANCE,2009,28
48,Response Rates,TIME TO RESPONSE,2009,20
49,Survival/Time-to-Event,DISEASE-FREE SURVIVAL,2009,25
50,Pharmacokinetics,APPARENT VOLUME OF DISTRIBUTION,2009,20
51,Mental Health Outcomes,CHANGE IN MADRS SCORE,2009,32
52,Biomarkers/Lab Values,CHANGE IN CRP,2009,28
53,Immunogenicity,ANTI-DRUG ANTIBODIES,2009,18
54,Biomarkers/Lab Values,CHANGE IN TRIGLYCERIDES,2009,36
55,Mental Health Outcomes,CHANGE IN PHQ-9 SCORE,2009,12
56,Biomarkers/Lab Values,CHANGE IN TOTAL CHOLESTEROL,2009,35
57,Response Rates,ACR20 RESPONSE,2009,33
58,Biomarkers/Lab Values,CHANGE IN HDL CHOLESTEROL,2009,30
59,Pharmacokinetics,HALF-LIFE,2009,19
60,Disease Activity Scores,CHANGE IN DAS28 SCORE,2009,32
61,Vital Signs/Physical Measures,CHANGE IN SYSTOLIC BLOOD PRESSURE,2009,23
62,Pharmacokinetics,CLEARANCE,2009,16
63,Functional Status,CHANGE IN HAQ-DI SCORE,2009,28
64,Biomarkers/Lab Values,CHANGE IN VIRAL LOAD,2009,30
65,Treatment Adherence,TREATMENT ADHERENCE RATE,2009,11
66,Biomarkers/Lab Values,CHANGE IN ALT,2009,16
67,Survival/Time-to-Event,MEDIAN OVERALL SURVIVAL,2009,25
68,Vital Signs/Physical Measures,CHANGE IN WAIST CIRCUMFERENCE,2009,10
69,Adverse Events/Safety,INCIDENCE OF ADVERSE EVENTS,2009,13
70,Biomarkers/Lab Values,CHANGE IN CD4 COUNT,2009,35
71,Biomarkers/Lab Values,NUMBER OF PARTICIPANTS WITH LABORATORY ABNORMALITIES,2009,20
72,Pharmacokinetics,TROUGH CONCENTRATION,2009,7
73,Pharmacokinetics,TERMINAL HALF-LIFE,2009,12
74,Quality of Life/PRO,QUALITY OF LIFE SCORE,2009,12
75,Biomarkers/Lab Values,CHANGE IN EGFR,2009,13
76,Mental Health Outcomes,CHANGE IN HAM-D SCORE,2009,20
77,Survival/Time-to-Event,TIME TO TREATMENT FAILURE,2009,30
78,Symptoms/Pain,PAIN RESPONSE RATE,2009,24
79,Response Rates,IGA RESPONSE,2009,13
80,Response Rates,ACR50 RESPONSE,2009,29
81,Immunogenicity,ANTIBODY TITER,2009,42
82,Vital Signs/Physical Measures,CHANGE IN DIASTOLIC BLOOD PRESSURE,2009,24
83,Response Rates,PASI 75 RESPONSE,2009,10
84,Pharmacokinetics,ACCUMULATION RATIO,2009,16
85,Adverse Events/Safety,NUMBER OF PARTICIPANTS WITH TREATMENT-RELATED ADVERSE EVENTS,2009,10
86,Pharmacokinetics,TERMINAL ELIMINATION HALF-LIFE,2009,8
87,Biomarkers/Lab Values,CHANGE IN CREATININE,2009,16
88,Quality of Life/PRO,CHANGE IN DLQI SCORE,2009,7
89,Response Rates,ACR70 RESPONSE,2009,25
90,Mental Health Outcomes,CHANGE IN GAD-7 SCORE,2009,4
91,Survival/Time-to-Event,MEDIAN PROGRESSION-FREE SURVIVAL,2009,15
92,Adverse Events/Safety,PERCENTAGE OF PARTICIPANTS WITH TREATMENT-EMERGENT ADVERSE EVENTS,2009,9
93,Symptoms/Pain,CHANGE IN BPI SCORE,2009,15
94,Immunogenicity,NUMBER OF PARTICIPANTS WITH ANTI-DRUG ANTIBODIES,2009,21
95,Remission/Cure,COMPLETE REMISSION,2009,16
96,Imaging Outcomes,CHANGE IN BONE MINERAL DENSITY,2009,22
97,Quality of Life/PRO,CHANGE IN EORTC QLQ-C30 SCORE,2009,16
98,Biomarkers/Lab Values,PERCENTAGE OF PARTICIPANTS WITH LABORATORY ABNORMALITIES,2009,6
99,Biomarkers/Lab Values,CHANGE IN AST,2009,10
100,Mental Health Outcomes,CHANGE IN PANSS SCORE,2009,16
101,Adverse Events/Safety,NUMBER OF PARTICIPANTS WITH DOSE LIMITING TOXICITIES,2009,10
102,Adverse Events/Safety,GRADE 3 OR HIGHER ADVERSE EVENTS,2009,13
103,Vital Signs/Physical Measures,SYSTOLIC BLOOD PRESSURE,2009,6
105,Mental Health Outcomes,CHANGE IN MMSE SCORE,2009,19
106,Pharmacokinetics,MEAN RESIDENCE TIME,2009,16
107,Biomarkers/Lab Values,CHANGE IN PLATELET COUNT,2009,18
108,Response Rates,COMPLETE RESPONSE,2009,13
109,Dose-Finding,RECOMMENDED PHASE 2 DOSE,2009,10
110,Immunogenicity,IMMUNE RESPONSE RATE,2009,11
111,Pharmacokinetics,RENAL CLEARANCE,2009,6
112,Biomarkers/Lab Values,PERCENT CHANGE IN LDL CHOLESTEROL,2009,10
113,Treatment Adherence,COMPLIANCE RATE,2009,13
114,Adverse Events/Safety,NUMBER OF PARTICIPANTS WITH DOSE-LIMITING TOXICITIES,2009,11
115,Vital Signs/Physical Measures,CHANGE FROM BASELINE IN FEV1,2009,17
116,Adverse Events/Safety,NUMBER OF PARTICIPANTS WITH UNSOLICITED ADVERSE EVENTS,2009,10
117,Remission/Cure,CLINICAL REMISSION,2009,7
118,Response Rates,RESPONDER RATE,2009,16
119,Quality of Life/PRO,FATIGUE,2009,8
120,Functional Status,6-MINUTE WALK DISTANCE,2009,8
121,Pharmacokinetics,MAXIMUM SERUM CONCENTRATION,2009,12
122,Response Rates,PATHOLOGICAL COMPLETE RESPONSE,2009,10
123,Vital Signs/Physical Measures,DIASTOLIC BLOOD PRESSURE,2009,10
124,Adverse Events/Safety,INJECTION SITE REACTIONS,2009,13
125,Pharmacokinetics,MAXIMUM OBSERVED SERUM CONCENTRATION,2009,13
126,Symptoms/Pain,PAIN SCORE,2009,10
127,Hospitalization/Healthcare Use,HOSPITAL LENGTH OF STAY,2009,8
128,Biomarkers/Lab Values,CHANGE IN WHITE BLOOD CELL COUNT,2009,10
129,Response Rates,PASI 90 RESPONSE,2009,2
130,Symptoms/Pain,CHANGE IN WOMAC PAIN SCORE,2009,11
131,Mortality,30-DAY MORTALITY,2009,8
132,Imaging Outcomes,CHANGE IN EJECTION FRACTION,2009,4
133,Biomarkers/Lab Values,CHANGE IN ALBUMIN,2009,3
134,Adverse Events/Safety,PERCENTAGE OF PARTICIPANTS WITH SERIOUS ADVERSE EVENTS,2009,5
135,Vital Signs/Physical Measures,CHANGE IN TEMPERATURE,2009,1
136,Adverse Events/Safety,TOTAL ADVERSE EVENTS SUMMARY,2009,9
137,Pharmacokinetics,TIME TO MAXIMUM PLASMA CONCENTRATION,2009,3
138,Mental Health Outcomes,SUICIDAL IDEATION ASSESSMENT,2009,11
139,Mental Health Outcomes,CHANGE IN HAM-A SCORE,2009,9
140,Disease Activity Scores,CHANGE IN CDAI SCORE,2009,3
141,Vital Signs/Physical Measures,CHANGE FROM BASELINE IN BLOOD PRESSURE,2009,7
142,Mental Health Outcomes,CHANGE IN MOCA SCORE,2009,4
143,Mental Health Outcomes,CHANGE IN ADAS-COG SCORE,2009,11
144,Adverse Events/Safety,INCIDENCE OF TREATMENT-EMERGENT ADVERSE EVENTS,2009,1
145,Adverse Events/Safety,NUMBER OF PARTICIPANTS WITH ABNORMAL ECG FINDINGS,2009,11
146,Immunogenicity,GEOMETRIC MEAN TITERS,2009,7
147,Quality of Life/PRO,CHANGE IN SGRQ SCORE,2009,10
148,Pharmacokinetics,APPARENT CLEARANCE,2009,6
149,Survival/Time-to-Event,1-YEAR SURVIVAL RATE,2009,10
150,Response Rates,BEST OVERALL RESPONSE RATE,2009,7
151,Biomarkers/Lab Values,CHANGE FROM BASELINE IN HEMATOCRIT,2009,4
152,Biomarkers/Lab Values,CHANGE IN BILIRUBIN,2009,5
153,Adverse Events/Safety,NUMBER OF PARTICIPANTS WITH SERIOUS AND NON-SERIOUS ADVERSE EVENTS,2009,7
154,Hospitalization/Healthcare Use,HOSPITALIZATION RATE,2009,2
155,Adverse Events/Safety,NUMBER OF PATIENTS WITH ADVERSE EVENTS,2009,10
156,Mental Health Outcomes,CHANGE IN YMRS SCORE,2009,5
157,Pharmacokinetics,APPARENT TERMINAL HALF-LIFE,2009,8
158,Biomarkers/Lab Values,PERCENT CHANGE IN TOTAL CHOLESTEROL,2009,7
159,Pharmacokinetics,TROUGH PLASMA CONCENTRATION,2009,7
160,Adverse Events/Safety,NUMBER OF SERIOUS ADVERSE EVENTS,2009,10
161,Adverse Events/Safety,DOSE-LIMITING TOXICITY,2009,13
162,Immunogenicity,GEOMETRIC MEAN TITER,2009,9
163,Microbiological/Virological,VIRAL SUPPRESSION RATE,2009,15
164,Biomarkers/Lab Values,PERCENT CHANGE IN HDL CHOLESTEROL,2009,6
165,Treatment Adherence,RETENTION RATE,2009,2
166,Biomarkers/Lab Values,CHANGE IN FERRITIN,2009,2
167,Adverse Events/Safety,NUMBER OF SUBJECTS WITH ANY AND GRADE 3 SOLICITED LOCAL SYMPTOMS,2009,24
168,Survival/Time-to-Event,TIME TO NEXT TREATMENT,2009,6
169,Mortality,CARDIOVASCULAR MORTALITY,2009,7
170,Response Rates,EASI 75 RESPONSE,2009,1
171,Pharmacokinetics,ELIMINATION HALF-LIFE,2009,2
172,Response Rates,PARTIAL RESPONSE RATE,2009,6
173,Vital Signs/Physical Measures,CHANGE IN PULSE RATE,2009,4
174,Mental Health Outcomes,DEPRESSION RESPONSE RATE,2009,8
175,Biomarkers/Lab Values,CHANGE IN ESR,2009,18
176,Symptoms/Pain,CHANGE IN PRURITUS SCORE,2009,2
177,Survival/Time-to-Event,MEDIAN PROGRESSION FREE SURVIVAL,2009,12
179,Pharmacokinetics,APPARENT ORAL CLEARANCE,2009,8
180,Vital Signs/Physical Measures,CHANGE FROM BASELINE IN TROUGH FEV1,2009,12
181,Vital Signs/Physical Measures,CHANGE IN FEV1,2009,5
182,Response Rates,CLINICAL RESPONSE RATE,2009,12
183,Biomarkers/Lab Values,PERCENT CHANGE IN TRIGLYCERIDES,2009,6
184,Pharmacokinetics,VOLUME OF DISTRIBUTION AT STEADY STATE,2009,8
185,Vital Signs/Physical Measures,CHANGE FROM BASELINE IN PULSE RATE,2009,3
186,Adverse Events/Safety,NUMBER OF PARTICIPANTS WITH CLINICALLY SIGNIFICANT LABORATORY ABNORMALITIES,2009,3
187,Biomarkers/Lab Values,CHANGE IN NT-PROBNP,2009,6
188,Disease Activity Scores,CHANGE IN UPDRS SCORE,2009,9
190,Biomarkers/Lab Values,PERCENT CHANGE IN APOLIPOPROTEIN B,2009,5
191,Biomarkers/Lab Values,NUMBER OF PARTICIPANTS WITH LABORATORY TEST ABNORMALITIES,2009,6
192,Adverse Events/Safety,"NUMBER OF SUBJECTS WITH ANY, GRADE 3 AND RELATED SOLICITED GENERAL SYMPTOMS",2009,22
193,Symptoms/Pain,OPIOID CONSUMPTION,2009,2
194,Hospitalization/Healthcare Use,TIME TO HOSPITAL DISCHARGE,2009,4
195,Vital Signs/Physical Measures,HEART RATE,2009,6
196,Vital Signs/Physical Measures,CHANGE FROM BASELINE IN RESPIRATORY RATE,2009,1
197,Survival/Time-to-Event,RELAPSE-FREE SURVIVAL,2009,8
198,Response Rates,PERCENTAGE OF PARTICIPANTS WITH VIROLOGIC FAILURE,2009,1
200,Survival/Time-to-Event,OVERALL SURVIVAL RATE,2009,4
201,Response Rates,PATHOLOGIC COMPLETE RESPONSE,2009,7
202,Quality of Life/PRO,TREATMENT SATISFACTION,2009,4
203,Adverse Events/Safety,NUMBER OF PARTICIPANTS WITH ANY ADVERSE EVENTS,2009,11
204,Biomarkers/Lab Values,MINIMAL RESIDUAL DISEASE NEGATIVITY,2009,3
205,Imaging Outcomes,CHANGE IN TUMOR SIZE,2009,8
206,Adverse Events/Safety,NUMBER OF PARTICIPANTS WITH SERIOUS AND/OR NON-SERIOUS ADVERSE EVENTS,2009,4
208,Quality of Life/PRO,CHANGE IN EQ-5D VAS SCORE,2009,8
209,Adverse Events/Safety,NUMBER OF PARTICIPANTS WITH ADVERSE EVENTS LEADING TO DISCONTINUATION,2009,5
210,Adverse Events/Safety,NUMBER OF PARTICIPANTS WITH DRUG-RELATED ADVERSE EVENTS,2009,4
211,Adverse Events/Safety,NUMBER OF PARTICIPANTS WITH ECG ABNORMALITIES,2009,7
212,Biomarkers/Lab Values,CHANGE IN C-REACTIVE PROTEIN,2009,10
213,Mental Health Outcomes,CHANGE IN HADS SCORE,2009,1
214,Mental Health Outcomes,CHANGE FROM BASELINE IN CGI-S SCORE,2009,8
215,Vital Signs/Physical Measures,CHANGE FROM BASELINE IN SYSTOLIC BLOOD PRESSURE,2009,8
216,Quality of Life/PRO,CHANGE IN FATIGUE SCORE,2009,3
217,Response Rates,CLINICAL RESPONSE,2009,8
218,Survival/Time-to-Event,TIME TO PSA PROGRESSION,2009,3
219,Pharmacokinetics,ELIMINATION RATE CONSTANT,2009,6
220,Adverse Events/Safety,NUMBER OF PARTICIPANTS WITH ADVERSE EVENTS OF SPECIAL INTEREST,2009,2
221,Pharmacokinetics,PEAK PLASMA CONCENTRATION,2009,2
222,Symptoms/Pain,NAUSEA,2009,1
223,Biomarkers/Lab Values,CHANGE IN ABSOLUTE NEUTROPHIL COUNT,2009,13
224,Biomarkers/Lab Values,CHANGE FROM BASELINE IN HEMATOLOGY PARAMETERS,2009,3
225,Biomarkers/Lab Values,CHANGE IN HEMATOCRIT,2009,4
226,Mortality,TREATMENT-RELATED MORTALITY,2009,3
227,Survival/Time-to-Event,RECURRENCE-FREE SURVIVAL,2009,5
228,Pharmacokinetics,AUCTAU,2009,5
229,Functional Status,CHANGE IN EDSS SCORE,2009,9
230,Biomarkers/Lab Values,CHANGE IN HSCRP,2009,8
231,Response Rates,TUMOR RESPONSE RATE,2009,8
232,Response Rates,PASI 50 RESPONSE,2009,5
233,Adverse Events/Safety,PROCEDURAL SUCCESS,2009,9
234,Quality of Life/PRO,CHANGE IN KCCQ SCORE,2009,5
235,Quality of Life/PRO,SLEEP EFFICIENCY,2009,7
236,Survival/Time-to-Event,TIME TO RELAPSE,2009,5
237,Pharmacokinetics,MINIMUM PLASMA CONCENTRATION,2009,7
238,Symptoms/Pain,PRURITUS SCORE,2009,4
239,Vital Signs/Physical Measures,NUMBER OF PARTICIPANTS WITH CLINICALLY SIGNIFICANT CHANGES IN VITAL SIGNS,2009,4
240,Immunogenicity,SERORESPONSE RATE,2009,5
241,Mental Health Outcomes,CHANGE IN CGI-S SCORE,2009,4
242,Adverse Events/Safety,FREQUENCY OF ADVERSE EVENTS,2009,6
243,Vital Signs/Physical Measures,PERCENT CHANGE IN BODY WEIGHT,2009,4
244,Remission/Cure,DEPRESSION REMISSION RATE,2009,8
245,Disease Control,STABLE DISEASE RATE,2009,3
246,Vital Signs/Physical Measures,BODY MASS INDEX,2009,1
247,Vital Signs/Physical Measures,CHANGE FROM BASELINE IN DIASTOLIC BLOOD PRESSURE,2009,6
248,Disease Activity Scores,CHANGE IN SDAI SCORE,2009,1
249,Symptoms/Pain,DYSPNEA SCORE,2009,1
250,Microbiological/Virological,MICROBIOLOGICAL ERADICATION,2009,7
251,Survival/Time-to-Event,TIME TO TUMOR PROGRESSION,2009,2
252,Pharmacokinetics,APPARENT CLEARANCE (CL/F),2009,2
253,Biomarkers/Lab Values,CHANGE IN FASTING INSULIN,2009,8
255,Adverse Events/Safety,ADVERSE EVENTS LEADING TO DISCONTINUATION,2009,3
256,Mortality,ALL COLLECTED DEATHS,2009,1
257,Pharmacokinetics,AUC∞,2009,1
258,Biomarkers/Lab Values,CHANGE IN FASTING GLUCOSE,2009,4
259,Vital Signs/Physical Measures,FORCED EXPIRATORY VOLUME IN 1 SECOND (FEV1),2009,8
260,Quality of Life/PRO,PARTICIPANT SATISFACTION,2009,2
262,Biomarkers/Lab Values,CHANGE IN INR,2009,3
263,Vital Signs/Physical Measures,INTRAOCULAR PRESSURE,2009,5
264,Biomarkers/Lab Values,CHANGE IN HOMA-IR,2009,6
265,Adverse Events/Safety,INCIDENCE OF SERIOUS ADVERSE EVENTS,2009,4
266,Mortality,NUMBER OF PARTICIPANTS WHO DIED,2009,2
267,Pharmacokinetics,PLASMA DECAY HALF-LIFE,2009,5
268,Quality of Life/PRO,TOTAL SLEEP TIME,2009,8
269,Response Rates,TUMOR RESPONSE,2009,7
271,Pharmacokinetics,MAXIMUM OBSERVED PLASMA CONCENTRATION,2009,3
272,Mental Health Outcomes,CHANGE IN CES-D SCORE,2009,3
273,Hospitalization/Healthcare Use,DURATION OF HOSPITALIZATION,2009,2
274,Survival/Time-to-Event,DURATION OF OBJECTIVE RESPONSE,2009,8
275,Hospitalization/Healthcare Use,ICU ADMISSION RATE,2009,3
276,Hospitalization/Healthcare Use,ICU LENGTH OF STAY,2009,4
277,Vital Signs/Physical Measures,NUMBER OF PARTICIPANTS WITH CLINICALLY SIGNIFICANT CHANGE IN VITAL SIGNS,2009,4
278,Immunogenicity,NUMBER OF PARTICIPANTS WITH POSITIVE ANTI-DRUG ANTIBODIES,2009,1
279,Adverse Events/Safety,NUMBER OF SUBJECTS REPORTING UNSOLICITED ADVERSE EVENTS,2009,8
280,Quality of Life/PRO,PATIENT GLOBAL IMPRESSION OF IMPROVEMENT,2009,9
281,Vital Signs/Physical Measures,FORCED VITAL CAPACITY,2009,7
282,Biomarkers/Lab Values,LABORATORY VALUES SUMMARY,2009,4
283,Mortality,NON-RELAPSE MORTALITY,2009,5
284,Functional Status,VISUAL ACUITY,2009,2
285,Mental Health Outcomes,CHANGE IN BDI-II SCORE,2009,3
286,Mental Health Outcomes,PERCEIVED STRESS SCORE,2009,1
287,Response Rates,TARGET LESION RESPONSE,2009,7
288,Disease Activity Scores,ANNUALIZED RELAPSE RATE,2009,6
289,Mental Health Outcomes,CHANGE IN ANXIETY SCORE,2009,1
290,Biomarkers/Lab Values,CHANGE IN PSA,2009,8
291,Response Rates,COMPLETE REMISSION RATE,2009,3
292,Remission/Cure,ENDOSCOPIC REMISSION,2009,1
293,Survival/Time-to-Event,PROGRESSION-FREE SURVIVAL RATE,2009,5
295,Disease Control,ANNUAL EXACERBATION RATE,2009,4
296,Disease Control,CLINICAL SUCCESS,2009,3
298,Pharmacokinetics,AUC0-LAST,2009,1
299,Functional Status,CHANGE IN VISUAL ACUITY,2009,6
300,Hospitalization/Healthcare Use,EMERGENCY ROOM VISITS,2009,1
301,Biomarkers/Lab Values,MEAN CHANGE IN HEMOGLOBIN,2009,1
302,Imaging Outcomes,PERCENT CHANGE IN BONE MINERAL DENSITY,2009,10
303,Symptoms/Pain,CHANGE IN ADHD-RS SCORE,2009,8
304,Biomarkers/Lab Values,CHANGE IN TOTAL BILIRUBIN,2009,3
305,Disease Control,DURATION OF STABLE DISEASE,2009,4
306,Mortality,MORTALITY,2009,5
307,Adverse Events/Safety,NUMBER OF PARTICIPANTS WITH TREATMENT-EMERGENT SERIOUS ADVERSE EVENTS,2009,1
308,Biomarkers/Lab Values,PERCENT CHANGE IN NON-HDL-C,2009,1
309,Mortality,PERCENTAGE OF PARTICIPANTS WHO DIED,2009,6
310,Vital Signs/Physical Measures,CHANGE FROM BASELINE IN ECG PARAMETERS,2009,1
311,Treatment Adherence,MEDICATION ADHERENCE,2009,4
312,Adverse Events/Safety,NUMBER OF PARTICIPANTS WITH ADVERSE EVENTS AND SERIOUS ADVERSE EVENTS,2009,4
313,Adverse Events/Safety,NUMBER OF PARTICIPANTS WITH GRADE 3 OR HIGHER ADVERSE EVENTS,2009,3
314,Disease Control,TECHNICAL SUCCESS,2009,7
315,Disease Activity Scores,CHANGE IN BASDAI SCORE,2009,4
316,Functional Status,CHANGE IN ECOG PERFORMANCE STATUS,2009,4
317,Remission/Cure,CLINICAL CURE RATE,2009,2
318,Biomarkers/Lab Values,INSULIN SENSITIVITY,2009,4
319,Treatment Adherence,NUMBER OF PARTICIPANTS COMPLETING TREATMENT,2009,2
320,Adverse Events/Safety,TOTAL SERIOUS ADVERSE EVENTS SUMMARY,2009,5
321,Symptoms/Pain,CHANGE IN DYSPNEA SCORE,2009,4
322,Biomarkers/Lab Values,CHANGE IN SERUM CREATININE,2009,3
323,Quality of Life/PRO,CHANGE IN SF-12 SCORE,2009,4
324,Mental Health Outcomes,CLINICIAN GLOBAL IMPRESSION,2009,8
325,Functional Status,CHANGE IN PHYSICAL ACTIVITY,2009,2
326,Quality of Life/PRO,CLIENT SATISFACTION,2009,1
327,Other Clinical Endpoints,DEVICE SUCCESS,2009,11
328,Adverse Events/Safety,NUMBER OF PARTICIPANTS WITH ANY ADVERSE EVENT,2009,3
329,Biomarkers/Lab Values,PERCENT CHANGE IN LDL-C,2009,3
330,Vital Signs/Physical Measures,RESPIRATORY RATE,2009,3
331,Mortality,90-DAY MORTALITY,2009,2
332,Adverse Events/Safety,"NUMBER OF SUBJECTS WITH ANY, GRADE 3 AND RELATED UNSOLICITED ADVERSE EVENTS",2009,16
333,Symptoms/Pain,AVERAGE PAIN SCORE,2009,1
334,Vital Signs/Physical Measures,MEAN CHANGE IN BLOOD PRESSURE,2009,9
336,Pharmacokinetics,STEADY-STATE CONCENTRATION,2009,8
337,Pharmacokinetics,SYSTEMIC CLEARANCE,2009,3
338,Vital Signs/Physical Measures,TROUGH FEV1,2009,9
339,Pharmacokinetics,APPARENT TERMINAL ELIMINATION HALF-LIFE,2009,5
341,Mortality,NUMBER OF DEATHS,2009,3
343,Quality of Life/PRO,CHANGE IN FACIT-FATIGUE SCORE,2009,1
344,Response Rates,MEDIAN DURATION OF RESPONSE,2009,2
345,Adverse Events/Safety,NUMBER OF PARTICIPANTS WHO DISCONTINUED STUDY TREATMENT DUE TO AN AE,2009,5
346,Vital Signs/Physical Measures,NUMBER OF PARTICIPANTS WITH ABNORMAL VITAL SIGNS,2009,8
347,Adverse Events/Safety,NUMBER OF TREATMENT EMERGENT ADVERSE EVENTS,2009,5
348,Adverse Events/Safety,PERCENTAGE OF PARTICIPANTS WITH TREATMENT EMERGENT ADVERSE EVENTS,2009,1
349,Quality of Life/PRO,PITTSBURGH SLEEP QUALITY INDEX SCORE,2009,3
350,Response Rates,PROSTATE-SPECIFIC ANTIGEN RESPONSE,2009,3
351,Adverse Events/Safety,ESTIMATED BLOOD LOSS,2009,4
352,Response Rates,PERCENTAGE OF PATIENTS ACHIEVING TARGET,2009,10
353,Mental Health Outcomes,CLINICAL GLOBAL IMPRESSION - IMPROVEMENT,2009,5
354,Adverse Events/Safety,NUMBER OF PARTICIPANTS REPORTING ONE OR MORE TREATMENT-EMERGENT ADVERSE EVENTS,2009,4
355,Adverse Events/Safety,NUMBER OF PARTICIPANTS WITH DOSE LIMITING TOXICITY,2009,6
356,Adverse Events/Safety,NUMBER OF PARTICIPANTS WITH CLINICALLY SIGNIFICANT ECG ABNORMALITIES,2009,4
357,Quality of Life/PRO,PATIENT GLOBAL IMPRESSION OF SEVERITY,2009,1
358,Biomarkers/Lab Values,PERCENT CHANGE IN NON-HDL CHOLESTEROL,2009,2
360,Mental Health Outcomes,BECK DEPRESSION INVENTORY SCORE,2009,5
361,Functional Status,CHANGE FROM BASELINE IN BEST CORRECTED VISUAL ACUITY,2009,3
362,Functional Status,CHANGE IN BEST CORRECTED VISUAL ACUITY,2009,3
363,Adverse Events/Safety,NUMBER OF SUBJECTS WITH ANY UNSOLICITED ADVERSE EVENTS,2009,6
365,Immunogenicity,PERCENTAGE OF PARTICIPANTS WITH ANTI-DRUG ANTIBODIES,2009,1
366,Vital Signs/Physical Measures,CHANGE FROM BASELINE IN HEART RATE,2009,3
367,Vital Signs/Physical Measures,CHANGE IN BODY TEMPERATURE,2009,3
368,Mental Health Outcomes,CHANGE IN PERCEIVED STRESS SCORE,2009,1
369,Quality of Life/PRO,CLINICIAN GLOBAL IMPRESSION OF CHANGE,2009,7
373,Quality of Life/PRO,ACCEPTABILITY OF INTERVENTION,2009,1
374,Biomarkers/Lab Values,CHANGE FROM BASELINE IN CLINICAL CHEMISTRY PARAMETERS,2009,2
375,Vital Signs/Physical Measures,CHANGE IN INTRAOCULAR PRESSURE,2009,3
376,Vital Signs/Physical Measures,CHANGES IN FORCED VITAL CAPACITY,2009,5
377,Imaging Outcomes,LEFT VENTRICULAR EJECTION FRACTION,2009,2
378,Vital Signs/Physical Measures,MEAN ARTERIAL PRESSURE,2009,3
379,Vital Signs/Physical Measures,MEAN CHANGE IN HEART RATE,2009,4
380,Immunogenicity,NUMBER OF SEROCONVERTED SUBJECTS,2009,14
381,Hospitalization/Healthcare Use,PROCEDURE TIME,2009,6
383,Pharmacokinetics,AUC0-TZ,2009,3
384,Quality of Life/PRO,CHANGE IN SLEEP QUALITY SCORE,2009,2
385,Adverse Events/Safety,NUMBER OF SUBJECTS WITH UNSOLICITED ADVERSE EVENTS,2009,5
387,Survival/Time-to-Event,TIME TO FIRST EXACERBATION,2009,3
388,Adverse Events/Safety,TREATMENT DISCONTINUATION RATE,2009,4
389,Immunogenicity,VACCINE RESPONSE RATE,2009,5
390,Quality of Life/PRO,CHANGE IN HEALTH-RELATED QUALITY OF LIFE SCORE,2009,4
391,Hospitalization/Healthcare Use,DURATION OF HOSPITAL STAY,2009,1
392,Survival/Time-to-Event,MEDIAN SURVIVAL TIME,2009,4
393,Adverse Events/Safety,NUMBER OF PARTICIPANTS WITH TREATMENT RELATED ADVERSE EVENTS,2009,3
394,Hospitalization/Healthcare Use,OPERATIVE TIME,2009,2
395,Quality of Life/PRO,SLEEP QUALITY SCORE,2009,1
396,Survival/Time-to-Event,2-YEAR SURVIVAL RATE,2009,7
397,Vital Signs/Physical Measures,CHANGE IN RESPIRATORY RATE,2009,2
398,Quality of Life/PRO,CHANGE IN TREATMENT SATISFACTION SCORE,2009,3
399,Symptoms/Pain,CHANGE IN WOMAC STIFFNESS SCORE,2009,6
401,Adverse Events/Safety,NUMBER OF PARTICIPANTS WITH ANY TREATMENT-EMERGENT ADVERSE EVENT,2009,2
402,Adverse Events/Safety,NUMBER OF PARTICIPANTS WITH CLINICAL LABORATORY ABNORMALITIES,2009,1
403,Symptoms/Pain,PAIN INTENSITY,2009,3
404,Pharmacokinetics,AUC(0-T),2009,4
405,Vital Signs/Physical Measures,CHANGE FROM BASELINE IN BODY TEMPERATURE,2009,1
406,Vital Signs/Physical Measures,CHANGE FROM BASELINE IN SYSTOLIC AND DIASTOLIC BLOOD PRESSURE,2009,1
407,Biomarkers/Lab Values,CHANGE IN ALBUMIN AND TOTAL PROTEIN,2009,4
408,Biomarkers/Lab Values,CHANGE IN INSULIN SENSITIVITY,2009,2
411,Functional Status,MEAN CHANGE IN BEST CORRECTED VISUAL ACUITY,2009,2
412,Adverse Events/Safety,NUMBER OF PARTICIPANTS WITH CLINICALLY SIGNIFICANT ECG CHANGES,2009,1
413,Response Rates,PATHOLOGIC COMPLETE RESPONSE RATE,2009,5
414,Adverse Events/Safety,PERCENTAGE OF PARTICIPANTS REPORTING LOCAL REACTIONS,2009,4
415,Mortality,TRANSPLANT-RELATED MORTALITY,2009,3
416,Vital Signs/Physical Measures,VITAL SIGNS SUMMARY,2009,2
417,Survival/Time-to-Event,6-MONTH PROGRESSION-FREE SURVIVAL,2009,3
418,Mental Health Outcomes,CHANGE IN DEPRESSION SCORE,2009,2
419,Quality of Life/PRO,CLINICAL GLOBAL IMPRESSION OF CHANGE,2009,2
420,Immunogenicity,GEOMETRIC MEAN TITER OF ANTIBODIES,2009,10
421,Adverse Events/Safety,NUMBER OF PARTICIPANTS WITH ADVERSE DRUG REACTIONS,2009,2
423,Response Rates,PERCENTAGE OF PARTICIPANTS WITH CLINICAL RESPONSE,2009,4
424,Immunogenicity,SEROPOSITIVITY RATE,2009,6
425,Hospitalization/Healthcare Use,VENTILATOR-FREE DAYS,2009,1
426,Pharmacokinetics,APPARENT TOTAL BODY CLEARANCE,2009,2
427,Biomarkers/Lab Values,CHANGE IN BNP,2009,5
428,Vital Signs/Physical Measures,CHANGE IN FORCED VITAL CAPACITY,2009,6
429,Mental Health Outcomes,DEPRESSION SCORE,2009,2
431,Biomarkers/Lab Values,CHANGE IN BILIRUBIN AND CREATININE,2009,1
433,Functional Status,GRIP STRENGTH,2009,1
435,Biomarkers/Lab Values,CHANGE IN ALKALINE PHOSPHATASE,2009,4
436,Hospitalization/Healthcare Use,LENGTH OF ICU STAY,2009,6
438,Immunogenicity,NUMBER OF SEROPROTECTED SUBJECTS,2009,10
439,Adverse Events/Safety,NUMBER OF SUBJECTS WITH SOLICITED GENERAL SYMPTOMS,2009,3
440,Pharmacokinetics,TIME OF MAXIMUM CONCENTRATION,2009,4
441,Functional Status,TIMED UP AND GO TEST,2009,2
442,Biomarkers/Lab Values,CHANGE FROM BASELINE IN FASTING PLASMA GLUCOSE,2009,3
443,Biomarkers/Lab Values,CHANGE FROM BASELINE IN RED BLOOD CELL COUNT,2009,4
444,Disease Activity Scores,CHANGE IN SWOLLEN JOINT COUNT,2009,5
445,Response Rates,CONFIRMED RESPONSE RATE,2009,3
446,Imaging Outcomes,MRI LESION COUNT,2009,4
447,Adverse Events/Safety,NUMBER OF PARTICIPANTS WITH NON-SERIOUS ADVERSE EVENTS,2009,1
448,Adverse Events/Safety,PERCENTAGE OF PARTICIPANTS REPORTING SYSTEMIC EVENTS,2009,3
449,Mortality,28-DAY MORTALITY,2009,2
451,Remission/Cure,CLINICAL CURE,2009,1
452,Survival/Time-to-Event,DURATION OF COMPLETE RESPONSE,2009,1
453,Biomarkers/Lab Values,MEAN CHANGE IN HEMOGLOBIN A1C,2009,6
454,Symptoms/Pain,PAIN INTERFERENCE SCORE,2009,1
455,Remission/Cure,PERCENTAGE OF PARTICIPANTS ACHIEVING CLINICAL REMISSION,2009,1
456,Adverse Events/Safety,RATE OF ADVERSE EVENTS,2009,7
457,Mortality,TIME TO DEATH,2009,4
458,Adverse Events/Safety,ANNUALIZED BLEEDING RATE,2009,2
459,Functional Status,CHANGE FROM BASELINE IN BCVA,2009,2
460,Vital Signs/Physical Measures,CHANGE FROM BASELINE IN BODY WEIGHT,2009,2
461,Functional Status,CHANGE IN WOMAC PHYSICAL FUNCTION SCORE,2009,4
462,Response Rates,CONFIRMED OBJECTIVE RESPONSE RATE,2009,1
463,Adverse Events/Safety,DRUG-RELATED ADVERSE EVENTS,2009,2
465,Adverse Events/Safety,OCCURRENCE OF ADVERSE EVENTS,2009,3
467,Quality of Life/PRO,SLEEP DISTURBANCE SCORE,2009,2
468,Quality of Life/PRO,ABSOLUTE CHANGE IN CFQ-R RESPIRATORY DOMAIN SCORE,2009,3
469,Symptoms/Pain,APNEA-HYPOPNEA INDEX,2009,2
470,Response Rates,EULAR RESPONSE RATE,2009,4
471,Vital Signs/Physical Measures,MEAN HEART RATE,2009,3
472,Response Rates,PERCENTAGE OF PARTICIPANTS WITH RELAPSE,2009,2
473,Pharmacokinetics,TERMINAL PHASE ELIMINATION HALF-LIFE,2009,5
474,Response Rates,TREATMENT SUCCESS,2009,3
475,Functional Status,ACTIVITIES OF DAILY LIVING,2009,1
476,Biomarkers/Lab Values,CHANGE IN FASTING SERUM GLUCOSE,2009,4
477,Imaging Outcomes,CHANGE IN LEFT VENTRICULAR EJECTION FRACTION,2009,1
478,Disease Control,DURATION OF DISEASE CONTROL,2009,7
479,Treatment Adherence,DURATION OF TREATMENT,2009,1
480,Adverse Events/Safety,NUMBER OF DOSE LIMITING TOXICITIES,2009,3
481,Adverse Events/Safety,NUMBER OF SUBJECTS WITH SOLICITED LOCAL SYMPTOMS,2009,3
482,Immunogenicity,SEROCONVERSION FACTOR,2009,15
483,Mental Health Outcomes,ANXIETY SCORE,2009,1
484,Pharmacokinetics,AVERAGE PLASMA CONCENTRATION,2009,1
485,Disease Activity Scores,CHANGE IN TENDER JOINT COUNT,2009,4
487,Mortality,IN-HOSPITAL MORTALITY,2009,1
488,Adverse Events/Safety,INCIDENCE AND SEVERITY OF ADVERSE EVENTS,2009,3
489,Response Rates,NUMBER OF PARTICIPANTS ACHIEVING TARGET,2009,2
490,Functional Status,PHYSICAL FUNCTION,2009,2
491,Vital Signs/Physical Measures,CHANGE FROM BASELINE IN HEIGHT,2009,1
492,Vital Signs/Physical Measures,CHANGE FROM BASELINE IN INTRAOCULAR PRESSURE,2009,3
493,Quality of Life/PRO,CHANGE IN PITTSBURGH SLEEP QUALITY INDEX SCORE,2009,1
494,Functional Status,CHANGE IN WHO FUNCTIONAL CLASS,2009,7
495,Functional Status,HARRIS HIP SCORE,2009,5
496,Adverse Events/Safety,NUMBER OF PARTICIPANTS WITH COMPLICATIONS,2009,1
497,Adverse Events/Safety,NUMBER OF PARTICIPANTS WITH DOSE-LIMITING TOXICITY,2009,2
499,Adverse Events/Safety,PERCENTAGE OF PARTICIPANTS WITH AT LEAST ONE ADVERSE EVENT,2009,4
500,Pharmacokinetics,PLASMA TROUGH CONCENTRATION,2009,2
1,Response Rates,OBJECTIVE RESPONSE RATE,2010,353
2,Survival/Time-to-Event,OVERALL SURVIVAL,2010,319
3,Survival/Time-to-Event,PROGRESSION-FREE SURVIVAL,2010,327
4,Adverse Events/Safety,NUMBER OF PARTICIPANTS WITH ADVERSE EVENTS,2010,259
5,Pharmacokinetics,MAXIMUM PLASMA CONCENTRATION,2010,200
6,Adverse Events/Safety,NUMBER OF PARTICIPANTS WITH TREATMENT-EMERGENT ADVERSE EVENTS,2010,115
7,Pharmacokinetics,TIME TO MAXIMUM CONCENTRATION,2010,136
8,Response Rates,DURATION OF RESPONSE,2010,86
9,Adverse Events/Safety,NUMBER OF PARTICIPANTS WITH SERIOUS ADVERSE EVENTS,2010,85
10,Pharmacokinetics,AUC FROM 0 TO INFINITY,2010,89
11,Biomarkers/Lab Values,CHANGE IN HEMOGLOBIN A1C,2010,101
12,Vital Signs/Physical Measures,CHANGE IN BODY WEIGHT,2010,74
13,Pharmacokinetics,AREA UNDER THE CONCENTRATION-TIME CURVE,2010,58
14,Disease Control,DISEASE CONTROL RATE,2010,47
15,Pharmacokinetics,PLASMA DRUG CONCENTRATION,2010,56
16,Quality of Life/PRO,CHANGE IN QUALITY OF LIFE SCORE,2010,62
17,Symptoms/Pain,CHANGE IN VAS PAIN SCORE,2010,70
18,Quality of Life/PRO,PATIENT SATISFACTION,2010,33
19,Dose-Finding,MAXIMUM TOLERATED DOSE,2010,74
20,Symptoms/Pain,CHANGE IN PAIN SCORE,2010,49
21,Survival/Time-to-Event,TIME TO PROGRESSION,2010,51
22,Mortality,ALL-CAUSE MORTALITY,2010,34
23,Response Rates,PERCENTAGE OF PARTICIPANTS ACHIEVING TARGET,2010,67
24,Vital Signs/Physical Measures,CHANGE IN BLOOD PRESSURE,2010,58
25,Pharmacokinetics,AUC FROM 0 TO LAST MEASURABLE CONCENTRATION,2010,46
26,Biomarkers/Lab Values,CHANGE IN FASTING PLASMA GLUCOSE,2010,54
27,Adverse Events/Safety,NUMBER OF ADVERSE EVENTS,2010,37
28,Quality of Life/PRO,CHANGE IN SF-36 SCORE,2010,39
29,Response Rates,COMPLETE RESPONSE RATE,2010,40
30,Adverse Events/Safety,NUMBER OF PARTICIPANTS WITH TREATMENT EMERGENT ADVERSE EVENTS,2010,25
31,Vital Signs/Physical Measures,CHANGE IN HEART RATE,2010,35
32,Biomarkers/Lab Values,CHANGE IN HEMOGLOBIN,2010,33
33,Adverse Events/Safety,PERCENTAGE OF PARTICIPANTS WITH ADVERSE EVENTS,2010,21
34,Immunogenicity,SEROCONVERSION RATE,2010,37
35,Pharmacokinetics,VOLUME OF DISTRIBUTION,2010,25
36,Response Rates,CLINICAL BENEFIT RATE,2010,32
37,Quality of Life/PRO,CHANGE IN EQ-5D SCORE,2010,36
38,Hospitalization/Healthcare Use,LENGTH OF HOSPITAL STAY,2010,26
39,Vital Signs/Physical Measures,CHANGE IN BODY MASS INDEX,2010,23
40,Quality of Life/PRO,PATIENT GLOBAL IMPRESSION OF CHANGE,2010,22
41,Symptoms/Pain,CHANGE IN NRS PAIN SCORE,2010,23
42,Response Rates,SUSTAINED VIROLOGIC RESPONSE,2010,20
43,Adverse Events/Safety,DOSE-LIMITING TOXICITIES,2010,26
44,Biomarkers/Lab Values,CHANGE IN LDL CHOLESTEROL,2010,24
45,Survival/Time-to-Event,EVENT-FREE SURVIVAL,2010,27
46,Immunogenicity,SEROPROTECTION RATE,2010,43
47,Functional Status,CHANGE IN 6-MINUTE WALK DISTANCE,2010,29
48,Response Rates,TIME TO RESPONSE,2010,22
49,Survival/Time-to-Event,DISEASE-FREE SURVIVAL,2010,24
50,Pharmacokinetics,APPARENT VOLUME OF DISTRIBUTION,2010,26
51,Mental Health Outcomes,CHANGE IN MADRS SCORE,2010,34
52,Biomarkers/Lab Values,CHANGE IN CRP,2010,23
53,Immunogenicity,ANTI-DRUG ANTIBODIES,2010,24
54,Biomarkers/Lab Values,CHANGE IN TRIGLYCERIDES,2010,25
55,Mental Health Outcomes,CHANGE IN PHQ-9 SCORE,2010,10
56,Biomarkers/Lab Values,CHANGE IN TOTAL CHOLESTEROL,2010,23
57,Response Rates,ACR20 RESPONSE,2010,28
58,Biomarkers/Lab Values,CHANGE IN HDL CHOLESTEROL,2010,26
59,Pharmacokinetics,HALF-LIFE,2010,19
60,Disease Activity Scores,CHANGE IN DAS28 SCORE,2010,28
61,Vital Signs/Physical Measures,CHANGE IN SYSTOLIC BLOOD PRESSURE,2010,32
62,Pharmacokinetics,CLEARANCE,2010,17
63,Functional Status,CHANGE IN HAQ-DI SCORE,2010,23
64,Biomarkers/Lab Values,CHANGE IN VIRAL LOAD,2010,12
65,Treatment Adherence,TREATMENT ADHERENCE RATE,2010,10
66,Biomarkers/Lab Values,CHANGE IN ALT,2010,18
67,Survival/Time-to-Event,MEDIAN OVERALL SURVIVAL,2010,19
68,Vital Signs/Physical Measures,CHANGE IN WAIST CIRCUMFERENCE,2010,9
69,Adverse Events/Safety,INCIDENCE OF ADVERSE EVENTS,2010,18
70,Biomarkers/Lab Values,CHANGE IN CD4 COUNT,2010,14
71,Biomarkers/Lab Values,NUMBER OF PARTICIPANTS WITH LABORATORY ABNORMALITIES,2010,14
72,Pharmacokinetics,TROUGH CONCENTRATION,2010,8
73,Pharmacokinetics,TERMINAL HALF-LIFE,2010,23
74,Quality of Life/PRO,QUALITY OF LIFE SCORE,2010,23
75,Biomarkers/Lab Values,CHANGE IN EGFR,2010,14
76,Mental Health Outcomes,CHANGE IN HAM-D SCORE,2010,21
77,Survival/Time-to-Event,TIME TO TREATMENT FAILURE,2010,20
78,Symptoms/Pain,PAIN RESPONSE RATE,2010,14
79,Response Rates,IGA RESPONSE,2010,6
80,Response Rates,ACR50 RESPONSE,2010,25
81,Immunogenicity,ANTIBODY TITER,2010,27
82,Vital Signs/Physical Measures,CHANGE IN DIASTOLIC BLOOD PRESSURE,2010,21
83,Response Rates,PASI 75 RESPONSE,2010,24
84,Pharmacokinetics,ACCUMULATION RATIO,2010,7
85,Adverse Events/Safety,NUMBER OF PARTICIPANTS WITH TREATMENT-RELATED ADVERSE EVENTS,2010,8
86,Pharmacokinetics,TERMINAL ELIMINATION HALF-LIFE,2010,8
87,Biomarkers/Lab Values,CHANGE IN CREATININE,2010,13
88,Quality of Life/PRO,CHANGE IN DLQI SCORE,2010,6
89,Response Rates,ACR70 RESPONSE,2010,23
90,Mental Health Outcomes,CHANGE IN GAD-7 SCORE,2010,2
91,Survival/Time-to-Event,MEDIAN PROGRESSION-FREE SURVIVAL,2010,11
92,Adverse Events/Safety,PERCENTAGE OF PARTICIPANTS WITH TREATMENT-EMERGENT ADVERSE EVENTS,2010,5
93,Symptoms/Pain,CHANGE IN BPI SCORE,2010,16
94,Immunogenicity,NUMBER OF PARTICIPANTS WITH ANTI-DRUG ANTIBODIES,2010,11
95,Remission/Cure,COMPLETE REMISSION,2010,13
96,Imaging Outcomes,CHANGE IN BONE MINERAL DENSITY,2010,13
97,Quality of Life/PRO,CHANGE IN EORTC QLQ-C30 SCORE,2010,10
98,Biomarkers/Lab Values,PERCENTAGE OF PARTICIPANTS WITH LABORATORY ABNORMALITIES,2010,10
99,Biomarkers/Lab Values,CHANGE IN AST,2010,12
100,Mental Health Outcomes,CHANGE IN PANSS SCORE,2010,16
101,Adverse Events/Safety,NUMBER OF PARTICIPANTS WITH DOSE LIMITING TOXICITIES,2010,13
102,Adverse Events/Safety,GRADE 3 OR HIGHER ADVERSE EVENTS,2010,14
103,Vital Signs/Physical Measures,SYSTOLIC BLOOD PRESSURE,2010,9
104,Treatment Adherence,PERCENTAGE OF PARTICIPANTS COMPLETING TREATMENT,2010,5
105,Mental Health Outcomes,CHANGE IN MMSE SCORE,2010,12
106,Pharmacokinetics,MEAN RESIDENCE TIME,2010,15
107,Biomarkers/Lab Values,CHANGE IN PLATELET COUNT,2010,11
108,Response Rates,COMPLETE RESPONSE,2010,12
109,Dose-Finding,RECOMMENDED PHASE 2 DOSE,2010,8
110,Immunogenicity,IMMUNE RESPONSE RATE,2010,9
111,Pharmacokinetics,RENAL CLEARANCE,2010,11
112,Biomarkers/Lab Values,PERCENT CHANGE IN LDL CHOLESTEROL,2010,7
113,Treatment Adherence,COMPLIANCE RATE,2010,8
114,Adverse Events/Safety,NUMBER OF PARTICIPANTS WITH DOSE-LIMITING TOXICITIES,2010,6
115,Vital Signs/Physical Measures,CHANGE FROM BASELINE IN FEV1,2010,12
116,Adverse Events/Safety,NUMBER OF PARTICIPANTS WITH UNSOLICITED ADVERSE EVENTS,2010,11
117,Remission/Cure,CLINICAL REMISSION,2010,3
118,Response Rates,RESPONDER RATE,2010,13
119,Quality of Life/PRO,FATIGUE,2010,9
120,Functional Status,6-MINUTE WALK DISTANCE,2010,10
121,Pharmacokinetics,MAXIMUM SERUM CONCENTRATION,2010,6
122,Response Rates,PATHOLOGICAL COMPLETE RESPONSE,2010,8
123,Vital Signs/Physical Measures,DIASTOLIC BLOOD PRESSURE,2010,7
124,Adverse Events/Safety,INJECTION SITE REACTIONS,2010,5
125,Pharmacokinetics,MAXIMUM OBSERVED SERUM CONCENTRATION,2010,4
126,Symptoms/Pain,PAIN SCORE,2010,2
127,Hospitalization/Healthcare Use,HOSPITAL LENGTH OF STAY,2010,6
128,Biomarkers/Lab Values,CHANGE IN WHITE BLOOD CELL COUNT,2010,6
129,Response Rates,PASI 90 RESPONSE,2010,11
130,Symptoms/Pain,CHANGE IN WOMAC PAIN SCORE,2010,10
131,Mortality,30-DAY MORTALITY,2010,7
132,Imaging Outcomes,CHANGE IN EJECTION FRACTION,2010,13
133,Biomarkers/Lab Values,CHANGE IN ALBUMIN,2010,8
134,Adverse Events/Safety,PERCENTAGE OF PARTICIPANTS WITH SERIOUS ADVERSE EVENTS,2010,3
135,Vital Signs/Physical Measures,CHANGE IN TEMPERATURE,2010,4
136,Adverse Events/Safety,TOTAL ADVERSE EVENTS SUMMARY,2010,15
137,Pharmacokinetics,TIME TO MAXIMUM PLASMA CONCENTRATION,2010,16
138,Mental Health Outcomes,SUICIDAL IDEATION ASSESSMENT,2010,11
139,Mental Health Outcomes,CHANGE IN HAM-A SCORE,2010,10
140,Disease Activity Scores,CHANGE IN CDAI SCORE,2010,8
141,Vital Signs/Physical Measures,CHANGE FROM BASELINE IN BLOOD PRESSURE,2010,4
142,Mental Health Outcomes,CHANGE IN MOCA SCORE,2010,4
143,Mental Health Outcomes,CHANGE IN ADAS-COG SCORE,2010,6
144,Adverse Events/Safety,INCIDENCE OF TREATMENT-EMERGENT ADVERSE EVENTS,2010,3
145,Adverse Events/Safety,NUMBER OF PARTICIPANTS WITH ABNORMAL ECG FINDINGS,2010,6
146,Immunogenicity,GEOMETRIC MEAN TITERS,2010,9
147,Quality of Life/PRO,CHANGE IN SGRQ SCORE,2010,10
148,Pharmacokinetics,APPARENT CLEARANCE,2010,6
149,Survival/Time-to-Event,1-YEAR SURVIVAL RATE,2010,6
150,Response Rates,BEST OVERALL RESPONSE RATE,2010,4
151,Biomarkers/Lab Values,CHANGE FROM BASELINE IN HEMATOCRIT,2010,3
152,Biomarkers/Lab Values,CHANGE IN BILIRUBIN,2010,5
153,Adverse Events/Safety,NUMBER OF PARTICIPANTS WITH SERIOUS AND NON-SERIOUS ADVERSE EVENTS,2010,4
154,Hospitalization/Healthcare Use,HOSPITALIZATION RATE,2010,5
155,Adverse Events/Safety,NUMBER OF PATIENTS WITH ADVERSE EVENTS,2010,6
156,Mental Health Outcomes,CHANGE IN YMRS SCORE,2010,11
157,Pharmacokinetics,APPARENT TERMINAL HALF-LIFE,2010,1
158,Biomarkers/Lab Values,PERCENT CHANGE IN TOTAL CHOLESTEROL,2010,4
160,Adverse Events/Safety,NUMBER OF SERIOUS ADVERSE EVENTS,2010,6
161,Adverse Events/Safety,DOSE-LIMITING TOXICITY,2010,16
162,Immunogenicity,GEOMETRIC MEAN TITER,2010,10
163,Microbiological/Virological,VIRAL SUPPRESSION RATE,2010,4
164,Biomarkers/Lab Values,PERCENT CHANGE IN HDL CHOLESTEROL,2010,10
165,Treatment Adherence,RETENTION RATE,2010,3
166,Biomarkers/Lab Values,CHANGE IN FERRITIN,2010,2
167,Adverse Events/Safety,NUMBER OF SUBJECTS WITH ANY AND GRADE 3 SOLICITED LOCAL SYMPTOMS,2010,16
168,Survival/Time-to-Event,TIME TO NEXT TREATMENT,2010,3
169,Mortality,CARDIOVASCULAR MORTALITY,2010,10
171,Pharmacokinetics,ELIMINATION HALF-LIFE,2010,4
172,Response Rates,PARTIAL RESPONSE RATE,2010,6
173,Vital Signs/Physical Measures,CHANGE IN PULSE RATE,2010,12
174,Mental Health Outcomes,DEPRESSION RESPONSE RATE,2010,9
175,Biomarkers/Lab Values,CHANGE IN ESR,2010,7
176,Symptoms/Pain,CHANGE IN PRURITUS SCORE,2010,2
177,Survival/Time-to-Event,MEDIAN PROGRESSION FREE SURVIVAL,2010,9
178,Pharmacokinetics,TOTAL BODY CLEARANCE,2010,3
179,Pharmacokinetics,APPARENT ORAL CLEARANCE,2010,15
180,Vital Signs/Physical Measures,CHANGE FROM BASELINE IN TROUGH FEV1,2010,4
181,Vital Signs/Physical Measures,CHANGE IN FEV1,2010,15
182,Response Rates,CLINICAL RESPONSE RATE,2010,6
183,Biomarkers/Lab Values,PERCENT CHANGE IN TRIGLYCERIDES,2010,9
184,Pharmacokinetics,VOLUME OF DISTRIBUTION AT STEADY STATE,2010,10
185,Vital Signs/Physical Measures,CHANGE FROM BASELINE IN PULSE RATE,2010,3
186,Adverse Events/Safety,NUMBER OF PARTICIPANTS WITH CLINICALLY SIGNIFICANT LABORATORY ABNORMALITIES,2010,3
187,Biomarkers/Lab Values,CHANGE IN NT-PROBNP,2010,5
188,Disease Activity Scores,CHANGE IN UPDRS SCORE,2010,7
190,Biomarkers/Lab Values,PERCENT CHANGE IN APOLIPOPROTEIN B,2010,3
191,Biomarkers/Lab Values,NUMBER OF PARTICIPANTS WITH LABORATORY TEST ABNORMALITIES,2010,6
192,Adverse Events/Safety,"NUMBER OF SUBJECTS WITH ANY, GRADE 3 AND RELATED SOLICITED GENERAL SYMPTOMS",2010,16
193,Symptoms/Pain,OPIOID CONSUMPTION,2010,5
194,Hospitalization/Healthcare Use,TIME TO HOSPITAL DISCHARGE,2010,2
195,Vital Signs/Physical Measures,HEART RATE,2010,6
197,Survival/Time-to-Event,RELAPSE-FREE SURVIVAL,2010,3
198,Response Rates,PERCENTAGE OF PARTICIPANTS WITH VIROLOGIC FAILURE,2010,3
200,Survival/Time-to-Event,OVERALL SURVIVAL RATE,2010,6
201,Response Rates,PATHOLOGIC COMPLETE RESPONSE,2010,4
202,Quality of Life/PRO,TREATMENT SATISFACTION,2010,4
203,Adverse Events/Safety,NUMBER OF PARTICIPANTS WITH ANY ADVERSE EVENTS,2010,10
204,Biomarkers/Lab Values,MINIMAL RESIDUAL DISEASE NEGATIVITY,2010,6
205,Imaging Outcomes,CHANGE IN TUMOR SIZE,2010,8
206,Adverse Events/Safety,NUMBER OF PARTICIPANTS WITH SERIOUS AND/OR NON-SERIOUS ADVERSE EVENTS,2010,2
207,Symptoms/Pain,VAS PAIN SCORE,2010,5
208,Quality of Life/PRO,CHANGE IN EQ-5D VAS SCORE,2010,8
209,Adverse Events/Safety,NUMBER OF PARTICIPANTS WITH ADVERSE EVENTS LEADING TO DISCONTINUATION,2010,1
210,Adverse Events/Safety,NUMBER OF PARTICIPANTS WITH DRUG-RELATED ADVERSE EVENTS,2010,4
211,Adverse Events/Safety,NUMBER OF PARTICIPANTS WITH ECG ABNORMALITIES,2010,3
212,Biomarkers/Lab Values,CHANGE IN C-REACTIVE PROTEIN,2010,8
213,Mental Health Outcomes,CHANGE IN HADS SCORE,2010,5
214,Mental Health Outcomes,CHANGE FROM BASELINE IN CGI-S SCORE,2010,2
215,Vital Signs/Physical Measures,CHANGE FROM BASELINE IN SYSTOLIC BLOOD PRESSURE,2010,5
216,Quality of Life/PRO,CHANGE IN FATIGUE SCORE,2010,1
217,Response Rates,CLINICAL RESPONSE,2010,8
218,Survival/Time-to-Event,TIME TO PSA PROGRESSION,2010,8
219,Pharmacokinetics,ELIMINATION RATE CONSTANT,2010,4
220,Adverse Events/Safety,NUMBER OF PARTICIPANTS WITH ADVERSE EVENTS OF SPECIAL INTEREST,2010,1
221,Pharmacokinetics,PEAK PLASMA CONCENTRATION,2010,4
222,Symptoms/Pain,NAUSEA,2010,3
223,Biomarkers/Lab Values,CHANGE IN ABSOLUTE NEUTROPHIL COUNT,2010,6
225,Biomarkers/Lab Values,CHANGE IN HEMATOCRIT,2010,6
226,Mortality,TREATMENT-RELATED MORTALITY,2010,5
227,Survival/Time-to-Event,RECURRENCE-FREE SURVIVAL,2010,8
228,Pharmacokinetics,AUCTAU,2010,2
229,Functional Status,CHANGE IN EDSS SCORE,2010,5
230,Biomarkers/Lab Values,CHANGE IN HSCRP,2010,3
231,Response Rates,TUMOR RESPONSE RATE,2010,10
232,Response Rates,PASI 50 RESPONSE,2010,12
233,Adverse Events/Safety,PROCEDURAL SUCCESS,2010,8
234,Quality of Life/PRO,CHANGE IN KCCQ SCORE,2010,4
235,Quality of Life/PRO,SLEEP EFFICIENCY,2010,10
236,Survival/Time-to-Event,TIME TO RELAPSE,2010,5
237,Pharmacokinetics,MINIMUM PLASMA CONCENTRATION,2010,4
238,Symptoms/Pain,PRURITUS SCORE,2010,5
239,Vital Signs/Physical Measures,NUMBER OF PARTICIPANTS WITH CLINICALLY SIGNIFICANT CHANGES IN VITAL SIGNS,2010,5
240,Immunogenicity,SERORESPONSE RATE,2010,5
241,Mental Health Outcomes,CHANGE IN CGI-S SCORE,2010,5
242,Adverse Events/Safety,FREQUENCY OF ADVERSE EVENTS,2010,7
243,Vital Signs/Physical Measures,PERCENT CHANGE IN BODY WEIGHT,2010,8
244,Remission/Cure,DEPRESSION REMISSION RATE,2010,9
245,Disease Control,STABLE DISEASE RATE,2010,6
246,Vital Signs/Physical Measures,BODY MASS INDEX,2010,3
247,Vital Signs/Physical Measures,CHANGE FROM BASELINE IN DIASTOLIC BLOOD PRESSURE,2010,3
248,Disease Activity Scores,CHANGE IN SDAI SCORE,2010,2
249,Symptoms/Pain,DYSPNEA SCORE,2010,7
250,Microbiological/Virological,MICROBIOLOGICAL ERADICATION,2010,6
251,Survival/Time-to-Event,TIME TO TUMOR PROGRESSION,2010,3
252,Pharmacokinetics,APPARENT CLEARANCE (CL/F),2010,1
253,Biomarkers/Lab Values,CHANGE IN FASTING INSULIN,2010,3
254,Mental Health Outcomes,CHANGE IN PHQ-8 SCORE,2010,1
255,Adverse Events/Safety,ADVERSE EVENTS LEADING TO DISCONTINUATION,2010,4
256,Mortality,ALL COLLECTED DEATHS,2010,3
257,Pharmacokinetics,AUC∞,2010,3
258,Biomarkers/Lab Values,CHANGE IN FASTING GLUCOSE,2010,6
259,Vital Signs/Physical Measures,FORCED EXPIRATORY VOLUME IN 1 SECOND (FEV1),2010,8
260,Quality of Life/PRO,PARTICIPANT SATISFACTION,2010,1
261,Response Rates,PASI 100 RESPONSE,2010,4
262,Biomarkers/Lab Values,CHANGE IN INR,2010,5
263,Vital Signs/Physical Measures,INTRAOCULAR PRESSURE,2010,4
264,Biomarkers/Lab Values,CHANGE IN HOMA-IR,2010,4
265,Adverse Events/Safety,INCIDENCE OF SERIOUS ADVERSE EVENTS,2010,3
266,Mortality,NUMBER OF PARTICIPANTS WHO DIED,2010,5
267,Pharmacokinetics,PLASMA DECAY HALF-LIFE,2010,16
268,Quality of Life/PRO,TOTAL SLEEP TIME,2010,8
269,Response Rates,TUMOR RESPONSE,2010,6
270,Hospitalization/Healthcare Use,LENGTH OF STAY,2010,5
271,Pharmacokinetics,MAXIMUM OBSERVED PLASMA CONCENTRATION,2010,18
272,Mental Health Outcomes,CHANGE IN CES-D SCORE,2010,4
273,Hospitalization/Healthcare Use,DURATION OF HOSPITALIZATION,2010,3
274,Survival/Time-to-Event,DURATION OF OBJECTIVE RESPONSE,2010,5
275,Hospitalization/Healthcare Use,ICU ADMISSION RATE,2010,1
276,Hospitalization/Healthcare Use,ICU LENGTH OF STAY,2010,1
277,Vital Signs/Physical Measures,NUMBER OF PARTICIPANTS WITH CLINICALLY SIGNIFICANT CHANGE IN VITAL SIGNS,2010,1
278,Immunogenicity,NUMBER OF PARTICIPANTS WITH POSITIVE ANTI-DRUG ANTIBODIES,2010,3
279,Adverse Events/Safety,NUMBER OF SUBJECTS REPORTING UNSOLICITED ADVERSE EVENTS,2010,11
280,Quality of Life/PRO,PATIENT GLOBAL IMPRESSION OF IMPROVEMENT,2010,7
281,Vital Signs/Physical Measures,FORCED VITAL CAPACITY,2010,5
282,Biomarkers/Lab Values,LABORATORY VALUES SUMMARY,2010,4
283,Mortality,NON-RELAPSE MORTALITY,2010,7
284,Functional Status,VISUAL ACUITY,2010,9
285,Mental Health Outcomes,CHANGE IN BDI-II SCORE,2010,6
287,Response Rates,TARGET LESION RESPONSE,2010,1
288,Disease Activity Scores,ANNUALIZED RELAPSE RATE,2010,7
289,Mental Health Outcomes,CHANGE IN ANXIETY SCORE,2010,1
290,Biomarkers/Lab Values,CHANGE IN PSA,2010,4
291,Response Rates,COMPLETE REMISSION RATE,2010,2
293,Survival/Time-to-Event,PROGRESSION-FREE SURVIVAL RATE,2010,1
294,Hospitalization/Healthcare Use,READMISSION RATE,2010,3
295,Disease Control,ANNUAL EXACERBATION RATE,2010,2
296,Disease Control,CLINICAL SUCCESS,2010,7
297,Remission/Cure,CURE RATE,2010,1
298,Pharmacokinetics,AUC0-LAST,2010,1
299,Functional Status,CHANGE IN VISUAL ACUITY,2010,7
300,Hospitalization/Healthcare Use,EMERGENCY ROOM VISITS,2010,1
301,Biomarkers/Lab Values,MEAN CHANGE IN HEMOGLOBIN,2010,9
302,Imaging Outcomes,PERCENT CHANGE IN BONE MINERAL DENSITY,2010,2
303,Symptoms/Pain,CHANGE IN ADHD-RS SCORE,2010,7
304,Biomarkers/Lab Values,CHANGE IN TOTAL BILIRUBIN,2010,4
305,Disease Control,DURATION OF STABLE DISEASE,2010,8
306,Mortality,MORTALITY,2010,2
307,Adverse Events/Safety,NUMBER OF PARTICIPANTS WITH TREATMENT-EMERGENT SERIOUS ADVERSE EVENTS,2010,1
308,Biomarkers/Lab Values,PERCENT CHANGE IN NON-HDL-C,2010,2
309,Mortality,PERCENTAGE OF PARTICIPANTS WHO DIED,2010,5
310,Vital Signs/Physical Measures,CHANGE FROM BASELINE IN ECG PARAMETERS,2010,2
311,Treatment Adherence,MEDICATION ADHERENCE,2010,3
312,Adverse Events/Safety,NUMBER OF PARTICIPANTS WITH ADVERSE EVENTS AND SERIOUS ADVERSE EVENTS,2010,6
313,Adverse Events/Safety,NUMBER OF PARTICIPANTS WITH GRADE 3 OR HIGHER ADVERSE EVENTS,2010,4
314,Disease Control,TECHNICAL SUCCESS,2010,2
315,Disease Activity Scores,CHANGE IN BASDAI SCORE,2010,6
316,Functional Status,CHANGE IN ECOG PERFORMANCE STATUS,2010,6
317,Remission/Cure,CLINICAL CURE RATE,2010,6
318,Biomarkers/Lab Values,INSULIN SENSITIVITY,2010,3
319,Treatment Adherence,NUMBER OF PARTICIPANTS COMPLETING TREATMENT,2010,1
320,Adverse Events/Safety,TOTAL SERIOUS ADVERSE EVENTS SUMMARY,2010,4
321,Symptoms/Pain,CHANGE IN DYSPNEA SCORE,2010,2
322,Biomarkers/Lab Values,CHANGE IN SERUM CREATININE,2010,6
323,Quality of Life/PRO,CHANGE IN SF-12 SCORE,2010,1
324,Mental Health Outcomes,CLINICIAN GLOBAL IMPRESSION,2010,11
325,Functional Status,CHANGE IN PHYSICAL ACTIVITY,2010,1
327,Other Clinical Endpoints,DEVICE SUCCESS,2010,6
328,Adverse Events/Safety,NUMBER OF PARTICIPANTS WITH ANY ADVERSE EVENT,2010,8
329,Biomarkers/Lab Values,PERCENT CHANGE IN LDL-C,2010,3
330,Vital Signs/Physical Measures,RESPIRATORY RATE,2010,2
331,Mortality,90-DAY MORTALITY,2010,1
332,Adverse Events/Safety,"NUMBER OF SUBJECTS WITH ANY, GRADE 3 AND RELATED UNSOLICITED ADVERSE EVENTS",2010,7
333,Symptoms/Pain,AVERAGE PAIN SCORE,2010,1
334,Vital Signs/Physical Measures,MEAN CHANGE IN BLOOD PRESSURE,2010,5
335,Response Rates,PSA RESPONSE RATE,2010,3
336,Pharmacokinetics,STEADY-STATE CONCENTRATION,2010,9
337,Pharmacokinetics,SYSTEMIC CLEARANCE,2010,6
338,Vital Signs/Physical Measures,TROUGH FEV1,2010,11
339,Pharmacokinetics,APPARENT TERMINAL ELIMINATION HALF-LIFE,2010,1
341,Mortality,NUMBER OF DEATHS,2010,4
343,Quality of Life/PRO,CHANGE IN FACIT-FATIGUE SCORE,2010,2
344,Response Rates,MEDIAN DURATION OF RESPONSE,2010,3
346,Vital Signs/Physical Measures,NUMBER OF PARTICIPANTS WITH ABNORMAL VITAL SIGNS,2010,2
347,Adverse Events/Safety,NUMBER OF TREATMENT EMERGENT ADVERSE EVENTS,2010,3
349,Quality of Life/PRO,PITTSBURGH SLEEP QUALITY INDEX SCORE,2010,5
350,Response Rates,PROSTATE-SPECIFIC ANTIGEN RESPONSE,2010,2
351,Adverse Events/Safety,ESTIMATED BLOOD LOSS,2010,1
352,Response Rates,PERCENTAGE OF PATIENTS ACHIEVING TARGET,2010,10
353,Mental Health Outcomes,CLINICAL GLOBAL IMPRESSION - IMPROVEMENT,2010,4
354,Adverse Events/Safety,NUMBER OF PARTICIPANTS REPORTING ONE OR MORE TREATMENT-EMERGENT ADVERSE EVENTS,2010,4
355,Adverse Events/Safety,NUMBER OF PARTICIPANTS WITH DOSE LIMITING TOXICITY,2010,3
356,Adverse Events/Safety,NUMBER OF PARTICIPANTS WITH CLINICALLY SIGNIFICANT ECG ABNORMALITIES,2010,4
357,Quality of Life/PRO,PATIENT GLOBAL IMPRESSION OF SEVERITY,2010,1
359,Pharmacokinetics,AUCINF,2010,1
360,Mental Health Outcomes,BECK DEPRESSION INVENTORY SCORE,2010,5
361,Functional Status,CHANGE FROM BASELINE IN BEST CORRECTED VISUAL ACUITY,2010,3
362,Functional Status,CHANGE IN BEST CORRECTED VISUAL ACUITY,2010,1
363,Adverse Events/Safety,NUMBER OF SUBJECTS WITH ANY UNSOLICITED ADVERSE EVENTS,2010,10
365,Immunogenicity,PERCENTAGE OF PARTICIPANTS WITH ANTI-DRUG ANTIBODIES,2010,4
366,Vital Signs/Physical Measures,CHANGE FROM BASELINE IN HEART RATE,2010,4
367,Vital Signs/Physical Measures,CHANGE IN BODY TEMPERATURE,2010,2
368,Mental Health Outcomes,CHANGE IN PERCEIVED STRESS SCORE,2010,1
369,Quality of Life/PRO,CLINICIAN GLOBAL IMPRESSION OF CHANGE,2010,2
370,Mental Health Outcomes,DEPRESSIVE SYMPTOMS,2010,2
371,Adverse Events/Safety,INCIDENCE OF TREATMENT EMERGENT ADVERSE EVENTS,2010,2
372,Adverse Events/Safety,TOTAL OPIOID CONSUMPTION,2010,2
375,Vital Signs/Physical Measures,CHANGE IN INTRAOCULAR PRESSURE,2010,4
376,Vital Signs/Physical Measures,CHANGES IN FORCED VITAL CAPACITY,2010,4
377,Imaging Outcomes,LEFT VENTRICULAR EJECTION FRACTION,2010,4
378,Vital Signs/Physical Measures,MEAN ARTERIAL PRESSURE,2010,1
379,Vital Signs/Physical Measures,MEAN CHANGE IN HEART RATE,2010,6
380,Immunogenicity,NUMBER OF SEROCONVERTED SUBJECTS,2010,8
381,Hospitalization/Healthcare Use,PROCEDURE TIME,2010,1
382,Other Clinical Endpoints,RECRUITMENT RATE,2010,3
383,Pharmacokinetics,AUC0-TZ,2010,4
384,Quality of Life/PRO,CHANGE IN SLEEP QUALITY SCORE,2010,5
385,Adverse Events/Safety,NUMBER OF SUBJECTS WITH UNSOLICITED ADVERSE EVENTS,2010,3
387,Survival/Time-to-Event,TIME TO FIRST EXACERBATION,2010,2
388,Adverse Events/Safety,TREATMENT DISCONTINUATION RATE,2010,6
389,Immunogenicity,VACCINE RESPONSE RATE,2010,4
390,Quality of Life/PRO,CHANGE IN HEALTH-RELATED QUALITY OF LIFE SCORE,2010,1
391,Hospitalization/Healthcare Use,DURATION OF HOSPITAL STAY,2010,1
392,Survival/Time-to-Event,MEDIAN SURVIVAL TIME,2010,3
393,Adverse Events/Safety,NUMBER OF PARTICIPANTS WITH TREATMENT RELATED ADVERSE EVENTS,2010,4
394,Hospitalization/Healthcare Use,OPERATIVE TIME,2010,4
395,Quality of Life/PRO,SLEEP QUALITY SCORE,2010,3
396,Survival/Time-to-Event,2-YEAR SURVIVAL RATE,2010,2
397,Vital Signs/Physical Measures,CHANGE IN RESPIRATORY RATE,2010,2
398,Quality of Life/PRO,CHANGE IN TREATMENT SATISFACTION SCORE,2010,5
399,Symptoms/Pain,CHANGE IN WOMAC STIFFNESS SCORE,2010,1
400,Hospitalization/Healthcare Use,DURATION OF MECHANICAL VENTILATION,2010,3
402,Adverse Events/Safety,NUMBER OF PARTICIPANTS WITH CLINICAL LABORATORY ABNORMALITIES,2010,1
403,Symptoms/Pain,PAIN INTENSITY,2010,3
406,Vital Signs/Physical Measures,CHANGE FROM BASELINE IN SYSTOLIC AND DIASTOLIC BLOOD PRESSURE,2010,4
407,Biomarkers/Lab Values,CHANGE IN ALBUMIN AND TOTAL PROTEIN,2010,3
408,Biomarkers/Lab Values,CHANGE IN INSULIN SENSITIVITY,2010,4
409,Mental Health Outcomes,CHANGE IN SELF-EFFICACY SCORE,2010,1
410,Symptoms/Pain,INSOMNIA SEVERITY INDEX,2010,1
411,Functional Status,MEAN CHANGE IN BEST CORRECTED VISUAL ACUITY,2010,7
412,Adverse Events/Safety,NUMBER OF PARTICIPANTS WITH CLINICALLY SIGNIFICANT ECG CHANGES,2010,1
413,Response Rates,PATHOLOGIC COMPLETE RESPONSE RATE,2010,1
414,Adverse Events/Safety,PERCENTAGE OF PARTICIPANTS REPORTING LOCAL REACTIONS,2010,6
415,Mortality,TRANSPLANT-RELATED MORTALITY,2010,3
416,Vital Signs/Physical Measures,VITAL SIGNS SUMMARY,2010,5
417,Survival/Time-to-Event,6-MONTH PROGRESSION-FREE SURVIVAL,2010,8
418,Mental Health Outcomes,CHANGE IN DEPRESSION SCORE,2010,1
419,Quality of Life/PRO,CLINICAL GLOBAL IMPRESSION OF CHANGE,2010,5
420,Immunogenicity,GEOMETRIC MEAN TITER OF ANTIBODIES,2010,2
421,Adverse Events/Safety,NUMBER OF PARTICIPANTS WITH ADVERSE DRUG REACTIONS,2010,3
422,Biomarkers/Lab Values,PERCENT CHANGE IN FASTING TRIGLYCERIDES,2010,1
423,Response Rates,PERCENTAGE OF PARTICIPANTS WITH CLINICAL RESPONSE,2010,2
424,Immunogenicity,SEROPOSITIVITY RATE,2010,5
425,Hospitalization/Healthcare Use,VENTILATOR-FREE DAYS,2010,1
426,Pharmacokinetics,APPARENT TOTAL BODY CLEARANCE,2010,4
427,Biomarkers/Lab Values,CHANGE IN BNP,2010,3
428,Vital Signs/Physical Measures,CHANGE IN FORCED VITAL CAPACITY,2010,3
430,Disease Activity Scores,PERCENT CHANGE IN PASI SCORE,2010,5
431,Biomarkers/Lab Values,CHANGE IN BILIRUBIN AND CREATININE,2010,1
432,Symptoms/Pain,CHANGE IN INSOMNIA SEVERITY INDEX SCORE,2010,4
433,Functional Status,GRIP STRENGTH,2010,4
434,Adverse Events/Safety,PERCENTAGE OF PARTICIPANTS EXPERIENCING TREATMENT-EMERGENT ADVERSE EVENTS,2010,1
435,Biomarkers/Lab Values,CHANGE IN ALKALINE PHOSPHATASE,2010,3
436,Hospitalization/Healthcare Use,LENGTH OF ICU STAY,2010,2
437,Response Rates,NUMBER OF RESPONDERS,2010,2
438,Immunogenicity,NUMBER OF SEROPROTECTED SUBJECTS,2010,8
439,Adverse Events/Safety,NUMBER OF SUBJECTS WITH SOLICITED GENERAL SYMPTOMS,2010,1
440,Pharmacokinetics,TIME OF MAXIMUM CONCENTRATION,2010,3
442,Biomarkers/Lab Values,CHANGE FROM BASELINE IN FASTING PLASMA GLUCOSE,2010,2
443,Biomarkers/Lab Values,CHANGE FROM BASELINE IN RED BLOOD CELL COUNT,2010,2
444,Disease Activity Scores,CHANGE IN SWOLLEN JOINT COUNT,2010,2
445,Response Rates,CONFIRMED RESPONSE RATE,2010,4
446,Imaging Outcomes,MRI LESION COUNT,2010,3
447,Adverse Events/Safety,NUMBER OF PARTICIPANTS WITH NON-SERIOUS ADVERSE EVENTS,2010,3
448,Adverse Events/Safety,PERCENTAGE OF PARTICIPANTS REPORTING SYSTEMIC EVENTS,2010,6
449,Mortality,28-DAY MORTALITY,2010,3
450,Pharmacokinetics,APPARENT VOLUME OF DISTRIBUTION (VZ/F),2010,3
451,Remission/Cure,CLINICAL CURE,2010,3
452,Survival/Time-to-Event,DURATION OF COMPLETE RESPONSE,2010,3
453,Biomarkers/Lab Values,MEAN CHANGE IN HEMOGLOBIN A1C,2010,2
454,Symptoms/Pain,PAIN INTERFERENCE SCORE,2010,1
455,Remission/Cure,PERCENTAGE OF PARTICIPANTS ACHIEVING CLINICAL REMISSION,2010,1
456,Adverse Events/Safety,RATE OF ADVERSE EVENTS,2010,5
457,Mortality,TIME TO DEATH,2010,1
458,Adverse Events/Safety,ANNUALIZED BLEEDING RATE,2010,2
459,Functional Status,CHANGE FROM BASELINE IN BCVA,2010,1
460,Vital Signs/Physical Measures,CHANGE FROM BASELINE IN BODY WEIGHT,2010,2
461,Functional Status,CHANGE IN WOMAC PHYSICAL FUNCTION SCORE,2010,1
463,Adverse Events/Safety,DRUG-RELATED ADVERSE EVENTS,2010,5
464,Adverse Events/Safety,NUMBER OF PARTICIPANTS WITH INJECTION SITE REACTIONS,2010,2
465,Adverse Events/Safety,OCCURRENCE OF ADVERSE EVENTS,2010,1
467,Quality of Life/PRO,SLEEP DISTURBANCE SCORE,2010,1
468,Quality of Life/PRO,ABSOLUTE CHANGE IN CFQ-R RESPIRATORY DOMAIN SCORE,2010,3
469,Symptoms/Pain,APNEA-HYPOPNEA INDEX,2010,5
470,Response Rates,EULAR RESPONSE RATE,2010,4
471,Vital Signs/Physical Measures,MEAN HEART RATE,2010,3
472,Response Rates,PERCENTAGE OF PARTICIPANTS WITH RELAPSE,2010,2
473,Pharmacokinetics,TERMINAL PHASE ELIMINATION HALF-LIFE,2010,3
474,Response Rates,TREATMENT SUCCESS,2010,7
475,Functional Status,ACTIVITIES OF DAILY LIVING,2010,3
476,Biomarkers/Lab Values,CHANGE IN FASTING SERUM GLUCOSE,2010,2
477,Imaging Outcomes,CHANGE IN LEFT VENTRICULAR EJECTION FRACTION,2010,2
478,Disease Control,DURATION OF DISEASE CONTROL,2010,6
479,Treatment Adherence,DURATION OF TREATMENT,2010,3
481,Adverse Events/Safety,NUMBER OF SUBJECTS WITH SOLICITED LOCAL SYMPTOMS,2010,1
482,Immunogenicity,SEROCONVERSION FACTOR,2010,7
483,Mental Health Outcomes,ANXIETY SCORE,2010,1
484,Pharmacokinetics,AVERAGE PLASMA CONCENTRATION,2010,3
485,Disease Activity Scores,CHANGE IN TENDER JOINT COUNT,2010,2
486,Quality of Life/PRO,CHANGE IN WOMAC SCORE,2010,1
487,Mortality,IN-HOSPITAL MORTALITY,2010,1
488,Adverse Events/Safety,INCIDENCE AND SEVERITY OF ADVERSE EVENTS,2010,2
489,Response Rates,NUMBER OF PARTICIPANTS ACHIEVING TARGET,2010,5
490,Functional Status,PHYSICAL FUNCTION,2010,1
492,Vital Signs/Physical Measures,CHANGE FROM BASELINE IN INTRAOCULAR PRESSURE,2010,7
493,Quality of Life/PRO,CHANGE IN PITTSBURGH SLEEP QUALITY INDEX SCORE,2010,2
495,Functional Status,HARRIS HIP SCORE,2010,4
496,Adverse Events/Safety,NUMBER OF PARTICIPANTS WITH COMPLICATIONS,2010,4
497,Adverse Events/Safety,NUMBER OF PARTICIPANTS WITH DOSE-LIMITING TOXICITY,2010,3
498,Adverse Events/Safety,NUMBER OF PARTICIPANTS WITH SOLICITED LOCAL ADVERSE EVENTS,2010,1
499,Adverse Events/Safety,PERCENTAGE OF PARTICIPANTS WITH AT LEAST ONE ADVERSE EVENT,2010,2
500,Pharmacokinetics,PLASMA TROUGH CONCENTRATION,2010,1
1,Response Rates,OBJECTIVE RESPONSE RATE,2011,375
2,Survival/Time-to-Event,OVERALL SURVIVAL,2011,315
3,Survival/Time-to-Event,PROGRESSION-FREE SURVIVAL,2011,324
4,Adverse Events/Safety,NUMBER OF PARTICIPANTS WITH ADVERSE EVENTS,2011,252
5,Pharmacokinetics,MAXIMUM PLASMA CONCENTRATION,2011,225
6,Adverse Events/Safety,NUMBER OF PARTICIPANTS WITH TREATMENT-EMERGENT ADVERSE EVENTS,2011,125
7,Pharmacokinetics,TIME TO MAXIMUM CONCENTRATION,2011,147
8,Response Rates,DURATION OF RESPONSE,2011,102
9,Adverse Events/Safety,NUMBER OF PARTICIPANTS WITH SERIOUS ADVERSE EVENTS,2011,86
10,Pharmacokinetics,AUC FROM 0 TO INFINITY,2011,104
11,Biomarkers/Lab Values,CHANGE IN HEMOGLOBIN A1C,2011,89
12,Vital Signs/Physical Measures,CHANGE IN BODY WEIGHT,2011,84
13,Pharmacokinetics,AREA UNDER THE CONCENTRATION-TIME CURVE,2011,68
14,Disease Control,DISEASE CONTROL RATE,2011,46
15,Pharmacokinetics,PLASMA DRUG CONCENTRATION,2011,44
16,Quality of Life/PRO,CHANGE IN QUALITY OF LIFE SCORE,2011,57
17,Symptoms/Pain,CHANGE IN VAS PAIN SCORE,2011,76
18,Quality of Life/PRO,PATIENT SATISFACTION,2011,53
19,Dose-Finding,MAXIMUM TOLERATED DOSE,2011,66
20,Symptoms/Pain,CHANGE IN PAIN SCORE,2011,52
21,Survival/Time-to-Event,TIME TO PROGRESSION,2011,50
22,Mortality,ALL-CAUSE MORTALITY,2011,32
23,Response Rates,PERCENTAGE OF PARTICIPANTS ACHIEVING TARGET,2011,48
24,Vital Signs/Physical Measures,CHANGE IN BLOOD PRESSURE,2011,46
25,Pharmacokinetics,AUC FROM 0 TO LAST MEASURABLE CONCENTRATION,2011,48
26,Biomarkers/Lab Values,CHANGE IN FASTING PLASMA GLUCOSE,2011,48
27,Adverse Events/Safety,NUMBER OF ADVERSE EVENTS,2011,34
28,Quality of Life/PRO,CHANGE IN SF-36 SCORE,2011,58
29,Response Rates,COMPLETE RESPONSE RATE,2011,43
30,Adverse Events/Safety,NUMBER OF PARTICIPANTS WITH TREATMENT EMERGENT ADVERSE EVENTS,2011,17
31,Vital Signs/Physical Measures,CHANGE IN HEART RATE,2011,46
32,Biomarkers/Lab Values,CHANGE IN HEMOGLOBIN,2011,29
33,Adverse Events/Safety,PERCENTAGE OF PARTICIPANTS WITH ADVERSE EVENTS,2011,42
34,Immunogenicity,SEROCONVERSION RATE,2011,24
35,Pharmacokinetics,VOLUME OF DISTRIBUTION,2011,31
36,Response Rates,CLINICAL BENEFIT RATE,2011,23
37,Quality of Life/PRO,CHANGE IN EQ-5D SCORE,2011,41
38,Hospitalization/Healthcare Use,LENGTH OF HOSPITAL STAY,2011,29
39,Vital Signs/Physical Measures,CHANGE IN BODY MASS INDEX,2011,24
40,Quality of Life/PRO,PATIENT GLOBAL IMPRESSION OF CHANGE,2011,27
41,Symptoms/Pain,CHANGE IN NRS PAIN SCORE,2011,23
42,Response Rates,SUSTAINED VIROLOGIC RESPONSE,2011,42
43,Adverse Events/Safety,DOSE-LIMITING TOXICITIES,2011,19
44,Biomarkers/Lab Values,CHANGE IN LDL CHOLESTEROL,2011,30
45,Survival/Time-to-Event,EVENT-FREE SURVIVAL,2011,20
46,Immunogenicity,SEROPROTECTION RATE,2011,32
47,Functional Status,CHANGE IN 6-MINUTE WALK DISTANCE,2011,31
48,Response Rates,TIME TO RESPONSE,2011,25
49,Survival/Time-to-Event,DISEASE-FREE SURVIVAL,2011,30
50,Pharmacokinetics,APPARENT VOLUME OF DISTRIBUTION,2011,26
51,Mental Health Outcomes,CHANGE IN MADRS SCORE,2011,33
52,Biomarkers/Lab Values,CHANGE IN CRP,2011,22
53,Immunogenicity,ANTI-DRUG ANTIBODIES,2011,21
54,Biomarkers/Lab Values,CHANGE IN TRIGLYCERIDES,2011,16
55,Mental Health Outcomes,CHANGE IN PHQ-9 SCORE,2011,10
56,Biomarkers/Lab Values,CHANGE IN TOTAL CHOLESTEROL,2011,20
57,Response Rates,ACR20 RESPONSE,2011,26
58,Biomarkers/Lab Values,CHANGE IN HDL CHOLESTEROL,2011,16
59,Pharmacokinetics,HALF-LIFE,2011,7
60,Disease Activity Scores,CHANGE IN DAS28 SCORE,2011,31
61,Vital Signs/Physical Measures,CHANGE IN SYSTOLIC BLOOD PRESSURE,2011,10
62,Pharmacokinetics,CLEARANCE,2011,22
63,Functional Status,CHANGE IN HAQ-DI SCORE,2011,26
64,Biomarkers/Lab Values,CHANGE IN VIRAL LOAD,2011,18
65,Treatment Adherence,TREATMENT ADHERENCE RATE,2011,14
66,Biomarkers/Lab Values,CHANGE IN ALT,2011,18
67,Survival/Time-to-Event,MEDIAN OVERALL SURVIVAL,2011,24
68,Vital Signs/Physical Measures,CHANGE IN WAIST CIRCUMFERENCE,2011,18
69,Adverse Events/Safety,INCIDENCE OF ADVERSE EVENTS,2011,9
70,Biomarkers/Lab Values,CHANGE IN CD4 COUNT,2011,22
71,Biomarkers/Lab Values,NUMBER OF PARTICIPANTS WITH LABORATORY ABNORMALITIES,2011,8
72,Pharmacokinetics,TROUGH CONCENTRATION,2011,18
73,Pharmacokinetics,TERMINAL HALF-LIFE,2011,17
74,Quality of Life/PRO,QUALITY OF LIFE SCORE,2011,17
75,Biomarkers/Lab Values,CHANGE IN EGFR,2011,13
76,Mental Health Outcomes,CHANGE IN HAM-D SCORE,2011,10
77,Survival/Time-to-Event,TIME TO TREATMENT FAILURE,2011,15
78,Symptoms/Pain,PAIN RESPONSE RATE,2011,14
79,Response Rates,IGA RESPONSE,2011,9
80,Response Rates,ACR50 RESPONSE,2011,14
81,Immunogenicity,ANTIBODY TITER,2011,19
82,Vital Signs/Physical Measures,CHANGE IN DIASTOLIC BLOOD PRESSURE,2011,11
83,Response Rates,PASI 75 RESPONSE,2011,15
84,Pharmacokinetics,ACCUMULATION RATIO,2011,16
85,Adverse Events/Safety,NUMBER OF PARTICIPANTS WITH TREATMENT-RELATED ADVERSE EVENTS,2011,8
86,Pharmacokinetics,TERMINAL ELIMINATION HALF-LIFE,2011,14
87,Biomarkers/Lab Values,CHANGE IN CREATININE,2011,14
88,Quality of Life/PRO,CHANGE IN DLQI SCORE,2011,12
89,Response Rates,ACR70 RESPONSE,2011,11
90,Mental Health Outcomes,CHANGE IN GAD-7 SCORE,2011,6
91,Survival/Time-to-Event,MEDIAN PROGRESSION-FREE SURVIVAL,2011,24
92,Adverse Events/Safety,PERCENTAGE OF PARTICIPANTS WITH TREATMENT-EMERGENT ADVERSE EVENTS,2011,11
93,Symptoms/Pain,CHANGE IN BPI SCORE,2011,9
94,Immunogenicity,NUMBER OF PARTICIPANTS WITH ANTI-DRUG ANTIBODIES,2011,14
95,Remission/Cure,COMPLETE REMISSION,2011,25
96,Imaging Outcomes,CHANGE IN BONE MINERAL DENSITY,2011,15
97,Quality of Life/PRO,CHANGE IN EORTC QLQ-C30 SCORE,2011,8
98,Biomarkers/Lab Values,PERCENTAGE OF PARTICIPANTS WITH LABORATORY ABNORMALITIES,2011,9
99,Biomarkers/Lab Values,CHANGE IN AST,2011,9
100,Mental Health Outcomes,CHANGE IN PANSS SCORE,2011,16
101,Adverse Events/Safety,NUMBER OF PARTICIPANTS WITH DOSE LIMITING TOXICITIES,2011,9
102,Adverse Events/Safety,GRADE 3 OR HIGHER ADVERSE EVENTS,2011,14
103,Vital Signs/Physical Measures,SYSTOLIC BLOOD PRESSURE,2011,13
104,Treatment Adherence,PERCENTAGE OF PARTICIPANTS COMPLETING TREATMENT,2011,11
105,Mental Health Outcomes,CHANGE IN MMSE SCORE,2011,8
106,Pharmacokinetics,MEAN RESIDENCE TIME,2011,13
107,Biomarkers/Lab Values,CHANGE IN PLATELET COUNT,2011,4
108,Response Rates,COMPLETE RESPONSE,2011,15
109,Dose-Finding,RECOMMENDED PHASE 2 DOSE,2011,14
110,Immunogenicity,IMMUNE RESPONSE RATE,2011,11
111,Pharmacokinetics,RENAL CLEARANCE,2011,9
112,Biomarkers/Lab Values,PERCENT CHANGE IN LDL CHOLESTEROL,2011,16
113,Treatment Adherence,COMPLIANCE RATE,2011,11
114,Adverse Events/Safety,NUMBER OF PARTICIPANTS WITH DOSE-LIMITING TOXICITIES,2011,7
115,Vital Signs/Physical Measures,CHANGE FROM BASELINE IN FEV1,2011,16
116,Adverse Events/Safety,NUMBER OF PARTICIPANTS WITH UNSOLICITED ADVERSE EVENTS,2011,6
117,Remission/Cure,CLINICAL REMISSION,2011,11
118,Response Rates,RESPONDER RATE,2011,13
119,Quality of Life/PRO,FATIGUE,2011,7
120,Functional Status,6-MINUTE WALK DISTANCE,2011,14
121,Pharmacokinetics,MAXIMUM SERUM CONCENTRATION,2011,6
122,Response Rates,PATHOLOGICAL COMPLETE RESPONSE,2011,4
123,Vital Signs/Physical Measures,DIASTOLIC BLOOD PRESSURE,2011,12
124,Adverse Events/Safety,INJECTION SITE REACTIONS,2011,9
125,Pharmacokinetics,MAXIMUM OBSERVED SERUM CONCENTRATION,2011,9
126,Symptoms/Pain,PAIN SCORE,2011,7
127,Hospitalization/Healthcare Use,HOSPITAL LENGTH OF STAY,2011,5
128,Biomarkers/Lab Values,CHANGE IN WHITE BLOOD CELL COUNT,2011,9
129,Response Rates,PASI 90 RESPONSE,2011,8
130,Symptoms/Pain,CHANGE IN WOMAC PAIN SCORE,2011,11
131,Mortality,30-DAY MORTALITY,2011,5
132,Imaging Outcomes,CHANGE IN EJECTION FRACTION,2011,9
133,Biomarkers/Lab Values,CHANGE IN ALBUMIN,2011,8
134,Adverse Events/Safety,PERCENTAGE OF PARTICIPANTS WITH SERIOUS ADVERSE EVENTS,2011,7
135,Vital Signs/Physical Measures,CHANGE IN TEMPERATURE,2011,6
136,Adverse Events/Safety,TOTAL ADVERSE EVENTS SUMMARY,2011,11
137,Pharmacokinetics,TIME TO MAXIMUM PLASMA CONCENTRATION,2011,12
138,Mental Health Outcomes,SUICIDAL IDEATION ASSESSMENT,2011,7
139,Mental Health Outcomes,CHANGE IN HAM-A SCORE,2011,7
140,Disease Activity Scores,CHANGE IN CDAI SCORE,2011,11
141,Vital Signs/Physical Measures,CHANGE FROM BASELINE IN BLOOD PRESSURE,2011,11
142,Mental Health Outcomes,CHANGE IN MOCA SCORE,2011,2
143,Mental Health Outcomes,CHANGE IN ADAS-COG SCORE,2011,11
144,Adverse Events/Safety,INCIDENCE OF TREATMENT-EMERGENT ADVERSE EVENTS,2011,3
145,Adverse Events/Safety,NUMBER OF PARTICIPANTS WITH ABNORMAL ECG FINDINGS,2011,7
146,Immunogenicity,GEOMETRIC MEAN TITERS,2011,7
147,Quality of Life/PRO,CHANGE IN SGRQ SCORE,2011,10
148,Pharmacokinetics,APPARENT CLEARANCE,2011,11
149,Survival/Time-to-Event,1-YEAR SURVIVAL RATE,2011,8
150,Response Rates,BEST OVERALL RESPONSE RATE,2011,8
151,Biomarkers/Lab Values,CHANGE FROM BASELINE IN HEMATOCRIT,2011,7
152,Biomarkers/Lab Values,CHANGE IN BILIRUBIN,2011,4
153,Adverse Events/Safety,NUMBER OF PARTICIPANTS WITH SERIOUS AND NON-SERIOUS ADVERSE EVENTS,2011,17
154,Hospitalization/Healthcare Use,HOSPITALIZATION RATE,2011,5
155,Adverse Events/Safety,NUMBER OF PATIENTS WITH ADVERSE EVENTS,2011,14
156,Mental Health Outcomes,CHANGE IN YMRS SCORE,2011,9
157,Pharmacokinetics,APPARENT TERMINAL HALF-LIFE,2011,7
158,Biomarkers/Lab Values,PERCENT CHANGE IN TOTAL CHOLESTEROL,2011,5
159,Pharmacokinetics,TROUGH PLASMA CONCENTRATION,2011,3
160,Adverse Events/Safety,NUMBER OF SERIOUS ADVERSE EVENTS,2011,5
161,Adverse Events/Safety,DOSE-LIMITING TOXICITY,2011,8
162,Immunogenicity,GEOMETRIC MEAN TITER,2011,9
163,Microbiological/Virological,VIRAL SUPPRESSION RATE,2011,8
164,Biomarkers/Lab Values,PERCENT CHANGE IN HDL CHOLESTEROL,2011,8
165,Treatment Adherence,RETENTION RATE,2011,3
166,Biomarkers/Lab Values,CHANGE IN FERRITIN,2011,10
167,Adverse Events/Safety,NUMBER OF SUBJECTS WITH ANY AND GRADE 3 SOLICITED LOCAL SYMPTOMS,2011,12
168,Survival/Time-to-Event,TIME TO NEXT TREATMENT,2011,3
169,Mortality,CARDIOVASCULAR MORTALITY,2011,2
171,Pharmacokinetics,ELIMINATION HALF-LIFE,2011,3
172,Response Rates,PARTIAL RESPONSE RATE,2011,8
173,Vital Signs/Physical Measures,CHANGE IN PULSE RATE,2011,6
174,Mental Health Outcomes,DEPRESSION RESPONSE RATE,2011,9
175,Biomarkers/Lab Values,CHANGE IN ESR,2011,9
177,Survival/Time-to-Event,MEDIAN PROGRESSION FREE SURVIVAL,2011,9
178,Pharmacokinetics,TOTAL BODY CLEARANCE,2011,6
179,Pharmacokinetics,APPARENT ORAL CLEARANCE,2011,6
180,Vital Signs/Physical Measures,CHANGE FROM BASELINE IN TROUGH FEV1,2011,10
181,Vital Signs/Physical Measures,CHANGE IN FEV1,2011,8
182,Response Rates,CLINICAL RESPONSE RATE,2011,3
183,Biomarkers/Lab Values,PERCENT CHANGE IN TRIGLYCERIDES,2011,6
184,Pharmacokinetics,VOLUME OF DISTRIBUTION AT STEADY STATE,2011,14
185,Vital Signs/Physical Measures,CHANGE FROM BASELINE IN PULSE RATE,2011,2
186,Adverse Events/Safety,NUMBER OF PARTICIPANTS WITH CLINICALLY SIGNIFICANT LABORATORY ABNORMALITIES,2011,7
187,Biomarkers/Lab Values,CHANGE IN NT-PROBNP,2011,2
188,Disease Activity Scores,CHANGE IN UPDRS SCORE,2011,6
189,Adverse Events/Safety,NUMBER OF TREATMENT-EMERGENT ADVERSE EVENTS,2011,5
190,Biomarkers/Lab Values,PERCENT CHANGE IN APOLIPOPROTEIN B,2011,7
191,Biomarkers/Lab Values,NUMBER OF PARTICIPANTS WITH LABORATORY TEST ABNORMALITIES,2011,3
192,Adverse Events/Safety,"NUMBER OF SUBJECTS WITH ANY, GRADE 3 AND RELATED SOLICITED GENERAL SYMPTOMS",2011,10
193,Symptoms/Pain,OPIOID CONSUMPTION,2011,5
194,Hospitalization/Healthcare Use,TIME TO HOSPITAL DISCHARGE,2011,7
195,Vital Signs/Physical Measures,HEART RATE,2011,8
196,Vital Signs/Physical Measures,CHANGE FROM BASELINE IN RESPIRATORY RATE,2011,1
197,Survival/Time-to-Event,RELAPSE-FREE SURVIVAL,2011,4
198,Response Rates,PERCENTAGE OF PARTICIPANTS WITH VIROLOGIC FAILURE,2011,4
200,Survival/Time-to-Event,OVERALL SURVIVAL RATE,2011,3
201,Response Rates,PATHOLOGIC COMPLETE RESPONSE,2011,5
202,Quality of Life/PRO,TREATMENT SATISFACTION,2011,4
203,Adverse Events/Safety,NUMBER OF PARTICIPANTS WITH ANY ADVERSE EVENTS,2011,5
204,Biomarkers/Lab Values,MINIMAL RESIDUAL DISEASE NEGATIVITY,2011,3
205,Imaging Outcomes,CHANGE IN TUMOR SIZE,2011,9
206,Adverse Events/Safety,NUMBER OF PARTICIPANTS WITH SERIOUS AND/OR NON-SERIOUS ADVERSE EVENTS,2011,4
207,Symptoms/Pain,VAS PAIN SCORE,2011,9
208,Quality of Life/PRO,CHANGE IN EQ-5D VAS SCORE,2011,5
209,Adverse Events/Safety,NUMBER OF PARTICIPANTS WITH ADVERSE EVENTS LEADING TO DISCONTINUATION,2011,4
210,Adverse Events/Safety,NUMBER OF PARTICIPANTS WITH DRUG-RELATED ADVERSE EVENTS,2011,4
211,Adverse Events/Safety,NUMBER OF PARTICIPANTS WITH ECG ABNORMALITIES,2011,4
212,Biomarkers/Lab Values,CHANGE IN C-REACTIVE PROTEIN,2011,7
213,Mental Health Outcomes,CHANGE IN HADS SCORE,2011,4
214,Mental Health Outcomes,CHANGE FROM BASELINE IN CGI-S SCORE,2011,6
215,Vital Signs/Physical Measures,CHANGE FROM BASELINE IN SYSTOLIC BLOOD PRESSURE,2011,5
216,Quality of Life/PRO,CHANGE IN FATIGUE SCORE,2011,6
217,Response Rates,CLINICAL RESPONSE,2011,10
218,Survival/Time-to-Event,TIME TO PSA PROGRESSION,2011,7
219,Pharmacokinetics,ELIMINATION RATE CONSTANT,2011,3
221,Pharmacokinetics,PEAK PLASMA CONCENTRATION,2011,2
222,Symptoms/Pain,NAUSEA,2011,7
223,Biomarkers/Lab Values,CHANGE IN ABSOLUTE NEUTROPHIL COUNT,2011,3
224,Biomarkers/Lab Values,CHANGE FROM BASELINE IN HEMATOLOGY PARAMETERS,2011,3
225,Biomarkers/Lab Values,CHANGE IN HEMATOCRIT,2011,3
226,Mortality,TREATMENT-RELATED MORTALITY,2011,9
227,Survival/Time-to-Event,RECURRENCE-FREE SURVIVAL,2011,7
228,Pharmacokinetics,AUCTAU,2011,4
229,Functional Status,CHANGE IN EDSS SCORE,2011,6
230,Biomarkers/Lab Values,CHANGE IN HSCRP,2011,7
231,Response Rates,TUMOR RESPONSE RATE,2011,5
232,Response Rates,PASI 50 RESPONSE,2011,4
233,Adverse Events/Safety,PROCEDURAL SUCCESS,2011,4
235,Quality of Life/PRO,SLEEP EFFICIENCY,2011,4
236,Survival/Time-to-Event,TIME TO RELAPSE,2011,6
237,Pharmacokinetics,MINIMUM PLASMA CONCENTRATION,2011,4
238,Symptoms/Pain,PRURITUS SCORE,2011,4
239,Vital Signs/Physical Measures,NUMBER OF PARTICIPANTS WITH CLINICALLY SIGNIFICANT CHANGES IN VITAL SIGNS,2011,4
240,Immunogenicity,SERORESPONSE RATE,2011,6
241,Mental Health Outcomes,CHANGE IN CGI-S SCORE,2011,8
242,Adverse Events/Safety,FREQUENCY OF ADVERSE EVENTS,2011,6
243,Vital Signs/Physical Measures,PERCENT CHANGE IN BODY WEIGHT,2011,5
244,Remission/Cure,DEPRESSION REMISSION RATE,2011,3
245,Disease Control,STABLE DISEASE RATE,2011,4
246,Vital Signs/Physical Measures,BODY MASS INDEX,2011,3
247,Vital Signs/Physical Measures,CHANGE FROM BASELINE IN DIASTOLIC BLOOD PRESSURE,2011,5
248,Disease Activity Scores,CHANGE IN SDAI SCORE,2011,4
249,Symptoms/Pain,DYSPNEA SCORE,2011,4
250,Microbiological/Virological,MICROBIOLOGICAL ERADICATION,2011,5
251,Survival/Time-to-Event,TIME TO TUMOR PROGRESSION,2011,4
252,Pharmacokinetics,APPARENT CLEARANCE (CL/F),2011,8
253,Biomarkers/Lab Values,CHANGE IN FASTING INSULIN,2011,6
254,Mental Health Outcomes,CHANGE IN PHQ-8 SCORE,2011,4
255,Adverse Events/Safety,ADVERSE EVENTS LEADING TO DISCONTINUATION,2011,5
256,Mortality,ALL COLLECTED DEATHS,2011,4
257,Pharmacokinetics,AUC∞,2011,4
258,Biomarkers/Lab Values,CHANGE IN FASTING GLUCOSE,2011,6
259,Vital Signs/Physical Measures,FORCED EXPIRATORY VOLUME IN 1 SECOND (FEV1),2011,5
260,Quality of Life/PRO,PARTICIPANT SATISFACTION,2011,4
261,Response Rates,PASI 100 RESPONSE,2011,1
262,Biomarkers/Lab Values,CHANGE IN INR,2011,4
263,Vital Signs/Physical Measures,INTRAOCULAR PRESSURE,2011,4
264,Biomarkers/Lab Values,CHANGE IN HOMA-IR,2011,6
265,Adverse Events/Safety,INCIDENCE OF SERIOUS ADVERSE EVENTS,2011,6
266,Mortality,NUMBER OF PARTICIPANTS WHO DIED,2011,5
267,Pharmacokinetics,PLASMA DECAY HALF-LIFE,2011,8
268,Quality of Life/PRO,TOTAL SLEEP TIME,2011,3
269,Response Rates,TUMOR RESPONSE,2011,4
270,Hospitalization/Healthcare Use,LENGTH OF STAY,2011,5
271,Pharmacokinetics,MAXIMUM OBSERVED PLASMA CONCENTRATION,2011,9
272,Mental Health Outcomes,CHANGE IN CES-D SCORE,2011,2
274,Survival/Time-to-Event,DURATION OF OBJECTIVE RESPONSE,2011,5
275,Hospitalization/Healthcare Use,ICU ADMISSION RATE,2011,2
276,Hospitalization/Healthcare Use,ICU LENGTH OF STAY,2011,1
277,Vital Signs/Physical Measures,NUMBER OF PARTICIPANTS WITH CLINICALLY SIGNIFICANT CHANGE IN VITAL SIGNS,2011,3
278,Immunogenicity,NUMBER OF PARTICIPANTS WITH POSITIVE ANTI-DRUG ANTIBODIES,2011,3
279,Adverse Events/Safety,NUMBER OF SUBJECTS REPORTING UNSOLICITED ADVERSE EVENTS,2011,2
280,Quality of Life/PRO,PATIENT GLOBAL IMPRESSION OF IMPROVEMENT,2011,4
281,Vital Signs/Physical Measures,FORCED VITAL CAPACITY,2011,8
282,Biomarkers/Lab Values,LABORATORY VALUES SUMMARY,2011,3
283,Mortality,NON-RELAPSE MORTALITY,2011,4
284,Functional Status,VISUAL ACUITY,2011,3
285,Mental Health Outcomes,CHANGE IN BDI-II SCORE,2011,1
286,Mental Health Outcomes,PERCEIVED STRESS SCORE,2011,1
287,Response Rates,TARGET LESION RESPONSE,2011,5
288,Disease Activity Scores,ANNUALIZED RELAPSE RATE,2011,5
289,Mental Health Outcomes,CHANGE IN ANXIETY SCORE,2011,1
290,Biomarkers/Lab Values,CHANGE IN PSA,2011,4
291,Response Rates,COMPLETE REMISSION RATE,2011,4
292,Remission/Cure,ENDOSCOPIC REMISSION,2011,2
293,Survival/Time-to-Event,PROGRESSION-FREE SURVIVAL RATE,2011,5
294,Hospitalization/Healthcare Use,READMISSION RATE,2011,2
295,Disease Control,ANNUAL EXACERBATION RATE,2011,3
296,Disease Control,CLINICAL SUCCESS,2011,5
297,Remission/Cure,CURE RATE,2011,5
298,Pharmacokinetics,AUC0-LAST,2011,2
299,Functional Status,CHANGE IN VISUAL ACUITY,2011,2
300,Hospitalization/Healthcare Use,EMERGENCY ROOM VISITS,2011,7
301,Biomarkers/Lab Values,MEAN CHANGE IN HEMOGLOBIN,2011,3
302,Imaging Outcomes,PERCENT CHANGE IN BONE MINERAL DENSITY,2011,3
303,Symptoms/Pain,CHANGE IN ADHD-RS SCORE,2011,3
304,Biomarkers/Lab Values,CHANGE IN TOTAL BILIRUBIN,2011,3
305,Disease Control,DURATION OF STABLE DISEASE,2011,5
306,Mortality,MORTALITY,2011,3
307,Adverse Events/Safety,NUMBER OF PARTICIPANTS WITH TREATMENT-EMERGENT SERIOUS ADVERSE EVENTS,2011,2
308,Biomarkers/Lab Values,PERCENT CHANGE IN NON-HDL-C,2011,2
309,Mortality,PERCENTAGE OF PARTICIPANTS WHO DIED,2011,7
310,Vital Signs/Physical Measures,CHANGE FROM BASELINE IN ECG PARAMETERS,2011,2
311,Treatment Adherence,MEDICATION ADHERENCE,2011,2
312,Adverse Events/Safety,NUMBER OF PARTICIPANTS WITH ADVERSE EVENTS AND SERIOUS ADVERSE EVENTS,2011,5
313,Adverse Events/Safety,NUMBER OF PARTICIPANTS WITH GRADE 3 OR HIGHER ADVERSE EVENTS,2011,5
314,Disease Control,TECHNICAL SUCCESS,2011,3
315,Disease Activity Scores,CHANGE IN BASDAI SCORE,2011,4
316,Functional Status,CHANGE IN ECOG PERFORMANCE STATUS,2011,3
317,Remission/Cure,CLINICAL CURE RATE,2011,1
318,Biomarkers/Lab Values,INSULIN SENSITIVITY,2011,8
319,Treatment Adherence,NUMBER OF PARTICIPANTS COMPLETING TREATMENT,2011,2
320,Adverse Events/Safety,TOTAL SERIOUS ADVERSE EVENTS SUMMARY,2011,2
321,Symptoms/Pain,CHANGE IN DYSPNEA SCORE,2011,2
322,Biomarkers/Lab Values,CHANGE IN SERUM CREATININE,2011,2
323,Quality of Life/PRO,CHANGE IN SF-12 SCORE,2011,7
324,Mental Health Outcomes,CLINICIAN GLOBAL IMPRESSION,2011,5
325,Functional Status,CHANGE IN PHYSICAL ACTIVITY,2011,1
327,Other Clinical Endpoints,DEVICE SUCCESS,2011,8
328,Adverse Events/Safety,NUMBER OF PARTICIPANTS WITH ANY ADVERSE EVENT,2011,9
330,Vital Signs/Physical Measures,RESPIRATORY RATE,2011,1
331,Mortality,90-DAY MORTALITY,2011,3
332,Adverse Events/Safety,"NUMBER OF SUBJECTS WITH ANY, GRADE 3 AND RELATED UNSOLICITED ADVERSE EVENTS",2011,4
333,Symptoms/Pain,AVERAGE PAIN SCORE,2011,2
334,Vital Signs/Physical Measures,MEAN CHANGE IN BLOOD PRESSURE,2011,3
335,Response Rates,PSA RESPONSE RATE,2011,2
336,Pharmacokinetics,STEADY-STATE CONCENTRATION,2011,6
337,Pharmacokinetics,SYSTEMIC CLEARANCE,2011,5
338,Vital Signs/Physical Measures,TROUGH FEV1,2011,4
341,Mortality,NUMBER OF DEATHS,2011,4
343,Quality of Life/PRO,CHANGE IN FACIT-FATIGUE SCORE,2011,1
344,Response Rates,MEDIAN DURATION OF RESPONSE,2011,4
345,Adverse Events/Safety,NUMBER OF PARTICIPANTS WHO DISCONTINUED STUDY TREATMENT DUE TO AN AE,2011,1
347,Adverse Events/Safety,NUMBER OF TREATMENT EMERGENT ADVERSE EVENTS,2011,4
348,Adverse Events/Safety,PERCENTAGE OF PARTICIPANTS WITH TREATMENT EMERGENT ADVERSE EVENTS,2011,5
349,Quality of Life/PRO,PITTSBURGH SLEEP QUALITY INDEX SCORE,2011,2
350,Response Rates,PROSTATE-SPECIFIC ANTIGEN RESPONSE,2011,4
351,Adverse Events/Safety,ESTIMATED BLOOD LOSS,2011,3
352,Response Rates,PERCENTAGE OF PATIENTS ACHIEVING TARGET,2011,5
353,Mental Health Outcomes,CLINICAL GLOBAL IMPRESSION - IMPROVEMENT,2011,4
354,Adverse Events/Safety,NUMBER OF PARTICIPANTS REPORTING ONE OR MORE TREATMENT-EMERGENT ADVERSE EVENTS,2011,3
355,Adverse Events/Safety,NUMBER OF PARTICIPANTS WITH DOSE LIMITING TOXICITY,2011,7
356,Adverse Events/Safety,NUMBER OF PARTICIPANTS WITH CLINICALLY SIGNIFICANT ECG ABNORMALITIES,2011,2
357,Quality of Life/PRO,PATIENT GLOBAL IMPRESSION OF SEVERITY,2011,1
358,Biomarkers/Lab Values,PERCENT CHANGE IN NON-HDL CHOLESTEROL,2011,5
359,Pharmacokinetics,AUCINF,2011,1
360,Mental Health Outcomes,BECK DEPRESSION INVENTORY SCORE,2011,1
361,Functional Status,CHANGE FROM BASELINE IN BEST CORRECTED VISUAL ACUITY,2011,6
362,Functional Status,CHANGE IN BEST CORRECTED VISUAL ACUITY,2011,2
363,Adverse Events/Safety,NUMBER OF SUBJECTS WITH ANY UNSOLICITED ADVERSE EVENTS,2011,7
365,Immunogenicity,PERCENTAGE OF PARTICIPANTS WITH ANTI-DRUG ANTIBODIES,2011,4
366,Vital Signs/Physical Measures,CHANGE FROM BASELINE IN HEART RATE,2011,3
367,Vital Signs/Physical Measures,CHANGE IN BODY TEMPERATURE,2011,2
368,Mental Health Outcomes,CHANGE IN PERCEIVED STRESS SCORE,2011,1
369,Quality of Life/PRO,CLINICIAN GLOBAL IMPRESSION OF CHANGE,2011,6
370,Mental Health Outcomes,DEPRESSIVE SYMPTOMS,2011,2
371,Adverse Events/Safety,INCIDENCE OF TREATMENT EMERGENT ADVERSE EVENTS,2011,3
372,Adverse Events/Safety,TOTAL OPIOID CONSUMPTION,2011,1
374,Biomarkers/Lab Values,CHANGE FROM BASELINE IN CLINICAL CHEMISTRY PARAMETERS,2011,1
375,Vital Signs/Physical Measures,CHANGE IN INTRAOCULAR PRESSURE,2011,2
376,Vital Signs/Physical Measures,CHANGES IN FORCED VITAL CAPACITY,2011,5
377,Imaging Outcomes,LEFT VENTRICULAR EJECTION FRACTION,2011,6
378,Vital Signs/Physical Measures,MEAN ARTERIAL PRESSURE,2011,5
379,Vital Signs/Physical Measures,MEAN CHANGE IN HEART RATE,2011,3
380,Immunogenicity,NUMBER OF SEROCONVERTED SUBJECTS,2011,6
381,Hospitalization/Healthcare Use,PROCEDURE TIME,2011,6
383,Pharmacokinetics,AUC0-TZ,2011,3
384,Quality of Life/PRO,CHANGE IN SLEEP QUALITY SCORE,2011,2
385,Adverse Events/Safety,NUMBER OF SUBJECTS WITH UNSOLICITED ADVERSE EVENTS,2011,4
386,Microbiological/Virological,PERCENTAGE OF PARTICIPANTS WITH HCV RNA < LLOQ,2011,1
387,Survival/Time-to-Event,TIME TO FIRST EXACERBATION,2011,6
388,Adverse Events/Safety,TREATMENT DISCONTINUATION RATE,2011,1
389,Immunogenicity,VACCINE RESPONSE RATE,2011,3
390,Quality of Life/PRO,CHANGE IN HEALTH-RELATED QUALITY OF LIFE SCORE,2011,4
391,Hospitalization/Healthcare Use,DURATION OF HOSPITAL STAY,2011,4
392,Survival/Time-to-Event,MEDIAN SURVIVAL TIME,2011,4
393,Adverse Events/Safety,NUMBER OF PARTICIPANTS WITH TREATMENT RELATED ADVERSE EVENTS,2011,3
394,Hospitalization/Healthcare Use,OPERATIVE TIME,2011,5
395,Quality of Life/PRO,SLEEP QUALITY SCORE,2011,1
396,Survival/Time-to-Event,2-YEAR SURVIVAL RATE,2011,1
397,Vital Signs/Physical Measures,CHANGE IN RESPIRATORY RATE,2011,3
398,Quality of Life/PRO,CHANGE IN TREATMENT SATISFACTION SCORE,2011,6
399,Symptoms/Pain,CHANGE IN WOMAC STIFFNESS SCORE,2011,3
400,Hospitalization/Healthcare Use,DURATION OF MECHANICAL VENTILATION,2011,4
404,Pharmacokinetics,AUC(0-T),2011,2
406,Vital Signs/Physical Measures,CHANGE FROM BASELINE IN SYSTOLIC AND DIASTOLIC BLOOD PRESSURE,2011,5
407,Biomarkers/Lab Values,CHANGE IN ALBUMIN AND TOTAL PROTEIN,2011,3
408,Biomarkers/Lab Values,CHANGE IN INSULIN SENSITIVITY,2011,4
409,Mental Health Outcomes,CHANGE IN SELF-EFFICACY SCORE,2011,1
410,Symptoms/Pain,INSOMNIA SEVERITY INDEX,2011,1
411,Functional Status,MEAN CHANGE IN BEST CORRECTED VISUAL ACUITY,2011,2
412,Adverse Events/Safety,NUMBER OF PARTICIPANTS WITH CLINICALLY SIGNIFICANT ECG CHANGES,2011,5
413,Response Rates,PATHOLOGIC COMPLETE RESPONSE RATE,2011,1
414,Adverse Events/Safety,PERCENTAGE OF PARTICIPANTS REPORTING LOCAL REACTIONS,2011,1
415,Mortality,TRANSPLANT-RELATED MORTALITY,2011,5
416,Vital Signs/Physical Measures,VITAL SIGNS SUMMARY,2011,1
417,Survival/Time-to-Event,6-MONTH PROGRESSION-FREE SURVIVAL,2011,2
419,Quality of Life/PRO,CLINICAL GLOBAL IMPRESSION OF CHANGE,2011,1
420,Immunogenicity,GEOMETRIC MEAN TITER OF ANTIBODIES,2011,4
421,Adverse Events/Safety,NUMBER OF PARTICIPANTS WITH ADVERSE DRUG REACTIONS,2011,6
422,Biomarkers/Lab Values,PERCENT CHANGE IN FASTING TRIGLYCERIDES,2011,1
424,Immunogenicity,SEROPOSITIVITY RATE,2011,5
425,Hospitalization/Healthcare Use,VENTILATOR-FREE DAYS,2011,3
426,Pharmacokinetics,APPARENT TOTAL BODY CLEARANCE,2011,2
427,Biomarkers/Lab Values,CHANGE IN BNP,2011,5
428,Vital Signs/Physical Measures,CHANGE IN FORCED VITAL CAPACITY,2011,1
429,Mental Health Outcomes,DEPRESSION SCORE,2011,1
430,Disease Activity Scores,PERCENT CHANGE IN PASI SCORE,2011,3
431,Biomarkers/Lab Values,CHANGE IN BILIRUBIN AND CREATININE,2011,1
432,Symptoms/Pain,CHANGE IN INSOMNIA SEVERITY INDEX SCORE,2011,2
433,Functional Status,GRIP STRENGTH,2011,1
434,Adverse Events/Safety,PERCENTAGE OF PARTICIPANTS EXPERIENCING TREATMENT-EMERGENT ADVERSE EVENTS,2011,1
435,Biomarkers/Lab Values,CHANGE IN ALKALINE PHOSPHATASE,2011,1
436,Hospitalization/Healthcare Use,LENGTH OF ICU STAY,2011,3
438,Immunogenicity,NUMBER OF SEROPROTECTED SUBJECTS,2011,7
439,Adverse Events/Safety,NUMBER OF SUBJECTS WITH SOLICITED GENERAL SYMPTOMS,2011,2
440,Pharmacokinetics,TIME OF MAXIMUM CONCENTRATION,2011,2
441,Functional Status,TIMED UP AND GO TEST,2011,2
442,Biomarkers/Lab Values,CHANGE FROM BASELINE IN FASTING PLASMA GLUCOSE,2011,8
443,Biomarkers/Lab Values,CHANGE FROM BASELINE IN RED BLOOD CELL COUNT,2011,2
444,Disease Activity Scores,CHANGE IN SWOLLEN JOINT COUNT,2011,4
445,Response Rates,CONFIRMED RESPONSE RATE,2011,2
446,Imaging Outcomes,MRI LESION COUNT,2011,3
447,Adverse Events/Safety,NUMBER OF PARTICIPANTS WITH NON-SERIOUS ADVERSE EVENTS,2011,2
448,Adverse Events/Safety,PERCENTAGE OF PARTICIPANTS REPORTING SYSTEMIC EVENTS,2011,1
449,Mortality,28-DAY MORTALITY,2011,3
450,Pharmacokinetics,APPARENT VOLUME OF DISTRIBUTION (VZ/F),2011,1
451,Remission/Cure,CLINICAL CURE,2011,1
452,Survival/Time-to-Event,DURATION OF COMPLETE RESPONSE,2011,2
453,Biomarkers/Lab Values,MEAN CHANGE IN HEMOGLOBIN A1C,2011,2
454,Symptoms/Pain,PAIN INTERFERENCE SCORE,2011,1
455,Remission/Cure,PERCENTAGE OF PARTICIPANTS ACHIEVING CLINICAL REMISSION,2011,1
456,Adverse Events/Safety,RATE OF ADVERSE EVENTS,2011,2
457,Mortality,TIME TO DEATH,2011,2
458,Adverse Events/Safety,ANNUALIZED BLEEDING RATE,2011,3
459,Functional Status,CHANGE FROM BASELINE IN BCVA,2011,3
460,Vital Signs/Physical Measures,CHANGE FROM BASELINE IN BODY WEIGHT,2011,4
461,Functional Status,CHANGE IN WOMAC PHYSICAL FUNCTION SCORE,2011,5
463,Adverse Events/Safety,DRUG-RELATED ADVERSE EVENTS,2011,3
464,Adverse Events/Safety,NUMBER OF PARTICIPANTS WITH INJECTION SITE REACTIONS,2011,1
465,Adverse Events/Safety,OCCURRENCE OF ADVERSE EVENTS,2011,3
467,Quality of Life/PRO,SLEEP DISTURBANCE SCORE,2011,3
469,Symptoms/Pain,APNEA-HYPOPNEA INDEX,2011,3
470,Response Rates,EULAR RESPONSE RATE,2011,4
471,Vital Signs/Physical Measures,MEAN HEART RATE,2011,3
472,Response Rates,PERCENTAGE OF PARTICIPANTS WITH RELAPSE,2011,1
473,Pharmacokinetics,TERMINAL PHASE ELIMINATION HALF-LIFE,2011,6
474,Response Rates,TREATMENT SUCCESS,2011,4
475,Functional Status,ACTIVITIES OF DAILY LIVING,2011,3
476,Biomarkers/Lab Values,CHANGE IN FASTING SERUM GLUCOSE,2011,2
477,Imaging Outcomes,CHANGE IN LEFT VENTRICULAR EJECTION FRACTION,2011,2
478,Disease Control,DURATION OF DISEASE CONTROL,2011,4
479,Treatment Adherence,DURATION OF TREATMENT,2011,4
480,Adverse Events/Safety,NUMBER OF DOSE LIMITING TOXICITIES,2011,4
481,Adverse Events/Safety,NUMBER OF SUBJECTS WITH SOLICITED LOCAL SYMPTOMS,2011,1
483,Mental Health Outcomes,ANXIETY SCORE,2011,1
484,Pharmacokinetics,AVERAGE PLASMA CONCENTRATION,2011,2
485,Disease Activity Scores,CHANGE IN TENDER JOINT COUNT,2011,4
486,Quality of Life/PRO,CHANGE IN WOMAC SCORE,2011,7
487,Mortality,IN-HOSPITAL MORTALITY,2011,3
488,Adverse Events/Safety,INCIDENCE AND SEVERITY OF ADVERSE EVENTS,2011,6
489,Response Rates,NUMBER OF PARTICIPANTS ACHIEVING TARGET,2011,3
490,Functional Status,PHYSICAL FUNCTION,2011,4
491,Vital Signs/Physical Measures,CHANGE FROM BASELINE IN HEIGHT,2011,5
492,Vital Signs/Physical Measures,CHANGE FROM BASELINE IN INTRAOCULAR PRESSURE,2011,1
494,Functional Status,CHANGE IN WHO FUNCTIONAL CLASS,2011,3
495,Functional Status,HARRIS HIP SCORE,2011,6
496,Adverse Events/Safety,NUMBER OF PARTICIPANTS WITH COMPLICATIONS,2011,1
497,Adverse Events/Safety,NUMBER OF PARTICIPANTS WITH DOSE-LIMITING TOXICITY,2011,3
498,Adverse Events/Safety,NUMBER OF PARTICIPANTS WITH SOLICITED LOCAL ADVERSE EVENTS,2011,1
499,Adverse Events/Safety,PERCENTAGE OF PARTICIPANTS WITH AT LEAST ONE ADVERSE EVENT,2011,3
500,Pharmacokinetics,PLASMA TROUGH CONCENTRATION,2011,2
1,Response Rates,OBJECTIVE RESPONSE RATE,2012,337
2,Survival/Time-to-Event,OVERALL SURVIVAL,2012,320
3,Survival/Time-to-Event,PROGRESSION-FREE SURVIVAL,2012,320
4,Adverse Events/Safety,NUMBER OF PARTICIPANTS WITH ADVERSE EVENTS,2012,245
5,Pharmacokinetics,MAXIMUM PLASMA CONCENTRATION,2012,214
6,Adverse Events/Safety,NUMBER OF PARTICIPANTS WITH TREATMENT-EMERGENT ADVERSE EVENTS,2012,116
7,Pharmacokinetics,TIME TO MAXIMUM CONCENTRATION,2012,124
8,Response Rates,DURATION OF RESPONSE,2012,101
9,Adverse Events/Safety,NUMBER OF PARTICIPANTS WITH SERIOUS ADVERSE EVENTS,2012,73
10,Pharmacokinetics,AUC FROM 0 TO INFINITY,2012,89
11,Biomarkers/Lab Values,CHANGE IN HEMOGLOBIN A1C,2012,92
12,Vital Signs/Physical Measures,CHANGE IN BODY WEIGHT,2012,64
13,Pharmacokinetics,AREA UNDER THE CONCENTRATION-TIME CURVE,2012,63
14,Disease Control,DISEASE CONTROL RATE,2012,44
15,Pharmacokinetics,PLASMA DRUG CONCENTRATION,2012,47
16,Quality of Life/PRO,CHANGE IN QUALITY OF LIFE SCORE,2012,64
17,Symptoms/Pain,CHANGE IN VAS PAIN SCORE,2012,78
18,Quality of Life/PRO,PATIENT SATISFACTION,2012,60
19,Dose-Finding,MAXIMUM TOLERATED DOSE,2012,62
20,Symptoms/Pain,CHANGE IN PAIN SCORE,2012,53
21,Survival/Time-to-Event,TIME TO PROGRESSION,2012,46
22,Mortality,ALL-CAUSE MORTALITY,2012,43
23,Response Rates,PERCENTAGE OF PARTICIPANTS ACHIEVING TARGET,2012,59
24,Vital Signs/Physical Measures,CHANGE IN BLOOD PRESSURE,2012,38
25,Pharmacokinetics,AUC FROM 0 TO LAST MEASURABLE CONCENTRATION,2012,42
26,Biomarkers/Lab Values,CHANGE IN FASTING PLASMA GLUCOSE,2012,51
27,Adverse Events/Safety,NUMBER OF ADVERSE EVENTS,2012,53
28,Quality of Life/PRO,CHANGE IN SF-36 SCORE,2012,40
29,Response Rates,COMPLETE RESPONSE RATE,2012,40
30,Adverse Events/Safety,NUMBER OF PARTICIPANTS WITH TREATMENT EMERGENT ADVERSE EVENTS,2012,21
31,Vital Signs/Physical Measures,CHANGE IN HEART RATE,2012,26
32,Biomarkers/Lab Values,CHANGE IN HEMOGLOBIN,2012,31
33,Adverse Events/Safety,PERCENTAGE OF PARTICIPANTS WITH ADVERSE EVENTS,2012,51
34,Immunogenicity,SEROCONVERSION RATE,2012,38
35,Pharmacokinetics,VOLUME OF DISTRIBUTION,2012,35
36,Response Rates,CLINICAL BENEFIT RATE,2012,39
37,Quality of Life/PRO,CHANGE IN EQ-5D SCORE,2012,47
38,Hospitalization/Healthcare Use,LENGTH OF HOSPITAL STAY,2012,28
39,Vital Signs/Physical Measures,CHANGE IN BODY MASS INDEX,2012,22
40,Quality of Life/PRO,PATIENT GLOBAL IMPRESSION OF CHANGE,2012,36
41,Symptoms/Pain,CHANGE IN NRS PAIN SCORE,2012,29
42,Response Rates,SUSTAINED VIROLOGIC RESPONSE,2012,53
43,Adverse Events/Safety,DOSE-LIMITING TOXICITIES,2012,26
44,Biomarkers/Lab Values,CHANGE IN LDL CHOLESTEROL,2012,24
45,Survival/Time-to-Event,EVENT-FREE SURVIVAL,2012,27
46,Immunogenicity,SEROPROTECTION RATE,2012,31
47,Functional Status,CHANGE IN 6-MINUTE WALK DISTANCE,2012,27
48,Response Rates,TIME TO RESPONSE,2012,30
49,Survival/Time-to-Event,DISEASE-FREE SURVIVAL,2012,31
50,Pharmacokinetics,APPARENT VOLUME OF DISTRIBUTION,2012,17
51,Mental Health Outcomes,CHANGE IN MADRS SCORE,2012,22
52,Biomarkers/Lab Values,CHANGE IN CRP,2012,27
53,Immunogenicity,ANTI-DRUG ANTIBODIES,2012,14
54,Biomarkers/Lab Values,CHANGE IN TRIGLYCERIDES,2012,16
55,Mental Health Outcomes,CHANGE IN PHQ-9 SCORE,2012,10
56,Biomarkers/Lab Values,CHANGE IN TOTAL CHOLESTEROL,2012,21
57,Response Rates,ACR20 RESPONSE,2012,34
58,Biomarkers/Lab Values,CHANGE IN HDL CHOLESTEROL,2012,14
59,Pharmacokinetics,HALF-LIFE,2012,14
60,Disease Activity Scores,CHANGE IN DAS28 SCORE,2012,39
61,Vital Signs/Physical Measures,CHANGE IN SYSTOLIC BLOOD PRESSURE,2012,14
62,Pharmacokinetics,CLEARANCE,2012,19
63,Functional Status,CHANGE IN HAQ-DI SCORE,2012,33
64,Biomarkers/Lab Values,CHANGE IN VIRAL LOAD,2012,9
65,Treatment Adherence,TREATMENT ADHERENCE RATE,2012,16
66,Biomarkers/Lab Values,CHANGE IN ALT,2012,8
67,Survival/Time-to-Event,MEDIAN OVERALL SURVIVAL,2012,19
68,Vital Signs/Physical Measures,CHANGE IN WAIST CIRCUMFERENCE,2012,5
69,Adverse Events/Safety,INCIDENCE OF ADVERSE EVENTS,2012,14
70,Biomarkers/Lab Values,CHANGE IN CD4 COUNT,2012,17
71,Biomarkers/Lab Values,NUMBER OF PARTICIPANTS WITH LABORATORY ABNORMALITIES,2012,16
72,Pharmacokinetics,TROUGH CONCENTRATION,2012,10
73,Pharmacokinetics,TERMINAL HALF-LIFE,2012,14
74,Quality of Life/PRO,QUALITY OF LIFE SCORE,2012,16
75,Biomarkers/Lab Values,CHANGE IN EGFR,2012,18
76,Mental Health Outcomes,CHANGE IN HAM-D SCORE,2012,18
77,Survival/Time-to-Event,TIME TO TREATMENT FAILURE,2012,10
78,Symptoms/Pain,PAIN RESPONSE RATE,2012,22
79,Response Rates,IGA RESPONSE,2012,11
80,Response Rates,ACR50 RESPONSE,2012,27
81,Immunogenicity,ANTIBODY TITER,2012,11
82,Vital Signs/Physical Measures,CHANGE IN DIASTOLIC BLOOD PRESSURE,2012,9
83,Response Rates,PASI 75 RESPONSE,2012,20
84,Pharmacokinetics,ACCUMULATION RATIO,2012,17
85,Adverse Events/Safety,NUMBER OF PARTICIPANTS WITH TREATMENT-RELATED ADVERSE EVENTS,2012,7
86,Pharmacokinetics,TERMINAL ELIMINATION HALF-LIFE,2012,8
87,Biomarkers/Lab Values,CHANGE IN CREATININE,2012,14
88,Quality of Life/PRO,CHANGE IN DLQI SCORE,2012,16
89,Response Rates,ACR70 RESPONSE,2012,22
90,Mental Health Outcomes,CHANGE IN GAD-7 SCORE,2012,2
91,Survival/Time-to-Event,MEDIAN PROGRESSION-FREE SURVIVAL,2012,11
92,Adverse Events/Safety,PERCENTAGE OF PARTICIPANTS WITH TREATMENT-EMERGENT ADVERSE EVENTS,2012,12
93,Symptoms/Pain,CHANGE IN BPI SCORE,2012,8
94,Immunogenicity,NUMBER OF PARTICIPANTS WITH ANTI-DRUG ANTIBODIES,2012,13
95,Remission/Cure,COMPLETE REMISSION,2012,13
96,Imaging Outcomes,CHANGE IN BONE MINERAL DENSITY,2012,10
97,Quality of Life/PRO,CHANGE IN EORTC QLQ-C30 SCORE,2012,13
98,Biomarkers/Lab Values,PERCENTAGE OF PARTICIPANTS WITH LABORATORY ABNORMALITIES,2012,9
99,Biomarkers/Lab Values,CHANGE IN AST,2012,7
100,Mental Health Outcomes,CHANGE IN PANSS SCORE,2012,19
101,Adverse Events/Safety,NUMBER OF PARTICIPANTS WITH DOSE LIMITING TOXICITIES,2012,10
102,Adverse Events/Safety,GRADE 3 OR HIGHER ADVERSE EVENTS,2012,9
103,Vital Signs/Physical Measures,SYSTOLIC BLOOD PRESSURE,2012,9
104,Treatment Adherence,PERCENTAGE OF PARTICIPANTS COMPLETING TREATMENT,2012,11
105,Mental Health Outcomes,CHANGE IN MMSE SCORE,2012,12
106,Pharmacokinetics,MEAN RESIDENCE TIME,2012,13
107,Biomarkers/Lab Values,CHANGE IN PLATELET COUNT,2012,3
108,Response Rates,COMPLETE RESPONSE,2012,14
109,Dose-Finding,RECOMMENDED PHASE 2 DOSE,2012,13
110,Immunogenicity,IMMUNE RESPONSE RATE,2012,17
111,Pharmacokinetics,RENAL CLEARANCE,2012,10
112,Biomarkers/Lab Values,PERCENT CHANGE IN LDL CHOLESTEROL,2012,22
113,Treatment Adherence,COMPLIANCE RATE,2012,7
114,Adverse Events/Safety,NUMBER OF PARTICIPANTS WITH DOSE-LIMITING TOXICITIES,2012,4
115,Vital Signs/Physical Measures,CHANGE FROM BASELINE IN FEV1,2012,16
116,Adverse Events/Safety,NUMBER OF PARTICIPANTS WITH UNSOLICITED ADVERSE EVENTS,2012,5
117,Remission/Cure,CLINICAL REMISSION,2012,11
118,Response Rates,RESPONDER RATE,2012,12
119,Quality of Life/PRO,FATIGUE,2012,4
120,Functional Status,6-MINUTE WALK DISTANCE,2012,5
121,Pharmacokinetics,MAXIMUM SERUM CONCENTRATION,2012,6
122,Response Rates,PATHOLOGICAL COMPLETE RESPONSE,2012,7
123,Vital Signs/Physical Measures,DIASTOLIC BLOOD PRESSURE,2012,9
124,Adverse Events/Safety,INJECTION SITE REACTIONS,2012,7
125,Pharmacokinetics,MAXIMUM OBSERVED SERUM CONCENTRATION,2012,8
126,Symptoms/Pain,PAIN SCORE,2012,16
127,Hospitalization/Healthcare Use,HOSPITAL LENGTH OF STAY,2012,10
128,Biomarkers/Lab Values,CHANGE IN WHITE BLOOD CELL COUNT,2012,7
129,Response Rates,PASI 90 RESPONSE,2012,6
130,Symptoms/Pain,CHANGE IN WOMAC PAIN SCORE,2012,9
131,Mortality,30-DAY MORTALITY,2012,8
132,Imaging Outcomes,CHANGE IN EJECTION FRACTION,2012,9
133,Biomarkers/Lab Values,CHANGE IN ALBUMIN,2012,6
134,Adverse Events/Safety,PERCENTAGE OF PARTICIPANTS WITH SERIOUS ADVERSE EVENTS,2012,6
135,Vital Signs/Physical Measures,CHANGE IN TEMPERATURE,2012,4
136,Adverse Events/Safety,TOTAL ADVERSE EVENTS SUMMARY,2012,7
137,Pharmacokinetics,TIME TO MAXIMUM PLASMA CONCENTRATION,2012,9
138,Mental Health Outcomes,SUICIDAL IDEATION ASSESSMENT,2012,8
139,Mental Health Outcomes,CHANGE IN HAM-A SCORE,2012,4
140,Disease Activity Scores,CHANGE IN CDAI SCORE,2012,23
141,Vital Signs/Physical Measures,CHANGE FROM BASELINE IN BLOOD PRESSURE,2012,11
142,Mental Health Outcomes,CHANGE IN MOCA SCORE,2012,7
143,Mental Health Outcomes,CHANGE IN ADAS-COG SCORE,2012,7
144,Adverse Events/Safety,INCIDENCE OF TREATMENT-EMERGENT ADVERSE EVENTS,2012,3
145,Adverse Events/Safety,NUMBER OF PARTICIPANTS WITH ABNORMAL ECG FINDINGS,2012,5
146,Immunogenicity,GEOMETRIC MEAN TITERS,2012,9
147,Quality of Life/PRO,CHANGE IN SGRQ SCORE,2012,13
148,Pharmacokinetics,APPARENT CLEARANCE,2012,7
149,Survival/Time-to-Event,1-YEAR SURVIVAL RATE,2012,5
150,Response Rates,BEST OVERALL RESPONSE RATE,2012,11
151,Biomarkers/Lab Values,CHANGE FROM BASELINE IN HEMATOCRIT,2012,7
152,Biomarkers/Lab Values,CHANGE IN BILIRUBIN,2012,5
153,Adverse Events/Safety,NUMBER OF PARTICIPANTS WITH SERIOUS AND NON-SERIOUS ADVERSE EVENTS,2012,14
154,Hospitalization/Healthcare Use,HOSPITALIZATION RATE,2012,3
155,Adverse Events/Safety,NUMBER OF PATIENTS WITH ADVERSE EVENTS,2012,11
156,Mental Health Outcomes,CHANGE IN YMRS SCORE,2012,10
157,Pharmacokinetics,APPARENT TERMINAL HALF-LIFE,2012,9
158,Biomarkers/Lab Values,PERCENT CHANGE IN TOTAL CHOLESTEROL,2012,16
159,Pharmacokinetics,TROUGH PLASMA CONCENTRATION,2012,5
160,Adverse Events/Safety,NUMBER OF SERIOUS ADVERSE EVENTS,2012,10
161,Adverse Events/Safety,DOSE-LIMITING TOXICITY,2012,9
162,Immunogenicity,GEOMETRIC MEAN TITER,2012,9
163,Microbiological/Virological,VIRAL SUPPRESSION RATE,2012,5
164,Biomarkers/Lab Values,PERCENT CHANGE IN HDL CHOLESTEROL,2012,17
165,Treatment Adherence,RETENTION RATE,2012,2
166,Biomarkers/Lab Values,CHANGE IN FERRITIN,2012,10
167,Adverse Events/Safety,NUMBER OF SUBJECTS WITH ANY AND GRADE 3 SOLICITED LOCAL SYMPTOMS,2012,5
168,Survival/Time-to-Event,TIME TO NEXT TREATMENT,2012,4
169,Mortality,CARDIOVASCULAR MORTALITY,2012,11
171,Pharmacokinetics,ELIMINATION HALF-LIFE,2012,5
172,Response Rates,PARTIAL RESPONSE RATE,2012,9
173,Vital Signs/Physical Measures,CHANGE IN PULSE RATE,2012,2
174,Mental Health Outcomes,DEPRESSION RESPONSE RATE,2012,5
175,Biomarkers/Lab Values,CHANGE IN ESR,2012,10
176,Symptoms/Pain,CHANGE IN PRURITUS SCORE,2012,4
177,Survival/Time-to-Event,MEDIAN PROGRESSION FREE SURVIVAL,2012,7
178,Pharmacokinetics,TOTAL BODY CLEARANCE,2012,6
179,Pharmacokinetics,APPARENT ORAL CLEARANCE,2012,6
180,Vital Signs/Physical Measures,CHANGE FROM BASELINE IN TROUGH FEV1,2012,14
181,Vital Signs/Physical Measures,CHANGE IN FEV1,2012,5
182,Response Rates,CLINICAL RESPONSE RATE,2012,11
183,Biomarkers/Lab Values,PERCENT CHANGE IN TRIGLYCERIDES,2012,6
184,Pharmacokinetics,VOLUME OF DISTRIBUTION AT STEADY STATE,2012,6
185,Vital Signs/Physical Measures,CHANGE FROM BASELINE IN PULSE RATE,2012,8
186,Adverse Events/Safety,NUMBER OF PARTICIPANTS WITH CLINICALLY SIGNIFICANT LABORATORY ABNORMALITIES,2012,6
187,Biomarkers/Lab Values,CHANGE IN NT-PROBNP,2012,7
188,Disease Activity Scores,CHANGE IN UPDRS SCORE,2012,16
189,Adverse Events/Safety,NUMBER OF TREATMENT-EMERGENT ADVERSE EVENTS,2012,3
190,Biomarkers/Lab Values,PERCENT CHANGE IN APOLIPOPROTEIN B,2012,17
191,Biomarkers/Lab Values,NUMBER OF PARTICIPANTS WITH LABORATORY TEST ABNORMALITIES,2012,3
192,Adverse Events/Safety,"NUMBER OF SUBJECTS WITH ANY, GRADE 3 AND RELATED SOLICITED GENERAL SYMPTOMS",2012,3
193,Symptoms/Pain,OPIOID CONSUMPTION,2012,7
194,Hospitalization/Healthcare Use,TIME TO HOSPITAL DISCHARGE,2012,6
195,Vital Signs/Physical Measures,HEART RATE,2012,1
196,Vital Signs/Physical Measures,CHANGE FROM BASELINE IN RESPIRATORY RATE,2012,2
197,Survival/Time-to-Event,RELAPSE-FREE SURVIVAL,2012,3
198,Response Rates,PERCENTAGE OF PARTICIPANTS WITH VIROLOGIC FAILURE,2012,5
199,Quality of Life/PRO,CHANGE IN EQ-5D-5L SCORE,2012,7
200,Survival/Time-to-Event,OVERALL SURVIVAL RATE,2012,9
201,Response Rates,PATHOLOGIC COMPLETE RESPONSE,2012,6
202,Quality of Life/PRO,TREATMENT SATISFACTION,2012,6
203,Adverse Events/Safety,NUMBER OF PARTICIPANTS WITH ANY ADVERSE EVENTS,2012,7
204,Biomarkers/Lab Values,MINIMAL RESIDUAL DISEASE NEGATIVITY,2012,5
205,Imaging Outcomes,CHANGE IN TUMOR SIZE,2012,13
206,Adverse Events/Safety,NUMBER OF PARTICIPANTS WITH SERIOUS AND/OR NON-SERIOUS ADVERSE EVENTS,2012,5
207,Symptoms/Pain,VAS PAIN SCORE,2012,7
208,Quality of Life/PRO,CHANGE IN EQ-5D VAS SCORE,2012,11
209,Adverse Events/Safety,NUMBER OF PARTICIPANTS WITH ADVERSE EVENTS LEADING TO DISCONTINUATION,2012,4
210,Adverse Events/Safety,NUMBER OF PARTICIPANTS WITH DRUG-RELATED ADVERSE EVENTS,2012,6
211,Adverse Events/Safety,NUMBER OF PARTICIPANTS WITH ECG ABNORMALITIES,2012,4
212,Biomarkers/Lab Values,CHANGE IN C-REACTIVE PROTEIN,2012,5
213,Mental Health Outcomes,CHANGE IN HADS SCORE,2012,3
214,Mental Health Outcomes,CHANGE FROM BASELINE IN CGI-S SCORE,2012,7
215,Vital Signs/Physical Measures,CHANGE FROM BASELINE IN SYSTOLIC BLOOD PRESSURE,2012,4
216,Quality of Life/PRO,CHANGE IN FATIGUE SCORE,2012,7
217,Response Rates,CLINICAL RESPONSE,2012,7
218,Survival/Time-to-Event,TIME TO PSA PROGRESSION,2012,4
219,Pharmacokinetics,ELIMINATION RATE CONSTANT,2012,1
220,Adverse Events/Safety,NUMBER OF PARTICIPANTS WITH ADVERSE EVENTS OF SPECIAL INTEREST,2012,3
221,Pharmacokinetics,PEAK PLASMA CONCENTRATION,2012,4
222,Symptoms/Pain,NAUSEA,2012,4
223,Biomarkers/Lab Values,CHANGE IN ABSOLUTE NEUTROPHIL COUNT,2012,3
225,Biomarkers/Lab Values,CHANGE IN HEMATOCRIT,2012,4
226,Mortality,TREATMENT-RELATED MORTALITY,2012,3
227,Survival/Time-to-Event,RECURRENCE-FREE SURVIVAL,2012,3
228,Pharmacokinetics,AUCTAU,2012,8
229,Functional Status,CHANGE IN EDSS SCORE,2012,1
230,Biomarkers/Lab Values,CHANGE IN HSCRP,2012,8
231,Response Rates,TUMOR RESPONSE RATE,2012,2
232,Response Rates,PASI 50 RESPONSE,2012,6
233,Adverse Events/Safety,PROCEDURAL SUCCESS,2012,8
234,Quality of Life/PRO,CHANGE IN KCCQ SCORE,2012,4
235,Quality of Life/PRO,SLEEP EFFICIENCY,2012,3
236,Survival/Time-to-Event,TIME TO RELAPSE,2012,8
237,Pharmacokinetics,MINIMUM PLASMA CONCENTRATION,2012,1
238,Symptoms/Pain,PRURITUS SCORE,2012,2
239,Vital Signs/Physical Measures,NUMBER OF PARTICIPANTS WITH CLINICALLY SIGNIFICANT CHANGES IN VITAL SIGNS,2012,2
240,Immunogenicity,SERORESPONSE RATE,2012,4
241,Mental Health Outcomes,CHANGE IN CGI-S SCORE,2012,6
242,Adverse Events/Safety,FREQUENCY OF ADVERSE EVENTS,2012,6
244,Remission/Cure,DEPRESSION REMISSION RATE,2012,7
245,Disease Control,STABLE DISEASE RATE,2012,3
246,Vital Signs/Physical Measures,BODY MASS INDEX,2012,3
247,Vital Signs/Physical Measures,CHANGE FROM BASELINE IN DIASTOLIC BLOOD PRESSURE,2012,4
248,Disease Activity Scores,CHANGE IN SDAI SCORE,2012,19
249,Symptoms/Pain,DYSPNEA SCORE,2012,4
250,Microbiological/Virological,MICROBIOLOGICAL ERADICATION,2012,2
251,Survival/Time-to-Event,TIME TO TUMOR PROGRESSION,2012,3
252,Pharmacokinetics,APPARENT CLEARANCE (CL/F),2012,3
253,Biomarkers/Lab Values,CHANGE IN FASTING INSULIN,2012,2
255,Adverse Events/Safety,ADVERSE EVENTS LEADING TO DISCONTINUATION,2012,3
256,Mortality,ALL COLLECTED DEATHS,2012,4
258,Biomarkers/Lab Values,CHANGE IN FASTING GLUCOSE,2012,2
259,Vital Signs/Physical Measures,FORCED EXPIRATORY VOLUME IN 1 SECOND (FEV1),2012,5
260,Quality of Life/PRO,PARTICIPANT SATISFACTION,2012,4
261,Response Rates,PASI 100 RESPONSE,2012,4
262,Biomarkers/Lab Values,CHANGE IN INR,2012,3
263,Vital Signs/Physical Measures,INTRAOCULAR PRESSURE,2012,3
264,Biomarkers/Lab Values,CHANGE IN HOMA-IR,2012,3
265,Adverse Events/Safety,INCIDENCE OF SERIOUS ADVERSE EVENTS,2012,8
266,Mortality,NUMBER OF PARTICIPANTS WHO DIED,2012,4
267,Pharmacokinetics,PLASMA DECAY HALF-LIFE,2012,2
268,Quality of Life/PRO,TOTAL SLEEP TIME,2012,1
269,Response Rates,TUMOR RESPONSE,2012,1
270,Hospitalization/Healthcare Use,LENGTH OF STAY,2012,2
271,Pharmacokinetics,MAXIMUM OBSERVED PLASMA CONCENTRATION,2012,2
272,Mental Health Outcomes,CHANGE IN CES-D SCORE,2012,3
274,Survival/Time-to-Event,DURATION OF OBJECTIVE RESPONSE,2012,4
275,Hospitalization/Healthcare Use,ICU ADMISSION RATE,2012,4
276,Hospitalization/Healthcare Use,ICU LENGTH OF STAY,2012,5
277,Vital Signs/Physical Measures,NUMBER OF PARTICIPANTS WITH CLINICALLY SIGNIFICANT CHANGE IN VITAL SIGNS,2012,2
278,Immunogenicity,NUMBER OF PARTICIPANTS WITH POSITIVE ANTI-DRUG ANTIBODIES,2012,2
279,Adverse Events/Safety,NUMBER OF SUBJECTS REPORTING UNSOLICITED ADVERSE EVENTS,2012,2
280,Quality of Life/PRO,PATIENT GLOBAL IMPRESSION OF IMPROVEMENT,2012,4
281,Vital Signs/Physical Measures,FORCED VITAL CAPACITY,2012,5
282,Biomarkers/Lab Values,LABORATORY VALUES SUMMARY,2012,3
283,Mortality,NON-RELAPSE MORTALITY,2012,4
284,Functional Status,VISUAL ACUITY,2012,4
285,Mental Health Outcomes,CHANGE IN BDI-II SCORE,2012,6
286,Mental Health Outcomes,PERCEIVED STRESS SCORE,2012,1
287,Response Rates,TARGET LESION RESPONSE,2012,7
288,Disease Activity Scores,ANNUALIZED RELAPSE RATE,2012,3
289,Mental Health Outcomes,CHANGE IN ANXIETY SCORE,2012,1
290,Biomarkers/Lab Values,CHANGE IN PSA,2012,7
291,Response Rates,COMPLETE REMISSION RATE,2012,3
292,Remission/Cure,ENDOSCOPIC REMISSION,2012,5
293,Survival/Time-to-Event,PROGRESSION-FREE SURVIVAL RATE,2012,7
294,Hospitalization/Healthcare Use,READMISSION RATE,2012,3
295,Disease Control,ANNUAL EXACERBATION RATE,2012,5
296,Disease Control,CLINICAL SUCCESS,2012,7
297,Remission/Cure,CURE RATE,2012,2
298,Pharmacokinetics,AUC0-LAST,2012,3
299,Functional Status,CHANGE IN VISUAL ACUITY,2012,5
300,Hospitalization/Healthcare Use,EMERGENCY ROOM VISITS,2012,1
301,Biomarkers/Lab Values,MEAN CHANGE IN HEMOGLOBIN,2012,3
302,Imaging Outcomes,PERCENT CHANGE IN BONE MINERAL DENSITY,2012,5
303,Symptoms/Pain,CHANGE IN ADHD-RS SCORE,2012,3
304,Biomarkers/Lab Values,CHANGE IN TOTAL BILIRUBIN,2012,3
305,Disease Control,DURATION OF STABLE DISEASE,2012,4
306,Mortality,MORTALITY,2012,4
307,Adverse Events/Safety,NUMBER OF PARTICIPANTS WITH TREATMENT-EMERGENT SERIOUS ADVERSE EVENTS,2012,2
308,Biomarkers/Lab Values,PERCENT CHANGE IN NON-HDL-C,2012,15
309,Mortality,PERCENTAGE OF PARTICIPANTS WHO DIED,2012,4
310,Vital Signs/Physical Measures,CHANGE FROM BASELINE IN ECG PARAMETERS,2012,2
311,Treatment Adherence,MEDICATION ADHERENCE,2012,2
312,Adverse Events/Safety,NUMBER OF PARTICIPANTS WITH ADVERSE EVENTS AND SERIOUS ADVERSE EVENTS,2012,2
313,Adverse Events/Safety,NUMBER OF PARTICIPANTS WITH GRADE 3 OR HIGHER ADVERSE EVENTS,2012,3
314,Disease Control,TECHNICAL SUCCESS,2012,4
315,Disease Activity Scores,CHANGE IN BASDAI SCORE,2012,3
316,Functional Status,CHANGE IN ECOG PERFORMANCE STATUS,2012,2
317,Remission/Cure,CLINICAL CURE RATE,2012,5
318,Biomarkers/Lab Values,INSULIN SENSITIVITY,2012,5
319,Treatment Adherence,NUMBER OF PARTICIPANTS COMPLETING TREATMENT,2012,3
320,Adverse Events/Safety,TOTAL SERIOUS ADVERSE EVENTS SUMMARY,2012,3
321,Symptoms/Pain,CHANGE IN DYSPNEA SCORE,2012,4
322,Biomarkers/Lab Values,CHANGE IN SERUM CREATININE,2012,5
323,Quality of Life/PRO,CHANGE IN SF-12 SCORE,2012,7
324,Mental Health Outcomes,CLINICIAN GLOBAL IMPRESSION,2012,4
325,Functional Status,CHANGE IN PHYSICAL ACTIVITY,2012,2
326,Quality of Life/PRO,CLIENT SATISFACTION,2012,1
327,Other Clinical Endpoints,DEVICE SUCCESS,2012,8
328,Adverse Events/Safety,NUMBER OF PARTICIPANTS WITH ANY ADVERSE EVENT,2012,13
329,Biomarkers/Lab Values,PERCENT CHANGE IN LDL-C,2012,8
330,Vital Signs/Physical Measures,RESPIRATORY RATE,2012,1
331,Mortality,90-DAY MORTALITY,2012,5
332,Adverse Events/Safety,"NUMBER OF SUBJECTS WITH ANY, GRADE 3 AND RELATED UNSOLICITED ADVERSE EVENTS",2012,1
334,Vital Signs/Physical Measures,MEAN CHANGE IN BLOOD PRESSURE,2012,2
335,Response Rates,PSA RESPONSE RATE,2012,2
336,Pharmacokinetics,STEADY-STATE CONCENTRATION,2012,5
337,Pharmacokinetics,SYSTEMIC CLEARANCE,2012,1
338,Vital Signs/Physical Measures,TROUGH FEV1,2012,9
339,Pharmacokinetics,APPARENT TERMINAL ELIMINATION HALF-LIFE,2012,2
341,Mortality,NUMBER OF DEATHS,2012,4
343,Quality of Life/PRO,CHANGE IN FACIT-FATIGUE SCORE,2012,3
344,Response Rates,MEDIAN DURATION OF RESPONSE,2012,7
346,Vital Signs/Physical Measures,NUMBER OF PARTICIPANTS WITH ABNORMAL VITAL SIGNS,2012,2
347,Adverse Events/Safety,NUMBER OF TREATMENT EMERGENT ADVERSE EVENTS,2012,4
348,Adverse Events/Safety,PERCENTAGE OF PARTICIPANTS WITH TREATMENT EMERGENT ADVERSE EVENTS,2012,5
349,Quality of Life/PRO,PITTSBURGH SLEEP QUALITY INDEX SCORE,2012,1
350,Response Rates,PROSTATE-SPECIFIC ANTIGEN RESPONSE,2012,4
351,Adverse Events/Safety,ESTIMATED BLOOD LOSS,2012,7
352,Response Rates,PERCENTAGE OF PATIENTS ACHIEVING TARGET,2012,2
353,Mental Health Outcomes,CLINICAL GLOBAL IMPRESSION - IMPROVEMENT,2012,2
354,Adverse Events/Safety,NUMBER OF PARTICIPANTS REPORTING ONE OR MORE TREATMENT-EMERGENT ADVERSE EVENTS,2012,1
355,Adverse Events/Safety,NUMBER OF PARTICIPANTS WITH DOSE LIMITING TOXICITY,2012,2
356,Adverse Events/Safety,NUMBER OF PARTICIPANTS WITH CLINICALLY SIGNIFICANT ECG ABNORMALITIES,2012,1
357,Quality of Life/PRO,PATIENT GLOBAL IMPRESSION OF SEVERITY,2012,3
358,Biomarkers/Lab Values,PERCENT CHANGE IN NON-HDL CHOLESTEROL,2012,10
359,Pharmacokinetics,AUCINF,2012,4
360,Mental Health Outcomes,BECK DEPRESSION INVENTORY SCORE,2012,6
361,Functional Status,CHANGE FROM BASELINE IN BEST CORRECTED VISUAL ACUITY,2012,3
362,Functional Status,CHANGE IN BEST CORRECTED VISUAL ACUITY,2012,2
363,Adverse Events/Safety,NUMBER OF SUBJECTS WITH ANY UNSOLICITED ADVERSE EVENTS,2012,3
364,Disease Activity Scores,PERCENT CHANGE IN EASI SCORE,2012,2
365,Immunogenicity,PERCENTAGE OF PARTICIPANTS WITH ANTI-DRUG ANTIBODIES,2012,2
366,Vital Signs/Physical Measures,CHANGE FROM BASELINE IN HEART RATE,2012,6
367,Vital Signs/Physical Measures,CHANGE IN BODY TEMPERATURE,2012,2
368,Mental Health Outcomes,CHANGE IN PERCEIVED STRESS SCORE,2012,1
369,Quality of Life/PRO,CLINICIAN GLOBAL IMPRESSION OF CHANGE,2012,6
370,Mental Health Outcomes,DEPRESSIVE SYMPTOMS,2012,1
371,Adverse Events/Safety,INCIDENCE OF TREATMENT EMERGENT ADVERSE EVENTS,2012,4
372,Adverse Events/Safety,TOTAL OPIOID CONSUMPTION,2012,1
375,Vital Signs/Physical Measures,CHANGE IN INTRAOCULAR PRESSURE,2012,5
376,Vital Signs/Physical Measures,CHANGES IN FORCED VITAL CAPACITY,2012,3
377,Imaging Outcomes,LEFT VENTRICULAR EJECTION FRACTION,2012,4
378,Vital Signs/Physical Measures,MEAN ARTERIAL PRESSURE,2012,2
379,Vital Signs/Physical Measures,MEAN CHANGE IN HEART RATE,2012,4
380,Immunogenicity,NUMBER OF SEROCONVERTED SUBJECTS,2012,5
381,Hospitalization/Healthcare Use,PROCEDURE TIME,2012,5
383,Pharmacokinetics,AUC0-TZ,2012,2
384,Quality of Life/PRO,CHANGE IN SLEEP QUALITY SCORE,2012,3
385,Adverse Events/Safety,NUMBER OF SUBJECTS WITH UNSOLICITED ADVERSE EVENTS,2012,3
386,Microbiological/Virological,PERCENTAGE OF PARTICIPANTS WITH HCV RNA < LLOQ,2012,3
387,Survival/Time-to-Event,TIME TO FIRST EXACERBATION,2012,4
388,Adverse Events/Safety,TREATMENT DISCONTINUATION RATE,2012,4
389,Immunogenicity,VACCINE RESPONSE RATE,2012,3
390,Quality of Life/PRO,CHANGE IN HEALTH-RELATED QUALITY OF LIFE SCORE,2012,1
391,Hospitalization/Healthcare Use,DURATION OF HOSPITAL STAY,2012,1
392,Survival/Time-to-Event,MEDIAN SURVIVAL TIME,2012,2
393,Adverse Events/Safety,NUMBER OF PARTICIPANTS WITH TREATMENT RELATED ADVERSE EVENTS,2012,2
394,Hospitalization/Healthcare Use,OPERATIVE TIME,2012,4
395,Quality of Life/PRO,SLEEP QUALITY SCORE,2012,1
396,Survival/Time-to-Event,2-YEAR SURVIVAL RATE,2012,2
397,Vital Signs/Physical Measures,CHANGE IN RESPIRATORY RATE,2012,1
398,Quality of Life/PRO,CHANGE IN TREATMENT SATISFACTION SCORE,2012,1
399,Symptoms/Pain,CHANGE IN WOMAC STIFFNESS SCORE,2012,3
400,Hospitalization/Healthcare Use,DURATION OF MECHANICAL VENTILATION,2012,2
402,Adverse Events/Safety,NUMBER OF PARTICIPANTS WITH CLINICAL LABORATORY ABNORMALITIES,2012,4
403,Symptoms/Pain,PAIN INTENSITY,2012,2
404,Pharmacokinetics,AUC(0-T),2012,2
405,Vital Signs/Physical Measures,CHANGE FROM BASELINE IN BODY TEMPERATURE,2012,1
406,Vital Signs/Physical Measures,CHANGE FROM BASELINE IN SYSTOLIC AND DIASTOLIC BLOOD PRESSURE,2012,4
407,Biomarkers/Lab Values,CHANGE IN ALBUMIN AND TOTAL PROTEIN,2012,5
408,Biomarkers/Lab Values,CHANGE IN INSULIN SENSITIVITY,2012,4
409,Mental Health Outcomes,CHANGE IN SELF-EFFICACY SCORE,2012,1
410,Symptoms/Pain,INSOMNIA SEVERITY INDEX,2012,3
411,Functional Status,MEAN CHANGE IN BEST CORRECTED VISUAL ACUITY,2012,3
412,Adverse Events/Safety,NUMBER OF PARTICIPANTS WITH CLINICALLY SIGNIFICANT ECG CHANGES,2012,3
413,Response Rates,PATHOLOGIC COMPLETE RESPONSE RATE,2012,4
414,Adverse Events/Safety,PERCENTAGE OF PARTICIPANTS REPORTING LOCAL REACTIONS,2012,2
415,Mortality,TRANSPLANT-RELATED MORTALITY,2012,1
417,Survival/Time-to-Event,6-MONTH PROGRESSION-FREE SURVIVAL,2012,1
418,Mental Health Outcomes,CHANGE IN DEPRESSION SCORE,2012,1
419,Quality of Life/PRO,CLINICAL GLOBAL IMPRESSION OF CHANGE,2012,5
420,Immunogenicity,GEOMETRIC MEAN TITER OF ANTIBODIES,2012,3
421,Adverse Events/Safety,NUMBER OF PARTICIPANTS WITH ADVERSE DRUG REACTIONS,2012,3
422,Biomarkers/Lab Values,PERCENT CHANGE IN FASTING TRIGLYCERIDES,2012,11
423,Response Rates,PERCENTAGE OF PARTICIPANTS WITH CLINICAL RESPONSE,2012,2
424,Immunogenicity,SEROPOSITIVITY RATE,2012,1
425,Hospitalization/Healthcare Use,VENTILATOR-FREE DAYS,2012,2
426,Pharmacokinetics,APPARENT TOTAL BODY CLEARANCE,2012,2
427,Biomarkers/Lab Values,CHANGE IN BNP,2012,4
428,Vital Signs/Physical Measures,CHANGE IN FORCED VITAL CAPACITY,2012,1
429,Mental Health Outcomes,DEPRESSION SCORE,2012,3
430,Disease Activity Scores,PERCENT CHANGE IN PASI SCORE,2012,5
431,Biomarkers/Lab Values,CHANGE IN BILIRUBIN AND CREATININE,2012,3
432,Symptoms/Pain,CHANGE IN INSOMNIA SEVERITY INDEX SCORE,2012,2
434,Adverse Events/Safety,PERCENTAGE OF PARTICIPANTS EXPERIENCING TREATMENT-EMERGENT ADVERSE EVENTS,2012,1
436,Hospitalization/Healthcare Use,LENGTH OF ICU STAY,2012,4
437,Response Rates,NUMBER OF RESPONDERS,2012,3
439,Adverse Events/Safety,NUMBER OF SUBJECTS WITH SOLICITED GENERAL SYMPTOMS,2012,3
440,Pharmacokinetics,TIME OF MAXIMUM CONCENTRATION,2012,5
441,Functional Status,TIMED UP AND GO TEST,2012,1
442,Biomarkers/Lab Values,CHANGE FROM BASELINE IN FASTING PLASMA GLUCOSE,2012,2
443,Biomarkers/Lab Values,CHANGE FROM BASELINE IN RED BLOOD CELL COUNT,2012,7
444,Disease Activity Scores,CHANGE IN SWOLLEN JOINT COUNT,2012,8
445,Response Rates,CONFIRMED RESPONSE RATE,2012,2
446,Imaging Outcomes,MRI LESION COUNT,2012,1
447,Adverse Events/Safety,NUMBER OF PARTICIPANTS WITH NON-SERIOUS ADVERSE EVENTS,2012,3
448,Adverse Events/Safety,PERCENTAGE OF PARTICIPANTS REPORTING SYSTEMIC EVENTS,2012,2
449,Mortality,28-DAY MORTALITY,2012,2
450,Pharmacokinetics,APPARENT VOLUME OF DISTRIBUTION (VZ/F),2012,2
451,Remission/Cure,CLINICAL CURE,2012,6
452,Survival/Time-to-Event,DURATION OF COMPLETE RESPONSE,2012,2
453,Biomarkers/Lab Values,MEAN CHANGE IN HEMOGLOBIN A1C,2012,2
455,Remission/Cure,PERCENTAGE OF PARTICIPANTS ACHIEVING CLINICAL REMISSION,2012,3
456,Adverse Events/Safety,RATE OF ADVERSE EVENTS,2012,2
457,Mortality,TIME TO DEATH,2012,1
458,Adverse Events/Safety,ANNUALIZED BLEEDING RATE,2012,3
459,Functional Status,CHANGE FROM BASELINE IN BCVA,2012,1
460,Vital Signs/Physical Measures,CHANGE FROM BASELINE IN BODY WEIGHT,2012,5
461,Functional Status,CHANGE IN WOMAC PHYSICAL FUNCTION SCORE,2012,1
463,Adverse Events/Safety,DRUG-RELATED ADVERSE EVENTS,2012,1
465,Adverse Events/Safety,OCCURRENCE OF ADVERSE EVENTS,2012,2
467,Quality of Life/PRO,SLEEP DISTURBANCE SCORE,2012,1
469,Symptoms/Pain,APNEA-HYPOPNEA INDEX,2012,6
470,Response Rates,EULAR RESPONSE RATE,2012,4
471,Vital Signs/Physical Measures,MEAN HEART RATE,2012,2
472,Response Rates,PERCENTAGE OF PARTICIPANTS WITH RELAPSE,2012,2
473,Pharmacokinetics,TERMINAL PHASE ELIMINATION HALF-LIFE,2012,1
474,Response Rates,TREATMENT SUCCESS,2012,1
475,Functional Status,ACTIVITIES OF DAILY LIVING,2012,1
476,Biomarkers/Lab Values,CHANGE IN FASTING SERUM GLUCOSE,2012,3
478,Disease Control,DURATION OF DISEASE CONTROL,2012,1
479,Treatment Adherence,DURATION OF TREATMENT,2012,3
480,Adverse Events/Safety,NUMBER OF DOSE LIMITING TOXICITIES,2012,3
481,Adverse Events/Safety,NUMBER OF SUBJECTS WITH SOLICITED LOCAL SYMPTOMS,2012,2
483,Mental Health Outcomes,ANXIETY SCORE,2012,1
484,Pharmacokinetics,AVERAGE PLASMA CONCENTRATION,2012,4
485,Disease Activity Scores,CHANGE IN TENDER JOINT COUNT,2012,9
486,Quality of Life/PRO,CHANGE IN WOMAC SCORE,2012,3
487,Mortality,IN-HOSPITAL MORTALITY,2012,2
488,Adverse Events/Safety,INCIDENCE AND SEVERITY OF ADVERSE EVENTS,2012,3
489,Response Rates,NUMBER OF PARTICIPANTS ACHIEVING TARGET,2012,2
491,Vital Signs/Physical Measures,CHANGE FROM BASELINE IN HEIGHT,2012,4
492,Vital Signs/Physical Measures,CHANGE FROM BASELINE IN INTRAOCULAR PRESSURE,2012,1
493,Quality of Life/PRO,CHANGE IN PITTSBURGH SLEEP QUALITY INDEX SCORE,2012,2
494,Functional Status,CHANGE IN WHO FUNCTIONAL CLASS,2012,2
495,Functional Status,HARRIS HIP SCORE,2012,2
497,Adverse Events/Safety,NUMBER OF PARTICIPANTS WITH DOSE-LIMITING TOXICITY,2012,2
499,Adverse Events/Safety,PERCENTAGE OF PARTICIPANTS WITH AT LEAST ONE ADVERSE EVENT,2012,2
500,Pharmacokinetics,PLASMA TROUGH CONCENTRATION,2012,2
1,Response Rates,OBJECTIVE RESPONSE RATE,2013,350
2,Survival/Time-to-Event,OVERALL SURVIVAL,2013,322
3,Survival/Time-to-Event,PROGRESSION-FREE SURVIVAL,2013,311
4,Adverse Events/Safety,NUMBER OF PARTICIPANTS WITH ADVERSE EVENTS,2013,254
5,Pharmacokinetics,MAXIMUM PLASMA CONCENTRATION,2013,258
6,Adverse Events/Safety,NUMBER OF PARTICIPANTS WITH TREATMENT-EMERGENT ADVERSE EVENTS,2013,122
7,Pharmacokinetics,TIME TO MAXIMUM CONCENTRATION,2013,166
8,Response Rates,DURATION OF RESPONSE,2013,118
9,Adverse Events/Safety,NUMBER OF PARTICIPANTS WITH SERIOUS ADVERSE EVENTS,2013,85
10,Pharmacokinetics,AUC FROM 0 TO INFINITY,2013,103
11,Biomarkers/Lab Values,CHANGE IN HEMOGLOBIN A1C,2013,99
12,Vital Signs/Physical Measures,CHANGE IN BODY WEIGHT,2013,89
13,Pharmacokinetics,AREA UNDER THE CONCENTRATION-TIME CURVE,2013,66
14,Disease Control,DISEASE CONTROL RATE,2013,45
15,Pharmacokinetics,PLASMA DRUG CONCENTRATION,2013,61
16,Quality of Life/PRO,CHANGE IN QUALITY OF LIFE SCORE,2013,56
17,Symptoms/Pain,CHANGE IN VAS PAIN SCORE,2013,62
18,Quality of Life/PRO,PATIENT SATISFACTION,2013,71
19,Dose-Finding,MAXIMUM TOLERATED DOSE,2013,55
20,Symptoms/Pain,CHANGE IN PAIN SCORE,2013,53
21,Survival/Time-to-Event,TIME TO PROGRESSION,2013,43
22,Mortality,ALL-CAUSE MORTALITY,2013,57
23,Response Rates,PERCENTAGE OF PARTICIPANTS ACHIEVING TARGET,2013,62
24,Vital Signs/Physical Measures,CHANGE IN BLOOD PRESSURE,2013,44
25,Pharmacokinetics,AUC FROM 0 TO LAST MEASURABLE CONCENTRATION,2013,62
26,Biomarkers/Lab Values,CHANGE IN FASTING PLASMA GLUCOSE,2013,57
27,Adverse Events/Safety,NUMBER OF ADVERSE EVENTS,2013,50
28,Quality of Life/PRO,CHANGE IN SF-36 SCORE,2013,34
29,Response Rates,COMPLETE RESPONSE RATE,2013,30
30,Adverse Events/Safety,NUMBER OF PARTICIPANTS WITH TREATMENT EMERGENT ADVERSE EVENTS,2013,35
31,Vital Signs/Physical Measures,CHANGE IN HEART RATE,2013,40
32,Biomarkers/Lab Values,CHANGE IN HEMOGLOBIN,2013,26
33,Adverse Events/Safety,PERCENTAGE OF PARTICIPANTS WITH ADVERSE EVENTS,2013,41
34,Immunogenicity,SEROCONVERSION RATE,2013,35
35,Pharmacokinetics,VOLUME OF DISTRIBUTION,2013,37
36,Response Rates,CLINICAL BENEFIT RATE,2013,45
37,Quality of Life/PRO,CHANGE IN EQ-5D SCORE,2013,40
38,Hospitalization/Healthcare Use,LENGTH OF HOSPITAL STAY,2013,39
39,Vital Signs/Physical Measures,CHANGE IN BODY MASS INDEX,2013,45
40,Quality of Life/PRO,PATIENT GLOBAL IMPRESSION OF CHANGE,2013,38
41,Symptoms/Pain,CHANGE IN NRS PAIN SCORE,2013,44
42,Response Rates,SUSTAINED VIROLOGIC RESPONSE,2013,50
43,Adverse Events/Safety,DOSE-LIMITING TOXICITIES,2013,23
44,Biomarkers/Lab Values,CHANGE IN LDL CHOLESTEROL,2013,29
45,Survival/Time-to-Event,EVENT-FREE SURVIVAL,2013,27
46,Immunogenicity,SEROPROTECTION RATE,2013,31
47,Functional Status,CHANGE IN 6-MINUTE WALK DISTANCE,2013,35
48,Response Rates,TIME TO RESPONSE,2013,28
49,Survival/Time-to-Event,DISEASE-FREE SURVIVAL,2013,26
50,Pharmacokinetics,APPARENT VOLUME OF DISTRIBUTION,2013,19
51,Mental Health Outcomes,CHANGE IN MADRS SCORE,2013,18
52,Biomarkers/Lab Values,CHANGE IN CRP,2013,26
53,Immunogenicity,ANTI-DRUG ANTIBODIES,2013,21
54,Biomarkers/Lab Values,CHANGE IN TRIGLYCERIDES,2013,13
55,Mental Health Outcomes,CHANGE IN PHQ-9 SCORE,2013,15
56,Biomarkers/Lab Values,CHANGE IN TOTAL CHOLESTEROL,2013,16
57,Response Rates,ACR20 RESPONSE,2013,20
58,Biomarkers/Lab Values,CHANGE IN HDL CHOLESTEROL,2013,13
59,Pharmacokinetics,HALF-LIFE,2013,20
60,Disease Activity Scores,CHANGE IN DAS28 SCORE,2013,19
61,Vital Signs/Physical Measures,CHANGE IN SYSTOLIC BLOOD PRESSURE,2013,18
62,Pharmacokinetics,CLEARANCE,2013,17
63,Functional Status,CHANGE IN HAQ-DI SCORE,2013,16
64,Biomarkers/Lab Values,CHANGE IN VIRAL LOAD,2013,8
65,Treatment Adherence,TREATMENT ADHERENCE RATE,2013,18
66,Biomarkers/Lab Values,CHANGE IN ALT,2013,10
67,Survival/Time-to-Event,MEDIAN OVERALL SURVIVAL,2013,25
68,Vital Signs/Physical Measures,CHANGE IN WAIST CIRCUMFERENCE,2013,18
69,Adverse Events/Safety,INCIDENCE OF ADVERSE EVENTS,2013,26
70,Biomarkers/Lab Values,CHANGE IN CD4 COUNT,2013,13
71,Biomarkers/Lab Values,NUMBER OF PARTICIPANTS WITH LABORATORY ABNORMALITIES,2013,14
72,Pharmacokinetics,TROUGH CONCENTRATION,2013,12
73,Pharmacokinetics,TERMINAL HALF-LIFE,2013,20
74,Quality of Life/PRO,QUALITY OF LIFE SCORE,2013,12
75,Biomarkers/Lab Values,CHANGE IN EGFR,2013,22
76,Mental Health Outcomes,CHANGE IN HAM-D SCORE,2013,9
77,Survival/Time-to-Event,TIME TO TREATMENT FAILURE,2013,7
78,Symptoms/Pain,PAIN RESPONSE RATE,2013,23
79,Response Rates,IGA RESPONSE,2013,11
80,Response Rates,ACR50 RESPONSE,2013,14
81,Immunogenicity,ANTIBODY TITER,2013,10
82,Vital Signs/Physical Measures,CHANGE IN DIASTOLIC BLOOD PRESSURE,2013,17
83,Response Rates,PASI 75 RESPONSE,2013,15
84,Pharmacokinetics,ACCUMULATION RATIO,2013,15
85,Adverse Events/Safety,NUMBER OF PARTICIPANTS WITH TREATMENT-RELATED ADVERSE EVENTS,2013,10
86,Pharmacokinetics,TERMINAL ELIMINATION HALF-LIFE,2013,12
87,Biomarkers/Lab Values,CHANGE IN CREATININE,2013,14
88,Quality of Life/PRO,CHANGE IN DLQI SCORE,2013,12
89,Response Rates,ACR70 RESPONSE,2013,11
90,Mental Health Outcomes,CHANGE IN GAD-7 SCORE,2013,4
91,Survival/Time-to-Event,MEDIAN PROGRESSION-FREE SURVIVAL,2013,8
92,Adverse Events/Safety,PERCENTAGE OF PARTICIPANTS WITH TREATMENT-EMERGENT ADVERSE EVENTS,2013,15
93,Symptoms/Pain,CHANGE IN BPI SCORE,2013,22
94,Immunogenicity,NUMBER OF PARTICIPANTS WITH ANTI-DRUG ANTIBODIES,2013,9
95,Remission/Cure,COMPLETE REMISSION,2013,13
96,Imaging Outcomes,CHANGE IN BONE MINERAL DENSITY,2013,12
97,Quality of Life/PRO,CHANGE IN EORTC QLQ-C30 SCORE,2013,13
98,Biomarkers/Lab Values,PERCENTAGE OF PARTICIPANTS WITH LABORATORY ABNORMALITIES,2013,13
99,Biomarkers/Lab Values,CHANGE IN AST,2013,8
100,Mental Health Outcomes,CHANGE IN PANSS SCORE,2013,7
101,Adverse Events/Safety,NUMBER OF PARTICIPANTS WITH DOSE LIMITING TOXICITIES,2013,14
102,Adverse Events/Safety,GRADE 3 OR HIGHER ADVERSE EVENTS,2013,12
103,Vital Signs/Physical Measures,SYSTOLIC BLOOD PRESSURE,2013,13
104,Treatment Adherence,PERCENTAGE OF PARTICIPANTS COMPLETING TREATMENT,2013,7
105,Mental Health Outcomes,CHANGE IN MMSE SCORE,2013,8
106,Pharmacokinetics,MEAN RESIDENCE TIME,2013,7
107,Biomarkers/Lab Values,CHANGE IN PLATELET COUNT,2013,5
108,Response Rates,COMPLETE RESPONSE,2013,11
109,Dose-Finding,RECOMMENDED PHASE 2 DOSE,2013,7
110,Immunogenicity,IMMUNE RESPONSE RATE,2013,14
111,Pharmacokinetics,RENAL CLEARANCE,2013,13
112,Biomarkers/Lab Values,PERCENT CHANGE IN LDL CHOLESTEROL,2013,16
113,Treatment Adherence,COMPLIANCE RATE,2013,13
114,Adverse Events/Safety,NUMBER OF PARTICIPANTS WITH DOSE-LIMITING TOXICITIES,2013,13
115,Vital Signs/Physical Measures,CHANGE FROM BASELINE IN FEV1,2013,20
116,Adverse Events/Safety,NUMBER OF PARTICIPANTS WITH UNSOLICITED ADVERSE EVENTS,2013,11
117,Remission/Cure,CLINICAL REMISSION,2013,5
118,Response Rates,RESPONDER RATE,2013,8
119,Quality of Life/PRO,FATIGUE,2013,9
120,Functional Status,6-MINUTE WALK DISTANCE,2013,6
121,Pharmacokinetics,MAXIMUM SERUM CONCENTRATION,2013,17
122,Response Rates,PATHOLOGICAL COMPLETE RESPONSE,2013,9
123,Vital Signs/Physical Measures,DIASTOLIC BLOOD PRESSURE,2013,9
124,Adverse Events/Safety,INJECTION SITE REACTIONS,2013,7
125,Pharmacokinetics,MAXIMUM OBSERVED SERUM CONCENTRATION,2013,6
126,Symptoms/Pain,PAIN SCORE,2013,15
127,Hospitalization/Healthcare Use,HOSPITAL LENGTH OF STAY,2013,7
128,Biomarkers/Lab Values,CHANGE IN WHITE BLOOD CELL COUNT,2013,6
129,Response Rates,PASI 90 RESPONSE,2013,4
130,Symptoms/Pain,CHANGE IN WOMAC PAIN SCORE,2013,10
131,Mortality,30-DAY MORTALITY,2013,6
132,Imaging Outcomes,CHANGE IN EJECTION FRACTION,2013,14
133,Biomarkers/Lab Values,CHANGE IN ALBUMIN,2013,4
134,Adverse Events/Safety,PERCENTAGE OF PARTICIPANTS WITH SERIOUS ADVERSE EVENTS,2013,4
135,Vital Signs/Physical Measures,CHANGE IN TEMPERATURE,2013,9
136,Adverse Events/Safety,TOTAL ADVERSE EVENTS SUMMARY,2013,13
137,Pharmacokinetics,TIME TO MAXIMUM PLASMA CONCENTRATION,2013,5
138,Mental Health Outcomes,SUICIDAL IDEATION ASSESSMENT,2013,8
139,Mental Health Outcomes,CHANGE IN HAM-A SCORE,2013,7
140,Disease Activity Scores,CHANGE IN CDAI SCORE,2013,10
141,Vital Signs/Physical Measures,CHANGE FROM BASELINE IN BLOOD PRESSURE,2013,6
142,Mental Health Outcomes,CHANGE IN MOCA SCORE,2013,4
143,Mental Health Outcomes,CHANGE IN ADAS-COG SCORE,2013,6
144,Adverse Events/Safety,INCIDENCE OF TREATMENT-EMERGENT ADVERSE EVENTS,2013,5
145,Adverse Events/Safety,NUMBER OF PARTICIPANTS WITH ABNORMAL ECG FINDINGS,2013,7
146,Immunogenicity,GEOMETRIC MEAN TITERS,2013,7
147,Quality of Life/PRO,CHANGE IN SGRQ SCORE,2013,12
148,Pharmacokinetics,APPARENT CLEARANCE,2013,7
149,Survival/Time-to-Event,1-YEAR SURVIVAL RATE,2013,6
150,Response Rates,BEST OVERALL RESPONSE RATE,2013,10
151,Biomarkers/Lab Values,CHANGE FROM BASELINE IN HEMATOCRIT,2013,7
152,Biomarkers/Lab Values,CHANGE IN BILIRUBIN,2013,3
153,Adverse Events/Safety,NUMBER OF PARTICIPANTS WITH SERIOUS AND NON-SERIOUS ADVERSE EVENTS,2013,12
154,Hospitalization/Healthcare Use,HOSPITALIZATION RATE,2013,7
155,Adverse Events/Safety,NUMBER OF PATIENTS WITH ADVERSE EVENTS,2013,13
156,Mental Health Outcomes,CHANGE IN YMRS SCORE,2013,3
157,Pharmacokinetics,APPARENT TERMINAL HALF-LIFE,2013,9
158,Biomarkers/Lab Values,PERCENT CHANGE IN TOTAL CHOLESTEROL,2013,9
159,Pharmacokinetics,TROUGH PLASMA CONCENTRATION,2013,6
160,Adverse Events/Safety,NUMBER OF SERIOUS ADVERSE EVENTS,2013,3
161,Adverse Events/Safety,DOSE-LIMITING TOXICITY,2013,3
162,Immunogenicity,GEOMETRIC MEAN TITER,2013,7
163,Microbiological/Virological,VIRAL SUPPRESSION RATE,2013,6
164,Biomarkers/Lab Values,PERCENT CHANGE IN HDL CHOLESTEROL,2013,11
165,Treatment Adherence,RETENTION RATE,2013,4
166,Biomarkers/Lab Values,CHANGE IN FERRITIN,2013,6
167,Adverse Events/Safety,NUMBER OF SUBJECTS WITH ANY AND GRADE 3 SOLICITED LOCAL SYMPTOMS,2013,6
168,Survival/Time-to-Event,TIME TO NEXT TREATMENT,2013,7
169,Mortality,CARDIOVASCULAR MORTALITY,2013,9
170,Response Rates,EASI 75 RESPONSE,2013,3
171,Pharmacokinetics,ELIMINATION HALF-LIFE,2013,4
172,Response Rates,PARTIAL RESPONSE RATE,2013,2
173,Vital Signs/Physical Measures,CHANGE IN PULSE RATE,2013,3
174,Mental Health Outcomes,DEPRESSION RESPONSE RATE,2013,3
175,Biomarkers/Lab Values,CHANGE IN ESR,2013,5
176,Symptoms/Pain,CHANGE IN PRURITUS SCORE,2013,16
177,Survival/Time-to-Event,MEDIAN PROGRESSION FREE SURVIVAL,2013,8
178,Pharmacokinetics,TOTAL BODY CLEARANCE,2013,10
179,Pharmacokinetics,APPARENT ORAL CLEARANCE,2013,5
180,Vital Signs/Physical Measures,CHANGE FROM BASELINE IN TROUGH FEV1,2013,14
181,Vital Signs/Physical Measures,CHANGE IN FEV1,2013,6
182,Response Rates,CLINICAL RESPONSE RATE,2013,5
183,Biomarkers/Lab Values,PERCENT CHANGE IN TRIGLYCERIDES,2013,12
184,Pharmacokinetics,VOLUME OF DISTRIBUTION AT STEADY STATE,2013,3
185,Vital Signs/Physical Measures,CHANGE FROM BASELINE IN PULSE RATE,2013,2
186,Adverse Events/Safety,NUMBER OF PARTICIPANTS WITH CLINICALLY SIGNIFICANT LABORATORY ABNORMALITIES,2013,5
187,Biomarkers/Lab Values,CHANGE IN NT-PROBNP,2013,5
188,Disease Activity Scores,CHANGE IN UPDRS SCORE,2013,8
189,Adverse Events/Safety,NUMBER OF TREATMENT-EMERGENT ADVERSE EVENTS,2013,3
190,Biomarkers/Lab Values,PERCENT CHANGE IN APOLIPOPROTEIN B,2013,10
191,Biomarkers/Lab Values,NUMBER OF PARTICIPANTS WITH LABORATORY TEST ABNORMALITIES,2013,6
192,Adverse Events/Safety,"NUMBER OF SUBJECTS WITH ANY, GRADE 3 AND RELATED SOLICITED GENERAL SYMPTOMS",2013,4
193,Symptoms/Pain,OPIOID CONSUMPTION,2013,8
194,Hospitalization/Healthcare Use,TIME TO HOSPITAL DISCHARGE,2013,1
195,Vital Signs/Physical Measures,HEART RATE,2013,7
196,Vital Signs/Physical Measures,CHANGE FROM BASELINE IN RESPIRATORY RATE,2013,1
197,Survival/Time-to-Event,RELAPSE-FREE SURVIVAL,2013,9
198,Response Rates,PERCENTAGE OF PARTICIPANTS WITH VIROLOGIC FAILURE,2013,13
199,Quality of Life/PRO,CHANGE IN EQ-5D-5L SCORE,2013,8
200,Survival/Time-to-Event,OVERALL SURVIVAL RATE,2013,4
201,Response Rates,PATHOLOGIC COMPLETE RESPONSE,2013,6
202,Quality of Life/PRO,TREATMENT SATISFACTION,2013,4
203,Adverse Events/Safety,NUMBER OF PARTICIPANTS WITH ANY ADVERSE EVENTS,2013,10
204,Biomarkers/Lab Values,MINIMAL RESIDUAL DISEASE NEGATIVITY,2013,6
205,Imaging Outcomes,CHANGE IN TUMOR SIZE,2013,6
206,Adverse Events/Safety,NUMBER OF PARTICIPANTS WITH SERIOUS AND/OR NON-SERIOUS ADVERSE EVENTS,2013,5
207,Symptoms/Pain,VAS PAIN SCORE,2013,7
208,Quality of Life/PRO,CHANGE IN EQ-5D VAS SCORE,2013,6
209,Adverse Events/Safety,NUMBER OF PARTICIPANTS WITH ADVERSE EVENTS LEADING TO DISCONTINUATION,2013,5
210,Adverse Events/Safety,NUMBER OF PARTICIPANTS WITH DRUG-RELATED ADVERSE EVENTS,2013,7
211,Adverse Events/Safety,NUMBER OF PARTICIPANTS WITH ECG ABNORMALITIES,2013,2
213,Mental Health Outcomes,CHANGE IN HADS SCORE,2013,5
214,Mental Health Outcomes,CHANGE FROM BASELINE IN CGI-S SCORE,2013,1
215,Vital Signs/Physical Measures,CHANGE FROM BASELINE IN SYSTOLIC BLOOD PRESSURE,2013,5
216,Quality of Life/PRO,CHANGE IN FATIGUE SCORE,2013,2
217,Response Rates,CLINICAL RESPONSE,2013,6
218,Survival/Time-to-Event,TIME TO PSA PROGRESSION,2013,10
219,Pharmacokinetics,ELIMINATION RATE CONSTANT,2013,4
220,Adverse Events/Safety,NUMBER OF PARTICIPANTS WITH ADVERSE EVENTS OF SPECIAL INTEREST,2013,5
221,Pharmacokinetics,PEAK PLASMA CONCENTRATION,2013,5
222,Symptoms/Pain,NAUSEA,2013,4
223,Biomarkers/Lab Values,CHANGE IN ABSOLUTE NEUTROPHIL COUNT,2013,3
224,Biomarkers/Lab Values,CHANGE FROM BASELINE IN HEMATOLOGY PARAMETERS,2013,4
225,Biomarkers/Lab Values,CHANGE IN HEMATOCRIT,2013,4
226,Mortality,TREATMENT-RELATED MORTALITY,2013,8
227,Survival/Time-to-Event,RECURRENCE-FREE SURVIVAL,2013,3
228,Pharmacokinetics,AUCTAU,2013,5
229,Functional Status,CHANGE IN EDSS SCORE,2013,5
230,Biomarkers/Lab Values,CHANGE IN HSCRP,2013,9
231,Response Rates,TUMOR RESPONSE RATE,2013,5
232,Response Rates,PASI 50 RESPONSE,2013,3
233,Adverse Events/Safety,PROCEDURAL SUCCESS,2013,5
234,Quality of Life/PRO,CHANGE IN KCCQ SCORE,2013,5
236,Survival/Time-to-Event,TIME TO RELAPSE,2013,2
237,Pharmacokinetics,MINIMUM PLASMA CONCENTRATION,2013,3
238,Symptoms/Pain,PRURITUS SCORE,2013,7
239,Vital Signs/Physical Measures,NUMBER OF PARTICIPANTS WITH CLINICALLY SIGNIFICANT CHANGES IN VITAL SIGNS,2013,4
240,Immunogenicity,SERORESPONSE RATE,2013,1
241,Mental Health Outcomes,CHANGE IN CGI-S SCORE,2013,7
242,Adverse Events/Safety,FREQUENCY OF ADVERSE EVENTS,2013,9
243,Vital Signs/Physical Measures,PERCENT CHANGE IN BODY WEIGHT,2013,7
244,Remission/Cure,DEPRESSION REMISSION RATE,2013,3
245,Disease Control,STABLE DISEASE RATE,2013,4
246,Vital Signs/Physical Measures,BODY MASS INDEX,2013,6
247,Vital Signs/Physical Measures,CHANGE FROM BASELINE IN DIASTOLIC BLOOD PRESSURE,2013,6
248,Disease Activity Scores,CHANGE IN SDAI SCORE,2013,9
249,Symptoms/Pain,DYSPNEA SCORE,2013,6
250,Microbiological/Virological,MICROBIOLOGICAL ERADICATION,2013,6
251,Survival/Time-to-Event,TIME TO TUMOR PROGRESSION,2013,2
252,Pharmacokinetics,APPARENT CLEARANCE (CL/F),2013,5
253,Biomarkers/Lab Values,CHANGE IN FASTING INSULIN,2013,3
254,Mental Health Outcomes,CHANGE IN PHQ-8 SCORE,2013,3
255,Adverse Events/Safety,ADVERSE EVENTS LEADING TO DISCONTINUATION,2013,4
256,Mortality,ALL COLLECTED DEATHS,2013,8
257,Pharmacokinetics,AUC∞,2013,3
258,Biomarkers/Lab Values,CHANGE IN FASTING GLUCOSE,2013,6
259,Vital Signs/Physical Measures,FORCED EXPIRATORY VOLUME IN 1 SECOND (FEV1),2013,5
260,Quality of Life/PRO,PARTICIPANT SATISFACTION,2013,2
261,Response Rates,PASI 100 RESPONSE,2013,2
262,Biomarkers/Lab Values,CHANGE IN INR,2013,2
263,Vital Signs/Physical Measures,INTRAOCULAR PRESSURE,2013,9
264,Biomarkers/Lab Values,CHANGE IN HOMA-IR,2013,5
265,Adverse Events/Safety,INCIDENCE OF SERIOUS ADVERSE EVENTS,2013,6
266,Mortality,NUMBER OF PARTICIPANTS WHO DIED,2013,2
267,Pharmacokinetics,PLASMA DECAY HALF-LIFE,2013,6
268,Quality of Life/PRO,TOTAL SLEEP TIME,2013,4
269,Response Rates,TUMOR RESPONSE,2013,5
270,Hospitalization/Healthcare Use,LENGTH OF STAY,2013,6
271,Pharmacokinetics,MAXIMUM OBSERVED PLASMA CONCENTRATION,2013,6
272,Mental Health Outcomes,CHANGE IN CES-D SCORE,2013,3
273,Hospitalization/Healthcare Use,DURATION OF HOSPITALIZATION,2013,3
274,Survival/Time-to-Event,DURATION OF OBJECTIVE RESPONSE,2013,7
275,Hospitalization/Healthcare Use,ICU ADMISSION RATE,2013,1
276,Hospitalization/Healthcare Use,ICU LENGTH OF STAY,2013,6
277,Vital Signs/Physical Measures,NUMBER OF PARTICIPANTS WITH CLINICALLY SIGNIFICANT CHANGE IN VITAL SIGNS,2013,7
278,Immunogenicity,NUMBER OF PARTICIPANTS WITH POSITIVE ANTI-DRUG ANTIBODIES,2013,5
279,Adverse Events/Safety,NUMBER OF SUBJECTS REPORTING UNSOLICITED ADVERSE EVENTS,2013,6
280,Quality of Life/PRO,PATIENT GLOBAL IMPRESSION OF IMPROVEMENT,2013,7
281,Vital Signs/Physical Measures,FORCED VITAL CAPACITY,2013,3
283,Mortality,NON-RELAPSE MORTALITY,2013,3
284,Functional Status,VISUAL ACUITY,2013,6
285,Mental Health Outcomes,CHANGE IN BDI-II SCORE,2013,6
286,Mental Health Outcomes,PERCEIVED STRESS SCORE,2013,2
287,Response Rates,TARGET LESION RESPONSE,2013,2
288,Disease Activity Scores,ANNUALIZED RELAPSE RATE,2013,1
289,Mental Health Outcomes,CHANGE IN ANXIETY SCORE,2013,3
290,Biomarkers/Lab Values,CHANGE IN PSA,2013,5
291,Response Rates,COMPLETE REMISSION RATE,2013,10
292,Remission/Cure,ENDOSCOPIC REMISSION,2013,1
293,Survival/Time-to-Event,PROGRESSION-FREE SURVIVAL RATE,2013,2
294,Hospitalization/Healthcare Use,READMISSION RATE,2013,6
295,Disease Control,ANNUAL EXACERBATION RATE,2013,8
296,Disease Control,CLINICAL SUCCESS,2013,2
297,Remission/Cure,CURE RATE,2013,6
298,Pharmacokinetics,AUC0-LAST,2013,4
299,Functional Status,CHANGE IN VISUAL ACUITY,2013,6
300,Hospitalization/Healthcare Use,EMERGENCY ROOM VISITS,2013,4
302,Imaging Outcomes,PERCENT CHANGE IN BONE MINERAL DENSITY,2013,5
303,Symptoms/Pain,CHANGE IN ADHD-RS SCORE,2013,4
305,Disease Control,DURATION OF STABLE DISEASE,2013,1
306,Mortality,MORTALITY,2013,1
307,Adverse Events/Safety,NUMBER OF PARTICIPANTS WITH TREATMENT-EMERGENT SERIOUS ADVERSE EVENTS,2013,1
308,Biomarkers/Lab Values,PERCENT CHANGE IN NON-HDL-C,2013,9
309,Mortality,PERCENTAGE OF PARTICIPANTS WHO DIED,2013,4
310,Vital Signs/Physical Measures,CHANGE FROM BASELINE IN ECG PARAMETERS,2013,2
311,Treatment Adherence,MEDICATION ADHERENCE,2013,5
312,Adverse Events/Safety,NUMBER OF PARTICIPANTS WITH ADVERSE EVENTS AND SERIOUS ADVERSE EVENTS,2013,1
313,Adverse Events/Safety,NUMBER OF PARTICIPANTS WITH GRADE 3 OR HIGHER ADVERSE EVENTS,2013,4
314,Disease Control,TECHNICAL SUCCESS,2013,3
315,Disease Activity Scores,CHANGE IN BASDAI SCORE,2013,4
316,Functional Status,CHANGE IN ECOG PERFORMANCE STATUS,2013,4
317,Remission/Cure,CLINICAL CURE RATE,2013,5
318,Biomarkers/Lab Values,INSULIN SENSITIVITY,2013,4
319,Treatment Adherence,NUMBER OF PARTICIPANTS COMPLETING TREATMENT,2013,1
321,Symptoms/Pain,CHANGE IN DYSPNEA SCORE,2013,2
322,Biomarkers/Lab Values,CHANGE IN SERUM CREATININE,2013,2
323,Quality of Life/PRO,CHANGE IN SF-12 SCORE,2013,3
324,Mental Health Outcomes,CLINICIAN GLOBAL IMPRESSION,2013,4
325,Functional Status,CHANGE IN PHYSICAL ACTIVITY,2013,3
327,Other Clinical Endpoints,DEVICE SUCCESS,2013,3
328,Adverse Events/Safety,NUMBER OF PARTICIPANTS WITH ANY ADVERSE EVENT,2013,5
329,Biomarkers/Lab Values,PERCENT CHANGE IN LDL-C,2013,12
330,Vital Signs/Physical Measures,RESPIRATORY RATE,2013,5
331,Mortality,90-DAY MORTALITY,2013,4
332,Adverse Events/Safety,"NUMBER OF SUBJECTS WITH ANY, GRADE 3 AND RELATED UNSOLICITED ADVERSE EVENTS",2013,4
333,Symptoms/Pain,AVERAGE PAIN SCORE,2013,7
334,Vital Signs/Physical Measures,MEAN CHANGE IN BLOOD PRESSURE,2013,1
335,Response Rates,PSA RESPONSE RATE,2013,2
336,Pharmacokinetics,STEADY-STATE CONCENTRATION,2013,4
337,Pharmacokinetics,SYSTEMIC CLEARANCE,2013,2
338,Vital Signs/Physical Measures,TROUGH FEV1,2013,2
340,Biomarkers/Lab Values,CHANGE FROM BASELINE IN ERYTHROCYTES,2013,1
341,Mortality,NUMBER OF DEATHS,2013,2
342,Quality of Life/PRO,CHANGE IN EQ-5D-5L VAS SCORE,2013,3
344,Response Rates,MEDIAN DURATION OF RESPONSE,2013,1
345,Adverse Events/Safety,NUMBER OF PARTICIPANTS WHO DISCONTINUED STUDY TREATMENT DUE TO AN AE,2013,2
347,Adverse Events/Safety,NUMBER OF TREATMENT EMERGENT ADVERSE EVENTS,2013,4
348,Adverse Events/Safety,PERCENTAGE OF PARTICIPANTS WITH TREATMENT EMERGENT ADVERSE EVENTS,2013,4
349,Quality of Life/PRO,PITTSBURGH SLEEP QUALITY INDEX SCORE,2013,3
350,Response Rates,PROSTATE-SPECIFIC ANTIGEN RESPONSE,2013,3
353,Mental Health Outcomes,CLINICAL GLOBAL IMPRESSION - IMPROVEMENT,2013,4
354,Adverse Events/Safety,NUMBER OF PARTICIPANTS REPORTING ONE OR MORE TREATMENT-EMERGENT ADVERSE EVENTS,2013,2
355,Adverse Events/Safety,NUMBER OF PARTICIPANTS WITH DOSE LIMITING TOXICITY,2013,3
356,Adverse Events/Safety,NUMBER OF PARTICIPANTS WITH CLINICALLY SIGNIFICANT ECG ABNORMALITIES,2013,1
357,Quality of Life/PRO,PATIENT GLOBAL IMPRESSION OF SEVERITY,2013,3
358,Biomarkers/Lab Values,PERCENT CHANGE IN NON-HDL CHOLESTEROL,2013,8
359,Pharmacokinetics,AUCINF,2013,1
360,Mental Health Outcomes,BECK DEPRESSION INVENTORY SCORE,2013,1
361,Functional Status,CHANGE FROM BASELINE IN BEST CORRECTED VISUAL ACUITY,2013,3
362,Functional Status,CHANGE IN BEST CORRECTED VISUAL ACUITY,2013,4
363,Adverse Events/Safety,NUMBER OF SUBJECTS WITH ANY UNSOLICITED ADVERSE EVENTS,2013,5
364,Disease Activity Scores,PERCENT CHANGE IN EASI SCORE,2013,5
365,Immunogenicity,PERCENTAGE OF PARTICIPANTS WITH ANTI-DRUG ANTIBODIES,2013,6
366,Vital Signs/Physical Measures,CHANGE FROM BASELINE IN HEART RATE,2013,2
367,Vital Signs/Physical Measures,CHANGE IN BODY TEMPERATURE,2013,2
368,Mental Health Outcomes,CHANGE IN PERCEIVED STRESS SCORE,2013,2
369,Quality of Life/PRO,CLINICIAN GLOBAL IMPRESSION OF CHANGE,2013,2
370,Mental Health Outcomes,DEPRESSIVE SYMPTOMS,2013,4
371,Adverse Events/Safety,INCIDENCE OF TREATMENT EMERGENT ADVERSE EVENTS,2013,7
372,Adverse Events/Safety,TOTAL OPIOID CONSUMPTION,2013,4
374,Biomarkers/Lab Values,CHANGE FROM BASELINE IN CLINICAL CHEMISTRY PARAMETERS,2013,2
375,Vital Signs/Physical Measures,CHANGE IN INTRAOCULAR PRESSURE,2013,2
376,Vital Signs/Physical Measures,CHANGES IN FORCED VITAL CAPACITY,2013,2
377,Imaging Outcomes,LEFT VENTRICULAR EJECTION FRACTION,2013,3
378,Vital Signs/Physical Measures,MEAN ARTERIAL PRESSURE,2013,3
379,Vital Signs/Physical Measures,MEAN CHANGE IN HEART RATE,2013,3
380,Immunogenicity,NUMBER OF SEROCONVERTED SUBJECTS,2013,5
381,Hospitalization/Healthcare Use,PROCEDURE TIME,2013,4
382,Other Clinical Endpoints,RECRUITMENT RATE,2013,1
383,Pharmacokinetics,AUC0-TZ,2013,7
384,Quality of Life/PRO,CHANGE IN SLEEP QUALITY SCORE,2013,1
385,Adverse Events/Safety,NUMBER OF SUBJECTS WITH UNSOLICITED ADVERSE EVENTS,2013,3
386,Microbiological/Virological,PERCENTAGE OF PARTICIPANTS WITH HCV RNA < LLOQ,2013,7
387,Survival/Time-to-Event,TIME TO FIRST EXACERBATION,2013,6
388,Adverse Events/Safety,TREATMENT DISCONTINUATION RATE,2013,5
389,Immunogenicity,VACCINE RESPONSE RATE,2013,5
390,Quality of Life/PRO,CHANGE IN HEALTH-RELATED QUALITY OF LIFE SCORE,2013,2
392,Survival/Time-to-Event,MEDIAN SURVIVAL TIME,2013,2
394,Hospitalization/Healthcare Use,OPERATIVE TIME,2013,6
396,Survival/Time-to-Event,2-YEAR SURVIVAL RATE,2013,5
397,Vital Signs/Physical Measures,CHANGE IN RESPIRATORY RATE,2013,4
398,Quality of Life/PRO,CHANGE IN TREATMENT SATISFACTION SCORE,2013,4
399,Symptoms/Pain,CHANGE IN WOMAC STIFFNESS SCORE,2013,4
400,Hospitalization/Healthcare Use,DURATION OF MECHANICAL VENTILATION,2013,2
401,Adverse Events/Safety,NUMBER OF PARTICIPANTS WITH ANY TREATMENT-EMERGENT ADVERSE EVENT,2013,1
402,Adverse Events/Safety,NUMBER OF PARTICIPANTS WITH CLINICAL LABORATORY ABNORMALITIES,2013,1
404,Pharmacokinetics,AUC(0-T),2013,2
405,Vital Signs/Physical Measures,CHANGE FROM BASELINE IN BODY TEMPERATURE,2013,4
406,Vital Signs/Physical Measures,CHANGE FROM BASELINE IN SYSTOLIC AND DIASTOLIC BLOOD PRESSURE,2013,1
407,Biomarkers/Lab Values,CHANGE IN ALBUMIN AND TOTAL PROTEIN,2013,3
408,Biomarkers/Lab Values,CHANGE IN INSULIN SENSITIVITY,2013,6
409,Mental Health Outcomes,CHANGE IN SELF-EFFICACY SCORE,2013,2
410,Symptoms/Pain,INSOMNIA SEVERITY INDEX,2013,1
411,Functional Status,MEAN CHANGE IN BEST CORRECTED VISUAL ACUITY,2013,3
412,Adverse Events/Safety,NUMBER OF PARTICIPANTS WITH CLINICALLY SIGNIFICANT ECG CHANGES,2013,2
413,Response Rates,PATHOLOGIC COMPLETE RESPONSE RATE,2013,4
414,Adverse Events/Safety,PERCENTAGE OF PARTICIPANTS REPORTING LOCAL REACTIONS,2013,2
415,Mortality,TRANSPLANT-RELATED MORTALITY,2013,5
416,Vital Signs/Physical Measures,VITAL SIGNS SUMMARY,2013,4
417,Survival/Time-to-Event,6-MONTH PROGRESSION-FREE SURVIVAL,2013,3
418,Mental Health Outcomes,CHANGE IN DEPRESSION SCORE,2013,3
419,Quality of Life/PRO,CLINICAL GLOBAL IMPRESSION OF CHANGE,2013,2
420,Immunogenicity,GEOMETRIC MEAN TITER OF ANTIBODIES,2013,1
421,Adverse Events/Safety,NUMBER OF PARTICIPANTS WITH ADVERSE DRUG REACTIONS,2013,5
422,Biomarkers/Lab Values,PERCENT CHANGE IN FASTING TRIGLYCERIDES,2013,8
423,Response Rates,PERCENTAGE OF PARTICIPANTS WITH CLINICAL RESPONSE,2013,2
424,Immunogenicity,SEROPOSITIVITY RATE,2013,1
425,Hospitalization/Healthcare Use,VENTILATOR-FREE DAYS,2013,3
426,Pharmacokinetics,APPARENT TOTAL BODY CLEARANCE,2013,3
427,Biomarkers/Lab Values,CHANGE IN BNP,2013,3
428,Vital Signs/Physical Measures,CHANGE IN FORCED VITAL CAPACITY,2013,3
429,Mental Health Outcomes,DEPRESSION SCORE,2013,5
430,Disease Activity Scores,PERCENT CHANGE IN PASI SCORE,2013,4
432,Symptoms/Pain,CHANGE IN INSOMNIA SEVERITY INDEX SCORE,2013,3
433,Functional Status,GRIP STRENGTH,2013,2
434,Adverse Events/Safety,PERCENTAGE OF PARTICIPANTS EXPERIENCING TREATMENT-EMERGENT ADVERSE EVENTS,2013,5
435,Biomarkers/Lab Values,CHANGE IN ALKALINE PHOSPHATASE,2013,2
436,Hospitalization/Healthcare Use,LENGTH OF ICU STAY,2013,2
437,Response Rates,NUMBER OF RESPONDERS,2013,4
438,Immunogenicity,NUMBER OF SEROPROTECTED SUBJECTS,2013,1
439,Adverse Events/Safety,NUMBER OF SUBJECTS WITH SOLICITED GENERAL SYMPTOMS,2013,5
440,Pharmacokinetics,TIME OF MAXIMUM CONCENTRATION,2013,4
441,Functional Status,TIMED UP AND GO TEST,2013,2
442,Biomarkers/Lab Values,CHANGE FROM BASELINE IN FASTING PLASMA GLUCOSE,2013,6
443,Biomarkers/Lab Values,CHANGE FROM BASELINE IN RED BLOOD CELL COUNT,2013,5
444,Disease Activity Scores,CHANGE IN SWOLLEN JOINT COUNT,2013,3
445,Response Rates,CONFIRMED RESPONSE RATE,2013,1
446,Imaging Outcomes,MRI LESION COUNT,2013,3
447,Adverse Events/Safety,NUMBER OF PARTICIPANTS WITH NON-SERIOUS ADVERSE EVENTS,2013,2
448,Adverse Events/Safety,PERCENTAGE OF PARTICIPANTS REPORTING SYSTEMIC EVENTS,2013,2
449,Mortality,28-DAY MORTALITY,2013,1
451,Remission/Cure,CLINICAL CURE,2013,2
452,Survival/Time-to-Event,DURATION OF COMPLETE RESPONSE,2013,3
453,Biomarkers/Lab Values,MEAN CHANGE IN HEMOGLOBIN A1C,2013,2
454,Symptoms/Pain,PAIN INTERFERENCE SCORE,2013,4
456,Adverse Events/Safety,RATE OF ADVERSE EVENTS,2013,1
457,Mortality,TIME TO DEATH,2013,1
458,Adverse Events/Safety,ANNUALIZED BLEEDING RATE,2013,1
459,Functional Status,CHANGE FROM BASELINE IN BCVA,2013,5
460,Vital Signs/Physical Measures,CHANGE FROM BASELINE IN BODY WEIGHT,2013,6
461,Functional Status,CHANGE IN WOMAC PHYSICAL FUNCTION SCORE,2013,3
462,Response Rates,CONFIRMED OBJECTIVE RESPONSE RATE,2013,1
463,Adverse Events/Safety,DRUG-RELATED ADVERSE EVENTS,2013,2
464,Adverse Events/Safety,NUMBER OF PARTICIPANTS WITH INJECTION SITE REACTIONS,2013,1
465,Adverse Events/Safety,OCCURRENCE OF ADVERSE EVENTS,2013,5
467,Quality of Life/PRO,SLEEP DISTURBANCE SCORE,2013,1
468,Quality of Life/PRO,ABSOLUTE CHANGE IN CFQ-R RESPIRATORY DOMAIN SCORE,2013,4
469,Symptoms/Pain,APNEA-HYPOPNEA INDEX,2013,1
470,Response Rates,EULAR RESPONSE RATE,2013,4
471,Vital Signs/Physical Measures,MEAN HEART RATE,2013,2
472,Response Rates,PERCENTAGE OF PARTICIPANTS WITH RELAPSE,2013,3
473,Pharmacokinetics,TERMINAL PHASE ELIMINATION HALF-LIFE,2013,2
474,Response Rates,TREATMENT SUCCESS,2013,3
475,Functional Status,ACTIVITIES OF DAILY LIVING,2013,1
476,Biomarkers/Lab Values,CHANGE IN FASTING SERUM GLUCOSE,2013,1
477,Imaging Outcomes,CHANGE IN LEFT VENTRICULAR EJECTION FRACTION,2013,1
478,Disease Control,DURATION OF DISEASE CONTROL,2013,1
479,Treatment Adherence,DURATION OF TREATMENT,2013,4
480,Adverse Events/Safety,NUMBER OF DOSE LIMITING TOXICITIES,2013,5
481,Adverse Events/Safety,NUMBER OF SUBJECTS WITH SOLICITED LOCAL SYMPTOMS,2013,5
483,Mental Health Outcomes,ANXIETY SCORE,2013,1
484,Pharmacokinetics,AVERAGE PLASMA CONCENTRATION,2013,2
485,Disease Activity Scores,CHANGE IN TENDER JOINT COUNT,2013,4
486,Quality of Life/PRO,CHANGE IN WOMAC SCORE,2013,3
487,Mortality,IN-HOSPITAL MORTALITY,2013,1
488,Adverse Events/Safety,INCIDENCE AND SEVERITY OF ADVERSE EVENTS,2013,1
489,Response Rates,NUMBER OF PARTICIPANTS ACHIEVING TARGET,2013,2
490,Functional Status,PHYSICAL FUNCTION,2013,2
491,Vital Signs/Physical Measures,CHANGE FROM BASELINE IN HEIGHT,2013,4
492,Vital Signs/Physical Measures,CHANGE FROM BASELINE IN INTRAOCULAR PRESSURE,2013,5
493,Quality of Life/PRO,CHANGE IN PITTSBURGH SLEEP QUALITY INDEX SCORE,2013,5
494,Functional Status,CHANGE IN WHO FUNCTIONAL CLASS,2013,4
495,Functional Status,HARRIS HIP SCORE,2013,4
496,Adverse Events/Safety,NUMBER OF PARTICIPANTS WITH COMPLICATIONS,2013,3
499,Adverse Events/Safety,PERCENTAGE OF PARTICIPANTS WITH AT LEAST ONE ADVERSE EVENT,2013,2
500,Pharmacokinetics,PLASMA TROUGH CONCENTRATION,2013,5
1,Response Rates,OBJECTIVE RESPONSE RATE,2014,385
2,Survival/Time-to-Event,OVERALL SURVIVAL,2014,341
3,Survival/Time-to-Event,PROGRESSION-FREE SURVIVAL,2014,302
4,Adverse Events/Safety,NUMBER OF PARTICIPANTS WITH ADVERSE EVENTS,2014,281
5,Pharmacokinetics,MAXIMUM PLASMA CONCENTRATION,2014,267
6,Adverse Events/Safety,NUMBER OF PARTICIPANTS WITH TREATMENT-EMERGENT ADVERSE EVENTS,2014,188
7,Pharmacokinetics,TIME TO MAXIMUM CONCENTRATION,2014,192
8,Response Rates,DURATION OF RESPONSE,2014,147
9,Adverse Events/Safety,NUMBER OF PARTICIPANTS WITH SERIOUS ADVERSE EVENTS,2014,80
10,Pharmacokinetics,AUC FROM 0 TO INFINITY,2014,118
11,Biomarkers/Lab Values,CHANGE IN HEMOGLOBIN A1C,2014,94
12,Vital Signs/Physical Measures,CHANGE IN BODY WEIGHT,2014,86
13,Pharmacokinetics,AREA UNDER THE CONCENTRATION-TIME CURVE,2014,85
14,Disease Control,DISEASE CONTROL RATE,2014,74
15,Pharmacokinetics,PLASMA DRUG CONCENTRATION,2014,60
16,Quality of Life/PRO,CHANGE IN QUALITY OF LIFE SCORE,2014,60
17,Symptoms/Pain,CHANGE IN VAS PAIN SCORE,2014,72
18,Quality of Life/PRO,PATIENT SATISFACTION,2014,68
19,Dose-Finding,MAXIMUM TOLERATED DOSE,2014,56
20,Symptoms/Pain,CHANGE IN PAIN SCORE,2014,66
21,Survival/Time-to-Event,TIME TO PROGRESSION,2014,40
22,Mortality,ALL-CAUSE MORTALITY,2014,55
23,Response Rates,PERCENTAGE OF PARTICIPANTS ACHIEVING TARGET,2014,51
24,Vital Signs/Physical Measures,CHANGE IN BLOOD PRESSURE,2014,52
25,Pharmacokinetics,AUC FROM 0 TO LAST MEASURABLE CONCENTRATION,2014,65
26,Biomarkers/Lab Values,CHANGE IN FASTING PLASMA GLUCOSE,2014,50
27,Adverse Events/Safety,NUMBER OF ADVERSE EVENTS,2014,51
28,Quality of Life/PRO,CHANGE IN SF-36 SCORE,2014,32
29,Response Rates,COMPLETE RESPONSE RATE,2014,29
30,Adverse Events/Safety,NUMBER OF PARTICIPANTS WITH TREATMENT EMERGENT ADVERSE EVENTS,2014,42
31,Vital Signs/Physical Measures,CHANGE IN HEART RATE,2014,27
32,Biomarkers/Lab Values,CHANGE IN HEMOGLOBIN,2014,36
33,Adverse Events/Safety,PERCENTAGE OF PARTICIPANTS WITH ADVERSE EVENTS,2014,41
34,Immunogenicity,SEROCONVERSION RATE,2014,33
35,Pharmacokinetics,VOLUME OF DISTRIBUTION,2014,44
36,Response Rates,CLINICAL BENEFIT RATE,2014,32
37,Quality of Life/PRO,CHANGE IN EQ-5D SCORE,2014,38
38,Hospitalization/Healthcare Use,LENGTH OF HOSPITAL STAY,2014,46
39,Vital Signs/Physical Measures,CHANGE IN BODY MASS INDEX,2014,28
40,Quality of Life/PRO,PATIENT GLOBAL IMPRESSION OF CHANGE,2014,27
41,Symptoms/Pain,CHANGE IN NRS PAIN SCORE,2014,28
42,Response Rates,SUSTAINED VIROLOGIC RESPONSE,2014,53
43,Adverse Events/Safety,DOSE-LIMITING TOXICITIES,2014,29
44,Biomarkers/Lab Values,CHANGE IN LDL CHOLESTEROL,2014,30
45,Survival/Time-to-Event,EVENT-FREE SURVIVAL,2014,25
46,Immunogenicity,SEROPROTECTION RATE,2014,23
47,Functional Status,CHANGE IN 6-MINUTE WALK DISTANCE,2014,31
48,Response Rates,TIME TO RESPONSE,2014,23
49,Survival/Time-to-Event,DISEASE-FREE SURVIVAL,2014,18
50,Pharmacokinetics,APPARENT VOLUME OF DISTRIBUTION,2014,34
51,Mental Health Outcomes,CHANGE IN MADRS SCORE,2014,21
52,Biomarkers/Lab Values,CHANGE IN CRP,2014,21
53,Immunogenicity,ANTI-DRUG ANTIBODIES,2014,14
54,Biomarkers/Lab Values,CHANGE IN TRIGLYCERIDES,2014,25
55,Mental Health Outcomes,CHANGE IN PHQ-9 SCORE,2014,20
56,Biomarkers/Lab Values,CHANGE IN TOTAL CHOLESTEROL,2014,25
57,Response Rates,ACR20 RESPONSE,2014,31
58,Biomarkers/Lab Values,CHANGE IN HDL CHOLESTEROL,2014,22
59,Pharmacokinetics,HALF-LIFE,2014,26
60,Disease Activity Scores,CHANGE IN DAS28 SCORE,2014,25
61,Vital Signs/Physical Measures,CHANGE IN SYSTOLIC BLOOD PRESSURE,2014,15
62,Pharmacokinetics,CLEARANCE,2014,28
63,Functional Status,CHANGE IN HAQ-DI SCORE,2014,22
64,Biomarkers/Lab Values,CHANGE IN VIRAL LOAD,2014,7
65,Treatment Adherence,TREATMENT ADHERENCE RATE,2014,20
66,Biomarkers/Lab Values,CHANGE IN ALT,2014,23
67,Survival/Time-to-Event,MEDIAN OVERALL SURVIVAL,2014,14
68,Vital Signs/Physical Measures,CHANGE IN WAIST CIRCUMFERENCE,2014,20
69,Adverse Events/Safety,INCIDENCE OF ADVERSE EVENTS,2014,16
70,Biomarkers/Lab Values,CHANGE IN CD4 COUNT,2014,14
71,Biomarkers/Lab Values,NUMBER OF PARTICIPANTS WITH LABORATORY ABNORMALITIES,2014,20
72,Pharmacokinetics,TROUGH CONCENTRATION,2014,20
73,Pharmacokinetics,TERMINAL HALF-LIFE,2014,25
74,Quality of Life/PRO,QUALITY OF LIFE SCORE,2014,14
75,Biomarkers/Lab Values,CHANGE IN EGFR,2014,21
76,Mental Health Outcomes,CHANGE IN HAM-D SCORE,2014,10
77,Survival/Time-to-Event,TIME TO TREATMENT FAILURE,2014,12
78,Symptoms/Pain,PAIN RESPONSE RATE,2014,8
79,Response Rates,IGA RESPONSE,2014,15
80,Response Rates,ACR50 RESPONSE,2014,23
81,Immunogenicity,ANTIBODY TITER,2014,6
82,Vital Signs/Physical Measures,CHANGE IN DIASTOLIC BLOOD PRESSURE,2014,13
83,Response Rates,PASI 75 RESPONSE,2014,23
84,Pharmacokinetics,ACCUMULATION RATIO,2014,18
85,Adverse Events/Safety,NUMBER OF PARTICIPANTS WITH TREATMENT-RELATED ADVERSE EVENTS,2014,12
86,Pharmacokinetics,TERMINAL ELIMINATION HALF-LIFE,2014,27
87,Biomarkers/Lab Values,CHANGE IN CREATININE,2014,16
88,Quality of Life/PRO,CHANGE IN DLQI SCORE,2014,22
89,Response Rates,ACR70 RESPONSE,2014,20
90,Mental Health Outcomes,CHANGE IN GAD-7 SCORE,2014,5
91,Survival/Time-to-Event,MEDIAN PROGRESSION-FREE SURVIVAL,2014,12
92,Adverse Events/Safety,PERCENTAGE OF PARTICIPANTS WITH TREATMENT-EMERGENT ADVERSE EVENTS,2014,13
93,Symptoms/Pain,CHANGE IN BPI SCORE,2014,9
94,Immunogenicity,NUMBER OF PARTICIPANTS WITH ANTI-DRUG ANTIBODIES,2014,9
95,Remission/Cure,COMPLETE REMISSION,2014,15
96,Imaging Outcomes,CHANGE IN BONE MINERAL DENSITY,2014,9
97,Quality of Life/PRO,CHANGE IN EORTC QLQ-C30 SCORE,2014,17
98,Biomarkers/Lab Values,PERCENTAGE OF PARTICIPANTS WITH LABORATORY ABNORMALITIES,2014,6
99,Biomarkers/Lab Values,CHANGE IN AST,2014,17
100,Mental Health Outcomes,CHANGE IN PANSS SCORE,2014,11
101,Adverse Events/Safety,NUMBER OF PARTICIPANTS WITH DOSE LIMITING TOXICITIES,2014,16
102,Adverse Events/Safety,GRADE 3 OR HIGHER ADVERSE EVENTS,2014,3
103,Vital Signs/Physical Measures,SYSTOLIC BLOOD PRESSURE,2014,16
104,Treatment Adherence,PERCENTAGE OF PARTICIPANTS COMPLETING TREATMENT,2014,4
105,Mental Health Outcomes,CHANGE IN MMSE SCORE,2014,12
106,Pharmacokinetics,MEAN RESIDENCE TIME,2014,10
107,Biomarkers/Lab Values,CHANGE IN PLATELET COUNT,2014,18
108,Response Rates,COMPLETE RESPONSE,2014,11
109,Dose-Finding,RECOMMENDED PHASE 2 DOSE,2014,11
110,Immunogenicity,IMMUNE RESPONSE RATE,2014,14
111,Pharmacokinetics,RENAL CLEARANCE,2014,10
112,Biomarkers/Lab Values,PERCENT CHANGE IN LDL CHOLESTEROL,2014,9
113,Treatment Adherence,COMPLIANCE RATE,2014,10
114,Adverse Events/Safety,NUMBER OF PARTICIPANTS WITH DOSE-LIMITING TOXICITIES,2014,24
115,Vital Signs/Physical Measures,CHANGE FROM BASELINE IN FEV1,2014,7
116,Adverse Events/Safety,NUMBER OF PARTICIPANTS WITH UNSOLICITED ADVERSE EVENTS,2014,6
117,Remission/Cure,CLINICAL REMISSION,2014,15
118,Response Rates,RESPONDER RATE,2014,8
119,Quality of Life/PRO,FATIGUE,2014,12
120,Functional Status,6-MINUTE WALK DISTANCE,2014,14
121,Pharmacokinetics,MAXIMUM SERUM CONCENTRATION,2014,15
122,Response Rates,PATHOLOGICAL COMPLETE RESPONSE,2014,9
123,Vital Signs/Physical Measures,DIASTOLIC BLOOD PRESSURE,2014,13
124,Adverse Events/Safety,INJECTION SITE REACTIONS,2014,11
125,Pharmacokinetics,MAXIMUM OBSERVED SERUM CONCENTRATION,2014,11
126,Symptoms/Pain,PAIN SCORE,2014,10
127,Hospitalization/Healthcare Use,HOSPITAL LENGTH OF STAY,2014,8
128,Biomarkers/Lab Values,CHANGE IN WHITE BLOOD CELL COUNT,2014,12
129,Response Rates,PASI 90 RESPONSE,2014,15
130,Symptoms/Pain,CHANGE IN WOMAC PAIN SCORE,2014,13
131,Mortality,30-DAY MORTALITY,2014,4
132,Imaging Outcomes,CHANGE IN EJECTION FRACTION,2014,10
133,Biomarkers/Lab Values,CHANGE IN ALBUMIN,2014,10
134,Adverse Events/Safety,PERCENTAGE OF PARTICIPANTS WITH SERIOUS ADVERSE EVENTS,2014,10
135,Vital Signs/Physical Measures,CHANGE IN TEMPERATURE,2014,8
136,Adverse Events/Safety,TOTAL ADVERSE EVENTS SUMMARY,2014,6
137,Pharmacokinetics,TIME TO MAXIMUM PLASMA CONCENTRATION,2014,8
138,Mental Health Outcomes,SUICIDAL IDEATION ASSESSMENT,2014,3
139,Mental Health Outcomes,CHANGE IN HAM-A SCORE,2014,3
140,Disease Activity Scores,CHANGE IN CDAI SCORE,2014,14
141,Vital Signs/Physical Measures,CHANGE FROM BASELINE IN BLOOD PRESSURE,2014,10
142,Mental Health Outcomes,CHANGE IN MOCA SCORE,2014,7
143,Mental Health Outcomes,CHANGE IN ADAS-COG SCORE,2014,10
144,Adverse Events/Safety,INCIDENCE OF TREATMENT-EMERGENT ADVERSE EVENTS,2014,9
145,Adverse Events/Safety,NUMBER OF PARTICIPANTS WITH ABNORMAL ECG FINDINGS,2014,12
146,Immunogenicity,GEOMETRIC MEAN TITERS,2014,4
147,Quality of Life/PRO,CHANGE IN SGRQ SCORE,2014,12
148,Pharmacokinetics,APPARENT CLEARANCE,2014,9
149,Survival/Time-to-Event,1-YEAR SURVIVAL RATE,2014,5
150,Response Rates,BEST OVERALL RESPONSE RATE,2014,6
151,Biomarkers/Lab Values,CHANGE FROM BASELINE IN HEMATOCRIT,2014,11
152,Biomarkers/Lab Values,CHANGE IN BILIRUBIN,2014,15
153,Adverse Events/Safety,NUMBER OF PARTICIPANTS WITH SERIOUS AND NON-SERIOUS ADVERSE EVENTS,2014,19
154,Hospitalization/Healthcare Use,HOSPITALIZATION RATE,2014,15
155,Adverse Events/Safety,NUMBER OF PATIENTS WITH ADVERSE EVENTS,2014,4
156,Mental Health Outcomes,CHANGE IN YMRS SCORE,2014,5
157,Pharmacokinetics,APPARENT TERMINAL HALF-LIFE,2014,10
158,Biomarkers/Lab Values,PERCENT CHANGE IN TOTAL CHOLESTEROL,2014,5
159,Pharmacokinetics,TROUGH PLASMA CONCENTRATION,2014,7
160,Adverse Events/Safety,NUMBER OF SERIOUS ADVERSE EVENTS,2014,8
161,Adverse Events/Safety,DOSE-LIMITING TOXICITY,2014,9
162,Immunogenicity,GEOMETRIC MEAN TITER,2014,6
163,Microbiological/Virological,VIRAL SUPPRESSION RATE,2014,4
164,Biomarkers/Lab Values,PERCENT CHANGE IN HDL CHOLESTEROL,2014,7
165,Treatment Adherence,RETENTION RATE,2014,2
166,Biomarkers/Lab Values,CHANGE IN FERRITIN,2014,11
167,Adverse Events/Safety,NUMBER OF SUBJECTS WITH ANY AND GRADE 3 SOLICITED LOCAL SYMPTOMS,2014,3
168,Survival/Time-to-Event,TIME TO NEXT TREATMENT,2014,7
169,Mortality,CARDIOVASCULAR MORTALITY,2014,8
170,Response Rates,EASI 75 RESPONSE,2014,4
171,Pharmacokinetics,ELIMINATION HALF-LIFE,2014,9
172,Response Rates,PARTIAL RESPONSE RATE,2014,5
173,Vital Signs/Physical Measures,CHANGE IN PULSE RATE,2014,5
174,Mental Health Outcomes,DEPRESSION RESPONSE RATE,2014,6
175,Biomarkers/Lab Values,CHANGE IN ESR,2014,6
176,Symptoms/Pain,CHANGE IN PRURITUS SCORE,2014,8
177,Survival/Time-to-Event,MEDIAN PROGRESSION FREE SURVIVAL,2014,8
178,Pharmacokinetics,TOTAL BODY CLEARANCE,2014,5
179,Pharmacokinetics,APPARENT ORAL CLEARANCE,2014,9
180,Vital Signs/Physical Measures,CHANGE FROM BASELINE IN TROUGH FEV1,2014,14
181,Vital Signs/Physical Measures,CHANGE IN FEV1,2014,4
182,Response Rates,CLINICAL RESPONSE RATE,2014,7
183,Biomarkers/Lab Values,PERCENT CHANGE IN TRIGLYCERIDES,2014,3
184,Pharmacokinetics,VOLUME OF DISTRIBUTION AT STEADY STATE,2014,8
185,Vital Signs/Physical Measures,CHANGE FROM BASELINE IN PULSE RATE,2014,9
186,Adverse Events/Safety,NUMBER OF PARTICIPANTS WITH CLINICALLY SIGNIFICANT LABORATORY ABNORMALITIES,2014,6
187,Biomarkers/Lab Values,CHANGE IN NT-PROBNP,2014,5
188,Disease Activity Scores,CHANGE IN UPDRS SCORE,2014,5
189,Adverse Events/Safety,NUMBER OF TREATMENT-EMERGENT ADVERSE EVENTS,2014,2
190,Biomarkers/Lab Values,PERCENT CHANGE IN APOLIPOPROTEIN B,2014,5
191,Biomarkers/Lab Values,NUMBER OF PARTICIPANTS WITH LABORATORY TEST ABNORMALITIES,2014,14
192,Adverse Events/Safety,"NUMBER OF SUBJECTS WITH ANY, GRADE 3 AND RELATED SOLICITED GENERAL SYMPTOMS",2014,2
193,Symptoms/Pain,OPIOID CONSUMPTION,2014,7
194,Hospitalization/Healthcare Use,TIME TO HOSPITAL DISCHARGE,2014,4
195,Vital Signs/Physical Measures,HEART RATE,2014,6
196,Vital Signs/Physical Measures,CHANGE FROM BASELINE IN RESPIRATORY RATE,2014,6
197,Survival/Time-to-Event,RELAPSE-FREE SURVIVAL,2014,6
198,Response Rates,PERCENTAGE OF PARTICIPANTS WITH VIROLOGIC FAILURE,2014,17
199,Quality of Life/PRO,CHANGE IN EQ-5D-5L SCORE,2014,4
200,Survival/Time-to-Event,OVERALL SURVIVAL RATE,2014,7
201,Response Rates,PATHOLOGIC COMPLETE RESPONSE,2014,5
202,Quality of Life/PRO,TREATMENT SATISFACTION,2014,4
203,Adverse Events/Safety,NUMBER OF PARTICIPANTS WITH ANY ADVERSE EVENTS,2014,3
204,Biomarkers/Lab Values,MINIMAL RESIDUAL DISEASE NEGATIVITY,2014,10
205,Imaging Outcomes,CHANGE IN TUMOR SIZE,2014,4
206,Adverse Events/Safety,NUMBER OF PARTICIPANTS WITH SERIOUS AND/OR NON-SERIOUS ADVERSE EVENTS,2014,1
207,Symptoms/Pain,VAS PAIN SCORE,2014,5
208,Quality of Life/PRO,CHANGE IN EQ-5D VAS SCORE,2014,7
209,Adverse Events/Safety,NUMBER OF PARTICIPANTS WITH ADVERSE EVENTS LEADING TO DISCONTINUATION,2014,7
210,Adverse Events/Safety,NUMBER OF PARTICIPANTS WITH DRUG-RELATED ADVERSE EVENTS,2014,7
211,Adverse Events/Safety,NUMBER OF PARTICIPANTS WITH ECG ABNORMALITIES,2014,7
212,Biomarkers/Lab Values,CHANGE IN C-REACTIVE PROTEIN,2014,7
213,Mental Health Outcomes,CHANGE IN HADS SCORE,2014,7
214,Mental Health Outcomes,CHANGE FROM BASELINE IN CGI-S SCORE,2014,3
215,Vital Signs/Physical Measures,CHANGE FROM BASELINE IN SYSTOLIC BLOOD PRESSURE,2014,4
216,Quality of Life/PRO,CHANGE IN FATIGUE SCORE,2014,7
217,Response Rates,CLINICAL RESPONSE,2014,6
218,Survival/Time-to-Event,TIME TO PSA PROGRESSION,2014,11
219,Pharmacokinetics,ELIMINATION RATE CONSTANT,2014,8
220,Adverse Events/Safety,NUMBER OF PARTICIPANTS WITH ADVERSE EVENTS OF SPECIAL INTEREST,2014,1
221,Pharmacokinetics,PEAK PLASMA CONCENTRATION,2014,10
222,Symptoms/Pain,NAUSEA,2014,5
223,Biomarkers/Lab Values,CHANGE IN ABSOLUTE NEUTROPHIL COUNT,2014,6
224,Biomarkers/Lab Values,CHANGE FROM BASELINE IN HEMATOLOGY PARAMETERS,2014,7
225,Biomarkers/Lab Values,CHANGE IN HEMATOCRIT,2014,5
226,Mortality,TREATMENT-RELATED MORTALITY,2014,2
227,Survival/Time-to-Event,RECURRENCE-FREE SURVIVAL,2014,2
228,Pharmacokinetics,AUCTAU,2014,7
229,Functional Status,CHANGE IN EDSS SCORE,2014,9
230,Biomarkers/Lab Values,CHANGE IN HSCRP,2014,6
231,Response Rates,TUMOR RESPONSE RATE,2014,3
232,Response Rates,PASI 50 RESPONSE,2014,6
233,Adverse Events/Safety,PROCEDURAL SUCCESS,2014,3
234,Quality of Life/PRO,CHANGE IN KCCQ SCORE,2014,5
235,Quality of Life/PRO,SLEEP EFFICIENCY,2014,8
236,Survival/Time-to-Event,TIME TO RELAPSE,2014,7
237,Pharmacokinetics,MINIMUM PLASMA CONCENTRATION,2014,7
238,Symptoms/Pain,PRURITUS SCORE,2014,5
239,Vital Signs/Physical Measures,NUMBER OF PARTICIPANTS WITH CLINICALLY SIGNIFICANT CHANGES IN VITAL SIGNS,2014,5
240,Immunogenicity,SERORESPONSE RATE,2014,5
242,Adverse Events/Safety,FREQUENCY OF ADVERSE EVENTS,2014,5
243,Vital Signs/Physical Measures,PERCENT CHANGE IN BODY WEIGHT,2014,6
244,Remission/Cure,DEPRESSION REMISSION RATE,2014,3
245,Disease Control,STABLE DISEASE RATE,2014,2
246,Vital Signs/Physical Measures,BODY MASS INDEX,2014,10
247,Vital Signs/Physical Measures,CHANGE FROM BASELINE IN DIASTOLIC BLOOD PRESSURE,2014,5
248,Disease Activity Scores,CHANGE IN SDAI SCORE,2014,15
249,Symptoms/Pain,DYSPNEA SCORE,2014,7
250,Microbiological/Virological,MICROBIOLOGICAL ERADICATION,2014,8
251,Survival/Time-to-Event,TIME TO TUMOR PROGRESSION,2014,3
252,Pharmacokinetics,APPARENT CLEARANCE (CL/F),2014,8
253,Biomarkers/Lab Values,CHANGE IN FASTING INSULIN,2014,7
254,Mental Health Outcomes,CHANGE IN PHQ-8 SCORE,2014,5
255,Adverse Events/Safety,ADVERSE EVENTS LEADING TO DISCONTINUATION,2014,2
256,Mortality,ALL COLLECTED DEATHS,2014,6
257,Pharmacokinetics,AUC∞,2014,8
258,Biomarkers/Lab Values,CHANGE IN FASTING GLUCOSE,2014,2
259,Vital Signs/Physical Measures,FORCED EXPIRATORY VOLUME IN 1 SECOND (FEV1),2014,3
260,Quality of Life/PRO,PARTICIPANT SATISFACTION,2014,2
261,Response Rates,PASI 100 RESPONSE,2014,3
262,Biomarkers/Lab Values,CHANGE IN INR,2014,9
263,Vital Signs/Physical Measures,INTRAOCULAR PRESSURE,2014,7
264,Biomarkers/Lab Values,CHANGE IN HOMA-IR,2014,7
265,Adverse Events/Safety,INCIDENCE OF SERIOUS ADVERSE EVENTS,2014,9
266,Mortality,NUMBER OF PARTICIPANTS WHO DIED,2014,1
267,Pharmacokinetics,PLASMA DECAY HALF-LIFE,2014,4
268,Quality of Life/PRO,TOTAL SLEEP TIME,2014,2
269,Response Rates,TUMOR RESPONSE,2014,6
270,Hospitalization/Healthcare Use,LENGTH OF STAY,2014,6
271,Pharmacokinetics,MAXIMUM OBSERVED PLASMA CONCENTRATION,2014,5
272,Mental Health Outcomes,CHANGE IN CES-D SCORE,2014,2
273,Hospitalization/Healthcare Use,DURATION OF HOSPITALIZATION,2014,2
274,Survival/Time-to-Event,DURATION OF OBJECTIVE RESPONSE,2014,3
275,Hospitalization/Healthcare Use,ICU ADMISSION RATE,2014,5
276,Hospitalization/Healthcare Use,ICU LENGTH OF STAY,2014,4
277,Vital Signs/Physical Measures,NUMBER OF PARTICIPANTS WITH CLINICALLY SIGNIFICANT CHANGE IN VITAL SIGNS,2014,7
278,Immunogenicity,NUMBER OF PARTICIPANTS WITH POSITIVE ANTI-DRUG ANTIBODIES,2014,11
279,Adverse Events/Safety,NUMBER OF SUBJECTS REPORTING UNSOLICITED ADVERSE EVENTS,2014,2
280,Quality of Life/PRO,PATIENT GLOBAL IMPRESSION OF IMPROVEMENT,2014,2
281,Vital Signs/Physical Measures,FORCED VITAL CAPACITY,2014,2
282,Biomarkers/Lab Values,LABORATORY VALUES SUMMARY,2014,1
283,Mortality,NON-RELAPSE MORTALITY,2014,1
284,Functional Status,VISUAL ACUITY,2014,3
285,Mental Health Outcomes,CHANGE IN BDI-II SCORE,2014,6
286,Mental Health Outcomes,PERCEIVED STRESS SCORE,2014,4
287,Response Rates,TARGET LESION RESPONSE,2014,6
288,Disease Activity Scores,ANNUALIZED RELAPSE RATE,2014,4
289,Mental Health Outcomes,CHANGE IN ANXIETY SCORE,2014,5
290,Biomarkers/Lab Values,CHANGE IN PSA,2014,4
291,Response Rates,COMPLETE REMISSION RATE,2014,7
292,Remission/Cure,ENDOSCOPIC REMISSION,2014,8
293,Survival/Time-to-Event,PROGRESSION-FREE SURVIVAL RATE,2014,5
294,Hospitalization/Healthcare Use,READMISSION RATE,2014,6
295,Disease Control,ANNUAL EXACERBATION RATE,2014,11
296,Disease Control,CLINICAL SUCCESS,2014,4
297,Remission/Cure,CURE RATE,2014,7
298,Pharmacokinetics,AUC0-LAST,2014,3
299,Functional Status,CHANGE IN VISUAL ACUITY,2014,6
300,Hospitalization/Healthcare Use,EMERGENCY ROOM VISITS,2014,3
301,Biomarkers/Lab Values,MEAN CHANGE IN HEMOGLOBIN,2014,4
302,Imaging Outcomes,PERCENT CHANGE IN BONE MINERAL DENSITY,2014,3
303,Symptoms/Pain,CHANGE IN ADHD-RS SCORE,2014,2
304,Biomarkers/Lab Values,CHANGE IN TOTAL BILIRUBIN,2014,6
306,Mortality,MORTALITY,2014,8
307,Adverse Events/Safety,NUMBER OF PARTICIPANTS WITH TREATMENT-EMERGENT SERIOUS ADVERSE EVENTS,2014,6
308,Biomarkers/Lab Values,PERCENT CHANGE IN NON-HDL-C,2014,3
309,Mortality,PERCENTAGE OF PARTICIPANTS WHO DIED,2014,6
310,Vital Signs/Physical Measures,CHANGE FROM BASELINE IN ECG PARAMETERS,2014,4
311,Treatment Adherence,MEDICATION ADHERENCE,2014,5
312,Adverse Events/Safety,NUMBER OF PARTICIPANTS WITH ADVERSE EVENTS AND SERIOUS ADVERSE EVENTS,2014,2
313,Adverse Events/Safety,NUMBER OF PARTICIPANTS WITH GRADE 3 OR HIGHER ADVERSE EVENTS,2014,9
314,Disease Control,TECHNICAL SUCCESS,2014,4
315,Disease Activity Scores,CHANGE IN BASDAI SCORE,2014,5
316,Functional Status,CHANGE IN ECOG PERFORMANCE STATUS,2014,3
317,Remission/Cure,CLINICAL CURE RATE,2014,3
318,Biomarkers/Lab Values,INSULIN SENSITIVITY,2014,6
319,Treatment Adherence,NUMBER OF PARTICIPANTS COMPLETING TREATMENT,2014,5
320,Adverse Events/Safety,TOTAL SERIOUS ADVERSE EVENTS SUMMARY,2014,5
321,Symptoms/Pain,CHANGE IN DYSPNEA SCORE,2014,6
322,Biomarkers/Lab Values,CHANGE IN SERUM CREATININE,2014,6
323,Quality of Life/PRO,CHANGE IN SF-12 SCORE,2014,5
324,Mental Health Outcomes,CLINICIAN GLOBAL IMPRESSION,2014,1
325,Functional Status,CHANGE IN PHYSICAL ACTIVITY,2014,8
326,Quality of Life/PRO,CLIENT SATISFACTION,2014,2
327,Other Clinical Endpoints,DEVICE SUCCESS,2014,2
328,Adverse Events/Safety,NUMBER OF PARTICIPANTS WITH ANY ADVERSE EVENT,2014,1
329,Biomarkers/Lab Values,PERCENT CHANGE IN LDL-C,2014,2
330,Vital Signs/Physical Measures,RESPIRATORY RATE,2014,2
331,Mortality,90-DAY MORTALITY,2014,3
332,Adverse Events/Safety,"NUMBER OF SUBJECTS WITH ANY, GRADE 3 AND RELATED UNSOLICITED ADVERSE EVENTS",2014,2
333,Symptoms/Pain,AVERAGE PAIN SCORE,2014,4
334,Vital Signs/Physical Measures,MEAN CHANGE IN BLOOD PRESSURE,2014,1
335,Response Rates,PSA RESPONSE RATE,2014,4
336,Pharmacokinetics,STEADY-STATE CONCENTRATION,2014,6
337,Pharmacokinetics,SYSTEMIC CLEARANCE,2014,7
338,Vital Signs/Physical Measures,TROUGH FEV1,2014,2
339,Pharmacokinetics,APPARENT TERMINAL ELIMINATION HALF-LIFE,2014,9
340,Biomarkers/Lab Values,CHANGE FROM BASELINE IN ERYTHROCYTES,2014,1
341,Mortality,NUMBER OF DEATHS,2014,2
342,Quality of Life/PRO,CHANGE IN EQ-5D-5L VAS SCORE,2014,5
343,Quality of Life/PRO,CHANGE IN FACIT-FATIGUE SCORE,2014,1
344,Response Rates,MEDIAN DURATION OF RESPONSE,2014,1
345,Adverse Events/Safety,NUMBER OF PARTICIPANTS WHO DISCONTINUED STUDY TREATMENT DUE TO AN AE,2014,7
346,Vital Signs/Physical Measures,NUMBER OF PARTICIPANTS WITH ABNORMAL VITAL SIGNS,2014,2
347,Adverse Events/Safety,NUMBER OF TREATMENT EMERGENT ADVERSE EVENTS,2014,5
348,Adverse Events/Safety,PERCENTAGE OF PARTICIPANTS WITH TREATMENT EMERGENT ADVERSE EVENTS,2014,4
349,Quality of Life/PRO,PITTSBURGH SLEEP QUALITY INDEX SCORE,2014,1
350,Response Rates,PROSTATE-SPECIFIC ANTIGEN RESPONSE,2014,4
351,Adverse Events/Safety,ESTIMATED BLOOD LOSS,2014,7
352,Response Rates,PERCENTAGE OF PATIENTS ACHIEVING TARGET,2014,3
353,Mental Health Outcomes,CLINICAL GLOBAL IMPRESSION - IMPROVEMENT,2014,3
354,Adverse Events/Safety,NUMBER OF PARTICIPANTS REPORTING ONE OR MORE TREATMENT-EMERGENT ADVERSE EVENTS,2014,5
355,Adverse Events/Safety,NUMBER OF PARTICIPANTS WITH DOSE LIMITING TOXICITY,2014,2
356,Adverse Events/Safety,NUMBER OF PARTICIPANTS WITH CLINICALLY SIGNIFICANT ECG ABNORMALITIES,2014,4
357,Quality of Life/PRO,PATIENT GLOBAL IMPRESSION OF SEVERITY,2014,1
358,Biomarkers/Lab Values,PERCENT CHANGE IN NON-HDL CHOLESTEROL,2014,2
359,Pharmacokinetics,AUCINF,2014,6
360,Mental Health Outcomes,BECK DEPRESSION INVENTORY SCORE,2014,3
361,Functional Status,CHANGE FROM BASELINE IN BEST CORRECTED VISUAL ACUITY,2014,6
362,Functional Status,CHANGE IN BEST CORRECTED VISUAL ACUITY,2014,2
363,Adverse Events/Safety,NUMBER OF SUBJECTS WITH ANY UNSOLICITED ADVERSE EVENTS,2014,2
364,Disease Activity Scores,PERCENT CHANGE IN EASI SCORE,2014,3
365,Immunogenicity,PERCENTAGE OF PARTICIPANTS WITH ANTI-DRUG ANTIBODIES,2014,4
366,Vital Signs/Physical Measures,CHANGE FROM BASELINE IN HEART RATE,2014,3
367,Vital Signs/Physical Measures,CHANGE IN BODY TEMPERATURE,2014,6
368,Mental Health Outcomes,CHANGE IN PERCEIVED STRESS SCORE,2014,3
369,Quality of Life/PRO,CLINICIAN GLOBAL IMPRESSION OF CHANGE,2014,3
371,Adverse Events/Safety,INCIDENCE OF TREATMENT EMERGENT ADVERSE EVENTS,2014,2
372,Adverse Events/Safety,TOTAL OPIOID CONSUMPTION,2014,2
373,Quality of Life/PRO,ACCEPTABILITY OF INTERVENTION,2014,3
374,Biomarkers/Lab Values,CHANGE FROM BASELINE IN CLINICAL CHEMISTRY PARAMETERS,2014,7
375,Vital Signs/Physical Measures,CHANGE IN INTRAOCULAR PRESSURE,2014,5
376,Vital Signs/Physical Measures,CHANGES IN FORCED VITAL CAPACITY,2014,2
377,Imaging Outcomes,LEFT VENTRICULAR EJECTION FRACTION,2014,3
378,Vital Signs/Physical Measures,MEAN ARTERIAL PRESSURE,2014,5
379,Vital Signs/Physical Measures,MEAN CHANGE IN HEART RATE,2014,1
380,Immunogenicity,NUMBER OF SEROCONVERTED SUBJECTS,2014,2
381,Hospitalization/Healthcare Use,PROCEDURE TIME,2014,2
383,Pharmacokinetics,AUC0-TZ,2014,4
384,Quality of Life/PRO,CHANGE IN SLEEP QUALITY SCORE,2014,4
385,Adverse Events/Safety,NUMBER OF SUBJECTS WITH UNSOLICITED ADVERSE EVENTS,2014,3
386,Microbiological/Virological,PERCENTAGE OF PARTICIPANTS WITH HCV RNA < LLOQ,2014,13
387,Survival/Time-to-Event,TIME TO FIRST EXACERBATION,2014,10
388,Adverse Events/Safety,TREATMENT DISCONTINUATION RATE,2014,3
389,Immunogenicity,VACCINE RESPONSE RATE,2014,2
390,Quality of Life/PRO,CHANGE IN HEALTH-RELATED QUALITY OF LIFE SCORE,2014,4
391,Hospitalization/Healthcare Use,DURATION OF HOSPITAL STAY,2014,3
393,Adverse Events/Safety,NUMBER OF PARTICIPANTS WITH TREATMENT RELATED ADVERSE EVENTS,2014,2
394,Hospitalization/Healthcare Use,OPERATIVE TIME,2014,4
395,Quality of Life/PRO,SLEEP QUALITY SCORE,2014,4
396,Survival/Time-to-Event,2-YEAR SURVIVAL RATE,2014,3
397,Vital Signs/Physical Measures,CHANGE IN RESPIRATORY RATE,2014,2
398,Quality of Life/PRO,CHANGE IN TREATMENT SATISFACTION SCORE,2014,5
399,Symptoms/Pain,CHANGE IN WOMAC STIFFNESS SCORE,2014,3
400,Hospitalization/Healthcare Use,DURATION OF MECHANICAL VENTILATION,2014,3
402,Adverse Events/Safety,NUMBER OF PARTICIPANTS WITH CLINICAL LABORATORY ABNORMALITIES,2014,3
403,Symptoms/Pain,PAIN INTENSITY,2014,7
404,Pharmacokinetics,AUC(0-T),2014,2
405,Vital Signs/Physical Measures,CHANGE FROM BASELINE IN BODY TEMPERATURE,2014,6
406,Vital Signs/Physical Measures,CHANGE FROM BASELINE IN SYSTOLIC AND DIASTOLIC BLOOD PRESSURE,2014,7
407,Biomarkers/Lab Values,CHANGE IN ALBUMIN AND TOTAL PROTEIN,2014,5
408,Biomarkers/Lab Values,CHANGE IN INSULIN SENSITIVITY,2014,3
410,Symptoms/Pain,INSOMNIA SEVERITY INDEX,2014,4
411,Functional Status,MEAN CHANGE IN BEST CORRECTED VISUAL ACUITY,2014,3
413,Response Rates,PATHOLOGIC COMPLETE RESPONSE RATE,2014,5
414,Adverse Events/Safety,PERCENTAGE OF PARTICIPANTS REPORTING LOCAL REACTIONS,2014,1
415,Mortality,TRANSPLANT-RELATED MORTALITY,2014,5
416,Vital Signs/Physical Measures,VITAL SIGNS SUMMARY,2014,4
417,Survival/Time-to-Event,6-MONTH PROGRESSION-FREE SURVIVAL,2014,4
418,Mental Health Outcomes,CHANGE IN DEPRESSION SCORE,2014,1
419,Quality of Life/PRO,CLINICAL GLOBAL IMPRESSION OF CHANGE,2014,4
420,Immunogenicity,GEOMETRIC MEAN TITER OF ANTIBODIES,2014,1
421,Adverse Events/Safety,NUMBER OF PARTICIPANTS WITH ADVERSE DRUG REACTIONS,2014,3
422,Biomarkers/Lab Values,PERCENT CHANGE IN FASTING TRIGLYCERIDES,2014,4
423,Response Rates,PERCENTAGE OF PARTICIPANTS WITH CLINICAL RESPONSE,2014,7
424,Immunogenicity,SEROPOSITIVITY RATE,2014,1
425,Hospitalization/Healthcare Use,VENTILATOR-FREE DAYS,2014,3
426,Pharmacokinetics,APPARENT TOTAL BODY CLEARANCE,2014,2
427,Biomarkers/Lab Values,CHANGE IN BNP,2014,1
428,Vital Signs/Physical Measures,CHANGE IN FORCED VITAL CAPACITY,2014,1
429,Mental Health Outcomes,DEPRESSION SCORE,2014,1
430,Disease Activity Scores,PERCENT CHANGE IN PASI SCORE,2014,5
431,Biomarkers/Lab Values,CHANGE IN BILIRUBIN AND CREATININE,2014,1
432,Symptoms/Pain,CHANGE IN INSOMNIA SEVERITY INDEX SCORE,2014,3
433,Functional Status,GRIP STRENGTH,2014,3
434,Adverse Events/Safety,PERCENTAGE OF PARTICIPANTS EXPERIENCING TREATMENT-EMERGENT ADVERSE EVENTS,2014,3
435,Biomarkers/Lab Values,CHANGE IN ALKALINE PHOSPHATASE,2014,3
436,Hospitalization/Healthcare Use,LENGTH OF ICU STAY,2014,2
437,Response Rates,NUMBER OF RESPONDERS,2014,3
438,Immunogenicity,NUMBER OF SEROPROTECTED SUBJECTS,2014,1
439,Adverse Events/Safety,NUMBER OF SUBJECTS WITH SOLICITED GENERAL SYMPTOMS,2014,2
440,Pharmacokinetics,TIME OF MAXIMUM CONCENTRATION,2014,1
441,Functional Status,TIMED UP AND GO TEST,2014,1
442,Biomarkers/Lab Values,CHANGE FROM BASELINE IN FASTING PLASMA GLUCOSE,2014,5
443,Biomarkers/Lab Values,CHANGE FROM BASELINE IN RED BLOOD CELL COUNT,2014,7
444,Disease Activity Scores,CHANGE IN SWOLLEN JOINT COUNT,2014,4
445,Response Rates,CONFIRMED RESPONSE RATE,2014,4
446,Imaging Outcomes,MRI LESION COUNT,2014,2
447,Adverse Events/Safety,NUMBER OF PARTICIPANTS WITH NON-SERIOUS ADVERSE EVENTS,2014,4
448,Adverse Events/Safety,PERCENTAGE OF PARTICIPANTS REPORTING SYSTEMIC EVENTS,2014,1
449,Mortality,28-DAY MORTALITY,2014,4
451,Remission/Cure,CLINICAL CURE,2014,1
452,Survival/Time-to-Event,DURATION OF COMPLETE RESPONSE,2014,4
453,Biomarkers/Lab Values,MEAN CHANGE IN HEMOGLOBIN A1C,2014,3
454,Symptoms/Pain,PAIN INTERFERENCE SCORE,2014,1
455,Remission/Cure,PERCENTAGE OF PARTICIPANTS ACHIEVING CLINICAL REMISSION,2014,5
456,Adverse Events/Safety,RATE OF ADVERSE EVENTS,2014,1
457,Mortality,TIME TO DEATH,2014,1
458,Adverse Events/Safety,ANNUALIZED BLEEDING RATE,2014,4
459,Functional Status,CHANGE FROM BASELINE IN BCVA,2014,4
460,Vital Signs/Physical Measures,CHANGE FROM BASELINE IN BODY WEIGHT,2014,1
461,Functional Status,CHANGE IN WOMAC PHYSICAL FUNCTION SCORE,2014,5
462,Response Rates,CONFIRMED OBJECTIVE RESPONSE RATE,2014,1
464,Adverse Events/Safety,NUMBER OF PARTICIPANTS WITH INJECTION SITE REACTIONS,2014,3
465,Adverse Events/Safety,OCCURRENCE OF ADVERSE EVENTS,2014,7
468,Quality of Life/PRO,ABSOLUTE CHANGE IN CFQ-R RESPIRATORY DOMAIN SCORE,2014,1
469,Symptoms/Pain,APNEA-HYPOPNEA INDEX,2014,1
470,Response Rates,EULAR RESPONSE RATE,2014,5
473,Pharmacokinetics,TERMINAL PHASE ELIMINATION HALF-LIFE,2014,7
474,Response Rates,TREATMENT SUCCESS,2014,3
475,Functional Status,ACTIVITIES OF DAILY LIVING,2014,1
476,Biomarkers/Lab Values,CHANGE IN FASTING SERUM GLUCOSE,2014,1
477,Imaging Outcomes,CHANGE IN LEFT VENTRICULAR EJECTION FRACTION,2014,2
478,Disease Control,DURATION OF DISEASE CONTROL,2014,5
480,Adverse Events/Safety,NUMBER OF DOSE LIMITING TOXICITIES,2014,1
481,Adverse Events/Safety,NUMBER OF SUBJECTS WITH SOLICITED LOCAL SYMPTOMS,2014,4
483,Mental Health Outcomes,ANXIETY SCORE,2014,3
484,Pharmacokinetics,AVERAGE PLASMA CONCENTRATION,2014,4
485,Disease Activity Scores,CHANGE IN TENDER JOINT COUNT,2014,4
486,Quality of Life/PRO,CHANGE IN WOMAC SCORE,2014,4
487,Mortality,IN-HOSPITAL MORTALITY,2014,4
488,Adverse Events/Safety,INCIDENCE AND SEVERITY OF ADVERSE EVENTS,2014,2
489,Response Rates,NUMBER OF PARTICIPANTS ACHIEVING TARGET,2014,3
490,Functional Status,PHYSICAL FUNCTION,2014,2
491,Vital Signs/Physical Measures,CHANGE FROM BASELINE IN HEIGHT,2014,3
492,Vital Signs/Physical Measures,CHANGE FROM BASELINE IN INTRAOCULAR PRESSURE,2014,5
493,Quality of Life/PRO,CHANGE IN PITTSBURGH SLEEP QUALITY INDEX SCORE,2014,2
494,Functional Status,CHANGE IN WHO FUNCTIONAL CLASS,2014,4
496,Adverse Events/Safety,NUMBER OF PARTICIPANTS WITH COMPLICATIONS,2014,5
497,Adverse Events/Safety,NUMBER OF PARTICIPANTS WITH DOSE-LIMITING TOXICITY,2014,4
498,Adverse Events/Safety,NUMBER OF PARTICIPANTS WITH SOLICITED LOCAL ADVERSE EVENTS,2014,1
500,Pharmacokinetics,PLASMA TROUGH CONCENTRATION,2014,4
1,Response Rates,OBJECTIVE RESPONSE RATE,2015,453
2,Survival/Time-to-Event,OVERALL SURVIVAL,2015,402
3,Survival/Time-to-Event,PROGRESSION-FREE SURVIVAL,2015,411
4,Adverse Events/Safety,NUMBER OF PARTICIPANTS WITH ADVERSE EVENTS,2015,293
5,Pharmacokinetics,MAXIMUM PLASMA CONCENTRATION,2015,255
6,Adverse Events/Safety,NUMBER OF PARTICIPANTS WITH TREATMENT-EMERGENT ADVERSE EVENTS,2015,230
7,Pharmacokinetics,TIME TO MAXIMUM CONCENTRATION,2015,189
8,Response Rates,DURATION OF RESPONSE,2015,176
9,Adverse Events/Safety,NUMBER OF PARTICIPANTS WITH SERIOUS ADVERSE EVENTS,2015,89
10,Pharmacokinetics,AUC FROM 0 TO INFINITY,2015,89
11,Biomarkers/Lab Values,CHANGE IN HEMOGLOBIN A1C,2015,97
12,Vital Signs/Physical Measures,CHANGE IN BODY WEIGHT,2015,70
13,Pharmacokinetics,AREA UNDER THE CONCENTRATION-TIME CURVE,2015,85
14,Disease Control,DISEASE CONTROL RATE,2015,110
15,Pharmacokinetics,PLASMA DRUG CONCENTRATION,2015,90
16,Quality of Life/PRO,CHANGE IN QUALITY OF LIFE SCORE,2015,73
17,Symptoms/Pain,CHANGE IN VAS PAIN SCORE,2015,75
18,Quality of Life/PRO,PATIENT SATISFACTION,2015,67
19,Dose-Finding,MAXIMUM TOLERATED DOSE,2015,54
20,Symptoms/Pain,CHANGE IN PAIN SCORE,2015,64
21,Survival/Time-to-Event,TIME TO PROGRESSION,2015,33
22,Mortality,ALL-CAUSE MORTALITY,2015,61
23,Response Rates,PERCENTAGE OF PARTICIPANTS ACHIEVING TARGET,2015,51
24,Vital Signs/Physical Measures,CHANGE IN BLOOD PRESSURE,2015,39
25,Pharmacokinetics,AUC FROM 0 TO LAST MEASURABLE CONCENTRATION,2015,63
26,Biomarkers/Lab Values,CHANGE IN FASTING PLASMA GLUCOSE,2015,50
27,Adverse Events/Safety,NUMBER OF ADVERSE EVENTS,2015,50
28,Quality of Life/PRO,CHANGE IN SF-36 SCORE,2015,52
29,Response Rates,COMPLETE RESPONSE RATE,2015,56
30,Adverse Events/Safety,NUMBER OF PARTICIPANTS WITH TREATMENT EMERGENT ADVERSE EVENTS,2015,61
31,Vital Signs/Physical Measures,CHANGE IN HEART RATE,2015,44
32,Biomarkers/Lab Values,CHANGE IN HEMOGLOBIN,2015,35
33,Adverse Events/Safety,PERCENTAGE OF PARTICIPANTS WITH ADVERSE EVENTS,2015,55
34,Immunogenicity,SEROCONVERSION RATE,2015,30
35,Pharmacokinetics,VOLUME OF DISTRIBUTION,2015,41
36,Response Rates,CLINICAL BENEFIT RATE,2015,42
37,Quality of Life/PRO,CHANGE IN EQ-5D SCORE,2015,39
38,Hospitalization/Healthcare Use,LENGTH OF HOSPITAL STAY,2015,43
39,Vital Signs/Physical Measures,CHANGE IN BODY MASS INDEX,2015,30
40,Quality of Life/PRO,PATIENT GLOBAL IMPRESSION OF CHANGE,2015,32
41,Symptoms/Pain,CHANGE IN NRS PAIN SCORE,2015,31
42,Response Rates,SUSTAINED VIROLOGIC RESPONSE,2015,65
43,Adverse Events/Safety,DOSE-LIMITING TOXICITIES,2015,46
44,Biomarkers/Lab Values,CHANGE IN LDL CHOLESTEROL,2015,32
45,Survival/Time-to-Event,EVENT-FREE SURVIVAL,2015,31
46,Immunogenicity,SEROPROTECTION RATE,2015,30
47,Functional Status,CHANGE IN 6-MINUTE WALK DISTANCE,2015,46
48,Response Rates,TIME TO RESPONSE,2015,27
49,Survival/Time-to-Event,DISEASE-FREE SURVIVAL,2015,22
50,Pharmacokinetics,APPARENT VOLUME OF DISTRIBUTION,2015,35
51,Mental Health Outcomes,CHANGE IN MADRS SCORE,2015,27
52,Biomarkers/Lab Values,CHANGE IN CRP,2015,24
53,Immunogenicity,ANTI-DRUG ANTIBODIES,2015,33
54,Biomarkers/Lab Values,CHANGE IN TRIGLYCERIDES,2015,29
55,Mental Health Outcomes,CHANGE IN PHQ-9 SCORE,2015,29
56,Biomarkers/Lab Values,CHANGE IN TOTAL CHOLESTEROL,2015,20
57,Response Rates,ACR20 RESPONSE,2015,20
58,Biomarkers/Lab Values,CHANGE IN HDL CHOLESTEROL,2015,23
59,Pharmacokinetics,HALF-LIFE,2015,26
60,Disease Activity Scores,CHANGE IN DAS28 SCORE,2015,18
61,Vital Signs/Physical Measures,CHANGE IN SYSTOLIC BLOOD PRESSURE,2015,24
62,Pharmacokinetics,CLEARANCE,2015,21
63,Functional Status,CHANGE IN HAQ-DI SCORE,2015,27
64,Biomarkers/Lab Values,CHANGE IN VIRAL LOAD,2015,22
65,Treatment Adherence,TREATMENT ADHERENCE RATE,2015,20
66,Biomarkers/Lab Values,CHANGE IN ALT,2015,23
67,Survival/Time-to-Event,MEDIAN OVERALL SURVIVAL,2015,21
68,Vital Signs/Physical Measures,CHANGE IN WAIST CIRCUMFERENCE,2015,18
69,Adverse Events/Safety,INCIDENCE OF ADVERSE EVENTS,2015,26
70,Biomarkers/Lab Values,CHANGE IN CD4 COUNT,2015,26
71,Biomarkers/Lab Values,NUMBER OF PARTICIPANTS WITH LABORATORY ABNORMALITIES,2015,24
72,Pharmacokinetics,TROUGH CONCENTRATION,2015,24
73,Pharmacokinetics,TERMINAL HALF-LIFE,2015,19
74,Quality of Life/PRO,QUALITY OF LIFE SCORE,2015,14
75,Biomarkers/Lab Values,CHANGE IN EGFR,2015,22
76,Mental Health Outcomes,CHANGE IN HAM-D SCORE,2015,11
77,Survival/Time-to-Event,TIME TO TREATMENT FAILURE,2015,15
78,Symptoms/Pain,PAIN RESPONSE RATE,2015,14
79,Response Rates,IGA RESPONSE,2015,24
80,Response Rates,ACR50 RESPONSE,2015,16
81,Immunogenicity,ANTIBODY TITER,2015,8
82,Vital Signs/Physical Measures,CHANGE IN DIASTOLIC BLOOD PRESSURE,2015,13
83,Response Rates,PASI 75 RESPONSE,2015,20
84,Pharmacokinetics,ACCUMULATION RATIO,2015,23
85,Adverse Events/Safety,NUMBER OF PARTICIPANTS WITH TREATMENT-RELATED ADVERSE EVENTS,2015,16
86,Pharmacokinetics,TERMINAL ELIMINATION HALF-LIFE,2015,18
87,Biomarkers/Lab Values,CHANGE IN CREATININE,2015,15
88,Quality of Life/PRO,CHANGE IN DLQI SCORE,2015,14
89,Response Rates,ACR70 RESPONSE,2015,12
90,Mental Health Outcomes,CHANGE IN GAD-7 SCORE,2015,14
91,Survival/Time-to-Event,MEDIAN PROGRESSION-FREE SURVIVAL,2015,16
92,Adverse Events/Safety,PERCENTAGE OF PARTICIPANTS WITH TREATMENT-EMERGENT ADVERSE EVENTS,2015,19
93,Symptoms/Pain,CHANGE IN BPI SCORE,2015,23
94,Immunogenicity,NUMBER OF PARTICIPANTS WITH ANTI-DRUG ANTIBODIES,2015,15
95,Remission/Cure,COMPLETE REMISSION,2015,16
96,Imaging Outcomes,CHANGE IN BONE MINERAL DENSITY,2015,15
97,Quality of Life/PRO,CHANGE IN EORTC QLQ-C30 SCORE,2015,14
98,Biomarkers/Lab Values,PERCENTAGE OF PARTICIPANTS WITH LABORATORY ABNORMALITIES,2015,21
99,Biomarkers/Lab Values,CHANGE IN AST,2015,17
100,Mental Health Outcomes,CHANGE IN PANSS SCORE,2015,10
101,Adverse Events/Safety,NUMBER OF PARTICIPANTS WITH DOSE LIMITING TOXICITIES,2015,17
102,Adverse Events/Safety,GRADE 3 OR HIGHER ADVERSE EVENTS,2015,7
103,Vital Signs/Physical Measures,SYSTOLIC BLOOD PRESSURE,2015,18
104,Treatment Adherence,PERCENTAGE OF PARTICIPANTS COMPLETING TREATMENT,2015,4
105,Mental Health Outcomes,CHANGE IN MMSE SCORE,2015,10
106,Pharmacokinetics,MEAN RESIDENCE TIME,2015,14
107,Biomarkers/Lab Values,CHANGE IN PLATELET COUNT,2015,11
108,Response Rates,COMPLETE RESPONSE,2015,8
109,Dose-Finding,RECOMMENDED PHASE 2 DOSE,2015,15
110,Immunogenicity,IMMUNE RESPONSE RATE,2015,14
111,Pharmacokinetics,RENAL CLEARANCE,2015,8
112,Biomarkers/Lab Values,PERCENT CHANGE IN LDL CHOLESTEROL,2015,14
113,Treatment Adherence,COMPLIANCE RATE,2015,14
114,Adverse Events/Safety,NUMBER OF PARTICIPANTS WITH DOSE-LIMITING TOXICITIES,2015,10
115,Vital Signs/Physical Measures,CHANGE FROM BASELINE IN FEV1,2015,11
116,Adverse Events/Safety,NUMBER OF PARTICIPANTS WITH UNSOLICITED ADVERSE EVENTS,2015,5
117,Remission/Cure,CLINICAL REMISSION,2015,18
118,Response Rates,RESPONDER RATE,2015,7
119,Quality of Life/PRO,FATIGUE,2015,9
120,Functional Status,6-MINUTE WALK DISTANCE,2015,14
121,Pharmacokinetics,MAXIMUM SERUM CONCENTRATION,2015,16
122,Response Rates,PATHOLOGICAL COMPLETE RESPONSE,2015,11
123,Vital Signs/Physical Measures,DIASTOLIC BLOOD PRESSURE,2015,16
124,Adverse Events/Safety,INJECTION SITE REACTIONS,2015,10
125,Pharmacokinetics,MAXIMUM OBSERVED SERUM CONCENTRATION,2015,24
126,Symptoms/Pain,PAIN SCORE,2015,10
127,Hospitalization/Healthcare Use,HOSPITAL LENGTH OF STAY,2015,11
128,Biomarkers/Lab Values,CHANGE IN WHITE BLOOD CELL COUNT,2015,11
129,Response Rates,PASI 90 RESPONSE,2015,12
130,Symptoms/Pain,CHANGE IN WOMAC PAIN SCORE,2015,8
131,Mortality,30-DAY MORTALITY,2015,5
132,Imaging Outcomes,CHANGE IN EJECTION FRACTION,2015,8
133,Biomarkers/Lab Values,CHANGE IN ALBUMIN,2015,8
134,Adverse Events/Safety,PERCENTAGE OF PARTICIPANTS WITH SERIOUS ADVERSE EVENTS,2015,6
135,Vital Signs/Physical Measures,CHANGE IN TEMPERATURE,2015,17
136,Adverse Events/Safety,TOTAL ADVERSE EVENTS SUMMARY,2015,5
137,Pharmacokinetics,TIME TO MAXIMUM PLASMA CONCENTRATION,2015,9
138,Mental Health Outcomes,SUICIDAL IDEATION ASSESSMENT,2015,9
139,Mental Health Outcomes,CHANGE IN HAM-A SCORE,2015,7
140,Disease Activity Scores,CHANGE IN CDAI SCORE,2015,8
141,Vital Signs/Physical Measures,CHANGE FROM BASELINE IN BLOOD PRESSURE,2015,12
142,Mental Health Outcomes,CHANGE IN MOCA SCORE,2015,9
143,Mental Health Outcomes,CHANGE IN ADAS-COG SCORE,2015,12
144,Adverse Events/Safety,INCIDENCE OF TREATMENT-EMERGENT ADVERSE EVENTS,2015,7
145,Adverse Events/Safety,NUMBER OF PARTICIPANTS WITH ABNORMAL ECG FINDINGS,2015,10
146,Immunogenicity,GEOMETRIC MEAN TITERS,2015,1
147,Quality of Life/PRO,CHANGE IN SGRQ SCORE,2015,9
148,Pharmacokinetics,APPARENT CLEARANCE,2015,11
149,Survival/Time-to-Event,1-YEAR SURVIVAL RATE,2015,6
150,Response Rates,BEST OVERALL RESPONSE RATE,2015,12
151,Biomarkers/Lab Values,CHANGE FROM BASELINE IN HEMATOCRIT,2015,8
152,Biomarkers/Lab Values,CHANGE IN BILIRUBIN,2015,2
153,Adverse Events/Safety,NUMBER OF PARTICIPANTS WITH SERIOUS AND NON-SERIOUS ADVERSE EVENTS,2015,13
154,Hospitalization/Healthcare Use,HOSPITALIZATION RATE,2015,10
155,Adverse Events/Safety,NUMBER OF PATIENTS WITH ADVERSE EVENTS,2015,11
156,Mental Health Outcomes,CHANGE IN YMRS SCORE,2015,4
157,Pharmacokinetics,APPARENT TERMINAL HALF-LIFE,2015,9
158,Biomarkers/Lab Values,PERCENT CHANGE IN TOTAL CHOLESTEROL,2015,9
159,Pharmacokinetics,TROUGH PLASMA CONCENTRATION,2015,15
160,Adverse Events/Safety,NUMBER OF SERIOUS ADVERSE EVENTS,2015,5
161,Adverse Events/Safety,DOSE-LIMITING TOXICITY,2015,10
162,Immunogenicity,GEOMETRIC MEAN TITER,2015,6
163,Microbiological/Virological,VIRAL SUPPRESSION RATE,2015,3
164,Biomarkers/Lab Values,PERCENT CHANGE IN HDL CHOLESTEROL,2015,11
165,Treatment Adherence,RETENTION RATE,2015,7
166,Biomarkers/Lab Values,CHANGE IN FERRITIN,2015,8
167,Adverse Events/Safety,NUMBER OF SUBJECTS WITH ANY AND GRADE 3 SOLICITED LOCAL SYMPTOMS,2015,1
168,Survival/Time-to-Event,TIME TO NEXT TREATMENT,2015,10
169,Mortality,CARDIOVASCULAR MORTALITY,2015,7
170,Response Rates,EASI 75 RESPONSE,2015,2
171,Pharmacokinetics,ELIMINATION HALF-LIFE,2015,17
172,Response Rates,PARTIAL RESPONSE RATE,2015,8
173,Vital Signs/Physical Measures,CHANGE IN PULSE RATE,2015,6
174,Mental Health Outcomes,DEPRESSION RESPONSE RATE,2015,8
175,Biomarkers/Lab Values,CHANGE IN ESR,2015,6
176,Symptoms/Pain,CHANGE IN PRURITUS SCORE,2015,6
177,Survival/Time-to-Event,MEDIAN PROGRESSION FREE SURVIVAL,2015,6
178,Pharmacokinetics,TOTAL BODY CLEARANCE,2015,8
179,Pharmacokinetics,APPARENT ORAL CLEARANCE,2015,7
180,Vital Signs/Physical Measures,CHANGE FROM BASELINE IN TROUGH FEV1,2015,12
181,Vital Signs/Physical Measures,CHANGE IN FEV1,2015,10
182,Response Rates,CLINICAL RESPONSE RATE,2015,9
183,Biomarkers/Lab Values,PERCENT CHANGE IN TRIGLYCERIDES,2015,5
184,Pharmacokinetics,VOLUME OF DISTRIBUTION AT STEADY STATE,2015,6
185,Vital Signs/Physical Measures,CHANGE FROM BASELINE IN PULSE RATE,2015,12
186,Adverse Events/Safety,NUMBER OF PARTICIPANTS WITH CLINICALLY SIGNIFICANT LABORATORY ABNORMALITIES,2015,2
187,Biomarkers/Lab Values,CHANGE IN NT-PROBNP,2015,10
188,Disease Activity Scores,CHANGE IN UPDRS SCORE,2015,3
189,Adverse Events/Safety,NUMBER OF TREATMENT-EMERGENT ADVERSE EVENTS,2015,9
190,Biomarkers/Lab Values,PERCENT CHANGE IN APOLIPOPROTEIN B,2015,6
191,Biomarkers/Lab Values,NUMBER OF PARTICIPANTS WITH LABORATORY TEST ABNORMALITIES,2015,9
193,Symptoms/Pain,OPIOID CONSUMPTION,2015,8
194,Hospitalization/Healthcare Use,TIME TO HOSPITAL DISCHARGE,2015,8
195,Vital Signs/Physical Measures,HEART RATE,2015,11
196,Vital Signs/Physical Measures,CHANGE FROM BASELINE IN RESPIRATORY RATE,2015,11
197,Survival/Time-to-Event,RELAPSE-FREE SURVIVAL,2015,10
198,Response Rates,PERCENTAGE OF PARTICIPANTS WITH VIROLOGIC FAILURE,2015,31
199,Quality of Life/PRO,CHANGE IN EQ-5D-5L SCORE,2015,15
200,Survival/Time-to-Event,OVERALL SURVIVAL RATE,2015,9
201,Response Rates,PATHOLOGIC COMPLETE RESPONSE,2015,3
202,Quality of Life/PRO,TREATMENT SATISFACTION,2015,7
203,Adverse Events/Safety,NUMBER OF PARTICIPANTS WITH ANY ADVERSE EVENTS,2015,3
204,Biomarkers/Lab Values,MINIMAL RESIDUAL DISEASE NEGATIVITY,2015,8
205,Imaging Outcomes,CHANGE IN TUMOR SIZE,2015,6
206,Adverse Events/Safety,NUMBER OF PARTICIPANTS WITH SERIOUS AND/OR NON-SERIOUS ADVERSE EVENTS,2015,3
207,Symptoms/Pain,VAS PAIN SCORE,2015,7
208,Quality of Life/PRO,CHANGE IN EQ-5D VAS SCORE,2015,9
209,Adverse Events/Safety,NUMBER OF PARTICIPANTS WITH ADVERSE EVENTS LEADING TO DISCONTINUATION,2015,7
211,Adverse Events/Safety,NUMBER OF PARTICIPANTS WITH ECG ABNORMALITIES,2015,9
212,Biomarkers/Lab Values,CHANGE IN C-REACTIVE PROTEIN,2015,6
213,Mental Health Outcomes,CHANGE IN HADS SCORE,2015,6
214,Mental Health Outcomes,CHANGE FROM BASELINE IN CGI-S SCORE,2015,9
215,Vital Signs/Physical Measures,CHANGE FROM BASELINE IN SYSTOLIC BLOOD PRESSURE,2015,5
216,Quality of Life/PRO,CHANGE IN FATIGUE SCORE,2015,9
217,Response Rates,CLINICAL RESPONSE,2015,4
218,Survival/Time-to-Event,TIME TO PSA PROGRESSION,2015,2
219,Pharmacokinetics,ELIMINATION RATE CONSTANT,2015,13
220,Adverse Events/Safety,NUMBER OF PARTICIPANTS WITH ADVERSE EVENTS OF SPECIAL INTEREST,2015,5
221,Pharmacokinetics,PEAK PLASMA CONCENTRATION,2015,15
222,Symptoms/Pain,NAUSEA,2015,4
223,Biomarkers/Lab Values,CHANGE IN ABSOLUTE NEUTROPHIL COUNT,2015,5
224,Biomarkers/Lab Values,CHANGE FROM BASELINE IN HEMATOLOGY PARAMETERS,2015,6
225,Biomarkers/Lab Values,CHANGE IN HEMATOCRIT,2015,7
226,Mortality,TREATMENT-RELATED MORTALITY,2015,7
227,Survival/Time-to-Event,RECURRENCE-FREE SURVIVAL,2015,6
228,Pharmacokinetics,AUCTAU,2015,9
229,Functional Status,CHANGE IN EDSS SCORE,2015,4
230,Biomarkers/Lab Values,CHANGE IN HSCRP,2015,6
231,Response Rates,TUMOR RESPONSE RATE,2015,2
232,Response Rates,PASI 50 RESPONSE,2015,7
233,Adverse Events/Safety,PROCEDURAL SUCCESS,2015,5
234,Quality of Life/PRO,CHANGE IN KCCQ SCORE,2015,4
235,Quality of Life/PRO,SLEEP EFFICIENCY,2015,6
236,Survival/Time-to-Event,TIME TO RELAPSE,2015,11
237,Pharmacokinetics,MINIMUM PLASMA CONCENTRATION,2015,8
238,Symptoms/Pain,PRURITUS SCORE,2015,2
239,Vital Signs/Physical Measures,NUMBER OF PARTICIPANTS WITH CLINICALLY SIGNIFICANT CHANGES IN VITAL SIGNS,2015,8
240,Immunogenicity,SERORESPONSE RATE,2015,3
241,Mental Health Outcomes,CHANGE IN CGI-S SCORE,2015,4
242,Adverse Events/Safety,FREQUENCY OF ADVERSE EVENTS,2015,1
243,Vital Signs/Physical Measures,PERCENT CHANGE IN BODY WEIGHT,2015,5
244,Remission/Cure,DEPRESSION REMISSION RATE,2015,3
245,Disease Control,STABLE DISEASE RATE,2015,5
246,Vital Signs/Physical Measures,BODY MASS INDEX,2015,4
247,Vital Signs/Physical Measures,CHANGE FROM BASELINE IN DIASTOLIC BLOOD PRESSURE,2015,6
248,Disease Activity Scores,CHANGE IN SDAI SCORE,2015,4
249,Symptoms/Pain,DYSPNEA SCORE,2015,3
250,Microbiological/Virological,MICROBIOLOGICAL ERADICATION,2015,4
251,Survival/Time-to-Event,TIME TO TUMOR PROGRESSION,2015,2
252,Pharmacokinetics,APPARENT CLEARANCE (CL/F),2015,4
253,Biomarkers/Lab Values,CHANGE IN FASTING INSULIN,2015,4
254,Mental Health Outcomes,CHANGE IN PHQ-8 SCORE,2015,3
255,Adverse Events/Safety,ADVERSE EVENTS LEADING TO DISCONTINUATION,2015,1
256,Mortality,ALL COLLECTED DEATHS,2015,10
257,Pharmacokinetics,AUC∞,2015,10
258,Biomarkers/Lab Values,CHANGE IN FASTING GLUCOSE,2015,1
259,Vital Signs/Physical Measures,FORCED EXPIRATORY VOLUME IN 1 SECOND (FEV1),2015,2
260,Quality of Life/PRO,PARTICIPANT SATISFACTION,2015,5
261,Response Rates,PASI 100 RESPONSE,2015,3
262,Biomarkers/Lab Values,CHANGE IN INR,2015,6
263,Vital Signs/Physical Measures,INTRAOCULAR PRESSURE,2015,4
264,Biomarkers/Lab Values,CHANGE IN HOMA-IR,2015,5
265,Adverse Events/Safety,INCIDENCE OF SERIOUS ADVERSE EVENTS,2015,7
266,Mortality,NUMBER OF PARTICIPANTS WHO DIED,2015,3
267,Pharmacokinetics,PLASMA DECAY HALF-LIFE,2015,3
268,Quality of Life/PRO,TOTAL SLEEP TIME,2015,5
269,Response Rates,TUMOR RESPONSE,2015,5
270,Hospitalization/Healthcare Use,LENGTH OF STAY,2015,4
271,Pharmacokinetics,MAXIMUM OBSERVED PLASMA CONCENTRATION,2015,8
272,Mental Health Outcomes,CHANGE IN CES-D SCORE,2015,9
273,Hospitalization/Healthcare Use,DURATION OF HOSPITALIZATION,2015,5
274,Survival/Time-to-Event,DURATION OF OBJECTIVE RESPONSE,2015,8
275,Hospitalization/Healthcare Use,ICU ADMISSION RATE,2015,2
276,Hospitalization/Healthcare Use,ICU LENGTH OF STAY,2015,5
277,Vital Signs/Physical Measures,NUMBER OF PARTICIPANTS WITH CLINICALLY SIGNIFICANT CHANGE IN VITAL SIGNS,2015,4
278,Immunogenicity,NUMBER OF PARTICIPANTS WITH POSITIVE ANTI-DRUG ANTIBODIES,2015,5
279,Adverse Events/Safety,NUMBER OF SUBJECTS REPORTING UNSOLICITED ADVERSE EVENTS,2015,1
280,Quality of Life/PRO,PATIENT GLOBAL IMPRESSION OF IMPROVEMENT,2015,7
281,Vital Signs/Physical Measures,FORCED VITAL CAPACITY,2015,4
282,Biomarkers/Lab Values,LABORATORY VALUES SUMMARY,2015,2
283,Mortality,NON-RELAPSE MORTALITY,2015,10
284,Functional Status,VISUAL ACUITY,2015,6
285,Mental Health Outcomes,CHANGE IN BDI-II SCORE,2015,6
286,Mental Health Outcomes,PERCEIVED STRESS SCORE,2015,6
287,Response Rates,TARGET LESION RESPONSE,2015,3
288,Disease Activity Scores,ANNUALIZED RELAPSE RATE,2015,3
289,Mental Health Outcomes,CHANGE IN ANXIETY SCORE,2015,4
290,Biomarkers/Lab Values,CHANGE IN PSA,2015,5
291,Response Rates,COMPLETE REMISSION RATE,2015,7
292,Remission/Cure,ENDOSCOPIC REMISSION,2015,12
293,Survival/Time-to-Event,PROGRESSION-FREE SURVIVAL RATE,2015,7
294,Hospitalization/Healthcare Use,READMISSION RATE,2015,6
295,Disease Control,ANNUAL EXACERBATION RATE,2015,8
296,Disease Control,CLINICAL SUCCESS,2015,6
297,Remission/Cure,CURE RATE,2015,2
298,Pharmacokinetics,AUC0-LAST,2015,3
299,Functional Status,CHANGE IN VISUAL ACUITY,2015,4
300,Hospitalization/Healthcare Use,EMERGENCY ROOM VISITS,2015,11
301,Biomarkers/Lab Values,MEAN CHANGE IN HEMOGLOBIN,2015,3
302,Imaging Outcomes,PERCENT CHANGE IN BONE MINERAL DENSITY,2015,4
303,Symptoms/Pain,CHANGE IN ADHD-RS SCORE,2015,3
304,Biomarkers/Lab Values,CHANGE IN TOTAL BILIRUBIN,2015,6
305,Disease Control,DURATION OF STABLE DISEASE,2015,7
306,Mortality,MORTALITY,2015,7
307,Adverse Events/Safety,NUMBER OF PARTICIPANTS WITH TREATMENT-EMERGENT SERIOUS ADVERSE EVENTS,2015,4
308,Biomarkers/Lab Values,PERCENT CHANGE IN NON-HDL-C,2015,4
309,Mortality,PERCENTAGE OF PARTICIPANTS WHO DIED,2015,1
310,Vital Signs/Physical Measures,CHANGE FROM BASELINE IN ECG PARAMETERS,2015,5
311,Treatment Adherence,MEDICATION ADHERENCE,2015,7
312,Adverse Events/Safety,NUMBER OF PARTICIPANTS WITH ADVERSE EVENTS AND SERIOUS ADVERSE EVENTS,2015,6
313,Adverse Events/Safety,NUMBER OF PARTICIPANTS WITH GRADE 3 OR HIGHER ADVERSE EVENTS,2015,8
314,Disease Control,TECHNICAL SUCCESS,2015,5
315,Disease Activity Scores,CHANGE IN BASDAI SCORE,2015,8
316,Functional Status,CHANGE IN ECOG PERFORMANCE STATUS,2015,3
317,Remission/Cure,CLINICAL CURE RATE,2015,5
318,Biomarkers/Lab Values,INSULIN SENSITIVITY,2015,7
320,Adverse Events/Safety,TOTAL SERIOUS ADVERSE EVENTS SUMMARY,2015,2
321,Symptoms/Pain,CHANGE IN DYSPNEA SCORE,2015,5
322,Biomarkers/Lab Values,CHANGE IN SERUM CREATININE,2015,9
323,Quality of Life/PRO,CHANGE IN SF-12 SCORE,2015,5
324,Mental Health Outcomes,CLINICIAN GLOBAL IMPRESSION,2015,3
325,Functional Status,CHANGE IN PHYSICAL ACTIVITY,2015,4
326,Quality of Life/PRO,CLIENT SATISFACTION,2015,1
327,Other Clinical Endpoints,DEVICE SUCCESS,2015,2
328,Adverse Events/Safety,NUMBER OF PARTICIPANTS WITH ANY ADVERSE EVENT,2015,2
329,Biomarkers/Lab Values,PERCENT CHANGE IN LDL-C,2015,5
330,Vital Signs/Physical Measures,RESPIRATORY RATE,2015,3
331,Mortality,90-DAY MORTALITY,2015,3
333,Symptoms/Pain,AVERAGE PAIN SCORE,2015,2
334,Vital Signs/Physical Measures,MEAN CHANGE IN BLOOD PRESSURE,2015,3
335,Response Rates,PSA RESPONSE RATE,2015,2
336,Pharmacokinetics,STEADY-STATE CONCENTRATION,2015,2
337,Pharmacokinetics,SYSTEMIC CLEARANCE,2015,4
338,Vital Signs/Physical Measures,TROUGH FEV1,2015,2
339,Pharmacokinetics,APPARENT TERMINAL ELIMINATION HALF-LIFE,2015,3
340,Biomarkers/Lab Values,CHANGE FROM BASELINE IN ERYTHROCYTES,2015,4
341,Mortality,NUMBER OF DEATHS,2015,10
342,Quality of Life/PRO,CHANGE IN EQ-5D-5L VAS SCORE,2015,4
343,Quality of Life/PRO,CHANGE IN FACIT-FATIGUE SCORE,2015,6
344,Response Rates,MEDIAN DURATION OF RESPONSE,2015,5
345,Adverse Events/Safety,NUMBER OF PARTICIPANTS WHO DISCONTINUED STUDY TREATMENT DUE TO AN AE,2015,4
346,Vital Signs/Physical Measures,NUMBER OF PARTICIPANTS WITH ABNORMAL VITAL SIGNS,2015,4
347,Adverse Events/Safety,NUMBER OF TREATMENT EMERGENT ADVERSE EVENTS,2015,4
348,Adverse Events/Safety,PERCENTAGE OF PARTICIPANTS WITH TREATMENT EMERGENT ADVERSE EVENTS,2015,10
349,Quality of Life/PRO,PITTSBURGH SLEEP QUALITY INDEX SCORE,2015,4
350,Response Rates,PROSTATE-SPECIFIC ANTIGEN RESPONSE,2015,2
351,Adverse Events/Safety,ESTIMATED BLOOD LOSS,2015,2
352,Response Rates,PERCENTAGE OF PATIENTS ACHIEVING TARGET,2015,2
353,Mental Health Outcomes,CLINICAL GLOBAL IMPRESSION - IMPROVEMENT,2015,1
354,Adverse Events/Safety,NUMBER OF PARTICIPANTS REPORTING ONE OR MORE TREATMENT-EMERGENT ADVERSE EVENTS,2015,8
355,Adverse Events/Safety,NUMBER OF PARTICIPANTS WITH DOSE LIMITING TOXICITY,2015,2
356,Adverse Events/Safety,NUMBER OF PARTICIPANTS WITH CLINICALLY SIGNIFICANT ECG ABNORMALITIES,2015,3
357,Quality of Life/PRO,PATIENT GLOBAL IMPRESSION OF SEVERITY,2015,4
358,Biomarkers/Lab Values,PERCENT CHANGE IN NON-HDL CHOLESTEROL,2015,5
359,Pharmacokinetics,AUCINF,2015,6
360,Mental Health Outcomes,BECK DEPRESSION INVENTORY SCORE,2015,7
361,Functional Status,CHANGE FROM BASELINE IN BEST CORRECTED VISUAL ACUITY,2015,9
362,Functional Status,CHANGE IN BEST CORRECTED VISUAL ACUITY,2015,6
363,Adverse Events/Safety,NUMBER OF SUBJECTS WITH ANY UNSOLICITED ADVERSE EVENTS,2015,3
365,Immunogenicity,PERCENTAGE OF PARTICIPANTS WITH ANTI-DRUG ANTIBODIES,2015,3
366,Vital Signs/Physical Measures,CHANGE FROM BASELINE IN HEART RATE,2015,3
367,Vital Signs/Physical Measures,CHANGE IN BODY TEMPERATURE,2015,3
368,Mental Health Outcomes,CHANGE IN PERCEIVED STRESS SCORE,2015,1
369,Quality of Life/PRO,CLINICIAN GLOBAL IMPRESSION OF CHANGE,2015,3
370,Mental Health Outcomes,DEPRESSIVE SYMPTOMS,2015,5
371,Adverse Events/Safety,INCIDENCE OF TREATMENT EMERGENT ADVERSE EVENTS,2015,5
372,Adverse Events/Safety,TOTAL OPIOID CONSUMPTION,2015,2
374,Biomarkers/Lab Values,CHANGE FROM BASELINE IN CLINICAL CHEMISTRY PARAMETERS,2015,3
375,Vital Signs/Physical Measures,CHANGE IN INTRAOCULAR PRESSURE,2015,3
376,Vital Signs/Physical Measures,CHANGES IN FORCED VITAL CAPACITY,2015,5
377,Imaging Outcomes,LEFT VENTRICULAR EJECTION FRACTION,2015,1
378,Vital Signs/Physical Measures,MEAN ARTERIAL PRESSURE,2015,9
379,Vital Signs/Physical Measures,MEAN CHANGE IN HEART RATE,2015,1
380,Immunogenicity,NUMBER OF SEROCONVERTED SUBJECTS,2015,1
381,Hospitalization/Healthcare Use,PROCEDURE TIME,2015,2
382,Other Clinical Endpoints,RECRUITMENT RATE,2015,1
383,Pharmacokinetics,AUC0-TZ,2015,1
384,Quality of Life/PRO,CHANGE IN SLEEP QUALITY SCORE,2015,4
385,Adverse Events/Safety,NUMBER OF SUBJECTS WITH UNSOLICITED ADVERSE EVENTS,2015,3
386,Microbiological/Virological,PERCENTAGE OF PARTICIPANTS WITH HCV RNA < LLOQ,2015,15
388,Adverse Events/Safety,TREATMENT DISCONTINUATION RATE,2015,3
389,Immunogenicity,VACCINE RESPONSE RATE,2015,1
390,Quality of Life/PRO,CHANGE IN HEALTH-RELATED QUALITY OF LIFE SCORE,2015,4
391,Hospitalization/Healthcare Use,DURATION OF HOSPITAL STAY,2015,4
392,Survival/Time-to-Event,MEDIAN SURVIVAL TIME,2015,2
393,Adverse Events/Safety,NUMBER OF PARTICIPANTS WITH TREATMENT RELATED ADVERSE EVENTS,2015,2
394,Hospitalization/Healthcare Use,OPERATIVE TIME,2015,2
395,Quality of Life/PRO,SLEEP QUALITY SCORE,2015,4
396,Survival/Time-to-Event,2-YEAR SURVIVAL RATE,2015,2
397,Vital Signs/Physical Measures,CHANGE IN RESPIRATORY RATE,2015,4
398,Quality of Life/PRO,CHANGE IN TREATMENT SATISFACTION SCORE,2015,5
399,Symptoms/Pain,CHANGE IN WOMAC STIFFNESS SCORE,2015,3
400,Hospitalization/Healthcare Use,DURATION OF MECHANICAL VENTILATION,2015,1
401,Adverse Events/Safety,NUMBER OF PARTICIPANTS WITH ANY TREATMENT-EMERGENT ADVERSE EVENT,2015,1
402,Adverse Events/Safety,NUMBER OF PARTICIPANTS WITH CLINICAL LABORATORY ABNORMALITIES,2015,4
403,Symptoms/Pain,PAIN INTENSITY,2015,3
404,Pharmacokinetics,AUC(0-T),2015,2
405,Vital Signs/Physical Measures,CHANGE FROM BASELINE IN BODY TEMPERATURE,2015,5
406,Vital Signs/Physical Measures,CHANGE FROM BASELINE IN SYSTOLIC AND DIASTOLIC BLOOD PRESSURE,2015,6
407,Biomarkers/Lab Values,CHANGE IN ALBUMIN AND TOTAL PROTEIN,2015,4
408,Biomarkers/Lab Values,CHANGE IN INSULIN SENSITIVITY,2015,3
409,Mental Health Outcomes,CHANGE IN SELF-EFFICACY SCORE,2015,3
410,Symptoms/Pain,INSOMNIA SEVERITY INDEX,2015,4
411,Functional Status,MEAN CHANGE IN BEST CORRECTED VISUAL ACUITY,2015,3
412,Adverse Events/Safety,NUMBER OF PARTICIPANTS WITH CLINICALLY SIGNIFICANT ECG CHANGES,2015,3
414,Adverse Events/Safety,PERCENTAGE OF PARTICIPANTS REPORTING LOCAL REACTIONS,2015,2
415,Mortality,TRANSPLANT-RELATED MORTALITY,2015,1
416,Vital Signs/Physical Measures,VITAL SIGNS SUMMARY,2015,5
417,Survival/Time-to-Event,6-MONTH PROGRESSION-FREE SURVIVAL,2015,3
418,Mental Health Outcomes,CHANGE IN DEPRESSION SCORE,2015,2
419,Quality of Life/PRO,CLINICAL GLOBAL IMPRESSION OF CHANGE,2015,4
420,Immunogenicity,GEOMETRIC MEAN TITER OF ANTIBODIES,2015,1
421,Adverse Events/Safety,NUMBER OF PARTICIPANTS WITH ADVERSE DRUG REACTIONS,2015,2
422,Biomarkers/Lab Values,PERCENT CHANGE IN FASTING TRIGLYCERIDES,2015,5
423,Response Rates,PERCENTAGE OF PARTICIPANTS WITH CLINICAL RESPONSE,2015,5
424,Immunogenicity,SEROPOSITIVITY RATE,2015,2
425,Hospitalization/Healthcare Use,VENTILATOR-FREE DAYS,2015,3
426,Pharmacokinetics,APPARENT TOTAL BODY CLEARANCE,2015,5
427,Biomarkers/Lab Values,CHANGE IN BNP,2015,1
428,Vital Signs/Physical Measures,CHANGE IN FORCED VITAL CAPACITY,2015,6
429,Mental Health Outcomes,DEPRESSION SCORE,2015,2
430,Disease Activity Scores,PERCENT CHANGE IN PASI SCORE,2015,2
431,Biomarkers/Lab Values,CHANGE IN BILIRUBIN AND CREATININE,2015,2
432,Symptoms/Pain,CHANGE IN INSOMNIA SEVERITY INDEX SCORE,2015,3
433,Functional Status,GRIP STRENGTH,2015,3
434,Adverse Events/Safety,PERCENTAGE OF PARTICIPANTS EXPERIENCING TREATMENT-EMERGENT ADVERSE EVENTS,2015,10
435,Biomarkers/Lab Values,CHANGE IN ALKALINE PHOSPHATASE,2015,4
436,Hospitalization/Healthcare Use,LENGTH OF ICU STAY,2015,1
437,Response Rates,NUMBER OF RESPONDERS,2015,3
439,Adverse Events/Safety,NUMBER OF SUBJECTS WITH SOLICITED GENERAL SYMPTOMS,2015,4
440,Pharmacokinetics,TIME OF MAXIMUM CONCENTRATION,2015,5
441,Functional Status,TIMED UP AND GO TEST,2015,9
442,Biomarkers/Lab Values,CHANGE FROM BASELINE IN FASTING PLASMA GLUCOSE,2015,3
443,Biomarkers/Lab Values,CHANGE FROM BASELINE IN RED BLOOD CELL COUNT,2015,2
444,Disease Activity Scores,CHANGE IN SWOLLEN JOINT COUNT,2015,1
445,Response Rates,CONFIRMED RESPONSE RATE,2015,3
446,Imaging Outcomes,MRI LESION COUNT,2015,4
447,Adverse Events/Safety,NUMBER OF PARTICIPANTS WITH NON-SERIOUS ADVERSE EVENTS,2015,4
448,Adverse Events/Safety,PERCENTAGE OF PARTICIPANTS REPORTING SYSTEMIC EVENTS,2015,2
449,Mortality,28-DAY MORTALITY,2015,4
450,Pharmacokinetics,APPARENT VOLUME OF DISTRIBUTION (VZ/F),2015,3
451,Remission/Cure,CLINICAL CURE,2015,1
452,Survival/Time-to-Event,DURATION OF COMPLETE RESPONSE,2015,6
453,Biomarkers/Lab Values,MEAN CHANGE IN HEMOGLOBIN A1C,2015,5
454,Symptoms/Pain,PAIN INTERFERENCE SCORE,2015,3
455,Remission/Cure,PERCENTAGE OF PARTICIPANTS ACHIEVING CLINICAL REMISSION,2015,7
456,Adverse Events/Safety,RATE OF ADVERSE EVENTS,2015,2
457,Mortality,TIME TO DEATH,2015,2
458,Adverse Events/Safety,ANNUALIZED BLEEDING RATE,2015,5
459,Functional Status,CHANGE FROM BASELINE IN BCVA,2015,3
460,Vital Signs/Physical Measures,CHANGE FROM BASELINE IN BODY WEIGHT,2015,3
461,Functional Status,CHANGE IN WOMAC PHYSICAL FUNCTION SCORE,2015,1
462,Response Rates,CONFIRMED OBJECTIVE RESPONSE RATE,2015,2
463,Adverse Events/Safety,DRUG-RELATED ADVERSE EVENTS,2015,3
464,Adverse Events/Safety,NUMBER OF PARTICIPANTS WITH INJECTION SITE REACTIONS,2015,7
465,Adverse Events/Safety,OCCURRENCE OF ADVERSE EVENTS,2015,3
466,Adverse Events/Safety,PERCENTAGE OF PARTICIPANTS WITH SYSTEMIC EVENTS,2015,2
467,Quality of Life/PRO,SLEEP DISTURBANCE SCORE,2015,1
468,Quality of Life/PRO,ABSOLUTE CHANGE IN CFQ-R RESPIRATORY DOMAIN SCORE,2015,8
469,Symptoms/Pain,APNEA-HYPOPNEA INDEX,2015,3
470,Response Rates,EULAR RESPONSE RATE,2015,2
472,Response Rates,PERCENTAGE OF PARTICIPANTS WITH RELAPSE,2015,6
473,Pharmacokinetics,TERMINAL PHASE ELIMINATION HALF-LIFE,2015,6
474,Response Rates,TREATMENT SUCCESS,2015,3
475,Functional Status,ACTIVITIES OF DAILY LIVING,2015,4
476,Biomarkers/Lab Values,CHANGE IN FASTING SERUM GLUCOSE,2015,2
478,Disease Control,DURATION OF DISEASE CONTROL,2015,2
479,Treatment Adherence,DURATION OF TREATMENT,2015,2
480,Adverse Events/Safety,NUMBER OF DOSE LIMITING TOXICITIES,2015,5
481,Adverse Events/Safety,NUMBER OF SUBJECTS WITH SOLICITED LOCAL SYMPTOMS,2015,4
483,Mental Health Outcomes,ANXIETY SCORE,2015,1
484,Pharmacokinetics,AVERAGE PLASMA CONCENTRATION,2015,4
485,Disease Activity Scores,CHANGE IN TENDER JOINT COUNT,2015,3
486,Quality of Life/PRO,CHANGE IN WOMAC SCORE,2015,1
487,Mortality,IN-HOSPITAL MORTALITY,2015,2
488,Adverse Events/Safety,INCIDENCE AND SEVERITY OF ADVERSE EVENTS,2015,4
490,Functional Status,PHYSICAL FUNCTION,2015,1
492,Vital Signs/Physical Measures,CHANGE FROM BASELINE IN INTRAOCULAR PRESSURE,2015,6
493,Quality of Life/PRO,CHANGE IN PITTSBURGH SLEEP QUALITY INDEX SCORE,2015,4
494,Functional Status,CHANGE IN WHO FUNCTIONAL CLASS,2015,3
495,Functional Status,HARRIS HIP SCORE,2015,1
496,Adverse Events/Safety,NUMBER OF PARTICIPANTS WITH COMPLICATIONS,2015,4
497,Adverse Events/Safety,NUMBER OF PARTICIPANTS WITH DOSE-LIMITING TOXICITY,2015,2
498,Adverse Events/Safety,NUMBER OF PARTICIPANTS WITH SOLICITED LOCAL ADVERSE EVENTS,2015,5
499,Adverse Events/Safety,PERCENTAGE OF PARTICIPANTS WITH AT LEAST ONE ADVERSE EVENT,2015,5
500,Pharmacokinetics,PLASMA TROUGH CONCENTRATION,2015,2
1,Response Rates,OBJECTIVE RESPONSE RATE,2016,473
2,Survival/Time-to-Event,OVERALL SURVIVAL,2016,390
3,Survival/Time-to-Event,PROGRESSION-FREE SURVIVAL,2016,410
4,Adverse Events/Safety,NUMBER OF PARTICIPANTS WITH ADVERSE EVENTS,2016,269
5,Pharmacokinetics,MAXIMUM PLASMA CONCENTRATION,2016,270
6,Adverse Events/Safety,NUMBER OF PARTICIPANTS WITH TREATMENT-EMERGENT ADVERSE EVENTS,2016,261
7,Pharmacokinetics,TIME TO MAXIMUM CONCENTRATION,2016,185
8,Response Rates,DURATION OF RESPONSE,2016,200
9,Adverse Events/Safety,NUMBER OF PARTICIPANTS WITH SERIOUS ADVERSE EVENTS,2016,76
10,Pharmacokinetics,AUC FROM 0 TO INFINITY,2016,102
11,Biomarkers/Lab Values,CHANGE IN HEMOGLOBIN A1C,2016,96
12,Vital Signs/Physical Measures,CHANGE IN BODY WEIGHT,2016,98
13,Pharmacokinetics,AREA UNDER THE CONCENTRATION-TIME CURVE,2016,93
14,Disease Control,DISEASE CONTROL RATE,2016,100
15,Pharmacokinetics,PLASMA DRUG CONCENTRATION,2016,68
16,Quality of Life/PRO,CHANGE IN QUALITY OF LIFE SCORE,2016,84
17,Symptoms/Pain,CHANGE IN VAS PAIN SCORE,2016,65
18,Quality of Life/PRO,PATIENT SATISFACTION,2016,85
19,Dose-Finding,MAXIMUM TOLERATED DOSE,2016,52
20,Symptoms/Pain,CHANGE IN PAIN SCORE,2016,57
21,Survival/Time-to-Event,TIME TO PROGRESSION,2016,54
22,Mortality,ALL-CAUSE MORTALITY,2016,46
23,Response Rates,PERCENTAGE OF PARTICIPANTS ACHIEVING TARGET,2016,68
24,Vital Signs/Physical Measures,CHANGE IN BLOOD PRESSURE,2016,59
25,Pharmacokinetics,AUC FROM 0 TO LAST MEASURABLE CONCENTRATION,2016,62
26,Biomarkers/Lab Values,CHANGE IN FASTING PLASMA GLUCOSE,2016,54
27,Adverse Events/Safety,NUMBER OF ADVERSE EVENTS,2016,46
28,Quality of Life/PRO,CHANGE IN SF-36 SCORE,2016,57
29,Response Rates,COMPLETE RESPONSE RATE,2016,50
30,Adverse Events/Safety,NUMBER OF PARTICIPANTS WITH TREATMENT EMERGENT ADVERSE EVENTS,2016,51
31,Vital Signs/Physical Measures,CHANGE IN HEART RATE,2016,51
32,Biomarkers/Lab Values,CHANGE IN HEMOGLOBIN,2016,62
33,Adverse Events/Safety,PERCENTAGE OF PARTICIPANTS WITH ADVERSE EVENTS,2016,63
34,Immunogenicity,SEROCONVERSION RATE,2016,24
35,Pharmacokinetics,VOLUME OF DISTRIBUTION,2016,57
36,Response Rates,CLINICAL BENEFIT RATE,2016,46
37,Quality of Life/PRO,CHANGE IN EQ-5D SCORE,2016,42
38,Hospitalization/Healthcare Use,LENGTH OF HOSPITAL STAY,2016,61
39,Vital Signs/Physical Measures,CHANGE IN BODY MASS INDEX,2016,41
40,Quality of Life/PRO,PATIENT GLOBAL IMPRESSION OF CHANGE,2016,22
41,Symptoms/Pain,CHANGE IN NRS PAIN SCORE,2016,35
42,Response Rates,SUSTAINED VIROLOGIC RESPONSE,2016,41
43,Adverse Events/Safety,DOSE-LIMITING TOXICITIES,2016,40
44,Biomarkers/Lab Values,CHANGE IN LDL CHOLESTEROL,2016,46
45,Survival/Time-to-Event,EVENT-FREE SURVIVAL,2016,36
46,Immunogenicity,SEROPROTECTION RATE,2016,17
47,Functional Status,CHANGE IN 6-MINUTE WALK DISTANCE,2016,51
48,Response Rates,TIME TO RESPONSE,2016,30
49,Survival/Time-to-Event,DISEASE-FREE SURVIVAL,2016,17
50,Pharmacokinetics,APPARENT VOLUME OF DISTRIBUTION,2016,27
51,Mental Health Outcomes,CHANGE IN MADRS SCORE,2016,27
52,Biomarkers/Lab Values,CHANGE IN CRP,2016,42
53,Immunogenicity,ANTI-DRUG ANTIBODIES,2016,33
54,Biomarkers/Lab Values,CHANGE IN TRIGLYCERIDES,2016,39
55,Mental Health Outcomes,CHANGE IN PHQ-9 SCORE,2016,28
56,Biomarkers/Lab Values,CHANGE IN TOTAL CHOLESTEROL,2016,36
57,Response Rates,ACR20 RESPONSE,2016,35
58,Biomarkers/Lab Values,CHANGE IN HDL CHOLESTEROL,2016,36
59,Pharmacokinetics,HALF-LIFE,2016,27
60,Disease Activity Scores,CHANGE IN DAS28 SCORE,2016,36
61,Vital Signs/Physical Measures,CHANGE IN SYSTOLIC BLOOD PRESSURE,2016,19
62,Pharmacokinetics,CLEARANCE,2016,27
63,Functional Status,CHANGE IN HAQ-DI SCORE,2016,31
64,Biomarkers/Lab Values,CHANGE IN VIRAL LOAD,2016,11
65,Treatment Adherence,TREATMENT ADHERENCE RATE,2016,23
66,Biomarkers/Lab Values,CHANGE IN ALT,2016,30
67,Survival/Time-to-Event,MEDIAN OVERALL SURVIVAL,2016,25
68,Vital Signs/Physical Measures,CHANGE IN WAIST CIRCUMFERENCE,2016,32
69,Adverse Events/Safety,INCIDENCE OF ADVERSE EVENTS,2016,25
70,Biomarkers/Lab Values,CHANGE IN CD4 COUNT,2016,14
71,Biomarkers/Lab Values,NUMBER OF PARTICIPANTS WITH LABORATORY ABNORMALITIES,2016,18
72,Pharmacokinetics,TROUGH CONCENTRATION,2016,30
73,Pharmacokinetics,TERMINAL HALF-LIFE,2016,15
74,Quality of Life/PRO,QUALITY OF LIFE SCORE,2016,18
75,Biomarkers/Lab Values,CHANGE IN EGFR,2016,17
76,Mental Health Outcomes,CHANGE IN HAM-D SCORE,2016,20
77,Survival/Time-to-Event,TIME TO TREATMENT FAILURE,2016,10
78,Symptoms/Pain,PAIN RESPONSE RATE,2016,19
79,Response Rates,IGA RESPONSE,2016,26
80,Response Rates,ACR50 RESPONSE,2016,28
81,Immunogenicity,ANTIBODY TITER,2016,13
82,Vital Signs/Physical Measures,CHANGE IN DIASTOLIC BLOOD PRESSURE,2016,14
83,Response Rates,PASI 75 RESPONSE,2016,26
84,Pharmacokinetics,ACCUMULATION RATIO,2016,37
85,Adverse Events/Safety,NUMBER OF PARTICIPANTS WITH TREATMENT-RELATED ADVERSE EVENTS,2016,38
86,Pharmacokinetics,TERMINAL ELIMINATION HALF-LIFE,2016,26
87,Biomarkers/Lab Values,CHANGE IN CREATININE,2016,21
88,Quality of Life/PRO,CHANGE IN DLQI SCORE,2016,17
89,Response Rates,ACR70 RESPONSE,2016,27
90,Mental Health Outcomes,CHANGE IN GAD-7 SCORE,2016,19
91,Survival/Time-to-Event,MEDIAN PROGRESSION-FREE SURVIVAL,2016,26
92,Adverse Events/Safety,PERCENTAGE OF PARTICIPANTS WITH TREATMENT-EMERGENT ADVERSE EVENTS,2016,26
93,Symptoms/Pain,CHANGE IN BPI SCORE,2016,11
94,Immunogenicity,NUMBER OF PARTICIPANTS WITH ANTI-DRUG ANTIBODIES,2016,23
95,Remission/Cure,COMPLETE REMISSION,2016,13
96,Imaging Outcomes,CHANGE IN BONE MINERAL DENSITY,2016,12
97,Quality of Life/PRO,CHANGE IN EORTC QLQ-C30 SCORE,2016,18
98,Biomarkers/Lab Values,PERCENTAGE OF PARTICIPANTS WITH LABORATORY ABNORMALITIES,2016,22
99,Biomarkers/Lab Values,CHANGE IN AST,2016,22
100,Mental Health Outcomes,CHANGE IN PANSS SCORE,2016,8
101,Adverse Events/Safety,NUMBER OF PARTICIPANTS WITH DOSE LIMITING TOXICITIES,2016,16
102,Adverse Events/Safety,GRADE 3 OR HIGHER ADVERSE EVENTS,2016,11
103,Vital Signs/Physical Measures,SYSTOLIC BLOOD PRESSURE,2016,12
104,Treatment Adherence,PERCENTAGE OF PARTICIPANTS COMPLETING TREATMENT,2016,12
105,Mental Health Outcomes,CHANGE IN MMSE SCORE,2016,12
106,Pharmacokinetics,MEAN RESIDENCE TIME,2016,12
107,Biomarkers/Lab Values,CHANGE IN PLATELET COUNT,2016,17
108,Response Rates,COMPLETE RESPONSE,2016,8
109,Dose-Finding,RECOMMENDED PHASE 2 DOSE,2016,22
110,Immunogenicity,IMMUNE RESPONSE RATE,2016,15
111,Pharmacokinetics,RENAL CLEARANCE,2016,24
112,Biomarkers/Lab Values,PERCENT CHANGE IN LDL CHOLESTEROL,2016,19
113,Treatment Adherence,COMPLIANCE RATE,2016,8
114,Adverse Events/Safety,NUMBER OF PARTICIPANTS WITH DOSE-LIMITING TOXICITIES,2016,13
115,Vital Signs/Physical Measures,CHANGE FROM BASELINE IN FEV1,2016,12
116,Adverse Events/Safety,NUMBER OF PARTICIPANTS WITH UNSOLICITED ADVERSE EVENTS,2016,8
117,Remission/Cure,CLINICAL REMISSION,2016,16
118,Response Rates,RESPONDER RATE,2016,6
119,Quality of Life/PRO,FATIGUE,2016,21
120,Functional Status,6-MINUTE WALK DISTANCE,2016,10
121,Pharmacokinetics,MAXIMUM SERUM CONCENTRATION,2016,16
122,Response Rates,PATHOLOGICAL COMPLETE RESPONSE,2016,8
123,Vital Signs/Physical Measures,DIASTOLIC BLOOD PRESSURE,2016,8
124,Adverse Events/Safety,INJECTION SITE REACTIONS,2016,8
125,Pharmacokinetics,MAXIMUM OBSERVED SERUM CONCENTRATION,2016,13
126,Symptoms/Pain,PAIN SCORE,2016,18
127,Hospitalization/Healthcare Use,HOSPITAL LENGTH OF STAY,2016,8
128,Biomarkers/Lab Values,CHANGE IN WHITE BLOOD CELL COUNT,2016,16
129,Response Rates,PASI 90 RESPONSE,2016,20
130,Symptoms/Pain,CHANGE IN WOMAC PAIN SCORE,2016,13
131,Mortality,30-DAY MORTALITY,2016,12
132,Imaging Outcomes,CHANGE IN EJECTION FRACTION,2016,15
133,Biomarkers/Lab Values,CHANGE IN ALBUMIN,2016,18
134,Adverse Events/Safety,PERCENTAGE OF PARTICIPANTS WITH SERIOUS ADVERSE EVENTS,2016,8
135,Vital Signs/Physical Measures,CHANGE IN TEMPERATURE,2016,13
136,Adverse Events/Safety,TOTAL ADVERSE EVENTS SUMMARY,2016,10
137,Pharmacokinetics,TIME TO MAXIMUM PLASMA CONCENTRATION,2016,13
138,Mental Health Outcomes,SUICIDAL IDEATION ASSESSMENT,2016,9
139,Mental Health Outcomes,CHANGE IN HAM-A SCORE,2016,6
140,Disease Activity Scores,CHANGE IN CDAI SCORE,2016,15
141,Vital Signs/Physical Measures,CHANGE FROM BASELINE IN BLOOD PRESSURE,2016,12
142,Mental Health Outcomes,CHANGE IN MOCA SCORE,2016,13
143,Mental Health Outcomes,CHANGE IN ADAS-COG SCORE,2016,7
144,Adverse Events/Safety,INCIDENCE OF TREATMENT-EMERGENT ADVERSE EVENTS,2016,10
145,Adverse Events/Safety,NUMBER OF PARTICIPANTS WITH ABNORMAL ECG FINDINGS,2016,11
146,Immunogenicity,GEOMETRIC MEAN TITERS,2016,9
147,Quality of Life/PRO,CHANGE IN SGRQ SCORE,2016,8
148,Pharmacokinetics,APPARENT CLEARANCE,2016,12
149,Survival/Time-to-Event,1-YEAR SURVIVAL RATE,2016,5
150,Response Rates,BEST OVERALL RESPONSE RATE,2016,11
151,Biomarkers/Lab Values,CHANGE FROM BASELINE IN HEMATOCRIT,2016,6
152,Biomarkers/Lab Values,CHANGE IN BILIRUBIN,2016,15
153,Adverse Events/Safety,NUMBER OF PARTICIPANTS WITH SERIOUS AND NON-SERIOUS ADVERSE EVENTS,2016,5
154,Hospitalization/Healthcare Use,HOSPITALIZATION RATE,2016,9
155,Adverse Events/Safety,NUMBER OF PATIENTS WITH ADVERSE EVENTS,2016,9
156,Mental Health Outcomes,CHANGE IN YMRS SCORE,2016,1
157,Pharmacokinetics,APPARENT TERMINAL HALF-LIFE,2016,8
158,Biomarkers/Lab Values,PERCENT CHANGE IN TOTAL CHOLESTEROL,2016,15
159,Pharmacokinetics,TROUGH PLASMA CONCENTRATION,2016,14
160,Adverse Events/Safety,NUMBER OF SERIOUS ADVERSE EVENTS,2016,5
161,Adverse Events/Safety,DOSE-LIMITING TOXICITY,2016,7
162,Immunogenicity,GEOMETRIC MEAN TITER,2016,8
163,Microbiological/Virological,VIRAL SUPPRESSION RATE,2016,5
164,Biomarkers/Lab Values,PERCENT CHANGE IN HDL CHOLESTEROL,2016,8
165,Treatment Adherence,RETENTION RATE,2016,6
166,Biomarkers/Lab Values,CHANGE IN FERRITIN,2016,13
167,Adverse Events/Safety,NUMBER OF SUBJECTS WITH ANY AND GRADE 3 SOLICITED LOCAL SYMPTOMS,2016,1
168,Survival/Time-to-Event,TIME TO NEXT TREATMENT,2016,12
169,Mortality,CARDIOVASCULAR MORTALITY,2016,5
170,Response Rates,EASI 75 RESPONSE,2016,3
171,Pharmacokinetics,ELIMINATION HALF-LIFE,2016,12
172,Response Rates,PARTIAL RESPONSE RATE,2016,14
173,Vital Signs/Physical Measures,CHANGE IN PULSE RATE,2016,14
174,Mental Health Outcomes,DEPRESSION RESPONSE RATE,2016,3
175,Biomarkers/Lab Values,CHANGE IN ESR,2016,9
176,Symptoms/Pain,CHANGE IN PRURITUS SCORE,2016,9
177,Survival/Time-to-Event,MEDIAN PROGRESSION FREE SURVIVAL,2016,4
178,Pharmacokinetics,TOTAL BODY CLEARANCE,2016,11
179,Pharmacokinetics,APPARENT ORAL CLEARANCE,2016,4
180,Vital Signs/Physical Measures,CHANGE FROM BASELINE IN TROUGH FEV1,2016,5
181,Vital Signs/Physical Measures,CHANGE IN FEV1,2016,3
182,Response Rates,CLINICAL RESPONSE RATE,2016,4
183,Biomarkers/Lab Values,PERCENT CHANGE IN TRIGLYCERIDES,2016,9
184,Pharmacokinetics,VOLUME OF DISTRIBUTION AT STEADY STATE,2016,7
185,Vital Signs/Physical Measures,CHANGE FROM BASELINE IN PULSE RATE,2016,7
186,Adverse Events/Safety,NUMBER OF PARTICIPANTS WITH CLINICALLY SIGNIFICANT LABORATORY ABNORMALITIES,2016,8
187,Biomarkers/Lab Values,CHANGE IN NT-PROBNP,2016,14
188,Disease Activity Scores,CHANGE IN UPDRS SCORE,2016,5
189,Adverse Events/Safety,NUMBER OF TREATMENT-EMERGENT ADVERSE EVENTS,2016,7
190,Biomarkers/Lab Values,PERCENT CHANGE IN APOLIPOPROTEIN B,2016,12
191,Biomarkers/Lab Values,NUMBER OF PARTICIPANTS WITH LABORATORY TEST ABNORMALITIES,2016,9
192,Adverse Events/Safety,"NUMBER OF SUBJECTS WITH ANY, GRADE 3 AND RELATED SOLICITED GENERAL SYMPTOMS",2016,1
193,Symptoms/Pain,OPIOID CONSUMPTION,2016,6
194,Hospitalization/Healthcare Use,TIME TO HOSPITAL DISCHARGE,2016,3
195,Vital Signs/Physical Measures,HEART RATE,2016,4
196,Vital Signs/Physical Measures,CHANGE FROM BASELINE IN RESPIRATORY RATE,2016,17
197,Survival/Time-to-Event,RELAPSE-FREE SURVIVAL,2016,12
198,Response Rates,PERCENTAGE OF PARTICIPANTS WITH VIROLOGIC FAILURE,2016,15
199,Quality of Life/PRO,CHANGE IN EQ-5D-5L SCORE,2016,7
200,Survival/Time-to-Event,OVERALL SURVIVAL RATE,2016,8
201,Response Rates,PATHOLOGIC COMPLETE RESPONSE,2016,5
202,Quality of Life/PRO,TREATMENT SATISFACTION,2016,8
203,Adverse Events/Safety,NUMBER OF PARTICIPANTS WITH ANY ADVERSE EVENTS,2016,5
204,Biomarkers/Lab Values,MINIMAL RESIDUAL DISEASE NEGATIVITY,2016,6
205,Imaging Outcomes,CHANGE IN TUMOR SIZE,2016,1
206,Adverse Events/Safety,NUMBER OF PARTICIPANTS WITH SERIOUS AND/OR NON-SERIOUS ADVERSE EVENTS,2016,6
207,Symptoms/Pain,VAS PAIN SCORE,2016,4
208,Quality of Life/PRO,CHANGE IN EQ-5D VAS SCORE,2016,6
209,Adverse Events/Safety,NUMBER OF PARTICIPANTS WITH ADVERSE EVENTS LEADING TO DISCONTINUATION,2016,4
210,Adverse Events/Safety,NUMBER OF PARTICIPANTS WITH DRUG-RELATED ADVERSE EVENTS,2016,7
211,Adverse Events/Safety,NUMBER OF PARTICIPANTS WITH ECG ABNORMALITIES,2016,11
212,Biomarkers/Lab Values,CHANGE IN C-REACTIVE PROTEIN,2016,5
213,Mental Health Outcomes,CHANGE IN HADS SCORE,2016,4
214,Mental Health Outcomes,CHANGE FROM BASELINE IN CGI-S SCORE,2016,5
215,Vital Signs/Physical Measures,CHANGE FROM BASELINE IN SYSTOLIC BLOOD PRESSURE,2016,7
216,Quality of Life/PRO,CHANGE IN FATIGUE SCORE,2016,9
217,Response Rates,CLINICAL RESPONSE,2016,3
218,Survival/Time-to-Event,TIME TO PSA PROGRESSION,2016,6
219,Pharmacokinetics,ELIMINATION RATE CONSTANT,2016,9
220,Adverse Events/Safety,NUMBER OF PARTICIPANTS WITH ADVERSE EVENTS OF SPECIAL INTEREST,2016,1
221,Pharmacokinetics,PEAK PLASMA CONCENTRATION,2016,11
222,Symptoms/Pain,NAUSEA,2016,10
223,Biomarkers/Lab Values,CHANGE IN ABSOLUTE NEUTROPHIL COUNT,2016,6
224,Biomarkers/Lab Values,CHANGE FROM BASELINE IN HEMATOLOGY PARAMETERS,2016,3
225,Biomarkers/Lab Values,CHANGE IN HEMATOCRIT,2016,6
226,Mortality,TREATMENT-RELATED MORTALITY,2016,5
227,Survival/Time-to-Event,RECURRENCE-FREE SURVIVAL,2016,5
228,Pharmacokinetics,AUCTAU,2016,12
229,Functional Status,CHANGE IN EDSS SCORE,2016,7
230,Biomarkers/Lab Values,CHANGE IN HSCRP,2016,9
231,Response Rates,TUMOR RESPONSE RATE,2016,3
232,Response Rates,PASI 50 RESPONSE,2016,4
233,Adverse Events/Safety,PROCEDURAL SUCCESS,2016,8
234,Quality of Life/PRO,CHANGE IN KCCQ SCORE,2016,14
235,Quality of Life/PRO,SLEEP EFFICIENCY,2016,9
236,Survival/Time-to-Event,TIME TO RELAPSE,2016,6
237,Pharmacokinetics,MINIMUM PLASMA CONCENTRATION,2016,6
238,Symptoms/Pain,PRURITUS SCORE,2016,3
239,Vital Signs/Physical Measures,NUMBER OF PARTICIPANTS WITH CLINICALLY SIGNIFICANT CHANGES IN VITAL SIGNS,2016,2
240,Immunogenicity,SERORESPONSE RATE,2016,3
241,Mental Health Outcomes,CHANGE IN CGI-S SCORE,2016,5
242,Adverse Events/Safety,FREQUENCY OF ADVERSE EVENTS,2016,2
243,Vital Signs/Physical Measures,PERCENT CHANGE IN BODY WEIGHT,2016,3
244,Remission/Cure,DEPRESSION REMISSION RATE,2016,1
245,Disease Control,STABLE DISEASE RATE,2016,5
246,Vital Signs/Physical Measures,BODY MASS INDEX,2016,3
247,Vital Signs/Physical Measures,CHANGE FROM BASELINE IN DIASTOLIC BLOOD PRESSURE,2016,5
248,Disease Activity Scores,CHANGE IN SDAI SCORE,2016,15
249,Symptoms/Pain,DYSPNEA SCORE,2016,5
250,Microbiological/Virological,MICROBIOLOGICAL ERADICATION,2016,2
251,Survival/Time-to-Event,TIME TO TUMOR PROGRESSION,2016,2
252,Pharmacokinetics,APPARENT CLEARANCE (CL/F),2016,7
253,Biomarkers/Lab Values,CHANGE IN FASTING INSULIN,2016,7
254,Mental Health Outcomes,CHANGE IN PHQ-8 SCORE,2016,8
255,Adverse Events/Safety,ADVERSE EVENTS LEADING TO DISCONTINUATION,2016,5
256,Mortality,ALL COLLECTED DEATHS,2016,6
257,Pharmacokinetics,AUC∞,2016,7
258,Biomarkers/Lab Values,CHANGE IN FASTING GLUCOSE,2016,8
259,Vital Signs/Physical Measures,FORCED EXPIRATORY VOLUME IN 1 SECOND (FEV1),2016,3
260,Quality of Life/PRO,PARTICIPANT SATISFACTION,2016,5
261,Response Rates,PASI 100 RESPONSE,2016,13
262,Biomarkers/Lab Values,CHANGE IN INR,2016,9
263,Vital Signs/Physical Measures,INTRAOCULAR PRESSURE,2016,4
264,Biomarkers/Lab Values,CHANGE IN HOMA-IR,2016,10
265,Adverse Events/Safety,INCIDENCE OF SERIOUS ADVERSE EVENTS,2016,3
266,Mortality,NUMBER OF PARTICIPANTS WHO DIED,2016,1
267,Pharmacokinetics,PLASMA DECAY HALF-LIFE,2016,3
268,Quality of Life/PRO,TOTAL SLEEP TIME,2016,7
269,Response Rates,TUMOR RESPONSE,2016,2
270,Hospitalization/Healthcare Use,LENGTH OF STAY,2016,7
271,Pharmacokinetics,MAXIMUM OBSERVED PLASMA CONCENTRATION,2016,3
273,Hospitalization/Healthcare Use,DURATION OF HOSPITALIZATION,2016,5
274,Survival/Time-to-Event,DURATION OF OBJECTIVE RESPONSE,2016,6
275,Hospitalization/Healthcare Use,ICU ADMISSION RATE,2016,3
276,Hospitalization/Healthcare Use,ICU LENGTH OF STAY,2016,6
277,Vital Signs/Physical Measures,NUMBER OF PARTICIPANTS WITH CLINICALLY SIGNIFICANT CHANGE IN VITAL SIGNS,2016,3
278,Immunogenicity,NUMBER OF PARTICIPANTS WITH POSITIVE ANTI-DRUG ANTIBODIES,2016,9
280,Quality of Life/PRO,PATIENT GLOBAL IMPRESSION OF IMPROVEMENT,2016,5
281,Vital Signs/Physical Measures,FORCED VITAL CAPACITY,2016,3
282,Biomarkers/Lab Values,LABORATORY VALUES SUMMARY,2016,9
283,Mortality,NON-RELAPSE MORTALITY,2016,3
284,Functional Status,VISUAL ACUITY,2016,5
285,Mental Health Outcomes,CHANGE IN BDI-II SCORE,2016,3
286,Mental Health Outcomes,PERCEIVED STRESS SCORE,2016,5
287,Response Rates,TARGET LESION RESPONSE,2016,2
288,Disease Activity Scores,ANNUALIZED RELAPSE RATE,2016,3
289,Mental Health Outcomes,CHANGE IN ANXIETY SCORE,2016,7
290,Biomarkers/Lab Values,CHANGE IN PSA,2016,7
291,Response Rates,COMPLETE REMISSION RATE,2016,10
292,Remission/Cure,ENDOSCOPIC REMISSION,2016,4
293,Survival/Time-to-Event,PROGRESSION-FREE SURVIVAL RATE,2016,10
294,Hospitalization/Healthcare Use,READMISSION RATE,2016,5
295,Disease Control,ANNUAL EXACERBATION RATE,2016,1
296,Disease Control,CLINICAL SUCCESS,2016,3
297,Remission/Cure,CURE RATE,2016,3
298,Pharmacokinetics,AUC0-LAST,2016,8
299,Functional Status,CHANGE IN VISUAL ACUITY,2016,5
300,Hospitalization/Healthcare Use,EMERGENCY ROOM VISITS,2016,10
301,Biomarkers/Lab Values,MEAN CHANGE IN HEMOGLOBIN,2016,5
302,Imaging Outcomes,PERCENT CHANGE IN BONE MINERAL DENSITY,2016,3
303,Symptoms/Pain,CHANGE IN ADHD-RS SCORE,2016,3
304,Biomarkers/Lab Values,CHANGE IN TOTAL BILIRUBIN,2016,3
305,Disease Control,DURATION OF STABLE DISEASE,2016,1
306,Mortality,MORTALITY,2016,5
307,Adverse Events/Safety,NUMBER OF PARTICIPANTS WITH TREATMENT-EMERGENT SERIOUS ADVERSE EVENTS,2016,5
308,Biomarkers/Lab Values,PERCENT CHANGE IN NON-HDL-C,2016,13
309,Mortality,PERCENTAGE OF PARTICIPANTS WHO DIED,2016,3
310,Vital Signs/Physical Measures,CHANGE FROM BASELINE IN ECG PARAMETERS,2016,7
311,Treatment Adherence,MEDICATION ADHERENCE,2016,4
312,Adverse Events/Safety,NUMBER OF PARTICIPANTS WITH ADVERSE EVENTS AND SERIOUS ADVERSE EVENTS,2016,3
313,Adverse Events/Safety,NUMBER OF PARTICIPANTS WITH GRADE 3 OR HIGHER ADVERSE EVENTS,2016,1
314,Disease Control,TECHNICAL SUCCESS,2016,6
315,Disease Activity Scores,CHANGE IN BASDAI SCORE,2016,6
316,Functional Status,CHANGE IN ECOG PERFORMANCE STATUS,2016,3
317,Remission/Cure,CLINICAL CURE RATE,2016,9
318,Biomarkers/Lab Values,INSULIN SENSITIVITY,2016,4
319,Treatment Adherence,NUMBER OF PARTICIPANTS COMPLETING TREATMENT,2016,2
320,Adverse Events/Safety,TOTAL SERIOUS ADVERSE EVENTS SUMMARY,2016,5
321,Symptoms/Pain,CHANGE IN DYSPNEA SCORE,2016,9
322,Biomarkers/Lab Values,CHANGE IN SERUM CREATININE,2016,4
323,Quality of Life/PRO,CHANGE IN SF-12 SCORE,2016,7
324,Mental Health Outcomes,CLINICIAN GLOBAL IMPRESSION,2016,2
325,Functional Status,CHANGE IN PHYSICAL ACTIVITY,2016,4
326,Quality of Life/PRO,CLIENT SATISFACTION,2016,5
327,Other Clinical Endpoints,DEVICE SUCCESS,2016,3
328,Adverse Events/Safety,NUMBER OF PARTICIPANTS WITH ANY ADVERSE EVENT,2016,3
329,Biomarkers/Lab Values,PERCENT CHANGE IN LDL-C,2016,9
330,Vital Signs/Physical Measures,RESPIRATORY RATE,2016,4
331,Mortality,90-DAY MORTALITY,2016,3
332,Adverse Events/Safety,"NUMBER OF SUBJECTS WITH ANY, GRADE 3 AND RELATED UNSOLICITED ADVERSE EVENTS",2016,2
333,Symptoms/Pain,AVERAGE PAIN SCORE,2016,2
334,Vital Signs/Physical Measures,MEAN CHANGE IN BLOOD PRESSURE,2016,4
335,Response Rates,PSA RESPONSE RATE,2016,3
336,Pharmacokinetics,STEADY-STATE CONCENTRATION,2016,3
337,Pharmacokinetics,SYSTEMIC CLEARANCE,2016,7
338,Vital Signs/Physical Measures,TROUGH FEV1,2016,2
339,Pharmacokinetics,APPARENT TERMINAL ELIMINATION HALF-LIFE,2016,3
340,Biomarkers/Lab Values,CHANGE FROM BASELINE IN ERYTHROCYTES,2016,6
341,Mortality,NUMBER OF DEATHS,2016,2
342,Quality of Life/PRO,CHANGE IN EQ-5D-5L VAS SCORE,2016,6
343,Quality of Life/PRO,CHANGE IN FACIT-FATIGUE SCORE,2016,6
344,Response Rates,MEDIAN DURATION OF RESPONSE,2016,9
345,Adverse Events/Safety,NUMBER OF PARTICIPANTS WHO DISCONTINUED STUDY TREATMENT DUE TO AN AE,2016,8
346,Vital Signs/Physical Measures,NUMBER OF PARTICIPANTS WITH ABNORMAL VITAL SIGNS,2016,1
347,Adverse Events/Safety,NUMBER OF TREATMENT EMERGENT ADVERSE EVENTS,2016,6
348,Adverse Events/Safety,PERCENTAGE OF PARTICIPANTS WITH TREATMENT EMERGENT ADVERSE EVENTS,2016,8
349,Quality of Life/PRO,PITTSBURGH SLEEP QUALITY INDEX SCORE,2016,5
350,Response Rates,PROSTATE-SPECIFIC ANTIGEN RESPONSE,2016,1
351,Adverse Events/Safety,ESTIMATED BLOOD LOSS,2016,5
353,Mental Health Outcomes,CLINICAL GLOBAL IMPRESSION - IMPROVEMENT,2016,5
354,Adverse Events/Safety,NUMBER OF PARTICIPANTS REPORTING ONE OR MORE TREATMENT-EMERGENT ADVERSE EVENTS,2016,7
355,Adverse Events/Safety,NUMBER OF PARTICIPANTS WITH DOSE LIMITING TOXICITY,2016,5
356,Adverse Events/Safety,NUMBER OF PARTICIPANTS WITH CLINICALLY SIGNIFICANT ECG ABNORMALITIES,2016,6
357,Quality of Life/PRO,PATIENT GLOBAL IMPRESSION OF SEVERITY,2016,8
358,Biomarkers/Lab Values,PERCENT CHANGE IN NON-HDL CHOLESTEROL,2016,6
359,Pharmacokinetics,AUCINF,2016,6
360,Mental Health Outcomes,BECK DEPRESSION INVENTORY SCORE,2016,6
361,Functional Status,CHANGE FROM BASELINE IN BEST CORRECTED VISUAL ACUITY,2016,4
362,Functional Status,CHANGE IN BEST CORRECTED VISUAL ACUITY,2016,7
363,Adverse Events/Safety,NUMBER OF SUBJECTS WITH ANY UNSOLICITED ADVERSE EVENTS,2016,1
364,Disease Activity Scores,PERCENT CHANGE IN EASI SCORE,2016,6
365,Immunogenicity,PERCENTAGE OF PARTICIPANTS WITH ANTI-DRUG ANTIBODIES,2016,9
366,Vital Signs/Physical Measures,CHANGE FROM BASELINE IN HEART RATE,2016,9
367,Vital Signs/Physical Measures,CHANGE IN BODY TEMPERATURE,2016,6
368,Mental Health Outcomes,CHANGE IN PERCEIVED STRESS SCORE,2016,3
369,Quality of Life/PRO,CLINICIAN GLOBAL IMPRESSION OF CHANGE,2016,5
370,Mental Health Outcomes,DEPRESSIVE SYMPTOMS,2016,4
371,Adverse Events/Safety,INCIDENCE OF TREATMENT EMERGENT ADVERSE EVENTS,2016,5
372,Adverse Events/Safety,TOTAL OPIOID CONSUMPTION,2016,4
373,Quality of Life/PRO,ACCEPTABILITY OF INTERVENTION,2016,1
374,Biomarkers/Lab Values,CHANGE FROM BASELINE IN CLINICAL CHEMISTRY PARAMETERS,2016,3
375,Vital Signs/Physical Measures,CHANGE IN INTRAOCULAR PRESSURE,2016,8
376,Vital Signs/Physical Measures,CHANGES IN FORCED VITAL CAPACITY,2016,2
377,Imaging Outcomes,LEFT VENTRICULAR EJECTION FRACTION,2016,4
378,Vital Signs/Physical Measures,MEAN ARTERIAL PRESSURE,2016,4
379,Vital Signs/Physical Measures,MEAN CHANGE IN HEART RATE,2016,5
381,Hospitalization/Healthcare Use,PROCEDURE TIME,2016,8
382,Other Clinical Endpoints,RECRUITMENT RATE,2016,5
383,Pharmacokinetics,AUC0-TZ,2016,8
384,Quality of Life/PRO,CHANGE IN SLEEP QUALITY SCORE,2016,3
385,Adverse Events/Safety,NUMBER OF SUBJECTS WITH UNSOLICITED ADVERSE EVENTS,2016,3
386,Microbiological/Virological,PERCENTAGE OF PARTICIPANTS WITH HCV RNA < LLOQ,2016,9
387,Survival/Time-to-Event,TIME TO FIRST EXACERBATION,2016,1
388,Adverse Events/Safety,TREATMENT DISCONTINUATION RATE,2016,3
389,Immunogenicity,VACCINE RESPONSE RATE,2016,3
390,Quality of Life/PRO,CHANGE IN HEALTH-RELATED QUALITY OF LIFE SCORE,2016,3
391,Hospitalization/Healthcare Use,DURATION OF HOSPITAL STAY,2016,2
392,Survival/Time-to-Event,MEDIAN SURVIVAL TIME,2016,5
393,Adverse Events/Safety,NUMBER OF PARTICIPANTS WITH TREATMENT RELATED ADVERSE EVENTS,2016,7
394,Hospitalization/Healthcare Use,OPERATIVE TIME,2016,4
395,Quality of Life/PRO,SLEEP QUALITY SCORE,2016,7
396,Survival/Time-to-Event,2-YEAR SURVIVAL RATE,2016,5
397,Vital Signs/Physical Measures,CHANGE IN RESPIRATORY RATE,2016,7
398,Quality of Life/PRO,CHANGE IN TREATMENT SATISFACTION SCORE,2016,3
399,Symptoms/Pain,CHANGE IN WOMAC STIFFNESS SCORE,2016,4
400,Hospitalization/Healthcare Use,DURATION OF MECHANICAL VENTILATION,2016,6
401,Adverse Events/Safety,NUMBER OF PARTICIPANTS WITH ANY TREATMENT-EMERGENT ADVERSE EVENT,2016,5
402,Adverse Events/Safety,NUMBER OF PARTICIPANTS WITH CLINICAL LABORATORY ABNORMALITIES,2016,3
403,Symptoms/Pain,PAIN INTENSITY,2016,5
404,Pharmacokinetics,AUC(0-T),2016,3
405,Vital Signs/Physical Measures,CHANGE FROM BASELINE IN BODY TEMPERATURE,2016,4
406,Vital Signs/Physical Measures,CHANGE FROM BASELINE IN SYSTOLIC AND DIASTOLIC BLOOD PRESSURE,2016,4
407,Biomarkers/Lab Values,CHANGE IN ALBUMIN AND TOTAL PROTEIN,2016,2
408,Biomarkers/Lab Values,CHANGE IN INSULIN SENSITIVITY,2016,2
409,Mental Health Outcomes,CHANGE IN SELF-EFFICACY SCORE,2016,3
410,Symptoms/Pain,INSOMNIA SEVERITY INDEX,2016,9
411,Functional Status,MEAN CHANGE IN BEST CORRECTED VISUAL ACUITY,2016,2
412,Adverse Events/Safety,NUMBER OF PARTICIPANTS WITH CLINICALLY SIGNIFICANT ECG CHANGES,2016,3
413,Response Rates,PATHOLOGIC COMPLETE RESPONSE RATE,2016,1
415,Mortality,TRANSPLANT-RELATED MORTALITY,2016,4
416,Vital Signs/Physical Measures,VITAL SIGNS SUMMARY,2016,6
417,Survival/Time-to-Event,6-MONTH PROGRESSION-FREE SURVIVAL,2016,4
418,Mental Health Outcomes,CHANGE IN DEPRESSION SCORE,2016,3
419,Quality of Life/PRO,CLINICAL GLOBAL IMPRESSION OF CHANGE,2016,2
420,Immunogenicity,GEOMETRIC MEAN TITER OF ANTIBODIES,2016,4
421,Adverse Events/Safety,NUMBER OF PARTICIPANTS WITH ADVERSE DRUG REACTIONS,2016,7
422,Biomarkers/Lab Values,PERCENT CHANGE IN FASTING TRIGLYCERIDES,2016,6
423,Response Rates,PERCENTAGE OF PARTICIPANTS WITH CLINICAL RESPONSE,2016,2
424,Immunogenicity,SEROPOSITIVITY RATE,2016,5
425,Hospitalization/Healthcare Use,VENTILATOR-FREE DAYS,2016,3
426,Pharmacokinetics,APPARENT TOTAL BODY CLEARANCE,2016,3
427,Biomarkers/Lab Values,CHANGE IN BNP,2016,4
428,Vital Signs/Physical Measures,CHANGE IN FORCED VITAL CAPACITY,2016,4
429,Mental Health Outcomes,DEPRESSION SCORE,2016,1
430,Disease Activity Scores,PERCENT CHANGE IN PASI SCORE,2016,5
431,Biomarkers/Lab Values,CHANGE IN BILIRUBIN AND CREATININE,2016,4
432,Symptoms/Pain,CHANGE IN INSOMNIA SEVERITY INDEX SCORE,2016,3
433,Functional Status,GRIP STRENGTH,2016,5
434,Adverse Events/Safety,PERCENTAGE OF PARTICIPANTS EXPERIENCING TREATMENT-EMERGENT ADVERSE EVENTS,2016,9
435,Biomarkers/Lab Values,CHANGE IN ALKALINE PHOSPHATASE,2016,5
436,Hospitalization/Healthcare Use,LENGTH OF ICU STAY,2016,6
437,Response Rates,NUMBER OF RESPONDERS,2016,3
438,Immunogenicity,NUMBER OF SEROPROTECTED SUBJECTS,2016,2
439,Adverse Events/Safety,NUMBER OF SUBJECTS WITH SOLICITED GENERAL SYMPTOMS,2016,3
440,Pharmacokinetics,TIME OF MAXIMUM CONCENTRATION,2016,4
441,Functional Status,TIMED UP AND GO TEST,2016,1
442,Biomarkers/Lab Values,CHANGE FROM BASELINE IN FASTING PLASMA GLUCOSE,2016,2
443,Biomarkers/Lab Values,CHANGE FROM BASELINE IN RED BLOOD CELL COUNT,2016,2
444,Disease Activity Scores,CHANGE IN SWOLLEN JOINT COUNT,2016,6
446,Imaging Outcomes,MRI LESION COUNT,2016,2
447,Adverse Events/Safety,NUMBER OF PARTICIPANTS WITH NON-SERIOUS ADVERSE EVENTS,2016,2
449,Mortality,28-DAY MORTALITY,2016,1
450,Pharmacokinetics,APPARENT VOLUME OF DISTRIBUTION (VZ/F),2016,3
451,Remission/Cure,CLINICAL CURE,2016,2
452,Survival/Time-to-Event,DURATION OF COMPLETE RESPONSE,2016,3
454,Symptoms/Pain,PAIN INTERFERENCE SCORE,2016,2
455,Remission/Cure,PERCENTAGE OF PARTICIPANTS ACHIEVING CLINICAL REMISSION,2016,5
456,Adverse Events/Safety,RATE OF ADVERSE EVENTS,2016,2
457,Mortality,TIME TO DEATH,2016,1
458,Adverse Events/Safety,ANNUALIZED BLEEDING RATE,2016,2
459,Functional Status,CHANGE FROM BASELINE IN BCVA,2016,1
460,Vital Signs/Physical Measures,CHANGE FROM BASELINE IN BODY WEIGHT,2016,1
461,Functional Status,CHANGE IN WOMAC PHYSICAL FUNCTION SCORE,2016,1
462,Response Rates,CONFIRMED OBJECTIVE RESPONSE RATE,2016,1
463,Adverse Events/Safety,DRUG-RELATED ADVERSE EVENTS,2016,2
464,Adverse Events/Safety,NUMBER OF PARTICIPANTS WITH INJECTION SITE REACTIONS,2016,2
465,Adverse Events/Safety,OCCURRENCE OF ADVERSE EVENTS,2016,5
467,Quality of Life/PRO,SLEEP DISTURBANCE SCORE,2016,1
468,Quality of Life/PRO,ABSOLUTE CHANGE IN CFQ-R RESPIRATORY DOMAIN SCORE,2016,4
469,Symptoms/Pain,APNEA-HYPOPNEA INDEX,2016,2
470,Response Rates,EULAR RESPONSE RATE,2016,3
471,Vital Signs/Physical Measures,MEAN HEART RATE,2016,2
472,Response Rates,PERCENTAGE OF PARTICIPANTS WITH RELAPSE,2016,5
473,Pharmacokinetics,TERMINAL PHASE ELIMINATION HALF-LIFE,2016,2
474,Response Rates,TREATMENT SUCCESS,2016,2
475,Functional Status,ACTIVITIES OF DAILY LIVING,2016,4
476,Biomarkers/Lab Values,CHANGE IN FASTING SERUM GLUCOSE,2016,2
477,Imaging Outcomes,CHANGE IN LEFT VENTRICULAR EJECTION FRACTION,2016,9
478,Disease Control,DURATION OF DISEASE CONTROL,2016,2
479,Treatment Adherence,DURATION OF TREATMENT,2016,2
480,Adverse Events/Safety,NUMBER OF DOSE LIMITING TOXICITIES,2016,5
481,Adverse Events/Safety,NUMBER OF SUBJECTS WITH SOLICITED LOCAL SYMPTOMS,2016,2
483,Mental Health Outcomes,ANXIETY SCORE,2016,3
484,Pharmacokinetics,AVERAGE PLASMA CONCENTRATION,2016,2
485,Disease Activity Scores,CHANGE IN TENDER JOINT COUNT,2016,3
486,Quality of Life/PRO,CHANGE IN WOMAC SCORE,2016,3
487,Mortality,IN-HOSPITAL MORTALITY,2016,2
488,Adverse Events/Safety,INCIDENCE AND SEVERITY OF ADVERSE EVENTS,2016,1
490,Functional Status,PHYSICAL FUNCTION,2016,5
491,Vital Signs/Physical Measures,CHANGE FROM BASELINE IN HEIGHT,2016,4
492,Vital Signs/Physical Measures,CHANGE FROM BASELINE IN INTRAOCULAR PRESSURE,2016,2
493,Quality of Life/PRO,CHANGE IN PITTSBURGH SLEEP QUALITY INDEX SCORE,2016,3
494,Functional Status,CHANGE IN WHO FUNCTIONAL CLASS,2016,2
495,Functional Status,HARRIS HIP SCORE,2016,1
496,Adverse Events/Safety,NUMBER OF PARTICIPANTS WITH COMPLICATIONS,2016,3
497,Adverse Events/Safety,NUMBER OF PARTICIPANTS WITH DOSE-LIMITING TOXICITY,2016,2
498,Adverse Events/Safety,NUMBER OF PARTICIPANTS WITH SOLICITED LOCAL ADVERSE EVENTS,2016,1
499,Adverse Events/Safety,PERCENTAGE OF PARTICIPANTS WITH AT LEAST ONE ADVERSE EVENT,2016,6
500,Pharmacokinetics,PLASMA TROUGH CONCENTRATION,2016,5
1,Response Rates,OBJECTIVE RESPONSE RATE,2017,520
2,Survival/Time-to-Event,OVERALL SURVIVAL,2017,423
3,Survival/Time-to-Event,PROGRESSION-FREE SURVIVAL,2017,420
4,Adverse Events/Safety,NUMBER OF PARTICIPANTS WITH ADVERSE EVENTS,2017,288
5,Pharmacokinetics,MAXIMUM PLASMA CONCENTRATION,2017,304
6,Adverse Events/Safety,NUMBER OF PARTICIPANTS WITH TREATMENT-EMERGENT ADVERSE EVENTS,2017,264
7,Pharmacokinetics,TIME TO MAXIMUM CONCENTRATION,2017,222
8,Response Rates,DURATION OF RESPONSE,2017,212
9,Adverse Events/Safety,NUMBER OF PARTICIPANTS WITH SERIOUS ADVERSE EVENTS,2017,106
10,Pharmacokinetics,AUC FROM 0 TO INFINITY,2017,100
11,Biomarkers/Lab Values,CHANGE IN HEMOGLOBIN A1C,2017,90
12,Vital Signs/Physical Measures,CHANGE IN BODY WEIGHT,2017,102
13,Pharmacokinetics,AREA UNDER THE CONCENTRATION-TIME CURVE,2017,109
14,Disease Control,DISEASE CONTROL RATE,2017,95
15,Pharmacokinetics,PLASMA DRUG CONCENTRATION,2017,95
16,Quality of Life/PRO,CHANGE IN QUALITY OF LIFE SCORE,2017,72
17,Symptoms/Pain,CHANGE IN VAS PAIN SCORE,2017,65
18,Quality of Life/PRO,PATIENT SATISFACTION,2017,80
19,Dose-Finding,MAXIMUM TOLERATED DOSE,2017,58
20,Symptoms/Pain,CHANGE IN PAIN SCORE,2017,63
21,Survival/Time-to-Event,TIME TO PROGRESSION,2017,41
22,Mortality,ALL-CAUSE MORTALITY,2017,49
23,Response Rates,PERCENTAGE OF PARTICIPANTS ACHIEVING TARGET,2017,53
24,Vital Signs/Physical Measures,CHANGE IN BLOOD PRESSURE,2017,83
25,Pharmacokinetics,AUC FROM 0 TO LAST MEASURABLE CONCENTRATION,2017,54
26,Biomarkers/Lab Values,CHANGE IN FASTING PLASMA GLUCOSE,2017,47
27,Adverse Events/Safety,NUMBER OF ADVERSE EVENTS,2017,63
28,Quality of Life/PRO,CHANGE IN SF-36 SCORE,2017,50
29,Response Rates,COMPLETE RESPONSE RATE,2017,60
30,Adverse Events/Safety,NUMBER OF PARTICIPANTS WITH TREATMENT EMERGENT ADVERSE EVENTS,2017,59
31,Vital Signs/Physical Measures,CHANGE IN HEART RATE,2017,58
32,Biomarkers/Lab Values,CHANGE IN HEMOGLOBIN,2017,71
33,Adverse Events/Safety,PERCENTAGE OF PARTICIPANTS WITH ADVERSE EVENTS,2017,45
34,Immunogenicity,SEROCONVERSION RATE,2017,27
35,Pharmacokinetics,VOLUME OF DISTRIBUTION,2017,49
36,Response Rates,CLINICAL BENEFIT RATE,2017,66
37,Quality of Life/PRO,CHANGE IN EQ-5D SCORE,2017,45
38,Hospitalization/Healthcare Use,LENGTH OF HOSPITAL STAY,2017,45
39,Vital Signs/Physical Measures,CHANGE IN BODY MASS INDEX,2017,43
40,Quality of Life/PRO,PATIENT GLOBAL IMPRESSION OF CHANGE,2017,31
41,Symptoms/Pain,CHANGE IN NRS PAIN SCORE,2017,40
42,Response Rates,SUSTAINED VIROLOGIC RESPONSE,2017,36
43,Adverse Events/Safety,DOSE-LIMITING TOXICITIES,2017,48
44,Biomarkers/Lab Values,CHANGE IN LDL CHOLESTEROL,2017,27
45,Survival/Time-to-Event,EVENT-FREE SURVIVAL,2017,41
46,Immunogenicity,SEROPROTECTION RATE,2017,17
47,Functional Status,CHANGE IN 6-MINUTE WALK DISTANCE,2017,40
48,Response Rates,TIME TO RESPONSE,2017,32
49,Survival/Time-to-Event,DISEASE-FREE SURVIVAL,2017,19
50,Pharmacokinetics,APPARENT VOLUME OF DISTRIBUTION,2017,30
51,Mental Health Outcomes,CHANGE IN MADRS SCORE,2017,28
52,Biomarkers/Lab Values,CHANGE IN CRP,2017,19
53,Immunogenicity,ANTI-DRUG ANTIBODIES,2017,28
54,Biomarkers/Lab Values,CHANGE IN TRIGLYCERIDES,2017,22
55,Mental Health Outcomes,CHANGE IN PHQ-9 SCORE,2017,30
56,Biomarkers/Lab Values,CHANGE IN TOTAL CHOLESTEROL,2017,19
57,Response Rates,ACR20 RESPONSE,2017,12
58,Biomarkers/Lab Values,CHANGE IN HDL CHOLESTEROL,2017,23
59,Pharmacokinetics,HALF-LIFE,2017,22
60,Disease Activity Scores,CHANGE IN DAS28 SCORE,2017,11
61,Vital Signs/Physical Measures,CHANGE IN SYSTOLIC BLOOD PRESSURE,2017,27
62,Pharmacokinetics,CLEARANCE,2017,22
63,Functional Status,CHANGE IN HAQ-DI SCORE,2017,16
64,Biomarkers/Lab Values,CHANGE IN VIRAL LOAD,2017,18
65,Treatment Adherence,TREATMENT ADHERENCE RATE,2017,18
66,Biomarkers/Lab Values,CHANGE IN ALT,2017,20
67,Survival/Time-to-Event,MEDIAN OVERALL SURVIVAL,2017,25
68,Vital Signs/Physical Measures,CHANGE IN WAIST CIRCUMFERENCE,2017,34
69,Adverse Events/Safety,INCIDENCE OF ADVERSE EVENTS,2017,28
70,Biomarkers/Lab Values,CHANGE IN CD4 COUNT,2017,10
71,Biomarkers/Lab Values,NUMBER OF PARTICIPANTS WITH LABORATORY ABNORMALITIES,2017,26
72,Pharmacokinetics,TROUGH CONCENTRATION,2017,29
73,Pharmacokinetics,TERMINAL HALF-LIFE,2017,22
74,Quality of Life/PRO,QUALITY OF LIFE SCORE,2017,24
75,Biomarkers/Lab Values,CHANGE IN EGFR,2017,35
76,Mental Health Outcomes,CHANGE IN HAM-D SCORE,2017,6
77,Survival/Time-to-Event,TIME TO TREATMENT FAILURE,2017,10
78,Symptoms/Pain,PAIN RESPONSE RATE,2017,13
79,Response Rates,IGA RESPONSE,2017,36
80,Response Rates,ACR50 RESPONSE,2017,14
81,Immunogenicity,ANTIBODY TITER,2017,9
82,Vital Signs/Physical Measures,CHANGE IN DIASTOLIC BLOOD PRESSURE,2017,18
83,Response Rates,PASI 75 RESPONSE,2017,19
84,Pharmacokinetics,ACCUMULATION RATIO,2017,31
85,Adverse Events/Safety,NUMBER OF PARTICIPANTS WITH TREATMENT-RELATED ADVERSE EVENTS,2017,36
86,Pharmacokinetics,TERMINAL ELIMINATION HALF-LIFE,2017,16
87,Biomarkers/Lab Values,CHANGE IN CREATININE,2017,21
88,Quality of Life/PRO,CHANGE IN DLQI SCORE,2017,17
89,Response Rates,ACR70 RESPONSE,2017,11
90,Mental Health Outcomes,CHANGE IN GAD-7 SCORE,2017,11
91,Survival/Time-to-Event,MEDIAN PROGRESSION-FREE SURVIVAL,2017,32
92,Adverse Events/Safety,PERCENTAGE OF PARTICIPANTS WITH TREATMENT-EMERGENT ADVERSE EVENTS,2017,23
93,Symptoms/Pain,CHANGE IN BPI SCORE,2017,9
94,Immunogenicity,NUMBER OF PARTICIPANTS WITH ANTI-DRUG ANTIBODIES,2017,23
95,Remission/Cure,COMPLETE REMISSION,2017,10
96,Imaging Outcomes,CHANGE IN BONE MINERAL DENSITY,2017,9
97,Quality of Life/PRO,CHANGE IN EORTC QLQ-C30 SCORE,2017,25
98,Biomarkers/Lab Values,PERCENTAGE OF PARTICIPANTS WITH LABORATORY ABNORMALITIES,2017,18
99,Biomarkers/Lab Values,CHANGE IN AST,2017,17
100,Mental Health Outcomes,CHANGE IN PANSS SCORE,2017,13
101,Adverse Events/Safety,NUMBER OF PARTICIPANTS WITH DOSE LIMITING TOXICITIES,2017,13
102,Adverse Events/Safety,GRADE 3 OR HIGHER ADVERSE EVENTS,2017,7
103,Vital Signs/Physical Measures,SYSTOLIC BLOOD PRESSURE,2017,23
104,Treatment Adherence,PERCENTAGE OF PARTICIPANTS COMPLETING TREATMENT,2017,12
105,Mental Health Outcomes,CHANGE IN MMSE SCORE,2017,14
106,Pharmacokinetics,MEAN RESIDENCE TIME,2017,11
107,Biomarkers/Lab Values,CHANGE IN PLATELET COUNT,2017,13
108,Response Rates,COMPLETE RESPONSE,2017,13
109,Dose-Finding,RECOMMENDED PHASE 2 DOSE,2017,19
110,Immunogenicity,IMMUNE RESPONSE RATE,2017,10
111,Pharmacokinetics,RENAL CLEARANCE,2017,18
112,Biomarkers/Lab Values,PERCENT CHANGE IN LDL CHOLESTEROL,2017,10
113,Treatment Adherence,COMPLIANCE RATE,2017,15
114,Adverse Events/Safety,NUMBER OF PARTICIPANTS WITH DOSE-LIMITING TOXICITIES,2017,18
115,Vital Signs/Physical Measures,CHANGE FROM BASELINE IN FEV1,2017,16
116,Adverse Events/Safety,NUMBER OF PARTICIPANTS WITH UNSOLICITED ADVERSE EVENTS,2017,13
117,Remission/Cure,CLINICAL REMISSION,2017,16
118,Response Rates,RESPONDER RATE,2017,19
119,Quality of Life/PRO,FATIGUE,2017,14
120,Functional Status,6-MINUTE WALK DISTANCE,2017,16
121,Pharmacokinetics,MAXIMUM SERUM CONCENTRATION,2017,9
122,Response Rates,PATHOLOGICAL COMPLETE RESPONSE,2017,12
123,Vital Signs/Physical Measures,DIASTOLIC BLOOD PRESSURE,2017,16
124,Adverse Events/Safety,INJECTION SITE REACTIONS,2017,16
125,Pharmacokinetics,MAXIMUM OBSERVED SERUM CONCENTRATION,2017,12
126,Symptoms/Pain,PAIN SCORE,2017,12
127,Hospitalization/Healthcare Use,HOSPITAL LENGTH OF STAY,2017,15
128,Biomarkers/Lab Values,CHANGE IN WHITE BLOOD CELL COUNT,2017,14
129,Response Rates,PASI 90 RESPONSE,2017,18
130,Symptoms/Pain,CHANGE IN WOMAC PAIN SCORE,2017,14
131,Mortality,30-DAY MORTALITY,2017,13
132,Imaging Outcomes,CHANGE IN EJECTION FRACTION,2017,8
133,Biomarkers/Lab Values,CHANGE IN ALBUMIN,2017,14
134,Adverse Events/Safety,PERCENTAGE OF PARTICIPANTS WITH SERIOUS ADVERSE EVENTS,2017,15
135,Vital Signs/Physical Measures,CHANGE IN TEMPERATURE,2017,17
136,Adverse Events/Safety,TOTAL ADVERSE EVENTS SUMMARY,2017,10
137,Pharmacokinetics,TIME TO MAXIMUM PLASMA CONCENTRATION,2017,10
138,Mental Health Outcomes,SUICIDAL IDEATION ASSESSMENT,2017,15
139,Mental Health Outcomes,CHANGE IN HAM-A SCORE,2017,9
140,Disease Activity Scores,CHANGE IN CDAI SCORE,2017,7
141,Vital Signs/Physical Measures,CHANGE FROM BASELINE IN BLOOD PRESSURE,2017,18
142,Mental Health Outcomes,CHANGE IN MOCA SCORE,2017,20
143,Mental Health Outcomes,CHANGE IN ADAS-COG SCORE,2017,12
144,Adverse Events/Safety,INCIDENCE OF TREATMENT-EMERGENT ADVERSE EVENTS,2017,15
145,Adverse Events/Safety,NUMBER OF PARTICIPANTS WITH ABNORMAL ECG FINDINGS,2017,23
146,Immunogenicity,GEOMETRIC MEAN TITERS,2017,5
147,Quality of Life/PRO,CHANGE IN SGRQ SCORE,2017,12
148,Pharmacokinetics,APPARENT CLEARANCE,2017,9
149,Survival/Time-to-Event,1-YEAR SURVIVAL RATE,2017,8
150,Response Rates,BEST OVERALL RESPONSE RATE,2017,12
151,Biomarkers/Lab Values,CHANGE FROM BASELINE IN HEMATOCRIT,2017,15
152,Biomarkers/Lab Values,CHANGE IN BILIRUBIN,2017,13
153,Adverse Events/Safety,NUMBER OF PARTICIPANTS WITH SERIOUS AND NON-SERIOUS ADVERSE EVENTS,2017,12
154,Hospitalization/Healthcare Use,HOSPITALIZATION RATE,2017,9
155,Adverse Events/Safety,NUMBER OF PATIENTS WITH ADVERSE EVENTS,2017,9
156,Mental Health Outcomes,CHANGE IN YMRS SCORE,2017,6
157,Pharmacokinetics,APPARENT TERMINAL HALF-LIFE,2017,8
158,Biomarkers/Lab Values,PERCENT CHANGE IN TOTAL CHOLESTEROL,2017,6
159,Pharmacokinetics,TROUGH PLASMA CONCENTRATION,2017,9
160,Adverse Events/Safety,NUMBER OF SERIOUS ADVERSE EVENTS,2017,6
161,Adverse Events/Safety,DOSE-LIMITING TOXICITY,2017,6
162,Immunogenicity,GEOMETRIC MEAN TITER,2017,3
163,Microbiological/Virological,VIRAL SUPPRESSION RATE,2017,5
164,Biomarkers/Lab Values,PERCENT CHANGE IN HDL CHOLESTEROL,2017,5
165,Treatment Adherence,RETENTION RATE,2017,8
166,Biomarkers/Lab Values,CHANGE IN FERRITIN,2017,12
167,Adverse Events/Safety,NUMBER OF SUBJECTS WITH ANY AND GRADE 3 SOLICITED LOCAL SYMPTOMS,2017,2
168,Survival/Time-to-Event,TIME TO NEXT TREATMENT,2017,10
169,Mortality,CARDIOVASCULAR MORTALITY,2017,9
170,Response Rates,EASI 75 RESPONSE,2017,9
171,Pharmacokinetics,ELIMINATION HALF-LIFE,2017,11
172,Response Rates,PARTIAL RESPONSE RATE,2017,5
173,Vital Signs/Physical Measures,CHANGE IN PULSE RATE,2017,14
174,Mental Health Outcomes,DEPRESSION RESPONSE RATE,2017,9
175,Biomarkers/Lab Values,CHANGE IN ESR,2017,3
176,Symptoms/Pain,CHANGE IN PRURITUS SCORE,2017,11
177,Survival/Time-to-Event,MEDIAN PROGRESSION FREE SURVIVAL,2017,7
178,Pharmacokinetics,TOTAL BODY CLEARANCE,2017,7
179,Pharmacokinetics,APPARENT ORAL CLEARANCE,2017,3
180,Vital Signs/Physical Measures,CHANGE FROM BASELINE IN TROUGH FEV1,2017,4
181,Vital Signs/Physical Measures,CHANGE IN FEV1,2017,9
182,Response Rates,CLINICAL RESPONSE RATE,2017,2
183,Biomarkers/Lab Values,PERCENT CHANGE IN TRIGLYCERIDES,2017,4
184,Pharmacokinetics,VOLUME OF DISTRIBUTION AT STEADY STATE,2017,6
185,Vital Signs/Physical Measures,CHANGE FROM BASELINE IN PULSE RATE,2017,17
186,Adverse Events/Safety,NUMBER OF PARTICIPANTS WITH CLINICALLY SIGNIFICANT LABORATORY ABNORMALITIES,2017,8
187,Biomarkers/Lab Values,CHANGE IN NT-PROBNP,2017,18
188,Disease Activity Scores,CHANGE IN UPDRS SCORE,2017,2
189,Adverse Events/Safety,NUMBER OF TREATMENT-EMERGENT ADVERSE EVENTS,2017,18
190,Biomarkers/Lab Values,PERCENT CHANGE IN APOLIPOPROTEIN B,2017,6
191,Biomarkers/Lab Values,NUMBER OF PARTICIPANTS WITH LABORATORY TEST ABNORMALITIES,2017,4
193,Symptoms/Pain,OPIOID CONSUMPTION,2017,11
194,Hospitalization/Healthcare Use,TIME TO HOSPITAL DISCHARGE,2017,4
195,Vital Signs/Physical Measures,HEART RATE,2017,8
196,Vital Signs/Physical Measures,CHANGE FROM BASELINE IN RESPIRATORY RATE,2017,11
197,Survival/Time-to-Event,RELAPSE-FREE SURVIVAL,2017,9
198,Response Rates,PERCENTAGE OF PARTICIPANTS WITH VIROLOGIC FAILURE,2017,8
199,Quality of Life/PRO,CHANGE IN EQ-5D-5L SCORE,2017,18
200,Survival/Time-to-Event,OVERALL SURVIVAL RATE,2017,6
201,Response Rates,PATHOLOGIC COMPLETE RESPONSE,2017,10
202,Quality of Life/PRO,TREATMENT SATISFACTION,2017,5
203,Adverse Events/Safety,NUMBER OF PARTICIPANTS WITH ANY ADVERSE EVENTS,2017,3
204,Biomarkers/Lab Values,MINIMAL RESIDUAL DISEASE NEGATIVITY,2017,10
205,Imaging Outcomes,CHANGE IN TUMOR SIZE,2017,9
206,Adverse Events/Safety,NUMBER OF PARTICIPANTS WITH SERIOUS AND/OR NON-SERIOUS ADVERSE EVENTS,2017,8
207,Symptoms/Pain,VAS PAIN SCORE,2017,11
208,Quality of Life/PRO,CHANGE IN EQ-5D VAS SCORE,2017,7
209,Adverse Events/Safety,NUMBER OF PARTICIPANTS WITH ADVERSE EVENTS LEADING TO DISCONTINUATION,2017,14
210,Adverse Events/Safety,NUMBER OF PARTICIPANTS WITH DRUG-RELATED ADVERSE EVENTS,2017,7
211,Adverse Events/Safety,NUMBER OF PARTICIPANTS WITH ECG ABNORMALITIES,2017,7
212,Biomarkers/Lab Values,CHANGE IN C-REACTIVE PROTEIN,2017,5
213,Mental Health Outcomes,CHANGE IN HADS SCORE,2017,7
214,Mental Health Outcomes,CHANGE FROM BASELINE IN CGI-S SCORE,2017,4
215,Vital Signs/Physical Measures,CHANGE FROM BASELINE IN SYSTOLIC BLOOD PRESSURE,2017,10
216,Quality of Life/PRO,CHANGE IN FATIGUE SCORE,2017,7
217,Response Rates,CLINICAL RESPONSE,2017,5
218,Survival/Time-to-Event,TIME TO PSA PROGRESSION,2017,7
219,Pharmacokinetics,ELIMINATION RATE CONSTANT,2017,6
220,Adverse Events/Safety,NUMBER OF PARTICIPANTS WITH ADVERSE EVENTS OF SPECIAL INTEREST,2017,4
221,Pharmacokinetics,PEAK PLASMA CONCENTRATION,2017,6
222,Symptoms/Pain,NAUSEA,2017,11
223,Biomarkers/Lab Values,CHANGE IN ABSOLUTE NEUTROPHIL COUNT,2017,6
224,Biomarkers/Lab Values,CHANGE FROM BASELINE IN HEMATOLOGY PARAMETERS,2017,17
225,Biomarkers/Lab Values,CHANGE IN HEMATOCRIT,2017,5
226,Mortality,TREATMENT-RELATED MORTALITY,2017,5
227,Survival/Time-to-Event,RECURRENCE-FREE SURVIVAL,2017,5
228,Pharmacokinetics,AUCTAU,2017,5
229,Functional Status,CHANGE IN EDSS SCORE,2017,5
230,Biomarkers/Lab Values,CHANGE IN HSCRP,2017,6
231,Response Rates,TUMOR RESPONSE RATE,2017,4
232,Response Rates,PASI 50 RESPONSE,2017,5
233,Adverse Events/Safety,PROCEDURAL SUCCESS,2017,9
234,Quality of Life/PRO,CHANGE IN KCCQ SCORE,2017,10
235,Quality of Life/PRO,SLEEP EFFICIENCY,2017,2
236,Survival/Time-to-Event,TIME TO RELAPSE,2017,6
237,Pharmacokinetics,MINIMUM PLASMA CONCENTRATION,2017,6
238,Symptoms/Pain,PRURITUS SCORE,2017,5
239,Vital Signs/Physical Measures,NUMBER OF PARTICIPANTS WITH CLINICALLY SIGNIFICANT CHANGES IN VITAL SIGNS,2017,4
240,Immunogenicity,SERORESPONSE RATE,2017,3
241,Mental Health Outcomes,CHANGE IN CGI-S SCORE,2017,3
242,Adverse Events/Safety,FREQUENCY OF ADVERSE EVENTS,2017,5
243,Vital Signs/Physical Measures,PERCENT CHANGE IN BODY WEIGHT,2017,9
244,Remission/Cure,DEPRESSION REMISSION RATE,2017,5
245,Disease Control,STABLE DISEASE RATE,2017,5
246,Vital Signs/Physical Measures,BODY MASS INDEX,2017,8
247,Vital Signs/Physical Measures,CHANGE FROM BASELINE IN DIASTOLIC BLOOD PRESSURE,2017,5
248,Disease Activity Scores,CHANGE IN SDAI SCORE,2017,2
249,Symptoms/Pain,DYSPNEA SCORE,2017,5
250,Microbiological/Virological,MICROBIOLOGICAL ERADICATION,2017,4
251,Survival/Time-to-Event,TIME TO TUMOR PROGRESSION,2017,2
252,Pharmacokinetics,APPARENT CLEARANCE (CL/F),2017,6
253,Biomarkers/Lab Values,CHANGE IN FASTING INSULIN,2017,7
254,Mental Health Outcomes,CHANGE IN PHQ-8 SCORE,2017,2
255,Adverse Events/Safety,ADVERSE EVENTS LEADING TO DISCONTINUATION,2017,7
256,Mortality,ALL COLLECTED DEATHS,2017,4
257,Pharmacokinetics,AUC∞,2017,12
258,Biomarkers/Lab Values,CHANGE IN FASTING GLUCOSE,2017,2
259,Vital Signs/Physical Measures,FORCED EXPIRATORY VOLUME IN 1 SECOND (FEV1),2017,5
260,Quality of Life/PRO,PARTICIPANT SATISFACTION,2017,8
261,Response Rates,PASI 100 RESPONSE,2017,12
262,Biomarkers/Lab Values,CHANGE IN INR,2017,6
263,Vital Signs/Physical Measures,INTRAOCULAR PRESSURE,2017,7
264,Biomarkers/Lab Values,CHANGE IN HOMA-IR,2017,6
265,Adverse Events/Safety,INCIDENCE OF SERIOUS ADVERSE EVENTS,2017,2
266,Mortality,NUMBER OF PARTICIPANTS WHO DIED,2017,7
268,Quality of Life/PRO,TOTAL SLEEP TIME,2017,7
269,Response Rates,TUMOR RESPONSE,2017,2
270,Hospitalization/Healthcare Use,LENGTH OF STAY,2017,8
271,Pharmacokinetics,MAXIMUM OBSERVED PLASMA CONCENTRATION,2017,3
272,Mental Health Outcomes,CHANGE IN CES-D SCORE,2017,5
273,Hospitalization/Healthcare Use,DURATION OF HOSPITALIZATION,2017,4
274,Survival/Time-to-Event,DURATION OF OBJECTIVE RESPONSE,2017,8
275,Hospitalization/Healthcare Use,ICU ADMISSION RATE,2017,4
276,Hospitalization/Healthcare Use,ICU LENGTH OF STAY,2017,2
277,Vital Signs/Physical Measures,NUMBER OF PARTICIPANTS WITH CLINICALLY SIGNIFICANT CHANGE IN VITAL SIGNS,2017,7
278,Immunogenicity,NUMBER OF PARTICIPANTS WITH POSITIVE ANTI-DRUG ANTIBODIES,2017,4
280,Quality of Life/PRO,PATIENT GLOBAL IMPRESSION OF IMPROVEMENT,2017,3
281,Vital Signs/Physical Measures,FORCED VITAL CAPACITY,2017,3
282,Biomarkers/Lab Values,LABORATORY VALUES SUMMARY,2017,8
283,Mortality,NON-RELAPSE MORTALITY,2017,3
284,Functional Status,VISUAL ACUITY,2017,7
285,Mental Health Outcomes,CHANGE IN BDI-II SCORE,2017,3
286,Mental Health Outcomes,PERCEIVED STRESS SCORE,2017,10
287,Response Rates,TARGET LESION RESPONSE,2017,5
288,Disease Activity Scores,ANNUALIZED RELAPSE RATE,2017,5
289,Mental Health Outcomes,CHANGE IN ANXIETY SCORE,2017,10
290,Biomarkers/Lab Values,CHANGE IN PSA,2017,4
291,Response Rates,COMPLETE REMISSION RATE,2017,4
292,Remission/Cure,ENDOSCOPIC REMISSION,2017,8
293,Survival/Time-to-Event,PROGRESSION-FREE SURVIVAL RATE,2017,6
294,Hospitalization/Healthcare Use,READMISSION RATE,2017,10
295,Disease Control,ANNUAL EXACERBATION RATE,2017,7
296,Disease Control,CLINICAL SUCCESS,2017,4
297,Remission/Cure,CURE RATE,2017,4
298,Pharmacokinetics,AUC0-LAST,2017,8
299,Functional Status,CHANGE IN VISUAL ACUITY,2017,4
300,Hospitalization/Healthcare Use,EMERGENCY ROOM VISITS,2017,2
301,Biomarkers/Lab Values,MEAN CHANGE IN HEMOGLOBIN,2017,4
302,Imaging Outcomes,PERCENT CHANGE IN BONE MINERAL DENSITY,2017,6
303,Symptoms/Pain,CHANGE IN ADHD-RS SCORE,2017,5
304,Biomarkers/Lab Values,CHANGE IN TOTAL BILIRUBIN,2017,7
305,Disease Control,DURATION OF STABLE DISEASE,2017,4
306,Mortality,MORTALITY,2017,5
307,Adverse Events/Safety,NUMBER OF PARTICIPANTS WITH TREATMENT-EMERGENT SERIOUS ADVERSE EVENTS,2017,7
308,Biomarkers/Lab Values,PERCENT CHANGE IN NON-HDL-C,2017,4
309,Mortality,PERCENTAGE OF PARTICIPANTS WHO DIED,2017,2
310,Vital Signs/Physical Measures,CHANGE FROM BASELINE IN ECG PARAMETERS,2017,8
311,Treatment Adherence,MEDICATION ADHERENCE,2017,4
312,Adverse Events/Safety,NUMBER OF PARTICIPANTS WITH ADVERSE EVENTS AND SERIOUS ADVERSE EVENTS,2017,3
313,Adverse Events/Safety,NUMBER OF PARTICIPANTS WITH GRADE 3 OR HIGHER ADVERSE EVENTS,2017,8
314,Disease Control,TECHNICAL SUCCESS,2017,4
315,Disease Activity Scores,CHANGE IN BASDAI SCORE,2017,5
316,Functional Status,CHANGE IN ECOG PERFORMANCE STATUS,2017,7
317,Remission/Cure,CLINICAL CURE RATE,2017,3
319,Treatment Adherence,NUMBER OF PARTICIPANTS COMPLETING TREATMENT,2017,9
320,Adverse Events/Safety,TOTAL SERIOUS ADVERSE EVENTS SUMMARY,2017,4
321,Symptoms/Pain,CHANGE IN DYSPNEA SCORE,2017,5
322,Biomarkers/Lab Values,CHANGE IN SERUM CREATININE,2017,6
323,Quality of Life/PRO,CHANGE IN SF-12 SCORE,2017,4
324,Mental Health Outcomes,CLINICIAN GLOBAL IMPRESSION,2017,2
325,Functional Status,CHANGE IN PHYSICAL ACTIVITY,2017,9
326,Quality of Life/PRO,CLIENT SATISFACTION,2017,6
327,Other Clinical Endpoints,DEVICE SUCCESS,2017,6
328,Adverse Events/Safety,NUMBER OF PARTICIPANTS WITH ANY ADVERSE EVENT,2017,4
329,Biomarkers/Lab Values,PERCENT CHANGE IN LDL-C,2017,4
330,Vital Signs/Physical Measures,RESPIRATORY RATE,2017,4
331,Mortality,90-DAY MORTALITY,2017,7
332,Adverse Events/Safety,"NUMBER OF SUBJECTS WITH ANY, GRADE 3 AND RELATED UNSOLICITED ADVERSE EVENTS",2017,1
333,Symptoms/Pain,AVERAGE PAIN SCORE,2017,2
334,Vital Signs/Physical Measures,MEAN CHANGE IN BLOOD PRESSURE,2017,1
335,Response Rates,PSA RESPONSE RATE,2017,7
336,Pharmacokinetics,STEADY-STATE CONCENTRATION,2017,8
337,Pharmacokinetics,SYSTEMIC CLEARANCE,2017,6
338,Vital Signs/Physical Measures,TROUGH FEV1,2017,5
339,Pharmacokinetics,APPARENT TERMINAL ELIMINATION HALF-LIFE,2017,4
340,Biomarkers/Lab Values,CHANGE FROM BASELINE IN ERYTHROCYTES,2017,12
341,Mortality,NUMBER OF DEATHS,2017,5
342,Quality of Life/PRO,CHANGE IN EQ-5D-5L VAS SCORE,2017,14
343,Quality of Life/PRO,CHANGE IN FACIT-FATIGUE SCORE,2017,9
344,Response Rates,MEDIAN DURATION OF RESPONSE,2017,9
345,Adverse Events/Safety,NUMBER OF PARTICIPANTS WHO DISCONTINUED STUDY TREATMENT DUE TO AN AE,2017,6
346,Vital Signs/Physical Measures,NUMBER OF PARTICIPANTS WITH ABNORMAL VITAL SIGNS,2017,9
347,Adverse Events/Safety,NUMBER OF TREATMENT EMERGENT ADVERSE EVENTS,2017,4
348,Adverse Events/Safety,PERCENTAGE OF PARTICIPANTS WITH TREATMENT EMERGENT ADVERSE EVENTS,2017,5
349,Quality of Life/PRO,PITTSBURGH SLEEP QUALITY INDEX SCORE,2017,7
350,Response Rates,PROSTATE-SPECIFIC ANTIGEN RESPONSE,2017,6
351,Adverse Events/Safety,ESTIMATED BLOOD LOSS,2017,7
352,Response Rates,PERCENTAGE OF PATIENTS ACHIEVING TARGET,2017,1
353,Mental Health Outcomes,CLINICAL GLOBAL IMPRESSION - IMPROVEMENT,2017,5
354,Adverse Events/Safety,NUMBER OF PARTICIPANTS REPORTING ONE OR MORE TREATMENT-EMERGENT ADVERSE EVENTS,2017,8
355,Adverse Events/Safety,NUMBER OF PARTICIPANTS WITH DOSE LIMITING TOXICITY,2017,9
356,Adverse Events/Safety,NUMBER OF PARTICIPANTS WITH CLINICALLY SIGNIFICANT ECG ABNORMALITIES,2017,3
357,Quality of Life/PRO,PATIENT GLOBAL IMPRESSION OF SEVERITY,2017,6
358,Biomarkers/Lab Values,PERCENT CHANGE IN NON-HDL CHOLESTEROL,2017,4
359,Pharmacokinetics,AUCINF,2017,1
360,Mental Health Outcomes,BECK DEPRESSION INVENTORY SCORE,2017,2
362,Functional Status,CHANGE IN BEST CORRECTED VISUAL ACUITY,2017,8
363,Adverse Events/Safety,NUMBER OF SUBJECTS WITH ANY UNSOLICITED ADVERSE EVENTS,2017,1
364,Disease Activity Scores,PERCENT CHANGE IN EASI SCORE,2017,5
365,Immunogenicity,PERCENTAGE OF PARTICIPANTS WITH ANTI-DRUG ANTIBODIES,2017,8
366,Vital Signs/Physical Measures,CHANGE FROM BASELINE IN HEART RATE,2017,2
367,Vital Signs/Physical Measures,CHANGE IN BODY TEMPERATURE,2017,5
368,Mental Health Outcomes,CHANGE IN PERCEIVED STRESS SCORE,2017,3
369,Quality of Life/PRO,CLINICIAN GLOBAL IMPRESSION OF CHANGE,2017,1
370,Mental Health Outcomes,DEPRESSIVE SYMPTOMS,2017,5
371,Adverse Events/Safety,INCIDENCE OF TREATMENT EMERGENT ADVERSE EVENTS,2017,3
372,Adverse Events/Safety,TOTAL OPIOID CONSUMPTION,2017,6
374,Biomarkers/Lab Values,CHANGE FROM BASELINE IN CLINICAL CHEMISTRY PARAMETERS,2017,11
375,Vital Signs/Physical Measures,CHANGE IN INTRAOCULAR PRESSURE,2017,1
376,Vital Signs/Physical Measures,CHANGES IN FORCED VITAL CAPACITY,2017,3
377,Imaging Outcomes,LEFT VENTRICULAR EJECTION FRACTION,2017,5
378,Vital Signs/Physical Measures,MEAN ARTERIAL PRESSURE,2017,5
381,Hospitalization/Healthcare Use,PROCEDURE TIME,2017,1
382,Other Clinical Endpoints,RECRUITMENT RATE,2017,7
383,Pharmacokinetics,AUC0-TZ,2017,5
384,Quality of Life/PRO,CHANGE IN SLEEP QUALITY SCORE,2017,3
386,Microbiological/Virological,PERCENTAGE OF PARTICIPANTS WITH HCV RNA < LLOQ,2017,5
387,Survival/Time-to-Event,TIME TO FIRST EXACERBATION,2017,2
388,Adverse Events/Safety,TREATMENT DISCONTINUATION RATE,2017,1
390,Quality of Life/PRO,CHANGE IN HEALTH-RELATED QUALITY OF LIFE SCORE,2017,6
391,Hospitalization/Healthcare Use,DURATION OF HOSPITAL STAY,2017,5
392,Survival/Time-to-Event,MEDIAN SURVIVAL TIME,2017,2
393,Adverse Events/Safety,NUMBER OF PARTICIPANTS WITH TREATMENT RELATED ADVERSE EVENTS,2017,4
394,Hospitalization/Healthcare Use,OPERATIVE TIME,2017,7
395,Quality of Life/PRO,SLEEP QUALITY SCORE,2017,7
396,Survival/Time-to-Event,2-YEAR SURVIVAL RATE,2017,5
397,Vital Signs/Physical Measures,CHANGE IN RESPIRATORY RATE,2017,2
398,Quality of Life/PRO,CHANGE IN TREATMENT SATISFACTION SCORE,2017,5
399,Symptoms/Pain,CHANGE IN WOMAC STIFFNESS SCORE,2017,5
401,Adverse Events/Safety,NUMBER OF PARTICIPANTS WITH ANY TREATMENT-EMERGENT ADVERSE EVENT,2017,9
402,Adverse Events/Safety,NUMBER OF PARTICIPANTS WITH CLINICAL LABORATORY ABNORMALITIES,2017,4
403,Symptoms/Pain,PAIN INTENSITY,2017,3
404,Pharmacokinetics,AUC(0-T),2017,9
405,Vital Signs/Physical Measures,CHANGE FROM BASELINE IN BODY TEMPERATURE,2017,10
406,Vital Signs/Physical Measures,CHANGE FROM BASELINE IN SYSTOLIC AND DIASTOLIC BLOOD PRESSURE,2017,7
407,Biomarkers/Lab Values,CHANGE IN ALBUMIN AND TOTAL PROTEIN,2017,6
409,Mental Health Outcomes,CHANGE IN SELF-EFFICACY SCORE,2017,3
410,Symptoms/Pain,INSOMNIA SEVERITY INDEX,2017,4
411,Functional Status,MEAN CHANGE IN BEST CORRECTED VISUAL ACUITY,2017,7
412,Adverse Events/Safety,NUMBER OF PARTICIPANTS WITH CLINICALLY SIGNIFICANT ECG CHANGES,2017,4
413,Response Rates,PATHOLOGIC COMPLETE RESPONSE RATE,2017,8
414,Adverse Events/Safety,PERCENTAGE OF PARTICIPANTS REPORTING LOCAL REACTIONS,2017,1
415,Mortality,TRANSPLANT-RELATED MORTALITY,2017,3
416,Vital Signs/Physical Measures,VITAL SIGNS SUMMARY,2017,6
417,Survival/Time-to-Event,6-MONTH PROGRESSION-FREE SURVIVAL,2017,1
418,Mental Health Outcomes,CHANGE IN DEPRESSION SCORE,2017,3
419,Quality of Life/PRO,CLINICAL GLOBAL IMPRESSION OF CHANGE,2017,2
420,Immunogenicity,GEOMETRIC MEAN TITER OF ANTIBODIES,2017,1
421,Adverse Events/Safety,NUMBER OF PARTICIPANTS WITH ADVERSE DRUG REACTIONS,2017,3
422,Biomarkers/Lab Values,PERCENT CHANGE IN FASTING TRIGLYCERIDES,2017,5
423,Response Rates,PERCENTAGE OF PARTICIPANTS WITH CLINICAL RESPONSE,2017,4
424,Immunogenicity,SEROPOSITIVITY RATE,2017,5
425,Hospitalization/Healthcare Use,VENTILATOR-FREE DAYS,2017,4
426,Pharmacokinetics,APPARENT TOTAL BODY CLEARANCE,2017,5
427,Biomarkers/Lab Values,CHANGE IN BNP,2017,5
428,Vital Signs/Physical Measures,CHANGE IN FORCED VITAL CAPACITY,2017,1
429,Mental Health Outcomes,DEPRESSION SCORE,2017,4
430,Disease Activity Scores,PERCENT CHANGE IN PASI SCORE,2017,2
431,Biomarkers/Lab Values,CHANGE IN BILIRUBIN AND CREATININE,2017,9
432,Symptoms/Pain,CHANGE IN INSOMNIA SEVERITY INDEX SCORE,2017,5
433,Functional Status,GRIP STRENGTH,2017,5
434,Adverse Events/Safety,PERCENTAGE OF PARTICIPANTS EXPERIENCING TREATMENT-EMERGENT ADVERSE EVENTS,2017,4
435,Biomarkers/Lab Values,CHANGE IN ALKALINE PHOSPHATASE,2017,3
436,Hospitalization/Healthcare Use,LENGTH OF ICU STAY,2017,4
437,Response Rates,NUMBER OF RESPONDERS,2017,4
440,Pharmacokinetics,TIME OF MAXIMUM CONCENTRATION,2017,3
441,Functional Status,TIMED UP AND GO TEST,2017,4
442,Biomarkers/Lab Values,CHANGE FROM BASELINE IN FASTING PLASMA GLUCOSE,2017,2
443,Biomarkers/Lab Values,CHANGE FROM BASELINE IN RED BLOOD CELL COUNT,2017,3
444,Disease Activity Scores,CHANGE IN SWOLLEN JOINT COUNT,2017,2
446,Imaging Outcomes,MRI LESION COUNT,2017,2
447,Adverse Events/Safety,NUMBER OF PARTICIPANTS WITH NON-SERIOUS ADVERSE EVENTS,2017,1
448,Adverse Events/Safety,PERCENTAGE OF PARTICIPANTS REPORTING SYSTEMIC EVENTS,2017,1
449,Mortality,28-DAY MORTALITY,2017,1
450,Pharmacokinetics,APPARENT VOLUME OF DISTRIBUTION (VZ/F),2017,5
451,Remission/Cure,CLINICAL CURE,2017,4
452,Survival/Time-to-Event,DURATION OF COMPLETE RESPONSE,2017,5
454,Symptoms/Pain,PAIN INTERFERENCE SCORE,2017,4
455,Remission/Cure,PERCENTAGE OF PARTICIPANTS ACHIEVING CLINICAL REMISSION,2017,5
456,Adverse Events/Safety,RATE OF ADVERSE EVENTS,2017,1
457,Mortality,TIME TO DEATH,2017,3
458,Adverse Events/Safety,ANNUALIZED BLEEDING RATE,2017,3
459,Functional Status,CHANGE FROM BASELINE IN BCVA,2017,3
460,Vital Signs/Physical Measures,CHANGE FROM BASELINE IN BODY WEIGHT,2017,1
461,Functional Status,CHANGE IN WOMAC PHYSICAL FUNCTION SCORE,2017,7
462,Response Rates,CONFIRMED OBJECTIVE RESPONSE RATE,2017,4
463,Adverse Events/Safety,DRUG-RELATED ADVERSE EVENTS,2017,3
464,Adverse Events/Safety,NUMBER OF PARTICIPANTS WITH INJECTION SITE REACTIONS,2017,1
465,Adverse Events/Safety,OCCURRENCE OF ADVERSE EVENTS,2017,1
466,Adverse Events/Safety,PERCENTAGE OF PARTICIPANTS WITH SYSTEMIC EVENTS,2017,3
467,Quality of Life/PRO,SLEEP DISTURBANCE SCORE,2017,2
468,Quality of Life/PRO,ABSOLUTE CHANGE IN CFQ-R RESPIRATORY DOMAIN SCORE,2017,3
469,Symptoms/Pain,APNEA-HYPOPNEA INDEX,2017,3
471,Vital Signs/Physical Measures,MEAN HEART RATE,2017,1
472,Response Rates,PERCENTAGE OF PARTICIPANTS WITH RELAPSE,2017,5
473,Pharmacokinetics,TERMINAL PHASE ELIMINATION HALF-LIFE,2017,1
474,Response Rates,TREATMENT SUCCESS,2017,1
475,Functional Status,ACTIVITIES OF DAILY LIVING,2017,4
476,Biomarkers/Lab Values,CHANGE IN FASTING SERUM GLUCOSE,2017,1
477,Imaging Outcomes,CHANGE IN LEFT VENTRICULAR EJECTION FRACTION,2017,1
478,Disease Control,DURATION OF DISEASE CONTROL,2017,5
479,Treatment Adherence,DURATION OF TREATMENT,2017,2
480,Adverse Events/Safety,NUMBER OF DOSE LIMITING TOXICITIES,2017,2
483,Mental Health Outcomes,ANXIETY SCORE,2017,6
484,Pharmacokinetics,AVERAGE PLASMA CONCENTRATION,2017,3
485,Disease Activity Scores,CHANGE IN TENDER JOINT COUNT,2017,2
486,Quality of Life/PRO,CHANGE IN WOMAC SCORE,2017,1
487,Mortality,IN-HOSPITAL MORTALITY,2017,8
488,Adverse Events/Safety,INCIDENCE AND SEVERITY OF ADVERSE EVENTS,2017,3
489,Response Rates,NUMBER OF PARTICIPANTS ACHIEVING TARGET,2017,2
490,Functional Status,PHYSICAL FUNCTION,2017,6
491,Vital Signs/Physical Measures,CHANGE FROM BASELINE IN HEIGHT,2017,2
492,Vital Signs/Physical Measures,CHANGE FROM BASELINE IN INTRAOCULAR PRESSURE,2017,2
493,Quality of Life/PRO,CHANGE IN PITTSBURGH SLEEP QUALITY INDEX SCORE,2017,3
494,Functional Status,CHANGE IN WHO FUNCTIONAL CLASS,2017,2
495,Functional Status,HARRIS HIP SCORE,2017,1
496,Adverse Events/Safety,NUMBER OF PARTICIPANTS WITH COMPLICATIONS,2017,5
497,Adverse Events/Safety,NUMBER OF PARTICIPANTS WITH DOSE-LIMITING TOXICITY,2017,3
498,Adverse Events/Safety,NUMBER OF PARTICIPANTS WITH SOLICITED LOCAL ADVERSE EVENTS,2017,1
499,Adverse Events/Safety,PERCENTAGE OF PARTICIPANTS WITH AT LEAST ONE ADVERSE EVENT,2017,4
500,Pharmacokinetics,PLASMA TROUGH CONCENTRATION,2017,6
1,Response Rates,OBJECTIVE RESPONSE RATE,2018,442
2,Survival/Time-to-Event,OVERALL SURVIVAL,2018,365
3,Survival/Time-to-Event,PROGRESSION-FREE SURVIVAL,2018,382
4,Adverse Events/Safety,NUMBER OF PARTICIPANTS WITH ADVERSE EVENTS,2018,261
5,Pharmacokinetics,MAXIMUM PLASMA CONCENTRATION,2018,299
6,Adverse Events/Safety,NUMBER OF PARTICIPANTS WITH TREATMENT-EMERGENT ADVERSE EVENTS,2018,287
7,Pharmacokinetics,TIME TO MAXIMUM CONCENTRATION,2018,220
8,Response Rates,DURATION OF RESPONSE,2018,182
9,Adverse Events/Safety,NUMBER OF PARTICIPANTS WITH SERIOUS ADVERSE EVENTS,2018,105
10,Pharmacokinetics,AUC FROM 0 TO INFINITY,2018,102
11,Biomarkers/Lab Values,CHANGE IN HEMOGLOBIN A1C,2018,73
12,Vital Signs/Physical Measures,CHANGE IN BODY WEIGHT,2018,96
13,Pharmacokinetics,AREA UNDER THE CONCENTRATION-TIME CURVE,2018,110
14,Disease Control,DISEASE CONTROL RATE,2018,109
15,Pharmacokinetics,PLASMA DRUG CONCENTRATION,2018,67
16,Quality of Life/PRO,CHANGE IN QUALITY OF LIFE SCORE,2018,72
17,Symptoms/Pain,CHANGE IN VAS PAIN SCORE,2018,76
18,Quality of Life/PRO,PATIENT SATISFACTION,2018,79
19,Dose-Finding,MAXIMUM TOLERATED DOSE,2018,48
20,Symptoms/Pain,CHANGE IN PAIN SCORE,2018,54
21,Survival/Time-to-Event,TIME TO PROGRESSION,2018,24
22,Mortality,ALL-CAUSE MORTALITY,2018,59
23,Response Rates,PERCENTAGE OF PARTICIPANTS ACHIEVING TARGET,2018,44
24,Vital Signs/Physical Measures,CHANGE IN BLOOD PRESSURE,2018,56
25,Pharmacokinetics,AUC FROM 0 TO LAST MEASURABLE CONCENTRATION,2018,65
26,Biomarkers/Lab Values,CHANGE IN FASTING PLASMA GLUCOSE,2018,27
27,Adverse Events/Safety,NUMBER OF ADVERSE EVENTS,2018,56
28,Quality of Life/PRO,CHANGE IN SF-36 SCORE,2018,43
29,Response Rates,COMPLETE RESPONSE RATE,2018,54
30,Adverse Events/Safety,NUMBER OF PARTICIPANTS WITH TREATMENT EMERGENT ADVERSE EVENTS,2018,69
31,Vital Signs/Physical Measures,CHANGE IN HEART RATE,2018,51
32,Biomarkers/Lab Values,CHANGE IN HEMOGLOBIN,2018,54
33,Adverse Events/Safety,PERCENTAGE OF PARTICIPANTS WITH ADVERSE EVENTS,2018,57
34,Immunogenicity,SEROCONVERSION RATE,2018,28
35,Pharmacokinetics,VOLUME OF DISTRIBUTION,2018,40
36,Response Rates,CLINICAL BENEFIT RATE,2018,42
37,Quality of Life/PRO,CHANGE IN EQ-5D SCORE,2018,31
38,Hospitalization/Healthcare Use,LENGTH OF HOSPITAL STAY,2018,35
39,Vital Signs/Physical Measures,CHANGE IN BODY MASS INDEX,2018,44
40,Quality of Life/PRO,PATIENT GLOBAL IMPRESSION OF CHANGE,2018,40
41,Symptoms/Pain,CHANGE IN NRS PAIN SCORE,2018,55
42,Response Rates,SUSTAINED VIROLOGIC RESPONSE,2018,15
43,Adverse Events/Safety,DOSE-LIMITING TOXICITIES,2018,45
44,Biomarkers/Lab Values,CHANGE IN LDL CHOLESTEROL,2018,30
45,Survival/Time-to-Event,EVENT-FREE SURVIVAL,2018,28
46,Immunogenicity,SEROPROTECTION RATE,2018,21
47,Functional Status,CHANGE IN 6-MINUTE WALK DISTANCE,2018,31
48,Response Rates,TIME TO RESPONSE,2018,36
49,Survival/Time-to-Event,DISEASE-FREE SURVIVAL,2018,18
50,Pharmacokinetics,APPARENT VOLUME OF DISTRIBUTION,2018,46
51,Mental Health Outcomes,CHANGE IN MADRS SCORE,2018,27
52,Biomarkers/Lab Values,CHANGE IN CRP,2018,23
53,Immunogenicity,ANTI-DRUG ANTIBODIES,2018,46
54,Biomarkers/Lab Values,CHANGE IN TRIGLYCERIDES,2018,31
55,Mental Health Outcomes,CHANGE IN PHQ-9 SCORE,2018,49
56,Biomarkers/Lab Values,CHANGE IN TOTAL CHOLESTEROL,2018,25
57,Response Rates,ACR20 RESPONSE,2018,5
58,Biomarkers/Lab Values,CHANGE IN HDL CHOLESTEROL,2018,25
59,Pharmacokinetics,HALF-LIFE,2018,34
60,Disease Activity Scores,CHANGE IN DAS28 SCORE,2018,7
61,Vital Signs/Physical Measures,CHANGE IN SYSTOLIC BLOOD PRESSURE,2018,29
62,Pharmacokinetics,CLEARANCE,2018,22
63,Functional Status,CHANGE IN HAQ-DI SCORE,2018,6
64,Biomarkers/Lab Values,CHANGE IN VIRAL LOAD,2018,15
65,Treatment Adherence,TREATMENT ADHERENCE RATE,2018,30
66,Biomarkers/Lab Values,CHANGE IN ALT,2018,22
67,Survival/Time-to-Event,MEDIAN OVERALL SURVIVAL,2018,19
68,Vital Signs/Physical Measures,CHANGE IN WAIST CIRCUMFERENCE,2018,31
69,Adverse Events/Safety,INCIDENCE OF ADVERSE EVENTS,2018,24
70,Biomarkers/Lab Values,CHANGE IN CD4 COUNT,2018,13
71,Biomarkers/Lab Values,NUMBER OF PARTICIPANTS WITH LABORATORY ABNORMALITIES,2018,24
72,Pharmacokinetics,TROUGH CONCENTRATION,2018,23
73,Pharmacokinetics,TERMINAL HALF-LIFE,2018,17
74,Quality of Life/PRO,QUALITY OF LIFE SCORE,2018,20
75,Biomarkers/Lab Values,CHANGE IN EGFR,2018,25
76,Mental Health Outcomes,CHANGE IN HAM-D SCORE,2018,9
77,Survival/Time-to-Event,TIME TO TREATMENT FAILURE,2018,2
78,Symptoms/Pain,PAIN RESPONSE RATE,2018,11
79,Response Rates,IGA RESPONSE,2018,46
80,Response Rates,ACR50 RESPONSE,2018,4
81,Immunogenicity,ANTIBODY TITER,2018,9
82,Vital Signs/Physical Measures,CHANGE IN DIASTOLIC BLOOD PRESSURE,2018,30
83,Response Rates,PASI 75 RESPONSE,2018,22
84,Pharmacokinetics,ACCUMULATION RATIO,2018,15
85,Adverse Events/Safety,NUMBER OF PARTICIPANTS WITH TREATMENT-RELATED ADVERSE EVENTS,2018,39
86,Pharmacokinetics,TERMINAL ELIMINATION HALF-LIFE,2018,19
87,Biomarkers/Lab Values,CHANGE IN CREATININE,2018,16
88,Quality of Life/PRO,CHANGE IN DLQI SCORE,2018,30
89,Response Rates,ACR70 RESPONSE,2018,4
90,Mental Health Outcomes,CHANGE IN GAD-7 SCORE,2018,28
91,Survival/Time-to-Event,MEDIAN PROGRESSION-FREE SURVIVAL,2018,10
92,Adverse Events/Safety,PERCENTAGE OF PARTICIPANTS WITH TREATMENT-EMERGENT ADVERSE EVENTS,2018,12
93,Symptoms/Pain,CHANGE IN BPI SCORE,2018,12
94,Immunogenicity,NUMBER OF PARTICIPANTS WITH ANTI-DRUG ANTIBODIES,2018,26
95,Remission/Cure,COMPLETE REMISSION,2018,9
96,Imaging Outcomes,CHANGE IN BONE MINERAL DENSITY,2018,12
97,Quality of Life/PRO,CHANGE IN EORTC QLQ-C30 SCORE,2018,29
98,Biomarkers/Lab Values,PERCENTAGE OF PARTICIPANTS WITH LABORATORY ABNORMALITIES,2018,10
99,Biomarkers/Lab Values,CHANGE IN AST,2018,17
100,Mental Health Outcomes,CHANGE IN PANSS SCORE,2018,5
101,Adverse Events/Safety,NUMBER OF PARTICIPANTS WITH DOSE LIMITING TOXICITIES,2018,27
102,Adverse Events/Safety,GRADE 3 OR HIGHER ADVERSE EVENTS,2018,11
103,Vital Signs/Physical Measures,SYSTOLIC BLOOD PRESSURE,2018,16
104,Treatment Adherence,PERCENTAGE OF PARTICIPANTS COMPLETING TREATMENT,2018,20
105,Mental Health Outcomes,CHANGE IN MMSE SCORE,2018,13
106,Pharmacokinetics,MEAN RESIDENCE TIME,2018,13
107,Biomarkers/Lab Values,CHANGE IN PLATELET COUNT,2018,19
108,Response Rates,COMPLETE RESPONSE,2018,4
109,Dose-Finding,RECOMMENDED PHASE 2 DOSE,2018,16
110,Immunogenicity,IMMUNE RESPONSE RATE,2018,4
111,Pharmacokinetics,RENAL CLEARANCE,2018,12
112,Biomarkers/Lab Values,PERCENT CHANGE IN LDL CHOLESTEROL,2018,8
113,Treatment Adherence,COMPLIANCE RATE,2018,16
114,Adverse Events/Safety,NUMBER OF PARTICIPANTS WITH DOSE-LIMITING TOXICITIES,2018,25
115,Vital Signs/Physical Measures,CHANGE FROM BASELINE IN FEV1,2018,9
116,Adverse Events/Safety,NUMBER OF PARTICIPANTS WITH UNSOLICITED ADVERSE EVENTS,2018,11
117,Remission/Cure,CLINICAL REMISSION,2018,20
118,Response Rates,RESPONDER RATE,2018,8
119,Quality of Life/PRO,FATIGUE,2018,9
120,Functional Status,6-MINUTE WALK DISTANCE,2018,11
121,Pharmacokinetics,MAXIMUM SERUM CONCENTRATION,2018,15
122,Response Rates,PATHOLOGICAL COMPLETE RESPONSE,2018,10
123,Vital Signs/Physical Measures,DIASTOLIC BLOOD PRESSURE,2018,16
124,Adverse Events/Safety,INJECTION SITE REACTIONS,2018,15
125,Pharmacokinetics,MAXIMUM OBSERVED SERUM CONCENTRATION,2018,19
126,Symptoms/Pain,PAIN SCORE,2018,17
127,Hospitalization/Healthcare Use,HOSPITAL LENGTH OF STAY,2018,19
128,Biomarkers/Lab Values,CHANGE IN WHITE BLOOD CELL COUNT,2018,12
129,Response Rates,PASI 90 RESPONSE,2018,18
130,Symptoms/Pain,CHANGE IN WOMAC PAIN SCORE,2018,8
131,Mortality,30-DAY MORTALITY,2018,11
132,Imaging Outcomes,CHANGE IN EJECTION FRACTION,2018,10
133,Biomarkers/Lab Values,CHANGE IN ALBUMIN,2018,17
134,Adverse Events/Safety,PERCENTAGE OF PARTICIPANTS WITH SERIOUS ADVERSE EVENTS,2018,16
135,Vital Signs/Physical Measures,CHANGE IN TEMPERATURE,2018,19
136,Adverse Events/Safety,TOTAL ADVERSE EVENTS SUMMARY,2018,5
137,Pharmacokinetics,TIME TO MAXIMUM PLASMA CONCENTRATION,2018,12
138,Mental Health Outcomes,SUICIDAL IDEATION ASSESSMENT,2018,12
139,Mental Health Outcomes,CHANGE IN HAM-A SCORE,2018,7
140,Disease Activity Scores,CHANGE IN CDAI SCORE,2018,5
141,Vital Signs/Physical Measures,CHANGE FROM BASELINE IN BLOOD PRESSURE,2018,14
142,Mental Health Outcomes,CHANGE IN MOCA SCORE,2018,24
143,Mental Health Outcomes,CHANGE IN ADAS-COG SCORE,2018,8
144,Adverse Events/Safety,INCIDENCE OF TREATMENT-EMERGENT ADVERSE EVENTS,2018,18
145,Adverse Events/Safety,NUMBER OF PARTICIPANTS WITH ABNORMAL ECG FINDINGS,2018,18
146,Immunogenicity,GEOMETRIC MEAN TITERS,2018,6
147,Quality of Life/PRO,CHANGE IN SGRQ SCORE,2018,6
148,Pharmacokinetics,APPARENT CLEARANCE,2018,14
149,Survival/Time-to-Event,1-YEAR SURVIVAL RATE,2018,5
150,Response Rates,BEST OVERALL RESPONSE RATE,2018,7
151,Biomarkers/Lab Values,CHANGE FROM BASELINE IN HEMATOCRIT,2018,18
152,Biomarkers/Lab Values,CHANGE IN BILIRUBIN,2018,16
153,Adverse Events/Safety,NUMBER OF PARTICIPANTS WITH SERIOUS AND NON-SERIOUS ADVERSE EVENTS,2018,9
154,Hospitalization/Healthcare Use,HOSPITALIZATION RATE,2018,9
155,Adverse Events/Safety,NUMBER OF PATIENTS WITH ADVERSE EVENTS,2018,6
156,Mental Health Outcomes,CHANGE IN YMRS SCORE,2018,4
157,Pharmacokinetics,APPARENT TERMINAL HALF-LIFE,2018,10
158,Biomarkers/Lab Values,PERCENT CHANGE IN TOTAL CHOLESTEROL,2018,6
159,Pharmacokinetics,TROUGH PLASMA CONCENTRATION,2018,11
160,Adverse Events/Safety,NUMBER OF SERIOUS ADVERSE EVENTS,2018,17
161,Adverse Events/Safety,DOSE-LIMITING TOXICITY,2018,7
162,Immunogenicity,GEOMETRIC MEAN TITER,2018,5
163,Microbiological/Virological,VIRAL SUPPRESSION RATE,2018,7
164,Biomarkers/Lab Values,PERCENT CHANGE IN HDL CHOLESTEROL,2018,3
165,Treatment Adherence,RETENTION RATE,2018,8
166,Biomarkers/Lab Values,CHANGE IN FERRITIN,2018,2
167,Adverse Events/Safety,NUMBER OF SUBJECTS WITH ANY AND GRADE 3 SOLICITED LOCAL SYMPTOMS,2018,1
168,Survival/Time-to-Event,TIME TO NEXT TREATMENT,2018,7
169,Mortality,CARDIOVASCULAR MORTALITY,2018,11
170,Response Rates,EASI 75 RESPONSE,2018,30
171,Pharmacokinetics,ELIMINATION HALF-LIFE,2018,6
172,Response Rates,PARTIAL RESPONSE RATE,2018,8
173,Vital Signs/Physical Measures,CHANGE IN PULSE RATE,2018,9
174,Mental Health Outcomes,DEPRESSION RESPONSE RATE,2018,3
175,Biomarkers/Lab Values,CHANGE IN ESR,2018,6
176,Symptoms/Pain,CHANGE IN PRURITUS SCORE,2018,12
177,Survival/Time-to-Event,MEDIAN PROGRESSION FREE SURVIVAL,2018,7
178,Pharmacokinetics,TOTAL BODY CLEARANCE,2018,10
179,Pharmacokinetics,APPARENT ORAL CLEARANCE,2018,7
180,Vital Signs/Physical Measures,CHANGE FROM BASELINE IN TROUGH FEV1,2018,6
181,Vital Signs/Physical Measures,CHANGE IN FEV1,2018,3
182,Response Rates,CLINICAL RESPONSE RATE,2018,2
183,Biomarkers/Lab Values,PERCENT CHANGE IN TRIGLYCERIDES,2018,4
184,Pharmacokinetics,VOLUME OF DISTRIBUTION AT STEADY STATE,2018,5
185,Vital Signs/Physical Measures,CHANGE FROM BASELINE IN PULSE RATE,2018,12
186,Adverse Events/Safety,NUMBER OF PARTICIPANTS WITH CLINICALLY SIGNIFICANT LABORATORY ABNORMALITIES,2018,14
187,Biomarkers/Lab Values,CHANGE IN NT-PROBNP,2018,9
188,Disease Activity Scores,CHANGE IN UPDRS SCORE,2018,4
189,Adverse Events/Safety,NUMBER OF TREATMENT-EMERGENT ADVERSE EVENTS,2018,16
190,Biomarkers/Lab Values,PERCENT CHANGE IN APOLIPOPROTEIN B,2018,6
191,Biomarkers/Lab Values,NUMBER OF PARTICIPANTS WITH LABORATORY TEST ABNORMALITIES,2018,9
192,Adverse Events/Safety,"NUMBER OF SUBJECTS WITH ANY, GRADE 3 AND RELATED SOLICITED GENERAL SYMPTOMS",2018,1
193,Symptoms/Pain,OPIOID CONSUMPTION,2018,9
194,Hospitalization/Healthcare Use,TIME TO HOSPITAL DISCHARGE,2018,8
195,Vital Signs/Physical Measures,HEART RATE,2018,8
196,Vital Signs/Physical Measures,CHANGE FROM BASELINE IN RESPIRATORY RATE,2018,8
197,Survival/Time-to-Event,RELAPSE-FREE SURVIVAL,2018,7
198,Response Rates,PERCENTAGE OF PARTICIPANTS WITH VIROLOGIC FAILURE,2018,1
199,Quality of Life/PRO,CHANGE IN EQ-5D-5L SCORE,2018,11
200,Survival/Time-to-Event,OVERALL SURVIVAL RATE,2018,7
201,Response Rates,PATHOLOGIC COMPLETE RESPONSE,2018,5
202,Quality of Life/PRO,TREATMENT SATISFACTION,2018,11
203,Adverse Events/Safety,NUMBER OF PARTICIPANTS WITH ANY ADVERSE EVENTS,2018,3
204,Biomarkers/Lab Values,MINIMAL RESIDUAL DISEASE NEGATIVITY,2018,10
205,Imaging Outcomes,CHANGE IN TUMOR SIZE,2018,3
206,Adverse Events/Safety,NUMBER OF PARTICIPANTS WITH SERIOUS AND/OR NON-SERIOUS ADVERSE EVENTS,2018,15
207,Symptoms/Pain,VAS PAIN SCORE,2018,13
208,Quality of Life/PRO,CHANGE IN EQ-5D VAS SCORE,2018,6
209,Adverse Events/Safety,NUMBER OF PARTICIPANTS WITH ADVERSE EVENTS LEADING TO DISCONTINUATION,2018,8
210,Adverse Events/Safety,NUMBER OF PARTICIPANTS WITH DRUG-RELATED ADVERSE EVENTS,2018,6
211,Adverse Events/Safety,NUMBER OF PARTICIPANTS WITH ECG ABNORMALITIES,2018,5
212,Biomarkers/Lab Values,CHANGE IN C-REACTIVE PROTEIN,2018,2
213,Mental Health Outcomes,CHANGE IN HADS SCORE,2018,5
214,Mental Health Outcomes,CHANGE FROM BASELINE IN CGI-S SCORE,2018,5
215,Vital Signs/Physical Measures,CHANGE FROM BASELINE IN SYSTOLIC BLOOD PRESSURE,2018,5
216,Quality of Life/PRO,CHANGE IN FATIGUE SCORE,2018,6
217,Response Rates,CLINICAL RESPONSE,2018,1
218,Survival/Time-to-Event,TIME TO PSA PROGRESSION,2018,4
219,Pharmacokinetics,ELIMINATION RATE CONSTANT,2018,6
220,Adverse Events/Safety,NUMBER OF PARTICIPANTS WITH ADVERSE EVENTS OF SPECIAL INTEREST,2018,5
221,Pharmacokinetics,PEAK PLASMA CONCENTRATION,2018,6
222,Symptoms/Pain,NAUSEA,2018,9
223,Biomarkers/Lab Values,CHANGE IN ABSOLUTE NEUTROPHIL COUNT,2018,4
224,Biomarkers/Lab Values,CHANGE FROM BASELINE IN HEMATOLOGY PARAMETERS,2018,11
225,Biomarkers/Lab Values,CHANGE IN HEMATOCRIT,2018,8
226,Mortality,TREATMENT-RELATED MORTALITY,2018,1
227,Survival/Time-to-Event,RECURRENCE-FREE SURVIVAL,2018,6
228,Pharmacokinetics,AUCTAU,2018,3
229,Functional Status,CHANGE IN EDSS SCORE,2018,6
230,Biomarkers/Lab Values,CHANGE IN HSCRP,2018,6
231,Response Rates,TUMOR RESPONSE RATE,2018,3
232,Response Rates,PASI 50 RESPONSE,2018,5
233,Adverse Events/Safety,PROCEDURAL SUCCESS,2018,3
234,Quality of Life/PRO,CHANGE IN KCCQ SCORE,2018,9
235,Quality of Life/PRO,SLEEP EFFICIENCY,2018,7
236,Survival/Time-to-Event,TIME TO RELAPSE,2018,5
237,Pharmacokinetics,MINIMUM PLASMA CONCENTRATION,2018,5
238,Symptoms/Pain,PRURITUS SCORE,2018,8
239,Vital Signs/Physical Measures,NUMBER OF PARTICIPANTS WITH CLINICALLY SIGNIFICANT CHANGES IN VITAL SIGNS,2018,11
241,Mental Health Outcomes,CHANGE IN CGI-S SCORE,2018,6
242,Adverse Events/Safety,FREQUENCY OF ADVERSE EVENTS,2018,5
243,Vital Signs/Physical Measures,PERCENT CHANGE IN BODY WEIGHT,2018,4
244,Remission/Cure,DEPRESSION REMISSION RATE,2018,3
245,Disease Control,STABLE DISEASE RATE,2018,2
246,Vital Signs/Physical Measures,BODY MASS INDEX,2018,8
247,Vital Signs/Physical Measures,CHANGE FROM BASELINE IN DIASTOLIC BLOOD PRESSURE,2018,2
248,Disease Activity Scores,CHANGE IN SDAI SCORE,2018,1
249,Symptoms/Pain,DYSPNEA SCORE,2018,6
250,Microbiological/Virological,MICROBIOLOGICAL ERADICATION,2018,6
251,Survival/Time-to-Event,TIME TO TUMOR PROGRESSION,2018,1
252,Pharmacokinetics,APPARENT CLEARANCE (CL/F),2018,6
253,Biomarkers/Lab Values,CHANGE IN FASTING INSULIN,2018,5
254,Mental Health Outcomes,CHANGE IN PHQ-8 SCORE,2018,7
255,Adverse Events/Safety,ADVERSE EVENTS LEADING TO DISCONTINUATION,2018,4
256,Mortality,ALL COLLECTED DEATHS,2018,11
257,Pharmacokinetics,AUC∞,2018,15
258,Biomarkers/Lab Values,CHANGE IN FASTING GLUCOSE,2018,10
259,Vital Signs/Physical Measures,FORCED EXPIRATORY VOLUME IN 1 SECOND (FEV1),2018,3
260,Quality of Life/PRO,PARTICIPANT SATISFACTION,2018,2
261,Response Rates,PASI 100 RESPONSE,2018,13
262,Biomarkers/Lab Values,CHANGE IN INR,2018,5
263,Vital Signs/Physical Measures,INTRAOCULAR PRESSURE,2018,8
264,Biomarkers/Lab Values,CHANGE IN HOMA-IR,2018,4
265,Adverse Events/Safety,INCIDENCE OF SERIOUS ADVERSE EVENTS,2018,4
266,Mortality,NUMBER OF PARTICIPANTS WHO DIED,2018,4
268,Quality of Life/PRO,TOTAL SLEEP TIME,2018,3
269,Response Rates,TUMOR RESPONSE,2018,3
270,Hospitalization/Healthcare Use,LENGTH OF STAY,2018,10
271,Pharmacokinetics,MAXIMUM OBSERVED PLASMA CONCENTRATION,2018,3
272,Mental Health Outcomes,CHANGE IN CES-D SCORE,2018,8
273,Hospitalization/Healthcare Use,DURATION OF HOSPITALIZATION,2018,3
274,Survival/Time-to-Event,DURATION OF OBJECTIVE RESPONSE,2018,2
275,Hospitalization/Healthcare Use,ICU ADMISSION RATE,2018,2
276,Hospitalization/Healthcare Use,ICU LENGTH OF STAY,2018,7
277,Vital Signs/Physical Measures,NUMBER OF PARTICIPANTS WITH CLINICALLY SIGNIFICANT CHANGE IN VITAL SIGNS,2018,10
278,Immunogenicity,NUMBER OF PARTICIPANTS WITH POSITIVE ANTI-DRUG ANTIBODIES,2018,9
280,Quality of Life/PRO,PATIENT GLOBAL IMPRESSION OF IMPROVEMENT,2018,2
281,Vital Signs/Physical Measures,FORCED VITAL CAPACITY,2018,5
282,Biomarkers/Lab Values,LABORATORY VALUES SUMMARY,2018,6
283,Mortality,NON-RELAPSE MORTALITY,2018,5
284,Functional Status,VISUAL ACUITY,2018,7
285,Mental Health Outcomes,CHANGE IN BDI-II SCORE,2018,5
286,Mental Health Outcomes,PERCEIVED STRESS SCORE,2018,6
288,Disease Activity Scores,ANNUALIZED RELAPSE RATE,2018,3
289,Mental Health Outcomes,CHANGE IN ANXIETY SCORE,2018,8
290,Biomarkers/Lab Values,CHANGE IN PSA,2018,5
291,Response Rates,COMPLETE REMISSION RATE,2018,1
292,Remission/Cure,ENDOSCOPIC REMISSION,2018,9
293,Survival/Time-to-Event,PROGRESSION-FREE SURVIVAL RATE,2018,7
294,Hospitalization/Healthcare Use,READMISSION RATE,2018,9
295,Disease Control,ANNUAL EXACERBATION RATE,2018,5
296,Disease Control,CLINICAL SUCCESS,2018,2
297,Remission/Cure,CURE RATE,2018,8
298,Pharmacokinetics,AUC0-LAST,2018,6
299,Functional Status,CHANGE IN VISUAL ACUITY,2018,3
300,Hospitalization/Healthcare Use,EMERGENCY ROOM VISITS,2018,3
301,Biomarkers/Lab Values,MEAN CHANGE IN HEMOGLOBIN,2018,5
302,Imaging Outcomes,PERCENT CHANGE IN BONE MINERAL DENSITY,2018,3
303,Symptoms/Pain,CHANGE IN ADHD-RS SCORE,2018,1
304,Biomarkers/Lab Values,CHANGE IN TOTAL BILIRUBIN,2018,4
305,Disease Control,DURATION OF STABLE DISEASE,2018,1
306,Mortality,MORTALITY,2018,6
307,Adverse Events/Safety,NUMBER OF PARTICIPANTS WITH TREATMENT-EMERGENT SERIOUS ADVERSE EVENTS,2018,5
308,Biomarkers/Lab Values,PERCENT CHANGE IN NON-HDL-C,2018,1
309,Mortality,PERCENTAGE OF PARTICIPANTS WHO DIED,2018,1
310,Vital Signs/Physical Measures,CHANGE FROM BASELINE IN ECG PARAMETERS,2018,5
311,Treatment Adherence,MEDICATION ADHERENCE,2018,8
312,Adverse Events/Safety,NUMBER OF PARTICIPANTS WITH ADVERSE EVENTS AND SERIOUS ADVERSE EVENTS,2018,4
313,Adverse Events/Safety,NUMBER OF PARTICIPANTS WITH GRADE 3 OR HIGHER ADVERSE EVENTS,2018,3
314,Disease Control,TECHNICAL SUCCESS,2018,4
315,Disease Activity Scores,CHANGE IN BASDAI SCORE,2018,3
316,Functional Status,CHANGE IN ECOG PERFORMANCE STATUS,2018,4
317,Remission/Cure,CLINICAL CURE RATE,2018,1
318,Biomarkers/Lab Values,INSULIN SENSITIVITY,2018,4
319,Treatment Adherence,NUMBER OF PARTICIPANTS COMPLETING TREATMENT,2018,7
320,Adverse Events/Safety,TOTAL SERIOUS ADVERSE EVENTS SUMMARY,2018,1
321,Symptoms/Pain,CHANGE IN DYSPNEA SCORE,2018,4
322,Biomarkers/Lab Values,CHANGE IN SERUM CREATININE,2018,8
323,Quality of Life/PRO,CHANGE IN SF-12 SCORE,2018,6
324,Mental Health Outcomes,CLINICIAN GLOBAL IMPRESSION,2018,1
325,Functional Status,CHANGE IN PHYSICAL ACTIVITY,2018,6
326,Quality of Life/PRO,CLIENT SATISFACTION,2018,6
327,Other Clinical Endpoints,DEVICE SUCCESS,2018,2
328,Adverse Events/Safety,NUMBER OF PARTICIPANTS WITH ANY ADVERSE EVENT,2018,1
329,Biomarkers/Lab Values,PERCENT CHANGE IN LDL-C,2018,2
330,Vital Signs/Physical Measures,RESPIRATORY RATE,2018,11
331,Mortality,90-DAY MORTALITY,2018,4
332,Adverse Events/Safety,"NUMBER OF SUBJECTS WITH ANY, GRADE 3 AND RELATED UNSOLICITED ADVERSE EVENTS",2018,2
333,Symptoms/Pain,AVERAGE PAIN SCORE,2018,10
334,Vital Signs/Physical Measures,MEAN CHANGE IN BLOOD PRESSURE,2018,3
335,Response Rates,PSA RESPONSE RATE,2018,2
336,Pharmacokinetics,STEADY-STATE CONCENTRATION,2018,3
339,Pharmacokinetics,APPARENT TERMINAL ELIMINATION HALF-LIFE,2018,8
340,Biomarkers/Lab Values,CHANGE FROM BASELINE IN ERYTHROCYTES,2018,8
341,Mortality,NUMBER OF DEATHS,2018,1
342,Quality of Life/PRO,CHANGE IN EQ-5D-5L VAS SCORE,2018,11
343,Quality of Life/PRO,CHANGE IN FACIT-FATIGUE SCORE,2018,8
344,Response Rates,MEDIAN DURATION OF RESPONSE,2018,7
345,Adverse Events/Safety,NUMBER OF PARTICIPANTS WHO DISCONTINUED STUDY TREATMENT DUE TO AN AE,2018,8
346,Vital Signs/Physical Measures,NUMBER OF PARTICIPANTS WITH ABNORMAL VITAL SIGNS,2018,4
347,Adverse Events/Safety,NUMBER OF TREATMENT EMERGENT ADVERSE EVENTS,2018,4
348,Adverse Events/Safety,PERCENTAGE OF PARTICIPANTS WITH TREATMENT EMERGENT ADVERSE EVENTS,2018,5
349,Quality of Life/PRO,PITTSBURGH SLEEP QUALITY INDEX SCORE,2018,3
350,Response Rates,PROSTATE-SPECIFIC ANTIGEN RESPONSE,2018,3
351,Adverse Events/Safety,ESTIMATED BLOOD LOSS,2018,6
352,Response Rates,PERCENTAGE OF PATIENTS ACHIEVING TARGET,2018,3
353,Mental Health Outcomes,CLINICAL GLOBAL IMPRESSION - IMPROVEMENT,2018,2
354,Adverse Events/Safety,NUMBER OF PARTICIPANTS REPORTING ONE OR MORE TREATMENT-EMERGENT ADVERSE EVENTS,2018,4
355,Adverse Events/Safety,NUMBER OF PARTICIPANTS WITH DOSE LIMITING TOXICITY,2018,2
356,Adverse Events/Safety,NUMBER OF PARTICIPANTS WITH CLINICALLY SIGNIFICANT ECG ABNORMALITIES,2018,1
357,Quality of Life/PRO,PATIENT GLOBAL IMPRESSION OF SEVERITY,2018,7
358,Biomarkers/Lab Values,PERCENT CHANGE IN NON-HDL CHOLESTEROL,2018,2
359,Pharmacokinetics,AUCINF,2018,1
360,Mental Health Outcomes,BECK DEPRESSION INVENTORY SCORE,2018,2
361,Functional Status,CHANGE FROM BASELINE IN BEST CORRECTED VISUAL ACUITY,2018,2
362,Functional Status,CHANGE IN BEST CORRECTED VISUAL ACUITY,2018,4
364,Disease Activity Scores,PERCENT CHANGE IN EASI SCORE,2018,16
365,Immunogenicity,PERCENTAGE OF PARTICIPANTS WITH ANTI-DRUG ANTIBODIES,2018,6
366,Vital Signs/Physical Measures,CHANGE FROM BASELINE IN HEART RATE,2018,2
367,Vital Signs/Physical Measures,CHANGE IN BODY TEMPERATURE,2018,7
368,Mental Health Outcomes,CHANGE IN PERCEIVED STRESS SCORE,2018,4
369,Quality of Life/PRO,CLINICIAN GLOBAL IMPRESSION OF CHANGE,2018,1
370,Mental Health Outcomes,DEPRESSIVE SYMPTOMS,2018,3
371,Adverse Events/Safety,INCIDENCE OF TREATMENT EMERGENT ADVERSE EVENTS,2018,8
372,Adverse Events/Safety,TOTAL OPIOID CONSUMPTION,2018,5
373,Quality of Life/PRO,ACCEPTABILITY OF INTERVENTION,2018,3
374,Biomarkers/Lab Values,CHANGE FROM BASELINE IN CLINICAL CHEMISTRY PARAMETERS,2018,8
375,Vital Signs/Physical Measures,CHANGE IN INTRAOCULAR PRESSURE,2018,6
376,Vital Signs/Physical Measures,CHANGES IN FORCED VITAL CAPACITY,2018,6
377,Imaging Outcomes,LEFT VENTRICULAR EJECTION FRACTION,2018,3
378,Vital Signs/Physical Measures,MEAN ARTERIAL PRESSURE,2018,2
379,Vital Signs/Physical Measures,MEAN CHANGE IN HEART RATE,2018,6
381,Hospitalization/Healthcare Use,PROCEDURE TIME,2018,1
382,Other Clinical Endpoints,RECRUITMENT RATE,2018,4
383,Pharmacokinetics,AUC0-TZ,2018,6
384,Quality of Life/PRO,CHANGE IN SLEEP QUALITY SCORE,2018,1
385,Adverse Events/Safety,NUMBER OF SUBJECTS WITH UNSOLICITED ADVERSE EVENTS,2018,1
387,Survival/Time-to-Event,TIME TO FIRST EXACERBATION,2018,1
388,Adverse Events/Safety,TREATMENT DISCONTINUATION RATE,2018,3
389,Immunogenicity,VACCINE RESPONSE RATE,2018,3
390,Quality of Life/PRO,CHANGE IN HEALTH-RELATED QUALITY OF LIFE SCORE,2018,1
391,Hospitalization/Healthcare Use,DURATION OF HOSPITAL STAY,2018,5
392,Survival/Time-to-Event,MEDIAN SURVIVAL TIME,2018,4
393,Adverse Events/Safety,NUMBER OF PARTICIPANTS WITH TREATMENT RELATED ADVERSE EVENTS,2018,5
394,Hospitalization/Healthcare Use,OPERATIVE TIME,2018,1
395,Quality of Life/PRO,SLEEP QUALITY SCORE,2018,6
397,Vital Signs/Physical Measures,CHANGE IN RESPIRATORY RATE,2018,6
398,Quality of Life/PRO,CHANGE IN TREATMENT SATISFACTION SCORE,2018,3
399,Symptoms/Pain,CHANGE IN WOMAC STIFFNESS SCORE,2018,1
400,Hospitalization/Healthcare Use,DURATION OF MECHANICAL VENTILATION,2018,3
401,Adverse Events/Safety,NUMBER OF PARTICIPANTS WITH ANY TREATMENT-EMERGENT ADVERSE EVENT,2018,2
402,Adverse Events/Safety,NUMBER OF PARTICIPANTS WITH CLINICAL LABORATORY ABNORMALITIES,2018,1
403,Symptoms/Pain,PAIN INTENSITY,2018,3
404,Pharmacokinetics,AUC(0-T),2018,5
405,Vital Signs/Physical Measures,CHANGE FROM BASELINE IN BODY TEMPERATURE,2018,6
406,Vital Signs/Physical Measures,CHANGE FROM BASELINE IN SYSTOLIC AND DIASTOLIC BLOOD PRESSURE,2018,3
407,Biomarkers/Lab Values,CHANGE IN ALBUMIN AND TOTAL PROTEIN,2018,1
408,Biomarkers/Lab Values,CHANGE IN INSULIN SENSITIVITY,2018,3
409,Mental Health Outcomes,CHANGE IN SELF-EFFICACY SCORE,2018,7
410,Symptoms/Pain,INSOMNIA SEVERITY INDEX,2018,2
411,Functional Status,MEAN CHANGE IN BEST CORRECTED VISUAL ACUITY,2018,3
412,Adverse Events/Safety,NUMBER OF PARTICIPANTS WITH CLINICALLY SIGNIFICANT ECG CHANGES,2018,6
413,Response Rates,PATHOLOGIC COMPLETE RESPONSE RATE,2018,2
414,Adverse Events/Safety,PERCENTAGE OF PARTICIPANTS REPORTING LOCAL REACTIONS,2018,2
415,Mortality,TRANSPLANT-RELATED MORTALITY,2018,1
416,Vital Signs/Physical Measures,VITAL SIGNS SUMMARY,2018,4
417,Survival/Time-to-Event,6-MONTH PROGRESSION-FREE SURVIVAL,2018,1
418,Mental Health Outcomes,CHANGE IN DEPRESSION SCORE,2018,6
419,Quality of Life/PRO,CLINICAL GLOBAL IMPRESSION OF CHANGE,2018,3
420,Immunogenicity,GEOMETRIC MEAN TITER OF ANTIBODIES,2018,3
421,Adverse Events/Safety,NUMBER OF PARTICIPANTS WITH ADVERSE DRUG REACTIONS,2018,2
422,Biomarkers/Lab Values,PERCENT CHANGE IN FASTING TRIGLYCERIDES,2018,6
423,Response Rates,PERCENTAGE OF PARTICIPANTS WITH CLINICAL RESPONSE,2018,6
424,Immunogenicity,SEROPOSITIVITY RATE,2018,3
425,Hospitalization/Healthcare Use,VENTILATOR-FREE DAYS,2018,2
426,Pharmacokinetics,APPARENT TOTAL BODY CLEARANCE,2018,7
427,Biomarkers/Lab Values,CHANGE IN BNP,2018,4
428,Vital Signs/Physical Measures,CHANGE IN FORCED VITAL CAPACITY,2018,2
429,Mental Health Outcomes,DEPRESSION SCORE,2018,6
430,Disease Activity Scores,PERCENT CHANGE IN PASI SCORE,2018,1
431,Biomarkers/Lab Values,CHANGE IN BILIRUBIN AND CREATININE,2018,12
432,Symptoms/Pain,CHANGE IN INSOMNIA SEVERITY INDEX SCORE,2018,5
433,Functional Status,GRIP STRENGTH,2018,4
434,Adverse Events/Safety,PERCENTAGE OF PARTICIPANTS EXPERIENCING TREATMENT-EMERGENT ADVERSE EVENTS,2018,5
435,Biomarkers/Lab Values,CHANGE IN ALKALINE PHOSPHATASE,2018,3
436,Hospitalization/Healthcare Use,LENGTH OF ICU STAY,2018,2
437,Response Rates,NUMBER OF RESPONDERS,2018,1
438,Immunogenicity,NUMBER OF SEROPROTECTED SUBJECTS,2018,1
439,Adverse Events/Safety,NUMBER OF SUBJECTS WITH SOLICITED GENERAL SYMPTOMS,2018,1
440,Pharmacokinetics,TIME OF MAXIMUM CONCENTRATION,2018,3
441,Functional Status,TIMED UP AND GO TEST,2018,7
443,Biomarkers/Lab Values,CHANGE FROM BASELINE IN RED BLOOD CELL COUNT,2018,3
445,Response Rates,CONFIRMED RESPONSE RATE,2018,1
447,Adverse Events/Safety,NUMBER OF PARTICIPANTS WITH NON-SERIOUS ADVERSE EVENTS,2018,6
448,Adverse Events/Safety,PERCENTAGE OF PARTICIPANTS REPORTING SYSTEMIC EVENTS,2018,2
450,Pharmacokinetics,APPARENT VOLUME OF DISTRIBUTION (VZ/F),2018,2
451,Remission/Cure,CLINICAL CURE,2018,2
452,Survival/Time-to-Event,DURATION OF COMPLETE RESPONSE,2018,3
453,Biomarkers/Lab Values,MEAN CHANGE IN HEMOGLOBIN A1C,2018,3
454,Symptoms/Pain,PAIN INTERFERENCE SCORE,2018,5
455,Remission/Cure,PERCENTAGE OF PARTICIPANTS ACHIEVING CLINICAL REMISSION,2018,4
457,Mortality,TIME TO DEATH,2018,1
458,Adverse Events/Safety,ANNUALIZED BLEEDING RATE,2018,9
459,Functional Status,CHANGE FROM BASELINE IN BCVA,2018,4
460,Vital Signs/Physical Measures,CHANGE FROM BASELINE IN BODY WEIGHT,2018,3
462,Response Rates,CONFIRMED OBJECTIVE RESPONSE RATE,2018,3
463,Adverse Events/Safety,DRUG-RELATED ADVERSE EVENTS,2018,1
464,Adverse Events/Safety,NUMBER OF PARTICIPANTS WITH INJECTION SITE REACTIONS,2018,4
465,Adverse Events/Safety,OCCURRENCE OF ADVERSE EVENTS,2018,2
466,Adverse Events/Safety,PERCENTAGE OF PARTICIPANTS WITH SYSTEMIC EVENTS,2018,5
467,Quality of Life/PRO,SLEEP DISTURBANCE SCORE,2018,4
468,Quality of Life/PRO,ABSOLUTE CHANGE IN CFQ-R RESPIRATORY DOMAIN SCORE,2018,9
469,Symptoms/Pain,APNEA-HYPOPNEA INDEX,2018,1
471,Vital Signs/Physical Measures,MEAN HEART RATE,2018,2
472,Response Rates,PERCENTAGE OF PARTICIPANTS WITH RELAPSE,2018,1
473,Pharmacokinetics,TERMINAL PHASE ELIMINATION HALF-LIFE,2018,2
474,Response Rates,TREATMENT SUCCESS,2018,1
475,Functional Status,ACTIVITIES OF DAILY LIVING,2018,4
476,Biomarkers/Lab Values,CHANGE IN FASTING SERUM GLUCOSE,2018,1
477,Imaging Outcomes,CHANGE IN LEFT VENTRICULAR EJECTION FRACTION,2018,3
478,Disease Control,DURATION OF DISEASE CONTROL,2018,2
479,Treatment Adherence,DURATION OF TREATMENT,2018,2
480,Adverse Events/Safety,NUMBER OF DOSE LIMITING TOXICITIES,2018,4
481,Adverse Events/Safety,NUMBER OF SUBJECTS WITH SOLICITED LOCAL SYMPTOMS,2018,1
483,Mental Health Outcomes,ANXIETY SCORE,2018,6
484,Pharmacokinetics,AVERAGE PLASMA CONCENTRATION,2018,1
485,Disease Activity Scores,CHANGE IN TENDER JOINT COUNT,2018,1
486,Quality of Life/PRO,CHANGE IN WOMAC SCORE,2018,1
487,Mortality,IN-HOSPITAL MORTALITY,2018,3
488,Adverse Events/Safety,INCIDENCE AND SEVERITY OF ADVERSE EVENTS,2018,3
489,Response Rates,NUMBER OF PARTICIPANTS ACHIEVING TARGET,2018,2
490,Functional Status,PHYSICAL FUNCTION,2018,4
491,Vital Signs/Physical Measures,CHANGE FROM BASELINE IN HEIGHT,2018,3
492,Vital Signs/Physical Measures,CHANGE FROM BASELINE IN INTRAOCULAR PRESSURE,2018,2
493,Quality of Life/PRO,CHANGE IN PITTSBURGH SLEEP QUALITY INDEX SCORE,2018,4
494,Functional Status,CHANGE IN WHO FUNCTIONAL CLASS,2018,2
496,Adverse Events/Safety,NUMBER OF PARTICIPANTS WITH COMPLICATIONS,2018,3
497,Adverse Events/Safety,NUMBER OF PARTICIPANTS WITH DOSE-LIMITING TOXICITY,2018,3
498,Adverse Events/Safety,NUMBER OF PARTICIPANTS WITH SOLICITED LOCAL ADVERSE EVENTS,2018,1
499,Adverse Events/Safety,PERCENTAGE OF PARTICIPANTS WITH AT LEAST ONE ADVERSE EVENT,2018,5
500,Pharmacokinetics,PLASMA TROUGH CONCENTRATION,2018,2
1,Response Rates,OBJECTIVE RESPONSE RATE,2019,318
2,Survival/Time-to-Event,OVERALL SURVIVAL,2019,243
3,Survival/Time-to-Event,PROGRESSION-FREE SURVIVAL,2019,255
4,Adverse Events/Safety,NUMBER OF PARTICIPANTS WITH ADVERSE EVENTS,2019,224
5,Pharmacokinetics,MAXIMUM PLASMA CONCENTRATION,2019,246
6,Adverse Events/Safety,NUMBER OF PARTICIPANTS WITH TREATMENT-EMERGENT ADVERSE EVENTS,2019,246
7,Pharmacokinetics,TIME TO MAXIMUM CONCENTRATION,2019,175
8,Response Rates,DURATION OF RESPONSE,2019,148
9,Adverse Events/Safety,NUMBER OF PARTICIPANTS WITH SERIOUS ADVERSE EVENTS,2019,96
10,Pharmacokinetics,AUC FROM 0 TO INFINITY,2019,79
11,Biomarkers/Lab Values,CHANGE IN HEMOGLOBIN A1C,2019,86
12,Vital Signs/Physical Measures,CHANGE IN BODY WEIGHT,2019,83
13,Pharmacokinetics,AREA UNDER THE CONCENTRATION-TIME CURVE,2019,104
14,Disease Control,DISEASE CONTROL RATE,2019,79
15,Pharmacokinetics,PLASMA DRUG CONCENTRATION,2019,92
16,Quality of Life/PRO,CHANGE IN QUALITY OF LIFE SCORE,2019,70
17,Symptoms/Pain,CHANGE IN VAS PAIN SCORE,2019,60
18,Quality of Life/PRO,PATIENT SATISFACTION,2019,89
19,Dose-Finding,MAXIMUM TOLERATED DOSE,2019,31
20,Symptoms/Pain,CHANGE IN PAIN SCORE,2019,66
21,Survival/Time-to-Event,TIME TO PROGRESSION,2019,15
22,Mortality,ALL-CAUSE MORTALITY,2019,48
23,Response Rates,PERCENTAGE OF PARTICIPANTS ACHIEVING TARGET,2019,41
24,Vital Signs/Physical Measures,CHANGE IN BLOOD PRESSURE,2019,50
25,Pharmacokinetics,AUC FROM 0 TO LAST MEASURABLE CONCENTRATION,2019,56
26,Biomarkers/Lab Values,CHANGE IN FASTING PLASMA GLUCOSE,2019,28
27,Adverse Events/Safety,NUMBER OF ADVERSE EVENTS,2019,38
28,Quality of Life/PRO,CHANGE IN SF-36 SCORE,2019,39
29,Response Rates,COMPLETE RESPONSE RATE,2019,34
30,Adverse Events/Safety,NUMBER OF PARTICIPANTS WITH TREATMENT EMERGENT ADVERSE EVENTS,2019,52
31,Vital Signs/Physical Measures,CHANGE IN HEART RATE,2019,50
32,Biomarkers/Lab Values,CHANGE IN HEMOGLOBIN,2019,53
33,Adverse Events/Safety,PERCENTAGE OF PARTICIPANTS WITH ADVERSE EVENTS,2019,45
34,Immunogenicity,SEROCONVERSION RATE,2019,21
35,Pharmacokinetics,VOLUME OF DISTRIBUTION,2019,29
36,Response Rates,CLINICAL BENEFIT RATE,2019,30
37,Quality of Life/PRO,CHANGE IN EQ-5D SCORE,2019,26
38,Hospitalization/Healthcare Use,LENGTH OF HOSPITAL STAY,2019,30
39,Vital Signs/Physical Measures,CHANGE IN BODY MASS INDEX,2019,43
40,Quality of Life/PRO,PATIENT GLOBAL IMPRESSION OF CHANGE,2019,48
41,Symptoms/Pain,CHANGE IN NRS PAIN SCORE,2019,41
42,Response Rates,SUSTAINED VIROLOGIC RESPONSE,2019,7
43,Adverse Events/Safety,DOSE-LIMITING TOXICITIES,2019,46
44,Biomarkers/Lab Values,CHANGE IN LDL CHOLESTEROL,2019,23
45,Survival/Time-to-Event,EVENT-FREE SURVIVAL,2019,31
46,Immunogenicity,SEROPROTECTION RATE,2019,9
47,Functional Status,CHANGE IN 6-MINUTE WALK DISTANCE,2019,23
48,Response Rates,TIME TO RESPONSE,2019,31
49,Survival/Time-to-Event,DISEASE-FREE SURVIVAL,2019,15
50,Pharmacokinetics,APPARENT VOLUME OF DISTRIBUTION,2019,31
51,Mental Health Outcomes,CHANGE IN MADRS SCORE,2019,11
52,Biomarkers/Lab Values,CHANGE IN CRP,2019,19
53,Immunogenicity,ANTI-DRUG ANTIBODIES,2019,43
54,Biomarkers/Lab Values,CHANGE IN TRIGLYCERIDES,2019,23
55,Mental Health Outcomes,CHANGE IN PHQ-9 SCORE,2019,34
56,Biomarkers/Lab Values,CHANGE IN TOTAL CHOLESTEROL,2019,20
57,Response Rates,ACR20 RESPONSE,2019,17
58,Biomarkers/Lab Values,CHANGE IN HDL CHOLESTEROL,2019,16
59,Pharmacokinetics,HALF-LIFE,2019,27
60,Disease Activity Scores,CHANGE IN DAS28 SCORE,2019,10
61,Vital Signs/Physical Measures,CHANGE IN SYSTOLIC BLOOD PRESSURE,2019,25
62,Pharmacokinetics,CLEARANCE,2019,17
63,Functional Status,CHANGE IN HAQ-DI SCORE,2019,16
64,Biomarkers/Lab Values,CHANGE IN VIRAL LOAD,2019,9
65,Treatment Adherence,TREATMENT ADHERENCE RATE,2019,24
66,Biomarkers/Lab Values,CHANGE IN ALT,2019,28
67,Survival/Time-to-Event,MEDIAN OVERALL SURVIVAL,2019,10
68,Vital Signs/Physical Measures,CHANGE IN WAIST CIRCUMFERENCE,2019,25
69,Adverse Events/Safety,INCIDENCE OF ADVERSE EVENTS,2019,21
70,Biomarkers/Lab Values,CHANGE IN CD4 COUNT,2019,10
71,Biomarkers/Lab Values,NUMBER OF PARTICIPANTS WITH LABORATORY ABNORMALITIES,2019,15
72,Pharmacokinetics,TROUGH CONCENTRATION,2019,26
73,Pharmacokinetics,TERMINAL HALF-LIFE,2019,10
74,Quality of Life/PRO,QUALITY OF LIFE SCORE,2019,26
75,Biomarkers/Lab Values,CHANGE IN EGFR,2019,20
76,Mental Health Outcomes,CHANGE IN HAM-D SCORE,2019,13
77,Survival/Time-to-Event,TIME TO TREATMENT FAILURE,2019,8
78,Symptoms/Pain,PAIN RESPONSE RATE,2019,20
79,Response Rates,IGA RESPONSE,2019,27
80,Response Rates,ACR50 RESPONSE,2019,13
81,Immunogenicity,ANTIBODY TITER,2019,11
82,Vital Signs/Physical Measures,CHANGE IN DIASTOLIC BLOOD PRESSURE,2019,17
83,Response Rates,PASI 75 RESPONSE,2019,18
84,Pharmacokinetics,ACCUMULATION RATIO,2019,16
85,Adverse Events/Safety,NUMBER OF PARTICIPANTS WITH TREATMENT-RELATED ADVERSE EVENTS,2019,23
86,Pharmacokinetics,TERMINAL ELIMINATION HALF-LIFE,2019,19
87,Biomarkers/Lab Values,CHANGE IN CREATININE,2019,14
88,Quality of Life/PRO,CHANGE IN DLQI SCORE,2019,31
89,Response Rates,ACR70 RESPONSE,2019,12
90,Mental Health Outcomes,CHANGE IN GAD-7 SCORE,2019,20
91,Survival/Time-to-Event,MEDIAN PROGRESSION-FREE SURVIVAL,2019,8
92,Adverse Events/Safety,PERCENTAGE OF PARTICIPANTS WITH TREATMENT-EMERGENT ADVERSE EVENTS,2019,31
93,Symptoms/Pain,CHANGE IN BPI SCORE,2019,13
94,Immunogenicity,NUMBER OF PARTICIPANTS WITH ANTI-DRUG ANTIBODIES,2019,15
95,Remission/Cure,COMPLETE REMISSION,2019,11
96,Imaging Outcomes,CHANGE IN BONE MINERAL DENSITY,2019,10
97,Quality of Life/PRO,CHANGE IN EORTC QLQ-C30 SCORE,2019,15
98,Biomarkers/Lab Values,PERCENTAGE OF PARTICIPANTS WITH LABORATORY ABNORMALITIES,2019,15
99,Biomarkers/Lab Values,CHANGE IN AST,2019,17
100,Mental Health Outcomes,CHANGE IN PANSS SCORE,2019,6
101,Adverse Events/Safety,NUMBER OF PARTICIPANTS WITH DOSE LIMITING TOXICITIES,2019,13
102,Adverse Events/Safety,GRADE 3 OR HIGHER ADVERSE EVENTS,2019,9
103,Vital Signs/Physical Measures,SYSTOLIC BLOOD PRESSURE,2019,11
104,Treatment Adherence,PERCENTAGE OF PARTICIPANTS COMPLETING TREATMENT,2019,18
105,Mental Health Outcomes,CHANGE IN MMSE SCORE,2019,9
106,Pharmacokinetics,MEAN RESIDENCE TIME,2019,11
107,Biomarkers/Lab Values,CHANGE IN PLATELET COUNT,2019,12
108,Response Rates,COMPLETE RESPONSE,2019,7
109,Dose-Finding,RECOMMENDED PHASE 2 DOSE,2019,11
110,Immunogenicity,IMMUNE RESPONSE RATE,2019,6
111,Pharmacokinetics,RENAL CLEARANCE,2019,19
112,Biomarkers/Lab Values,PERCENT CHANGE IN LDL CHOLESTEROL,2019,3
113,Treatment Adherence,COMPLIANCE RATE,2019,5
114,Adverse Events/Safety,NUMBER OF PARTICIPANTS WITH DOSE-LIMITING TOXICITIES,2019,13
115,Vital Signs/Physical Measures,CHANGE FROM BASELINE IN FEV1,2019,3
116,Adverse Events/Safety,NUMBER OF PARTICIPANTS WITH UNSOLICITED ADVERSE EVENTS,2019,12
117,Remission/Cure,CLINICAL REMISSION,2019,13
118,Response Rates,RESPONDER RATE,2019,13
119,Quality of Life/PRO,FATIGUE,2019,15
120,Functional Status,6-MINUTE WALK DISTANCE,2019,10
121,Pharmacokinetics,MAXIMUM SERUM CONCENTRATION,2019,12
122,Response Rates,PATHOLOGICAL COMPLETE RESPONSE,2019,11
123,Vital Signs/Physical Measures,DIASTOLIC BLOOD PRESSURE,2019,8
124,Adverse Events/Safety,INJECTION SITE REACTIONS,2019,15
125,Pharmacokinetics,MAXIMUM OBSERVED SERUM CONCENTRATION,2019,8
126,Symptoms/Pain,PAIN SCORE,2019,13
127,Hospitalization/Healthcare Use,HOSPITAL LENGTH OF STAY,2019,10
128,Biomarkers/Lab Values,CHANGE IN WHITE BLOOD CELL COUNT,2019,12
129,Response Rates,PASI 90 RESPONSE,2019,19
130,Symptoms/Pain,CHANGE IN WOMAC PAIN SCORE,2019,8
131,Mortality,30-DAY MORTALITY,2019,3
132,Imaging Outcomes,CHANGE IN EJECTION FRACTION,2019,5
133,Biomarkers/Lab Values,CHANGE IN ALBUMIN,2019,17
134,Adverse Events/Safety,PERCENTAGE OF PARTICIPANTS WITH SERIOUS ADVERSE EVENTS,2019,15
135,Vital Signs/Physical Measures,CHANGE IN TEMPERATURE,2019,15
136,Adverse Events/Safety,TOTAL ADVERSE EVENTS SUMMARY,2019,7
137,Pharmacokinetics,TIME TO MAXIMUM PLASMA CONCENTRATION,2019,13
138,Mental Health Outcomes,SUICIDAL IDEATION ASSESSMENT,2019,11
139,Mental Health Outcomes,CHANGE IN HAM-A SCORE,2019,7
140,Disease Activity Scores,CHANGE IN CDAI SCORE,2019,12
141,Vital Signs/Physical Measures,CHANGE FROM BASELINE IN BLOOD PRESSURE,2019,11
142,Mental Health Outcomes,CHANGE IN MOCA SCORE,2019,14
143,Mental Health Outcomes,CHANGE IN ADAS-COG SCORE,2019,4
144,Adverse Events/Safety,INCIDENCE OF TREATMENT-EMERGENT ADVERSE EVENTS,2019,16
145,Adverse Events/Safety,NUMBER OF PARTICIPANTS WITH ABNORMAL ECG FINDINGS,2019,6
146,Immunogenicity,GEOMETRIC MEAN TITERS,2019,4
147,Quality of Life/PRO,CHANGE IN SGRQ SCORE,2019,6
148,Pharmacokinetics,APPARENT CLEARANCE,2019,8
149,Survival/Time-to-Event,1-YEAR SURVIVAL RATE,2019,6
150,Response Rates,BEST OVERALL RESPONSE RATE,2019,5
151,Biomarkers/Lab Values,CHANGE FROM BASELINE IN HEMATOCRIT,2019,14
152,Biomarkers/Lab Values,CHANGE IN BILIRUBIN,2019,13
153,Adverse Events/Safety,NUMBER OF PARTICIPANTS WITH SERIOUS AND NON-SERIOUS ADVERSE EVENTS,2019,4
154,Hospitalization/Healthcare Use,HOSPITALIZATION RATE,2019,10
155,Adverse Events/Safety,NUMBER OF PATIENTS WITH ADVERSE EVENTS,2019,4
156,Mental Health Outcomes,CHANGE IN YMRS SCORE,2019,3
157,Pharmacokinetics,APPARENT TERMINAL HALF-LIFE,2019,11
158,Biomarkers/Lab Values,PERCENT CHANGE IN TOTAL CHOLESTEROL,2019,3
159,Pharmacokinetics,TROUGH PLASMA CONCENTRATION,2019,11
160,Adverse Events/Safety,NUMBER OF SERIOUS ADVERSE EVENTS,2019,6
161,Adverse Events/Safety,DOSE-LIMITING TOXICITY,2019,5
162,Immunogenicity,GEOMETRIC MEAN TITER,2019,5
163,Microbiological/Virological,VIRAL SUPPRESSION RATE,2019,8
164,Biomarkers/Lab Values,PERCENT CHANGE IN HDL CHOLESTEROL,2019,3
165,Treatment Adherence,RETENTION RATE,2019,9
166,Biomarkers/Lab Values,CHANGE IN FERRITIN,2019,9
168,Survival/Time-to-Event,TIME TO NEXT TREATMENT,2019,12
169,Mortality,CARDIOVASCULAR MORTALITY,2019,3
170,Response Rates,EASI 75 RESPONSE,2019,21
171,Pharmacokinetics,ELIMINATION HALF-LIFE,2019,11
172,Response Rates,PARTIAL RESPONSE RATE,2019,4
173,Vital Signs/Physical Measures,CHANGE IN PULSE RATE,2019,6
174,Mental Health Outcomes,DEPRESSION RESPONSE RATE,2019,3
175,Biomarkers/Lab Values,CHANGE IN ESR,2019,2
176,Symptoms/Pain,CHANGE IN PRURITUS SCORE,2019,11
177,Survival/Time-to-Event,MEDIAN PROGRESSION FREE SURVIVAL,2019,2
178,Pharmacokinetics,TOTAL BODY CLEARANCE,2019,8
179,Pharmacokinetics,APPARENT ORAL CLEARANCE,2019,6
180,Vital Signs/Physical Measures,CHANGE FROM BASELINE IN TROUGH FEV1,2019,3
181,Vital Signs/Physical Measures,CHANGE IN FEV1,2019,2
182,Response Rates,CLINICAL RESPONSE RATE,2019,5
183,Biomarkers/Lab Values,PERCENT CHANGE IN TRIGLYCERIDES,2019,3
184,Pharmacokinetics,VOLUME OF DISTRIBUTION AT STEADY STATE,2019,9
185,Vital Signs/Physical Measures,CHANGE FROM BASELINE IN PULSE RATE,2019,14
186,Adverse Events/Safety,NUMBER OF PARTICIPANTS WITH CLINICALLY SIGNIFICANT LABORATORY ABNORMALITIES,2019,12
187,Biomarkers/Lab Values,CHANGE IN NT-PROBNP,2019,4
188,Disease Activity Scores,CHANGE IN UPDRS SCORE,2019,3
189,Adverse Events/Safety,NUMBER OF TREATMENT-EMERGENT ADVERSE EVENTS,2019,16
190,Biomarkers/Lab Values,PERCENT CHANGE IN APOLIPOPROTEIN B,2019,2
191,Biomarkers/Lab Values,NUMBER OF PARTICIPANTS WITH LABORATORY TEST ABNORMALITIES,2019,2
193,Symptoms/Pain,OPIOID CONSUMPTION,2019,13
194,Hospitalization/Healthcare Use,TIME TO HOSPITAL DISCHARGE,2019,8
195,Vital Signs/Physical Measures,HEART RATE,2019,7
196,Vital Signs/Physical Measures,CHANGE FROM BASELINE IN RESPIRATORY RATE,2019,15
197,Survival/Time-to-Event,RELAPSE-FREE SURVIVAL,2019,5
198,Response Rates,PERCENTAGE OF PARTICIPANTS WITH VIROLOGIC FAILURE,2019,1
199,Quality of Life/PRO,CHANGE IN EQ-5D-5L SCORE,2019,7
200,Survival/Time-to-Event,OVERALL SURVIVAL RATE,2019,8
201,Response Rates,PATHOLOGIC COMPLETE RESPONSE,2019,4
202,Quality of Life/PRO,TREATMENT SATISFACTION,2019,10
203,Adverse Events/Safety,NUMBER OF PARTICIPANTS WITH ANY ADVERSE EVENTS,2019,7
204,Biomarkers/Lab Values,MINIMAL RESIDUAL DISEASE NEGATIVITY,2019,8
205,Imaging Outcomes,CHANGE IN TUMOR SIZE,2019,3
206,Adverse Events/Safety,NUMBER OF PARTICIPANTS WITH SERIOUS AND/OR NON-SERIOUS ADVERSE EVENTS,2019,15
207,Symptoms/Pain,VAS PAIN SCORE,2019,9
208,Quality of Life/PRO,CHANGE IN EQ-5D VAS SCORE,2019,2
209,Adverse Events/Safety,NUMBER OF PARTICIPANTS WITH ADVERSE EVENTS LEADING TO DISCONTINUATION,2019,4
210,Adverse Events/Safety,NUMBER OF PARTICIPANTS WITH DRUG-RELATED ADVERSE EVENTS,2019,7
211,Adverse Events/Safety,NUMBER OF PARTICIPANTS WITH ECG ABNORMALITIES,2019,2
212,Biomarkers/Lab Values,CHANGE IN C-REACTIVE PROTEIN,2019,4
213,Mental Health Outcomes,CHANGE IN HADS SCORE,2019,10
214,Mental Health Outcomes,CHANGE FROM BASELINE IN CGI-S SCORE,2019,8
215,Vital Signs/Physical Measures,CHANGE FROM BASELINE IN SYSTOLIC BLOOD PRESSURE,2019,11
216,Quality of Life/PRO,CHANGE IN FATIGUE SCORE,2019,8
217,Response Rates,CLINICAL RESPONSE,2019,3
218,Survival/Time-to-Event,TIME TO PSA PROGRESSION,2019,9
219,Pharmacokinetics,ELIMINATION RATE CONSTANT,2019,11
220,Adverse Events/Safety,NUMBER OF PARTICIPANTS WITH ADVERSE EVENTS OF SPECIAL INTEREST,2019,8
221,Pharmacokinetics,PEAK PLASMA CONCENTRATION,2019,7
222,Symptoms/Pain,NAUSEA,2019,4
223,Biomarkers/Lab Values,CHANGE IN ABSOLUTE NEUTROPHIL COUNT,2019,4
224,Biomarkers/Lab Values,CHANGE FROM BASELINE IN HEMATOLOGY PARAMETERS,2019,15
225,Biomarkers/Lab Values,CHANGE IN HEMATOCRIT,2019,15
226,Mortality,TREATMENT-RELATED MORTALITY,2019,6
227,Survival/Time-to-Event,RECURRENCE-FREE SURVIVAL,2019,8
228,Pharmacokinetics,AUCTAU,2019,7
229,Functional Status,CHANGE IN EDSS SCORE,2019,8
230,Biomarkers/Lab Values,CHANGE IN HSCRP,2019,8
231,Response Rates,TUMOR RESPONSE RATE,2019,2
232,Response Rates,PASI 50 RESPONSE,2019,5
233,Adverse Events/Safety,PROCEDURAL SUCCESS,2019,7
234,Quality of Life/PRO,CHANGE IN KCCQ SCORE,2019,7
235,Quality of Life/PRO,SLEEP EFFICIENCY,2019,5
236,Survival/Time-to-Event,TIME TO RELAPSE,2019,4
237,Pharmacokinetics,MINIMUM PLASMA CONCENTRATION,2019,7
238,Symptoms/Pain,PRURITUS SCORE,2019,6
239,Vital Signs/Physical Measures,NUMBER OF PARTICIPANTS WITH CLINICALLY SIGNIFICANT CHANGES IN VITAL SIGNS,2019,6
240,Immunogenicity,SERORESPONSE RATE,2019,2
241,Mental Health Outcomes,CHANGE IN CGI-S SCORE,2019,4
242,Adverse Events/Safety,FREQUENCY OF ADVERSE EVENTS,2019,7
243,Vital Signs/Physical Measures,PERCENT CHANGE IN BODY WEIGHT,2019,5
244,Remission/Cure,DEPRESSION REMISSION RATE,2019,5
245,Disease Control,STABLE DISEASE RATE,2019,8
246,Vital Signs/Physical Measures,BODY MASS INDEX,2019,11
247,Vital Signs/Physical Measures,CHANGE FROM BASELINE IN DIASTOLIC BLOOD PRESSURE,2019,10
248,Disease Activity Scores,CHANGE IN SDAI SCORE,2019,2
249,Symptoms/Pain,DYSPNEA SCORE,2019,3
250,Microbiological/Virological,MICROBIOLOGICAL ERADICATION,2019,6
251,Survival/Time-to-Event,TIME TO TUMOR PROGRESSION,2019,1
252,Pharmacokinetics,APPARENT CLEARANCE (CL/F),2019,6
253,Biomarkers/Lab Values,CHANGE IN FASTING INSULIN,2019,7
254,Mental Health Outcomes,CHANGE IN PHQ-8 SCORE,2019,8
255,Adverse Events/Safety,ADVERSE EVENTS LEADING TO DISCONTINUATION,2019,4
256,Mortality,ALL COLLECTED DEATHS,2019,8
257,Pharmacokinetics,AUC∞,2019,10
258,Biomarkers/Lab Values,CHANGE IN FASTING GLUCOSE,2019,3
259,Vital Signs/Physical Measures,FORCED EXPIRATORY VOLUME IN 1 SECOND (FEV1),2019,2
260,Quality of Life/PRO,PARTICIPANT SATISFACTION,2019,5
261,Response Rates,PASI 100 RESPONSE,2019,7
262,Biomarkers/Lab Values,CHANGE IN INR,2019,4
263,Vital Signs/Physical Measures,INTRAOCULAR PRESSURE,2019,4
264,Biomarkers/Lab Values,CHANGE IN HOMA-IR,2019,6
265,Adverse Events/Safety,INCIDENCE OF SERIOUS ADVERSE EVENTS,2019,2
266,Mortality,NUMBER OF PARTICIPANTS WHO DIED,2019,1
268,Quality of Life/PRO,TOTAL SLEEP TIME,2019,5
269,Response Rates,TUMOR RESPONSE,2019,3
270,Hospitalization/Healthcare Use,LENGTH OF STAY,2019,2
271,Pharmacokinetics,MAXIMUM OBSERVED PLASMA CONCENTRATION,2019,2
272,Mental Health Outcomes,CHANGE IN CES-D SCORE,2019,8
274,Survival/Time-to-Event,DURATION OF OBJECTIVE RESPONSE,2019,2
275,Hospitalization/Healthcare Use,ICU ADMISSION RATE,2019,1
276,Hospitalization/Healthcare Use,ICU LENGTH OF STAY,2019,6
277,Vital Signs/Physical Measures,NUMBER OF PARTICIPANTS WITH CLINICALLY SIGNIFICANT CHANGE IN VITAL SIGNS,2019,6
278,Immunogenicity,NUMBER OF PARTICIPANTS WITH POSITIVE ANTI-DRUG ANTIBODIES,2019,9
280,Quality of Life/PRO,PATIENT GLOBAL IMPRESSION OF IMPROVEMENT,2019,1
281,Vital Signs/Physical Measures,FORCED VITAL CAPACITY,2019,3
282,Biomarkers/Lab Values,LABORATORY VALUES SUMMARY,2019,7
283,Mortality,NON-RELAPSE MORTALITY,2019,4
284,Functional Status,VISUAL ACUITY,2019,3
285,Mental Health Outcomes,CHANGE IN BDI-II SCORE,2019,6
286,Mental Health Outcomes,PERCEIVED STRESS SCORE,2019,5
287,Response Rates,TARGET LESION RESPONSE,2019,2
288,Disease Activity Scores,ANNUALIZED RELAPSE RATE,2019,4
289,Mental Health Outcomes,CHANGE IN ANXIETY SCORE,2019,11
290,Biomarkers/Lab Values,CHANGE IN PSA,2019,2
291,Response Rates,COMPLETE REMISSION RATE,2019,4
292,Remission/Cure,ENDOSCOPIC REMISSION,2019,10
293,Survival/Time-to-Event,PROGRESSION-FREE SURVIVAL RATE,2019,4
294,Hospitalization/Healthcare Use,READMISSION RATE,2019,1
295,Disease Control,ANNUAL EXACERBATION RATE,2019,4
296,Disease Control,CLINICAL SUCCESS,2019,4
297,Remission/Cure,CURE RATE,2019,3
298,Pharmacokinetics,AUC0-LAST,2019,7
299,Functional Status,CHANGE IN VISUAL ACUITY,2019,2
300,Hospitalization/Healthcare Use,EMERGENCY ROOM VISITS,2019,4
301,Biomarkers/Lab Values,MEAN CHANGE IN HEMOGLOBIN,2019,3
304,Biomarkers/Lab Values,CHANGE IN TOTAL BILIRUBIN,2019,9
305,Disease Control,DURATION OF STABLE DISEASE,2019,2
306,Mortality,MORTALITY,2019,1
307,Adverse Events/Safety,NUMBER OF PARTICIPANTS WITH TREATMENT-EMERGENT SERIOUS ADVERSE EVENTS,2019,4
308,Biomarkers/Lab Values,PERCENT CHANGE IN NON-HDL-C,2019,2
309,Mortality,PERCENTAGE OF PARTICIPANTS WHO DIED,2019,1
310,Vital Signs/Physical Measures,CHANGE FROM BASELINE IN ECG PARAMETERS,2019,4
311,Treatment Adherence,MEDICATION ADHERENCE,2019,8
312,Adverse Events/Safety,NUMBER OF PARTICIPANTS WITH ADVERSE EVENTS AND SERIOUS ADVERSE EVENTS,2019,4
313,Adverse Events/Safety,NUMBER OF PARTICIPANTS WITH GRADE 3 OR HIGHER ADVERSE EVENTS,2019,3
314,Disease Control,TECHNICAL SUCCESS,2019,6
315,Disease Activity Scores,CHANGE IN BASDAI SCORE,2019,4
316,Functional Status,CHANGE IN ECOG PERFORMANCE STATUS,2019,10
317,Remission/Cure,CLINICAL CURE RATE,2019,3
318,Biomarkers/Lab Values,INSULIN SENSITIVITY,2019,2
319,Treatment Adherence,NUMBER OF PARTICIPANTS COMPLETING TREATMENT,2019,10
320,Adverse Events/Safety,TOTAL SERIOUS ADVERSE EVENTS SUMMARY,2019,6
321,Symptoms/Pain,CHANGE IN DYSPNEA SCORE,2019,3
322,Biomarkers/Lab Values,CHANGE IN SERUM CREATININE,2019,2
323,Quality of Life/PRO,CHANGE IN SF-12 SCORE,2019,2
324,Mental Health Outcomes,CLINICIAN GLOBAL IMPRESSION,2019,2
325,Functional Status,CHANGE IN PHYSICAL ACTIVITY,2019,6
326,Quality of Life/PRO,CLIENT SATISFACTION,2019,12
327,Other Clinical Endpoints,DEVICE SUCCESS,2019,1
329,Biomarkers/Lab Values,PERCENT CHANGE IN LDL-C,2019,2
330,Vital Signs/Physical Measures,RESPIRATORY RATE,2019,8
331,Mortality,90-DAY MORTALITY,2019,4
333,Symptoms/Pain,AVERAGE PAIN SCORE,2019,7
334,Vital Signs/Physical Measures,MEAN CHANGE IN BLOOD PRESSURE,2019,1
335,Response Rates,PSA RESPONSE RATE,2019,7
336,Pharmacokinetics,STEADY-STATE CONCENTRATION,2019,2
337,Pharmacokinetics,SYSTEMIC CLEARANCE,2019,4
339,Pharmacokinetics,APPARENT TERMINAL ELIMINATION HALF-LIFE,2019,8
340,Biomarkers/Lab Values,CHANGE FROM BASELINE IN ERYTHROCYTES,2019,12
341,Mortality,NUMBER OF DEATHS,2019,1
342,Quality of Life/PRO,CHANGE IN EQ-5D-5L VAS SCORE,2019,8
343,Quality of Life/PRO,CHANGE IN FACIT-FATIGUE SCORE,2019,7
344,Response Rates,MEDIAN DURATION OF RESPONSE,2019,3
345,Adverse Events/Safety,NUMBER OF PARTICIPANTS WHO DISCONTINUED STUDY TREATMENT DUE TO AN AE,2019,4
346,Vital Signs/Physical Measures,NUMBER OF PARTICIPANTS WITH ABNORMAL VITAL SIGNS,2019,7
347,Adverse Events/Safety,NUMBER OF TREATMENT EMERGENT ADVERSE EVENTS,2019,5
348,Adverse Events/Safety,PERCENTAGE OF PARTICIPANTS WITH TREATMENT EMERGENT ADVERSE EVENTS,2019,5
349,Quality of Life/PRO,PITTSBURGH SLEEP QUALITY INDEX SCORE,2019,7
350,Response Rates,PROSTATE-SPECIFIC ANTIGEN RESPONSE,2019,1
351,Adverse Events/Safety,ESTIMATED BLOOD LOSS,2019,5
353,Mental Health Outcomes,CLINICAL GLOBAL IMPRESSION - IMPROVEMENT,2019,4
354,Adverse Events/Safety,NUMBER OF PARTICIPANTS REPORTING ONE OR MORE TREATMENT-EMERGENT ADVERSE EVENTS,2019,6
356,Adverse Events/Safety,NUMBER OF PARTICIPANTS WITH CLINICALLY SIGNIFICANT ECG ABNORMALITIES,2019,8
357,Quality of Life/PRO,PATIENT GLOBAL IMPRESSION OF SEVERITY,2019,5
358,Biomarkers/Lab Values,PERCENT CHANGE IN NON-HDL CHOLESTEROL,2019,1
359,Pharmacokinetics,AUCINF,2019,1
360,Mental Health Outcomes,BECK DEPRESSION INVENTORY SCORE,2019,3
362,Functional Status,CHANGE IN BEST CORRECTED VISUAL ACUITY,2019,5
363,Adverse Events/Safety,NUMBER OF SUBJECTS WITH ANY UNSOLICITED ADVERSE EVENTS,2019,1
364,Disease Activity Scores,PERCENT CHANGE IN EASI SCORE,2019,6
365,Immunogenicity,PERCENTAGE OF PARTICIPANTS WITH ANTI-DRUG ANTIBODIES,2019,5
366,Vital Signs/Physical Measures,CHANGE FROM BASELINE IN HEART RATE,2019,8
367,Vital Signs/Physical Measures,CHANGE IN BODY TEMPERATURE,2019,4
368,Mental Health Outcomes,CHANGE IN PERCEIVED STRESS SCORE,2019,11
369,Quality of Life/PRO,CLINICIAN GLOBAL IMPRESSION OF CHANGE,2019,3
370,Mental Health Outcomes,DEPRESSIVE SYMPTOMS,2019,6
371,Adverse Events/Safety,INCIDENCE OF TREATMENT EMERGENT ADVERSE EVENTS,2019,3
372,Adverse Events/Safety,TOTAL OPIOID CONSUMPTION,2019,11
373,Quality of Life/PRO,ACCEPTABILITY OF INTERVENTION,2019,8
374,Biomarkers/Lab Values,CHANGE FROM BASELINE IN CLINICAL CHEMISTRY PARAMETERS,2019,6
375,Vital Signs/Physical Measures,CHANGE IN INTRAOCULAR PRESSURE,2019,3
376,Vital Signs/Physical Measures,CHANGES IN FORCED VITAL CAPACITY,2019,1
377,Imaging Outcomes,LEFT VENTRICULAR EJECTION FRACTION,2019,3
378,Vital Signs/Physical Measures,MEAN ARTERIAL PRESSURE,2019,1
379,Vital Signs/Physical Measures,MEAN CHANGE IN HEART RATE,2019,1
381,Hospitalization/Healthcare Use,PROCEDURE TIME,2019,6
382,Other Clinical Endpoints,RECRUITMENT RATE,2019,10
383,Pharmacokinetics,AUC0-TZ,2019,3
384,Quality of Life/PRO,CHANGE IN SLEEP QUALITY SCORE,2019,5
386,Microbiological/Virological,PERCENTAGE OF PARTICIPANTS WITH HCV RNA < LLOQ,2019,1
387,Survival/Time-to-Event,TIME TO FIRST EXACERBATION,2019,6
388,Adverse Events/Safety,TREATMENT DISCONTINUATION RATE,2019,2
390,Quality of Life/PRO,CHANGE IN HEALTH-RELATED QUALITY OF LIFE SCORE,2019,4
391,Hospitalization/Healthcare Use,DURATION OF HOSPITAL STAY,2019,4
393,Adverse Events/Safety,NUMBER OF PARTICIPANTS WITH TREATMENT RELATED ADVERSE EVENTS,2019,2
394,Hospitalization/Healthcare Use,OPERATIVE TIME,2019,1
395,Quality of Life/PRO,SLEEP QUALITY SCORE,2019,3
396,Survival/Time-to-Event,2-YEAR SURVIVAL RATE,2019,1
397,Vital Signs/Physical Measures,CHANGE IN RESPIRATORY RATE,2019,4
398,Quality of Life/PRO,CHANGE IN TREATMENT SATISFACTION SCORE,2019,1
399,Symptoms/Pain,CHANGE IN WOMAC STIFFNESS SCORE,2019,1
400,Hospitalization/Healthcare Use,DURATION OF MECHANICAL VENTILATION,2019,2
401,Adverse Events/Safety,NUMBER OF PARTICIPANTS WITH ANY TREATMENT-EMERGENT ADVERSE EVENT,2019,6
402,Adverse Events/Safety,NUMBER OF PARTICIPANTS WITH CLINICAL LABORATORY ABNORMALITIES,2019,3
403,Symptoms/Pain,PAIN INTENSITY,2019,4
404,Pharmacokinetics,AUC(0-T),2019,2
405,Vital Signs/Physical Measures,CHANGE FROM BASELINE IN BODY TEMPERATURE,2019,7
406,Vital Signs/Physical Measures,CHANGE FROM BASELINE IN SYSTOLIC AND DIASTOLIC BLOOD PRESSURE,2019,3
407,Biomarkers/Lab Values,CHANGE IN ALBUMIN AND TOTAL PROTEIN,2019,1
408,Biomarkers/Lab Values,CHANGE IN INSULIN SENSITIVITY,2019,1
409,Mental Health Outcomes,CHANGE IN SELF-EFFICACY SCORE,2019,9
410,Symptoms/Pain,INSOMNIA SEVERITY INDEX,2019,6
411,Functional Status,MEAN CHANGE IN BEST CORRECTED VISUAL ACUITY,2019,2
412,Adverse Events/Safety,NUMBER OF PARTICIPANTS WITH CLINICALLY SIGNIFICANT ECG CHANGES,2019,1
413,Response Rates,PATHOLOGIC COMPLETE RESPONSE RATE,2019,2
414,Adverse Events/Safety,PERCENTAGE OF PARTICIPANTS REPORTING LOCAL REACTIONS,2019,1
415,Mortality,TRANSPLANT-RELATED MORTALITY,2019,1
416,Vital Signs/Physical Measures,VITAL SIGNS SUMMARY,2019,1
418,Mental Health Outcomes,CHANGE IN DEPRESSION SCORE,2019,9
419,Quality of Life/PRO,CLINICAL GLOBAL IMPRESSION OF CHANGE,2019,1
420,Immunogenicity,GEOMETRIC MEAN TITER OF ANTIBODIES,2019,3
421,Adverse Events/Safety,NUMBER OF PARTICIPANTS WITH ADVERSE DRUG REACTIONS,2019,6
423,Response Rates,PERCENTAGE OF PARTICIPANTS WITH CLINICAL RESPONSE,2019,6
424,Immunogenicity,SEROPOSITIVITY RATE,2019,4
426,Pharmacokinetics,APPARENT TOTAL BODY CLEARANCE,2019,5
428,Vital Signs/Physical Measures,CHANGE IN FORCED VITAL CAPACITY,2019,2
429,Mental Health Outcomes,DEPRESSION SCORE,2019,4
430,Disease Activity Scores,PERCENT CHANGE IN PASI SCORE,2019,6
431,Biomarkers/Lab Values,CHANGE IN BILIRUBIN AND CREATININE,2019,6
432,Symptoms/Pain,CHANGE IN INSOMNIA SEVERITY INDEX SCORE,2019,5
433,Functional Status,GRIP STRENGTH,2019,3
434,Adverse Events/Safety,PERCENTAGE OF PARTICIPANTS EXPERIENCING TREATMENT-EMERGENT ADVERSE EVENTS,2019,1
435,Biomarkers/Lab Values,CHANGE IN ALKALINE PHOSPHATASE,2019,4
436,Hospitalization/Healthcare Use,LENGTH OF ICU STAY,2019,2
437,Response Rates,NUMBER OF RESPONDERS,2019,1
440,Pharmacokinetics,TIME OF MAXIMUM CONCENTRATION,2019,5
441,Functional Status,TIMED UP AND GO TEST,2019,5
443,Biomarkers/Lab Values,CHANGE FROM BASELINE IN RED BLOOD CELL COUNT,2019,1
444,Disease Activity Scores,CHANGE IN SWOLLEN JOINT COUNT,2019,2
445,Response Rates,CONFIRMED RESPONSE RATE,2019,1
446,Imaging Outcomes,MRI LESION COUNT,2019,2
447,Adverse Events/Safety,NUMBER OF PARTICIPANTS WITH NON-SERIOUS ADVERSE EVENTS,2019,3
448,Adverse Events/Safety,PERCENTAGE OF PARTICIPANTS REPORTING SYSTEMIC EVENTS,2019,1
449,Mortality,28-DAY MORTALITY,2019,2
450,Pharmacokinetics,APPARENT VOLUME OF DISTRIBUTION (VZ/F),2019,6
451,Remission/Cure,CLINICAL CURE,2019,5
452,Survival/Time-to-Event,DURATION OF COMPLETE RESPONSE,2019,2
453,Biomarkers/Lab Values,MEAN CHANGE IN HEMOGLOBIN A1C,2019,2
454,Symptoms/Pain,PAIN INTERFERENCE SCORE,2019,4
455,Remission/Cure,PERCENTAGE OF PARTICIPANTS ACHIEVING CLINICAL REMISSION,2019,2
458,Adverse Events/Safety,ANNUALIZED BLEEDING RATE,2019,3
459,Functional Status,CHANGE FROM BASELINE IN BCVA,2019,6
460,Vital Signs/Physical Measures,CHANGE FROM BASELINE IN BODY WEIGHT,2019,2
462,Response Rates,CONFIRMED OBJECTIVE RESPONSE RATE,2019,8
463,Adverse Events/Safety,DRUG-RELATED ADVERSE EVENTS,2019,4
464,Adverse Events/Safety,NUMBER OF PARTICIPANTS WITH INJECTION SITE REACTIONS,2019,1
465,Adverse Events/Safety,OCCURRENCE OF ADVERSE EVENTS,2019,1
466,Adverse Events/Safety,PERCENTAGE OF PARTICIPANTS WITH SYSTEMIC EVENTS,2019,3
467,Quality of Life/PRO,SLEEP DISTURBANCE SCORE,2019,6
468,Quality of Life/PRO,ABSOLUTE CHANGE IN CFQ-R RESPIRATORY DOMAIN SCORE,2019,4
469,Symptoms/Pain,APNEA-HYPOPNEA INDEX,2019,2
470,Response Rates,EULAR RESPONSE RATE,2019,1
471,Vital Signs/Physical Measures,MEAN HEART RATE,2019,3
472,Response Rates,PERCENTAGE OF PARTICIPANTS WITH RELAPSE,2019,3
473,Pharmacokinetics,TERMINAL PHASE ELIMINATION HALF-LIFE,2019,1
474,Response Rates,TREATMENT SUCCESS,2019,2
475,Functional Status,ACTIVITIES OF DAILY LIVING,2019,5
476,Biomarkers/Lab Values,CHANGE IN FASTING SERUM GLUCOSE,2019,6
477,Imaging Outcomes,CHANGE IN LEFT VENTRICULAR EJECTION FRACTION,2019,1
479,Treatment Adherence,DURATION OF TREATMENT,2019,4
480,Adverse Events/Safety,NUMBER OF DOSE LIMITING TOXICITIES,2019,4
483,Mental Health Outcomes,ANXIETY SCORE,2019,2
484,Pharmacokinetics,AVERAGE PLASMA CONCENTRATION,2019,3
485,Disease Activity Scores,CHANGE IN TENDER JOINT COUNT,2019,1
486,Quality of Life/PRO,CHANGE IN WOMAC SCORE,2019,4
488,Adverse Events/Safety,INCIDENCE AND SEVERITY OF ADVERSE EVENTS,2019,3
490,Functional Status,PHYSICAL FUNCTION,2019,2
491,Vital Signs/Physical Measures,CHANGE FROM BASELINE IN HEIGHT,2019,2
493,Quality of Life/PRO,CHANGE IN PITTSBURGH SLEEP QUALITY INDEX SCORE,2019,2
494,Functional Status,CHANGE IN WHO FUNCTIONAL CLASS,2019,2
495,Functional Status,HARRIS HIP SCORE,2019,1
496,Adverse Events/Safety,NUMBER OF PARTICIPANTS WITH COMPLICATIONS,2019,1
497,Adverse Events/Safety,NUMBER OF PARTICIPANTS WITH DOSE-LIMITING TOXICITY,2019,2
498,Adverse Events/Safety,NUMBER OF PARTICIPANTS WITH SOLICITED LOCAL ADVERSE EVENTS,2019,3
499,Adverse Events/Safety,PERCENTAGE OF PARTICIPANTS WITH AT LEAST ONE ADVERSE EVENT,2019,2
500,Pharmacokinetics,PLASMA TROUGH CONCENTRATION,2019,5
1,Response Rates,OBJECTIVE RESPONSE RATE,2020,265
2,Survival/Time-to-Event,OVERALL SURVIVAL,2020,242
3,Survival/Time-to-Event,PROGRESSION-FREE SURVIVAL,2020,244
4,Adverse Events/Safety,NUMBER OF PARTICIPANTS WITH ADVERSE EVENTS,2020,197
5,Pharmacokinetics,MAXIMUM PLASMA CONCENTRATION,2020,218
6,Adverse Events/Safety,NUMBER OF PARTICIPANTS WITH TREATMENT-EMERGENT ADVERSE EVENTS,2020,237
7,Pharmacokinetics,TIME TO MAXIMUM CONCENTRATION,2020,146
8,Response Rates,DURATION OF RESPONSE,2020,147
9,Adverse Events/Safety,NUMBER OF PARTICIPANTS WITH SERIOUS ADVERSE EVENTS,2020,113
10,Pharmacokinetics,AUC FROM 0 TO INFINITY,2020,77
11,Biomarkers/Lab Values,CHANGE IN HEMOGLOBIN A1C,2020,60
12,Vital Signs/Physical Measures,CHANGE IN BODY WEIGHT,2020,60
13,Pharmacokinetics,AREA UNDER THE CONCENTRATION-TIME CURVE,2020,74
14,Disease Control,DISEASE CONTROL RATE,2020,71
15,Pharmacokinetics,PLASMA DRUG CONCENTRATION,2020,83
16,Quality of Life/PRO,CHANGE IN QUALITY OF LIFE SCORE,2020,59
17,Symptoms/Pain,CHANGE IN VAS PAIN SCORE,2020,38
18,Quality of Life/PRO,PATIENT SATISFACTION,2020,46
19,Dose-Finding,MAXIMUM TOLERATED DOSE,2020,24
20,Symptoms/Pain,CHANGE IN PAIN SCORE,2020,50
21,Survival/Time-to-Event,TIME TO PROGRESSION,2020,22
22,Mortality,ALL-CAUSE MORTALITY,2020,104
23,Response Rates,PERCENTAGE OF PARTICIPANTS ACHIEVING TARGET,2020,31
24,Vital Signs/Physical Measures,CHANGE IN BLOOD PRESSURE,2020,34
25,Pharmacokinetics,AUC FROM 0 TO LAST MEASURABLE CONCENTRATION,2020,48
26,Biomarkers/Lab Values,CHANGE IN FASTING PLASMA GLUCOSE,2020,14
27,Adverse Events/Safety,NUMBER OF ADVERSE EVENTS,2020,47
28,Quality of Life/PRO,CHANGE IN SF-36 SCORE,2020,21
29,Response Rates,COMPLETE RESPONSE RATE,2020,29
30,Adverse Events/Safety,NUMBER OF PARTICIPANTS WITH TREATMENT EMERGENT ADVERSE EVENTS,2020,53
31,Vital Signs/Physical Measures,CHANGE IN HEART RATE,2020,27
32,Biomarkers/Lab Values,CHANGE IN HEMOGLOBIN,2020,32
33,Adverse Events/Safety,PERCENTAGE OF PARTICIPANTS WITH ADVERSE EVENTS,2020,38
34,Immunogenicity,SEROCONVERSION RATE,2020,29
35,Pharmacokinetics,VOLUME OF DISTRIBUTION,2020,40
36,Response Rates,CLINICAL BENEFIT RATE,2020,27
37,Quality of Life/PRO,CHANGE IN EQ-5D SCORE,2020,26
38,Hospitalization/Healthcare Use,LENGTH OF HOSPITAL STAY,2020,56
39,Vital Signs/Physical Measures,CHANGE IN BODY MASS INDEX,2020,25
40,Quality of Life/PRO,PATIENT GLOBAL IMPRESSION OF CHANGE,2020,27
41,Symptoms/Pain,CHANGE IN NRS PAIN SCORE,2020,30
42,Response Rates,SUSTAINED VIROLOGIC RESPONSE,2020,6
43,Adverse Events/Safety,DOSE-LIMITING TOXICITIES,2020,18
44,Biomarkers/Lab Values,CHANGE IN LDL CHOLESTEROL,2020,18
45,Survival/Time-to-Event,EVENT-FREE SURVIVAL,2020,14
46,Immunogenicity,SEROPROTECTION RATE,2020,9
47,Functional Status,CHANGE IN 6-MINUTE WALK DISTANCE,2020,13
48,Response Rates,TIME TO RESPONSE,2020,31
49,Survival/Time-to-Event,DISEASE-FREE SURVIVAL,2020,8
50,Pharmacokinetics,APPARENT VOLUME OF DISTRIBUTION,2020,31
51,Mental Health Outcomes,CHANGE IN MADRS SCORE,2020,19
52,Biomarkers/Lab Values,CHANGE IN CRP,2020,33
53,Immunogenicity,ANTI-DRUG ANTIBODIES,2020,26
54,Biomarkers/Lab Values,CHANGE IN TRIGLYCERIDES,2020,15
55,Mental Health Outcomes,CHANGE IN PHQ-9 SCORE,2020,51
56,Biomarkers/Lab Values,CHANGE IN TOTAL CHOLESTEROL,2020,15
57,Response Rates,ACR20 RESPONSE,2020,4
58,Biomarkers/Lab Values,CHANGE IN HDL CHOLESTEROL,2020,11
59,Pharmacokinetics,HALF-LIFE,2020,17
60,Disease Activity Scores,CHANGE IN DAS28 SCORE,2020,4
61,Vital Signs/Physical Measures,CHANGE IN SYSTOLIC BLOOD PRESSURE,2020,16
62,Pharmacokinetics,CLEARANCE,2020,21
63,Functional Status,CHANGE IN HAQ-DI SCORE,2020,5
64,Biomarkers/Lab Values,CHANGE IN VIRAL LOAD,2020,35
65,Treatment Adherence,TREATMENT ADHERENCE RATE,2020,24
66,Biomarkers/Lab Values,CHANGE IN ALT,2020,27
67,Survival/Time-to-Event,MEDIAN OVERALL SURVIVAL,2020,7
68,Vital Signs/Physical Measures,CHANGE IN WAIST CIRCUMFERENCE,2020,10
69,Adverse Events/Safety,INCIDENCE OF ADVERSE EVENTS,2020,21
70,Biomarkers/Lab Values,CHANGE IN CD4 COUNT,2020,8
71,Biomarkers/Lab Values,NUMBER OF PARTICIPANTS WITH LABORATORY ABNORMALITIES,2020,15
72,Pharmacokinetics,TROUGH CONCENTRATION,2020,25
73,Pharmacokinetics,TERMINAL HALF-LIFE,2020,20
74,Quality of Life/PRO,QUALITY OF LIFE SCORE,2020,13
75,Biomarkers/Lab Values,CHANGE IN EGFR,2020,10
76,Mental Health Outcomes,CHANGE IN HAM-D SCORE,2020,14
77,Survival/Time-to-Event,TIME TO TREATMENT FAILURE,2020,3
78,Symptoms/Pain,PAIN RESPONSE RATE,2020,14
79,Response Rates,IGA RESPONSE,2020,18
80,Response Rates,ACR50 RESPONSE,2020,3
81,Immunogenicity,ANTIBODY TITER,2020,12
82,Vital Signs/Physical Measures,CHANGE IN DIASTOLIC BLOOD PRESSURE,2020,9
83,Response Rates,PASI 75 RESPONSE,2020,7
84,Pharmacokinetics,ACCUMULATION RATIO,2020,14
85,Adverse Events/Safety,NUMBER OF PARTICIPANTS WITH TREATMENT-RELATED ADVERSE EVENTS,2020,19
86,Pharmacokinetics,TERMINAL ELIMINATION HALF-LIFE,2020,20
87,Biomarkers/Lab Values,CHANGE IN CREATININE,2020,21
88,Quality of Life/PRO,CHANGE IN DLQI SCORE,2020,20
89,Response Rates,ACR70 RESPONSE,2020,2
90,Mental Health Outcomes,CHANGE IN GAD-7 SCORE,2020,45
91,Survival/Time-to-Event,MEDIAN PROGRESSION-FREE SURVIVAL,2020,6
92,Adverse Events/Safety,PERCENTAGE OF PARTICIPANTS WITH TREATMENT-EMERGENT ADVERSE EVENTS,2020,12
93,Symptoms/Pain,CHANGE IN BPI SCORE,2020,11
94,Immunogenicity,NUMBER OF PARTICIPANTS WITH ANTI-DRUG ANTIBODIES,2020,15
95,Remission/Cure,COMPLETE REMISSION,2020,9
96,Imaging Outcomes,CHANGE IN BONE MINERAL DENSITY,2020,3
97,Quality of Life/PRO,CHANGE IN EORTC QLQ-C30 SCORE,2020,15
98,Biomarkers/Lab Values,PERCENTAGE OF PARTICIPANTS WITH LABORATORY ABNORMALITIES,2020,8
99,Biomarkers/Lab Values,CHANGE IN AST,2020,23
100,Mental Health Outcomes,CHANGE IN PANSS SCORE,2020,4
101,Adverse Events/Safety,NUMBER OF PARTICIPANTS WITH DOSE LIMITING TOXICITIES,2020,15
102,Adverse Events/Safety,GRADE 3 OR HIGHER ADVERSE EVENTS,2020,7
103,Vital Signs/Physical Measures,SYSTOLIC BLOOD PRESSURE,2020,9
104,Treatment Adherence,PERCENTAGE OF PARTICIPANTS COMPLETING TREATMENT,2020,29
105,Mental Health Outcomes,CHANGE IN MMSE SCORE,2020,12
106,Pharmacokinetics,MEAN RESIDENCE TIME,2020,8
107,Biomarkers/Lab Values,CHANGE IN PLATELET COUNT,2020,21
108,Response Rates,COMPLETE RESPONSE,2020,2
109,Dose-Finding,RECOMMENDED PHASE 2 DOSE,2020,14
110,Immunogenicity,IMMUNE RESPONSE RATE,2020,5
111,Pharmacokinetics,RENAL CLEARANCE,2020,17
112,Biomarkers/Lab Values,PERCENT CHANGE IN LDL CHOLESTEROL,2020,3
113,Treatment Adherence,COMPLIANCE RATE,2020,10
114,Adverse Events/Safety,NUMBER OF PARTICIPANTS WITH DOSE-LIMITING TOXICITIES,2020,14
115,Vital Signs/Physical Measures,CHANGE FROM BASELINE IN FEV1,2020,10
116,Adverse Events/Safety,NUMBER OF PARTICIPANTS WITH UNSOLICITED ADVERSE EVENTS,2020,21
117,Remission/Cure,CLINICAL REMISSION,2020,9
118,Response Rates,RESPONDER RATE,2020,6
119,Quality of Life/PRO,FATIGUE,2020,12
120,Functional Status,6-MINUTE WALK DISTANCE,2020,8
121,Pharmacokinetics,MAXIMUM SERUM CONCENTRATION,2020,15
122,Response Rates,PATHOLOGICAL COMPLETE RESPONSE,2020,6
123,Vital Signs/Physical Measures,DIASTOLIC BLOOD PRESSURE,2020,7
124,Adverse Events/Safety,INJECTION SITE REACTIONS,2020,11
125,Pharmacokinetics,MAXIMUM OBSERVED SERUM CONCENTRATION,2020,12
126,Symptoms/Pain,PAIN SCORE,2020,12
127,Hospitalization/Healthcare Use,HOSPITAL LENGTH OF STAY,2020,21
128,Biomarkers/Lab Values,CHANGE IN WHITE BLOOD CELL COUNT,2020,15
129,Response Rates,PASI 90 RESPONSE,2020,7
130,Symptoms/Pain,CHANGE IN WOMAC PAIN SCORE,2020,12
131,Mortality,30-DAY MORTALITY,2020,25
132,Imaging Outcomes,CHANGE IN EJECTION FRACTION,2020,6
133,Biomarkers/Lab Values,CHANGE IN ALBUMIN,2020,9
134,Adverse Events/Safety,PERCENTAGE OF PARTICIPANTS WITH SERIOUS ADVERSE EVENTS,2020,19
135,Vital Signs/Physical Measures,CHANGE IN TEMPERATURE,2020,13
136,Adverse Events/Safety,TOTAL ADVERSE EVENTS SUMMARY,2020,8
137,Pharmacokinetics,TIME TO MAXIMUM PLASMA CONCENTRATION,2020,9
138,Mental Health Outcomes,SUICIDAL IDEATION ASSESSMENT,2020,13
139,Mental Health Outcomes,CHANGE IN HAM-A SCORE,2020,4
140,Disease Activity Scores,CHANGE IN CDAI SCORE,2020,2
141,Vital Signs/Physical Measures,CHANGE FROM BASELINE IN BLOOD PRESSURE,2020,7
142,Mental Health Outcomes,CHANGE IN MOCA SCORE,2020,17
143,Mental Health Outcomes,CHANGE IN ADAS-COG SCORE,2020,5
144,Adverse Events/Safety,INCIDENCE OF TREATMENT-EMERGENT ADVERSE EVENTS,2020,13
145,Adverse Events/Safety,NUMBER OF PARTICIPANTS WITH ABNORMAL ECG FINDINGS,2020,4
146,Immunogenicity,GEOMETRIC MEAN TITERS,2020,8
147,Quality of Life/PRO,CHANGE IN SGRQ SCORE,2020,8
148,Pharmacokinetics,APPARENT CLEARANCE,2020,7
149,Survival/Time-to-Event,1-YEAR SURVIVAL RATE,2020,3
150,Response Rates,BEST OVERALL RESPONSE RATE,2020,4
151,Biomarkers/Lab Values,CHANGE FROM BASELINE IN HEMATOCRIT,2020,7
152,Biomarkers/Lab Values,CHANGE IN BILIRUBIN,2020,11
153,Adverse Events/Safety,NUMBER OF PARTICIPANTS WITH SERIOUS AND NON-SERIOUS ADVERSE EVENTS,2020,4
154,Hospitalization/Healthcare Use,HOSPITALIZATION RATE,2020,18
155,Adverse Events/Safety,NUMBER OF PATIENTS WITH ADVERSE EVENTS,2020,6
156,Mental Health Outcomes,CHANGE IN YMRS SCORE,2020,2
157,Pharmacokinetics,APPARENT TERMINAL HALF-LIFE,2020,10
158,Biomarkers/Lab Values,PERCENT CHANGE IN TOTAL CHOLESTEROL,2020,2
159,Pharmacokinetics,TROUGH PLASMA CONCENTRATION,2020,5
160,Adverse Events/Safety,NUMBER OF SERIOUS ADVERSE EVENTS,2020,11
161,Adverse Events/Safety,DOSE-LIMITING TOXICITY,2020,4
162,Immunogenicity,GEOMETRIC MEAN TITER,2020,2
163,Microbiological/Virological,VIRAL SUPPRESSION RATE,2020,11
165,Treatment Adherence,RETENTION RATE,2020,13
166,Biomarkers/Lab Values,CHANGE IN FERRITIN,2020,14
168,Survival/Time-to-Event,TIME TO NEXT TREATMENT,2020,9
169,Mortality,CARDIOVASCULAR MORTALITY,2020,2
170,Response Rates,EASI 75 RESPONSE,2020,13
171,Pharmacokinetics,ELIMINATION HALF-LIFE,2020,8
172,Response Rates,PARTIAL RESPONSE RATE,2020,2
173,Vital Signs/Physical Measures,CHANGE IN PULSE RATE,2020,8
174,Mental Health Outcomes,DEPRESSION RESPONSE RATE,2020,5
175,Biomarkers/Lab Values,CHANGE IN ESR,2020,1
176,Symptoms/Pain,CHANGE IN PRURITUS SCORE,2020,6
177,Survival/Time-to-Event,MEDIAN PROGRESSION FREE SURVIVAL,2020,2
178,Pharmacokinetics,TOTAL BODY CLEARANCE,2020,5
179,Pharmacokinetics,APPARENT ORAL CLEARANCE,2020,6
180,Vital Signs/Physical Measures,CHANGE FROM BASELINE IN TROUGH FEV1,2020,2
181,Vital Signs/Physical Measures,CHANGE IN FEV1,2020,5
182,Response Rates,CLINICAL RESPONSE RATE,2020,1
183,Biomarkers/Lab Values,PERCENT CHANGE IN TRIGLYCERIDES,2020,3
184,Pharmacokinetics,VOLUME OF DISTRIBUTION AT STEADY STATE,2020,1
185,Vital Signs/Physical Measures,CHANGE FROM BASELINE IN PULSE RATE,2020,7
186,Adverse Events/Safety,NUMBER OF PARTICIPANTS WITH CLINICALLY SIGNIFICANT LABORATORY ABNORMALITIES,2020,6
187,Biomarkers/Lab Values,CHANGE IN NT-PROBNP,2020,4
188,Disease Activity Scores,CHANGE IN UPDRS SCORE,2020,2
189,Adverse Events/Safety,NUMBER OF TREATMENT-EMERGENT ADVERSE EVENTS,2020,7
190,Biomarkers/Lab Values,PERCENT CHANGE IN APOLIPOPROTEIN B,2020,1
191,Biomarkers/Lab Values,NUMBER OF PARTICIPANTS WITH LABORATORY TEST ABNORMALITIES,2020,8
193,Symptoms/Pain,OPIOID CONSUMPTION,2020,8
194,Hospitalization/Healthcare Use,TIME TO HOSPITAL DISCHARGE,2020,29
195,Vital Signs/Physical Measures,HEART RATE,2020,5
196,Vital Signs/Physical Measures,CHANGE FROM BASELINE IN RESPIRATORY RATE,2020,13
197,Survival/Time-to-Event,RELAPSE-FREE SURVIVAL,2020,3
198,Response Rates,PERCENTAGE OF PARTICIPANTS WITH VIROLOGIC FAILURE,2020,2
199,Quality of Life/PRO,CHANGE IN EQ-5D-5L SCORE,2020,9
200,Survival/Time-to-Event,OVERALL SURVIVAL RATE,2020,4
201,Response Rates,PATHOLOGIC COMPLETE RESPONSE,2020,4
202,Quality of Life/PRO,TREATMENT SATISFACTION,2020,6
203,Adverse Events/Safety,NUMBER OF PARTICIPANTS WITH ANY ADVERSE EVENTS,2020,3
204,Biomarkers/Lab Values,MINIMAL RESIDUAL DISEASE NEGATIVITY,2020,8
205,Imaging Outcomes,CHANGE IN TUMOR SIZE,2020,3
206,Adverse Events/Safety,NUMBER OF PARTICIPANTS WITH SERIOUS AND/OR NON-SERIOUS ADVERSE EVENTS,2020,12
207,Symptoms/Pain,VAS PAIN SCORE,2020,8
208,Quality of Life/PRO,CHANGE IN EQ-5D VAS SCORE,2020,1
209,Adverse Events/Safety,NUMBER OF PARTICIPANTS WITH ADVERSE EVENTS LEADING TO DISCONTINUATION,2020,9
210,Adverse Events/Safety,NUMBER OF PARTICIPANTS WITH DRUG-RELATED ADVERSE EVENTS,2020,6
211,Adverse Events/Safety,NUMBER OF PARTICIPANTS WITH ECG ABNORMALITIES,2020,7
212,Biomarkers/Lab Values,CHANGE IN C-REACTIVE PROTEIN,2020,12
213,Mental Health Outcomes,CHANGE IN HADS SCORE,2020,4
214,Mental Health Outcomes,CHANGE FROM BASELINE IN CGI-S SCORE,2020,7
215,Vital Signs/Physical Measures,CHANGE FROM BASELINE IN SYSTOLIC BLOOD PRESSURE,2020,3
216,Quality of Life/PRO,CHANGE IN FATIGUE SCORE,2020,4
217,Response Rates,CLINICAL RESPONSE,2020,2
218,Survival/Time-to-Event,TIME TO PSA PROGRESSION,2020,3
219,Pharmacokinetics,ELIMINATION RATE CONSTANT,2020,7
220,Adverse Events/Safety,NUMBER OF PARTICIPANTS WITH ADVERSE EVENTS OF SPECIAL INTEREST,2020,16
221,Pharmacokinetics,PEAK PLASMA CONCENTRATION,2020,3
222,Symptoms/Pain,NAUSEA,2020,4
223,Biomarkers/Lab Values,CHANGE IN ABSOLUTE NEUTROPHIL COUNT,2020,12
224,Biomarkers/Lab Values,CHANGE FROM BASELINE IN HEMATOLOGY PARAMETERS,2020,7
225,Biomarkers/Lab Values,CHANGE IN HEMATOCRIT,2020,5
226,Mortality,TREATMENT-RELATED MORTALITY,2020,3
227,Survival/Time-to-Event,RECURRENCE-FREE SURVIVAL,2020,3
228,Pharmacokinetics,AUCTAU,2020,2
229,Functional Status,CHANGE IN EDSS SCORE,2020,2
230,Biomarkers/Lab Values,CHANGE IN HSCRP,2020,2
232,Response Rates,PASI 50 RESPONSE,2020,2
233,Adverse Events/Safety,PROCEDURAL SUCCESS,2020,1
234,Quality of Life/PRO,CHANGE IN KCCQ SCORE,2020,4
236,Survival/Time-to-Event,TIME TO RELAPSE,2020,1
237,Pharmacokinetics,MINIMUM PLASMA CONCENTRATION,2020,10
238,Symptoms/Pain,PRURITUS SCORE,2020,9
239,Vital Signs/Physical Measures,NUMBER OF PARTICIPANTS WITH CLINICALLY SIGNIFICANT CHANGES IN VITAL SIGNS,2020,6
240,Immunogenicity,SERORESPONSE RATE,2020,4
241,Mental Health Outcomes,CHANGE IN CGI-S SCORE,2020,3
242,Adverse Events/Safety,FREQUENCY OF ADVERSE EVENTS,2020,4
243,Vital Signs/Physical Measures,PERCENT CHANGE IN BODY WEIGHT,2020,3
244,Remission/Cure,DEPRESSION REMISSION RATE,2020,1
245,Disease Control,STABLE DISEASE RATE,2020,2
246,Vital Signs/Physical Measures,BODY MASS INDEX,2020,2
247,Vital Signs/Physical Measures,CHANGE FROM BASELINE IN DIASTOLIC BLOOD PRESSURE,2020,2
248,Disease Activity Scores,CHANGE IN SDAI SCORE,2020,1
249,Symptoms/Pain,DYSPNEA SCORE,2020,7
251,Survival/Time-to-Event,TIME TO TUMOR PROGRESSION,2020,1
252,Pharmacokinetics,APPARENT CLEARANCE (CL/F),2020,3
253,Biomarkers/Lab Values,CHANGE IN FASTING INSULIN,2020,2
254,Mental Health Outcomes,CHANGE IN PHQ-8 SCORE,2020,11
255,Adverse Events/Safety,ADVERSE EVENTS LEADING TO DISCONTINUATION,2020,1
256,Mortality,ALL COLLECTED DEATHS,2020,6
257,Pharmacokinetics,AUC∞,2020,5
258,Biomarkers/Lab Values,CHANGE IN FASTING GLUCOSE,2020,5
259,Vital Signs/Physical Measures,FORCED EXPIRATORY VOLUME IN 1 SECOND (FEV1),2020,2
260,Quality of Life/PRO,PARTICIPANT SATISFACTION,2020,7
261,Response Rates,PASI 100 RESPONSE,2020,5
262,Biomarkers/Lab Values,CHANGE IN INR,2020,11
263,Vital Signs/Physical Measures,INTRAOCULAR PRESSURE,2020,4
264,Biomarkers/Lab Values,CHANGE IN HOMA-IR,2020,2
265,Adverse Events/Safety,INCIDENCE OF SERIOUS ADVERSE EVENTS,2020,2
266,Mortality,NUMBER OF PARTICIPANTS WHO DIED,2020,5
268,Quality of Life/PRO,TOTAL SLEEP TIME,2020,3
269,Response Rates,TUMOR RESPONSE,2020,1
270,Hospitalization/Healthcare Use,LENGTH OF STAY,2020,7
272,Mental Health Outcomes,CHANGE IN CES-D SCORE,2020,6
273,Hospitalization/Healthcare Use,DURATION OF HOSPITALIZATION,2020,25
274,Survival/Time-to-Event,DURATION OF OBJECTIVE RESPONSE,2020,2
275,Hospitalization/Healthcare Use,ICU ADMISSION RATE,2020,29
276,Hospitalization/Healthcare Use,ICU LENGTH OF STAY,2020,8
277,Vital Signs/Physical Measures,NUMBER OF PARTICIPANTS WITH CLINICALLY SIGNIFICANT CHANGE IN VITAL SIGNS,2020,5
278,Immunogenicity,NUMBER OF PARTICIPANTS WITH POSITIVE ANTI-DRUG ANTIBODIES,2020,5
280,Quality of Life/PRO,PATIENT GLOBAL IMPRESSION OF IMPROVEMENT,2020,1
281,Vital Signs/Physical Measures,FORCED VITAL CAPACITY,2020,1
282,Biomarkers/Lab Values,LABORATORY VALUES SUMMARY,2020,5
283,Mortality,NON-RELAPSE MORTALITY,2020,3
284,Functional Status,VISUAL ACUITY,2020,1
285,Mental Health Outcomes,CHANGE IN BDI-II SCORE,2020,1
286,Mental Health Outcomes,PERCEIVED STRESS SCORE,2020,5
288,Disease Activity Scores,ANNUALIZED RELAPSE RATE,2020,5
289,Mental Health Outcomes,CHANGE IN ANXIETY SCORE,2020,6
291,Response Rates,COMPLETE REMISSION RATE,2020,2
292,Remission/Cure,ENDOSCOPIC REMISSION,2020,2
293,Survival/Time-to-Event,PROGRESSION-FREE SURVIVAL RATE,2020,1
294,Hospitalization/Healthcare Use,READMISSION RATE,2020,10
295,Disease Control,ANNUAL EXACERBATION RATE,2020,4
296,Disease Control,CLINICAL SUCCESS,2020,1
297,Remission/Cure,CURE RATE,2020,3
298,Pharmacokinetics,AUC0-LAST,2020,7
300,Hospitalization/Healthcare Use,EMERGENCY ROOM VISITS,2020,7
301,Biomarkers/Lab Values,MEAN CHANGE IN HEMOGLOBIN,2020,3
304,Biomarkers/Lab Values,CHANGE IN TOTAL BILIRUBIN,2020,5
306,Mortality,MORTALITY,2020,5
307,Adverse Events/Safety,NUMBER OF PARTICIPANTS WITH TREATMENT-EMERGENT SERIOUS ADVERSE EVENTS,2020,13
308,Biomarkers/Lab Values,PERCENT CHANGE IN NON-HDL-C,2020,1
309,Mortality,PERCENTAGE OF PARTICIPANTS WHO DIED,2020,4
310,Vital Signs/Physical Measures,CHANGE FROM BASELINE IN ECG PARAMETERS,2020,7
311,Treatment Adherence,MEDICATION ADHERENCE,2020,5
312,Adverse Events/Safety,NUMBER OF PARTICIPANTS WITH ADVERSE EVENTS AND SERIOUS ADVERSE EVENTS,2020,4
313,Adverse Events/Safety,NUMBER OF PARTICIPANTS WITH GRADE 3 OR HIGHER ADVERSE EVENTS,2020,2
314,Disease Control,TECHNICAL SUCCESS,2020,3
315,Disease Activity Scores,CHANGE IN BASDAI SCORE,2020,4
316,Functional Status,CHANGE IN ECOG PERFORMANCE STATUS,2020,1
317,Remission/Cure,CLINICAL CURE RATE,2020,3
319,Treatment Adherence,NUMBER OF PARTICIPANTS COMPLETING TREATMENT,2020,7
320,Adverse Events/Safety,TOTAL SERIOUS ADVERSE EVENTS SUMMARY,2020,2
321,Symptoms/Pain,CHANGE IN DYSPNEA SCORE,2020,1
323,Quality of Life/PRO,CHANGE IN SF-12 SCORE,2020,1
324,Mental Health Outcomes,CLINICIAN GLOBAL IMPRESSION,2020,2
325,Functional Status,CHANGE IN PHYSICAL ACTIVITY,2020,4
326,Quality of Life/PRO,CLIENT SATISFACTION,2020,4
327,Other Clinical Endpoints,DEVICE SUCCESS,2020,2
329,Biomarkers/Lab Values,PERCENT CHANGE IN LDL-C,2020,1
330,Vital Signs/Physical Measures,RESPIRATORY RATE,2020,8
331,Mortality,90-DAY MORTALITY,2020,7
333,Symptoms/Pain,AVERAGE PAIN SCORE,2020,6
334,Vital Signs/Physical Measures,MEAN CHANGE IN BLOOD PRESSURE,2020,1
335,Response Rates,PSA RESPONSE RATE,2020,3
336,Pharmacokinetics,STEADY-STATE CONCENTRATION,2020,4
337,Pharmacokinetics,SYSTEMIC CLEARANCE,2020,2
339,Pharmacokinetics,APPARENT TERMINAL ELIMINATION HALF-LIFE,2020,10
340,Biomarkers/Lab Values,CHANGE FROM BASELINE IN ERYTHROCYTES,2020,10
341,Mortality,NUMBER OF DEATHS,2020,3
342,Quality of Life/PRO,CHANGE IN EQ-5D-5L VAS SCORE,2020,5
343,Quality of Life/PRO,CHANGE IN FACIT-FATIGUE SCORE,2020,3
345,Adverse Events/Safety,NUMBER OF PARTICIPANTS WHO DISCONTINUED STUDY TREATMENT DUE TO AN AE,2020,5
346,Vital Signs/Physical Measures,NUMBER OF PARTICIPANTS WITH ABNORMAL VITAL SIGNS,2020,2
347,Adverse Events/Safety,NUMBER OF TREATMENT EMERGENT ADVERSE EVENTS,2020,5
348,Adverse Events/Safety,PERCENTAGE OF PARTICIPANTS WITH TREATMENT EMERGENT ADVERSE EVENTS,2020,4
349,Quality of Life/PRO,PITTSBURGH SLEEP QUALITY INDEX SCORE,2020,2
350,Response Rates,PROSTATE-SPECIFIC ANTIGEN RESPONSE,2020,1
351,Adverse Events/Safety,ESTIMATED BLOOD LOSS,2020,3
352,Response Rates,PERCENTAGE OF PATIENTS ACHIEVING TARGET,2020,1
353,Mental Health Outcomes,CLINICAL GLOBAL IMPRESSION - IMPROVEMENT,2020,3
354,Adverse Events/Safety,NUMBER OF PARTICIPANTS REPORTING ONE OR MORE TREATMENT-EMERGENT ADVERSE EVENTS,2020,4
356,Adverse Events/Safety,NUMBER OF PARTICIPANTS WITH CLINICALLY SIGNIFICANT ECG ABNORMALITIES,2020,3
357,Quality of Life/PRO,PATIENT GLOBAL IMPRESSION OF SEVERITY,2020,3
358,Biomarkers/Lab Values,PERCENT CHANGE IN NON-HDL CHOLESTEROL,2020,1
359,Pharmacokinetics,AUCINF,2020,9
360,Mental Health Outcomes,BECK DEPRESSION INVENTORY SCORE,2020,1
361,Functional Status,CHANGE FROM BASELINE IN BEST CORRECTED VISUAL ACUITY,2020,4
362,Functional Status,CHANGE IN BEST CORRECTED VISUAL ACUITY,2020,3
364,Disease Activity Scores,PERCENT CHANGE IN EASI SCORE,2020,3
365,Immunogenicity,PERCENTAGE OF PARTICIPANTS WITH ANTI-DRUG ANTIBODIES,2020,2
366,Vital Signs/Physical Measures,CHANGE FROM BASELINE IN HEART RATE,2020,3
367,Vital Signs/Physical Measures,CHANGE IN BODY TEMPERATURE,2020,5
368,Mental Health Outcomes,CHANGE IN PERCEIVED STRESS SCORE,2020,6
369,Quality of Life/PRO,CLINICIAN GLOBAL IMPRESSION OF CHANGE,2020,1
370,Mental Health Outcomes,DEPRESSIVE SYMPTOMS,2020,5
371,Adverse Events/Safety,INCIDENCE OF TREATMENT EMERGENT ADVERSE EVENTS,2020,3
372,Adverse Events/Safety,TOTAL OPIOID CONSUMPTION,2020,5
373,Quality of Life/PRO,ACCEPTABILITY OF INTERVENTION,2020,12
374,Biomarkers/Lab Values,CHANGE FROM BASELINE IN CLINICAL CHEMISTRY PARAMETERS,2020,3
375,Vital Signs/Physical Measures,CHANGE IN INTRAOCULAR PRESSURE,2020,2
376,Vital Signs/Physical Measures,CHANGES IN FORCED VITAL CAPACITY,2020,3
377,Imaging Outcomes,LEFT VENTRICULAR EJECTION FRACTION,2020,3
378,Vital Signs/Physical Measures,MEAN ARTERIAL PRESSURE,2020,2
379,Vital Signs/Physical Measures,MEAN CHANGE IN HEART RATE,2020,3
381,Hospitalization/Healthcare Use,PROCEDURE TIME,2020,2
382,Other Clinical Endpoints,RECRUITMENT RATE,2020,2
383,Pharmacokinetics,AUC0-TZ,2020,3
384,Quality of Life/PRO,CHANGE IN SLEEP QUALITY SCORE,2020,4
386,Microbiological/Virological,PERCENTAGE OF PARTICIPANTS WITH HCV RNA < LLOQ,2020,1
387,Survival/Time-to-Event,TIME TO FIRST EXACERBATION,2020,1
388,Adverse Events/Safety,TREATMENT DISCONTINUATION RATE,2020,8
390,Quality of Life/PRO,CHANGE IN HEALTH-RELATED QUALITY OF LIFE SCORE,2020,1
391,Hospitalization/Healthcare Use,DURATION OF HOSPITAL STAY,2020,7
393,Adverse Events/Safety,NUMBER OF PARTICIPANTS WITH TREATMENT RELATED ADVERSE EVENTS,2020,4
394,Hospitalization/Healthcare Use,OPERATIVE TIME,2020,3
395,Quality of Life/PRO,SLEEP QUALITY SCORE,2020,2
397,Vital Signs/Physical Measures,CHANGE IN RESPIRATORY RATE,2020,2
399,Symptoms/Pain,CHANGE IN WOMAC STIFFNESS SCORE,2020,5
400,Hospitalization/Healthcare Use,DURATION OF MECHANICAL VENTILATION,2020,11
401,Adverse Events/Safety,NUMBER OF PARTICIPANTS WITH ANY TREATMENT-EMERGENT ADVERSE EVENT,2020,4
402,Adverse Events/Safety,NUMBER OF PARTICIPANTS WITH CLINICAL LABORATORY ABNORMALITIES,2020,6
403,Symptoms/Pain,PAIN INTENSITY,2020,3
404,Pharmacokinetics,AUC(0-T),2020,1
405,Vital Signs/Physical Measures,CHANGE FROM BASELINE IN BODY TEMPERATURE,2020,2
406,Vital Signs/Physical Measures,CHANGE FROM BASELINE IN SYSTOLIC AND DIASTOLIC BLOOD PRESSURE,2020,1
407,Biomarkers/Lab Values,CHANGE IN ALBUMIN AND TOTAL PROTEIN,2020,1
408,Biomarkers/Lab Values,CHANGE IN INSULIN SENSITIVITY,2020,2
409,Mental Health Outcomes,CHANGE IN SELF-EFFICACY SCORE,2020,3
410,Symptoms/Pain,INSOMNIA SEVERITY INDEX,2020,4
411,Functional Status,MEAN CHANGE IN BEST CORRECTED VISUAL ACUITY,2020,3
412,Adverse Events/Safety,NUMBER OF PARTICIPANTS WITH CLINICALLY SIGNIFICANT ECG CHANGES,2020,5
413,Response Rates,PATHOLOGIC COMPLETE RESPONSE RATE,2020,2
414,Adverse Events/Safety,PERCENTAGE OF PARTICIPANTS REPORTING LOCAL REACTIONS,2020,2
415,Mortality,TRANSPLANT-RELATED MORTALITY,2020,1
416,Vital Signs/Physical Measures,VITAL SIGNS SUMMARY,2020,4
417,Survival/Time-to-Event,6-MONTH PROGRESSION-FREE SURVIVAL,2020,4
418,Mental Health Outcomes,CHANGE IN DEPRESSION SCORE,2020,4
420,Immunogenicity,GEOMETRIC MEAN TITER OF ANTIBODIES,2020,2
421,Adverse Events/Safety,NUMBER OF PARTICIPANTS WITH ADVERSE DRUG REACTIONS,2020,1
422,Biomarkers/Lab Values,PERCENT CHANGE IN FASTING TRIGLYCERIDES,2020,2
423,Response Rates,PERCENTAGE OF PARTICIPANTS WITH CLINICAL RESPONSE,2020,1
425,Hospitalization/Healthcare Use,VENTILATOR-FREE DAYS,2020,13
426,Pharmacokinetics,APPARENT TOTAL BODY CLEARANCE,2020,2
427,Biomarkers/Lab Values,CHANGE IN BNP,2020,2
428,Vital Signs/Physical Measures,CHANGE IN FORCED VITAL CAPACITY,2020,1
429,Mental Health Outcomes,DEPRESSION SCORE,2020,7
430,Disease Activity Scores,PERCENT CHANGE IN PASI SCORE,2020,2
431,Biomarkers/Lab Values,CHANGE IN BILIRUBIN AND CREATININE,2020,3
432,Symptoms/Pain,CHANGE IN INSOMNIA SEVERITY INDEX SCORE,2020,2
433,Functional Status,GRIP STRENGTH,2020,2
434,Adverse Events/Safety,PERCENTAGE OF PARTICIPANTS EXPERIENCING TREATMENT-EMERGENT ADVERSE EVENTS,2020,1
435,Biomarkers/Lab Values,CHANGE IN ALKALINE PHOSPHATASE,2020,6
436,Hospitalization/Healthcare Use,LENGTH OF ICU STAY,2020,6
437,Response Rates,NUMBER OF RESPONDERS,2020,3
440,Pharmacokinetics,TIME OF MAXIMUM CONCENTRATION,2020,1
441,Functional Status,TIMED UP AND GO TEST,2020,4
445,Response Rates,CONFIRMED RESPONSE RATE,2020,1
446,Imaging Outcomes,MRI LESION COUNT,2020,4
447,Adverse Events/Safety,NUMBER OF PARTICIPANTS WITH NON-SERIOUS ADVERSE EVENTS,2020,2
449,Mortality,28-DAY MORTALITY,2020,13
450,Pharmacokinetics,APPARENT VOLUME OF DISTRIBUTION (VZ/F),2020,10
451,Remission/Cure,CLINICAL CURE,2020,1
452,Survival/Time-to-Event,DURATION OF COMPLETE RESPONSE,2020,1
453,Biomarkers/Lab Values,MEAN CHANGE IN HEMOGLOBIN A1C,2020,4
454,Symptoms/Pain,PAIN INTERFERENCE SCORE,2020,3
455,Remission/Cure,PERCENTAGE OF PARTICIPANTS ACHIEVING CLINICAL REMISSION,2020,2
456,Adverse Events/Safety,RATE OF ADVERSE EVENTS,2020,5
457,Mortality,TIME TO DEATH,2020,14
458,Adverse Events/Safety,ANNUALIZED BLEEDING RATE,2020,3
459,Functional Status,CHANGE FROM BASELINE IN BCVA,2020,3
460,Vital Signs/Physical Measures,CHANGE FROM BASELINE IN BODY WEIGHT,2020,3
461,Functional Status,CHANGE IN WOMAC PHYSICAL FUNCTION SCORE,2020,3
462,Response Rates,CONFIRMED OBJECTIVE RESPONSE RATE,2020,6
463,Adverse Events/Safety,DRUG-RELATED ADVERSE EVENTS,2020,2
464,Adverse Events/Safety,NUMBER OF PARTICIPANTS WITH INJECTION SITE REACTIONS,2020,3
465,Adverse Events/Safety,OCCURRENCE OF ADVERSE EVENTS,2020,4
466,Adverse Events/Safety,PERCENTAGE OF PARTICIPANTS WITH SYSTEMIC EVENTS,2020,8
467,Quality of Life/PRO,SLEEP DISTURBANCE SCORE,2020,5
468,Quality of Life/PRO,ABSOLUTE CHANGE IN CFQ-R RESPIRATORY DOMAIN SCORE,2020,3
469,Symptoms/Pain,APNEA-HYPOPNEA INDEX,2020,1
471,Vital Signs/Physical Measures,MEAN HEART RATE,2020,1
472,Response Rates,PERCENTAGE OF PARTICIPANTS WITH RELAPSE,2020,1
474,Response Rates,TREATMENT SUCCESS,2020,2
475,Functional Status,ACTIVITIES OF DAILY LIVING,2020,3
476,Biomarkers/Lab Values,CHANGE IN FASTING SERUM GLUCOSE,2020,2
477,Imaging Outcomes,CHANGE IN LEFT VENTRICULAR EJECTION FRACTION,2020,3
478,Disease Control,DURATION OF DISEASE CONTROL,2020,1
479,Treatment Adherence,DURATION OF TREATMENT,2020,3
480,Adverse Events/Safety,NUMBER OF DOSE LIMITING TOXICITIES,2020,1
483,Mental Health Outcomes,ANXIETY SCORE,2020,1
484,Pharmacokinetics,AVERAGE PLASMA CONCENTRATION,2020,1
486,Quality of Life/PRO,CHANGE IN WOMAC SCORE,2020,6
487,Mortality,IN-HOSPITAL MORTALITY,2020,3
488,Adverse Events/Safety,INCIDENCE AND SEVERITY OF ADVERSE EVENTS,2020,3
489,Response Rates,NUMBER OF PARTICIPANTS ACHIEVING TARGET,2020,1
492,Vital Signs/Physical Measures,CHANGE FROM BASELINE IN INTRAOCULAR PRESSURE,2020,2
493,Quality of Life/PRO,CHANGE IN PITTSBURGH SLEEP QUALITY INDEX SCORE,2020,2
495,Functional Status,HARRIS HIP SCORE,2020,2
496,Adverse Events/Safety,NUMBER OF PARTICIPANTS WITH COMPLICATIONS,2020,3
497,Adverse Events/Safety,NUMBER OF PARTICIPANTS WITH DOSE-LIMITING TOXICITY,2020,2
498,Adverse Events/Safety,NUMBER OF PARTICIPANTS WITH SOLICITED LOCAL ADVERSE EVENTS,2020,10
499,Adverse Events/Safety,PERCENTAGE OF PARTICIPANTS WITH AT LEAST ONE ADVERSE EVENT,2020,1
500,Pharmacokinetics,PLASMA TROUGH CONCENTRATION,2020,1
1,Response Rates,OBJECTIVE RESPONSE RATE,2021,206
2,Survival/Time-to-Event,OVERALL SURVIVAL,2021,158
3,Survival/Time-to-Event,PROGRESSION-FREE SURVIVAL,2021,159
4,Adverse Events/Safety,NUMBER OF PARTICIPANTS WITH ADVERSE EVENTS,2021,176
5,Pharmacokinetics,MAXIMUM PLASMA CONCENTRATION,2021,188
6,Adverse Events/Safety,NUMBER OF PARTICIPANTS WITH TREATMENT-EMERGENT ADVERSE EVENTS,2021,233
7,Pharmacokinetics,TIME TO MAXIMUM CONCENTRATION,2021,149
8,Response Rates,DURATION OF RESPONSE,2021,116
9,Adverse Events/Safety,NUMBER OF PARTICIPANTS WITH SERIOUS ADVERSE EVENTS,2021,90
10,Pharmacokinetics,AUC FROM 0 TO INFINITY,2021,89
11,Biomarkers/Lab Values,CHANGE IN HEMOGLOBIN A1C,2021,59
12,Vital Signs/Physical Measures,CHANGE IN BODY WEIGHT,2021,64
13,Pharmacokinetics,AREA UNDER THE CONCENTRATION-TIME CURVE,2021,71
14,Disease Control,DISEASE CONTROL RATE,2021,64
15,Pharmacokinetics,PLASMA DRUG CONCENTRATION,2021,84
16,Quality of Life/PRO,CHANGE IN QUALITY OF LIFE SCORE,2021,48
17,Symptoms/Pain,CHANGE IN VAS PAIN SCORE,2021,39
18,Quality of Life/PRO,PATIENT SATISFACTION,2021,63
19,Dose-Finding,MAXIMUM TOLERATED DOSE,2021,12
20,Symptoms/Pain,CHANGE IN PAIN SCORE,2021,39
21,Survival/Time-to-Event,TIME TO PROGRESSION,2021,16
22,Mortality,ALL-CAUSE MORTALITY,2021,56
23,Response Rates,PERCENTAGE OF PARTICIPANTS ACHIEVING TARGET,2021,35
24,Vital Signs/Physical Measures,CHANGE IN BLOOD PRESSURE,2021,46
25,Pharmacokinetics,AUC FROM 0 TO LAST MEASURABLE CONCENTRATION,2021,45
26,Biomarkers/Lab Values,CHANGE IN FASTING PLASMA GLUCOSE,2021,18
27,Adverse Events/Safety,NUMBER OF ADVERSE EVENTS,2021,43
28,Quality of Life/PRO,CHANGE IN SF-36 SCORE,2021,11
29,Response Rates,COMPLETE RESPONSE RATE,2021,17
30,Adverse Events/Safety,NUMBER OF PARTICIPANTS WITH TREATMENT EMERGENT ADVERSE EVENTS,2021,79
31,Vital Signs/Physical Measures,CHANGE IN HEART RATE,2021,37
32,Biomarkers/Lab Values,CHANGE IN HEMOGLOBIN,2021,26
33,Adverse Events/Safety,PERCENTAGE OF PARTICIPANTS WITH ADVERSE EVENTS,2021,27
34,Immunogenicity,SEROCONVERSION RATE,2021,45
35,Pharmacokinetics,VOLUME OF DISTRIBUTION,2021,26
36,Response Rates,CLINICAL BENEFIT RATE,2021,27
37,Quality of Life/PRO,CHANGE IN EQ-5D SCORE,2021,24
38,Hospitalization/Healthcare Use,LENGTH OF HOSPITAL STAY,2021,21
39,Vital Signs/Physical Measures,CHANGE IN BODY MASS INDEX,2021,31
40,Quality of Life/PRO,PATIENT GLOBAL IMPRESSION OF CHANGE,2021,19
41,Symptoms/Pain,CHANGE IN NRS PAIN SCORE,2021,37
42,Response Rates,SUSTAINED VIROLOGIC RESPONSE,2021,3
43,Adverse Events/Safety,DOSE-LIMITING TOXICITIES,2021,30
44,Biomarkers/Lab Values,CHANGE IN LDL CHOLESTEROL,2021,13
45,Survival/Time-to-Event,EVENT-FREE SURVIVAL,2021,11
46,Immunogenicity,SEROPROTECTION RATE,2021,18
47,Functional Status,CHANGE IN 6-MINUTE WALK DISTANCE,2021,22
48,Response Rates,TIME TO RESPONSE,2021,18
49,Survival/Time-to-Event,DISEASE-FREE SURVIVAL,2021,4
50,Pharmacokinetics,APPARENT VOLUME OF DISTRIBUTION,2021,40
51,Mental Health Outcomes,CHANGE IN MADRS SCORE,2021,16
52,Biomarkers/Lab Values,CHANGE IN CRP,2021,12
53,Immunogenicity,ANTI-DRUG ANTIBODIES,2021,20
54,Biomarkers/Lab Values,CHANGE IN TRIGLYCERIDES,2021,9
55,Mental Health Outcomes,CHANGE IN PHQ-9 SCORE,2021,46
56,Biomarkers/Lab Values,CHANGE IN TOTAL CHOLESTEROL,2021,10
57,Response Rates,ACR20 RESPONSE,2021,10
58,Biomarkers/Lab Values,CHANGE IN HDL CHOLESTEROL,2021,12
59,Pharmacokinetics,HALF-LIFE,2021,32
60,Disease Activity Scores,CHANGE IN DAS28 SCORE,2021,9
61,Vital Signs/Physical Measures,CHANGE IN SYSTOLIC BLOOD PRESSURE,2021,17
62,Pharmacokinetics,CLEARANCE,2021,18
63,Functional Status,CHANGE IN HAQ-DI SCORE,2021,15
64,Biomarkers/Lab Values,CHANGE IN VIRAL LOAD,2021,22
65,Treatment Adherence,TREATMENT ADHERENCE RATE,2021,32
66,Biomarkers/Lab Values,CHANGE IN ALT,2021,12
67,Survival/Time-to-Event,MEDIAN OVERALL SURVIVAL,2021,4
68,Vital Signs/Physical Measures,CHANGE IN WAIST CIRCUMFERENCE,2021,20
69,Adverse Events/Safety,INCIDENCE OF ADVERSE EVENTS,2021,13
70,Biomarkers/Lab Values,CHANGE IN CD4 COUNT,2021,6
71,Biomarkers/Lab Values,NUMBER OF PARTICIPANTS WITH LABORATORY ABNORMALITIES,2021,24
72,Pharmacokinetics,TROUGH CONCENTRATION,2021,22
73,Pharmacokinetics,TERMINAL HALF-LIFE,2021,19
74,Quality of Life/PRO,QUALITY OF LIFE SCORE,2021,12
75,Biomarkers/Lab Values,CHANGE IN EGFR,2021,10
76,Mental Health Outcomes,CHANGE IN HAM-D SCORE,2021,8
77,Survival/Time-to-Event,TIME TO TREATMENT FAILURE,2021,6
78,Symptoms/Pain,PAIN RESPONSE RATE,2021,11
79,Response Rates,IGA RESPONSE,2021,13
80,Response Rates,ACR50 RESPONSE,2021,9
81,Immunogenicity,ANTIBODY TITER,2021,14
82,Vital Signs/Physical Measures,CHANGE IN DIASTOLIC BLOOD PRESSURE,2021,10
83,Response Rates,PASI 75 RESPONSE,2021,11
84,Pharmacokinetics,ACCUMULATION RATIO,2021,16
85,Adverse Events/Safety,NUMBER OF PARTICIPANTS WITH TREATMENT-RELATED ADVERSE EVENTS,2021,13
86,Pharmacokinetics,TERMINAL ELIMINATION HALF-LIFE,2021,22
87,Biomarkers/Lab Values,CHANGE IN CREATININE,2021,6
88,Quality of Life/PRO,CHANGE IN DLQI SCORE,2021,12
89,Response Rates,ACR70 RESPONSE,2021,8
90,Mental Health Outcomes,CHANGE IN GAD-7 SCORE,2021,40
91,Survival/Time-to-Event,MEDIAN PROGRESSION-FREE SURVIVAL,2021,3
92,Adverse Events/Safety,PERCENTAGE OF PARTICIPANTS WITH TREATMENT-EMERGENT ADVERSE EVENTS,2021,17
93,Symptoms/Pain,CHANGE IN BPI SCORE,2021,10
94,Immunogenicity,NUMBER OF PARTICIPANTS WITH ANTI-DRUG ANTIBODIES,2021,23
95,Remission/Cure,COMPLETE REMISSION,2021,10
96,Imaging Outcomes,CHANGE IN BONE MINERAL DENSITY,2021,6
97,Quality of Life/PRO,CHANGE IN EORTC QLQ-C30 SCORE,2021,10
98,Biomarkers/Lab Values,PERCENTAGE OF PARTICIPANTS WITH LABORATORY ABNORMALITIES,2021,8
99,Biomarkers/Lab Values,CHANGE IN AST,2021,8
100,Mental Health Outcomes,CHANGE IN PANSS SCORE,2021,4
101,Adverse Events/Safety,NUMBER OF PARTICIPANTS WITH DOSE LIMITING TOXICITIES,2021,15
102,Adverse Events/Safety,GRADE 3 OR HIGHER ADVERSE EVENTS,2021,5
103,Vital Signs/Physical Measures,SYSTOLIC BLOOD PRESSURE,2021,5
104,Treatment Adherence,PERCENTAGE OF PARTICIPANTS COMPLETING TREATMENT,2021,22
105,Mental Health Outcomes,CHANGE IN MMSE SCORE,2021,11
106,Pharmacokinetics,MEAN RESIDENCE TIME,2021,15
107,Biomarkers/Lab Values,CHANGE IN PLATELET COUNT,2021,5
108,Response Rates,COMPLETE RESPONSE,2021,8
109,Dose-Finding,RECOMMENDED PHASE 2 DOSE,2021,12
110,Immunogenicity,IMMUNE RESPONSE RATE,2021,13
111,Pharmacokinetics,RENAL CLEARANCE,2021,14
112,Biomarkers/Lab Values,PERCENT CHANGE IN LDL CHOLESTEROL,2021,9
113,Treatment Adherence,COMPLIANCE RATE,2021,9
114,Adverse Events/Safety,NUMBER OF PARTICIPANTS WITH DOSE-LIMITING TOXICITIES,2021,7
115,Vital Signs/Physical Measures,CHANGE FROM BASELINE IN FEV1,2021,8
116,Adverse Events/Safety,NUMBER OF PARTICIPANTS WITH UNSOLICITED ADVERSE EVENTS,2021,27
117,Remission/Cure,CLINICAL REMISSION,2021,10
118,Response Rates,RESPONDER RATE,2021,9
119,Quality of Life/PRO,FATIGUE,2021,16
120,Functional Status,6-MINUTE WALK DISTANCE,2021,7
121,Pharmacokinetics,MAXIMUM SERUM CONCENTRATION,2021,13
122,Response Rates,PATHOLOGICAL COMPLETE RESPONSE,2021,3
123,Vital Signs/Physical Measures,DIASTOLIC BLOOD PRESSURE,2021,7
124,Adverse Events/Safety,INJECTION SITE REACTIONS,2021,13
125,Pharmacokinetics,MAXIMUM OBSERVED SERUM CONCENTRATION,2021,11
126,Symptoms/Pain,PAIN SCORE,2021,9
127,Hospitalization/Healthcare Use,HOSPITAL LENGTH OF STAY,2021,12
128,Biomarkers/Lab Values,CHANGE IN WHITE BLOOD CELL COUNT,2021,5
129,Response Rates,PASI 90 RESPONSE,2021,8
130,Symptoms/Pain,CHANGE IN WOMAC PAIN SCORE,2021,6
131,Mortality,30-DAY MORTALITY,2021,10
132,Imaging Outcomes,CHANGE IN EJECTION FRACTION,2021,3
133,Biomarkers/Lab Values,CHANGE IN ALBUMIN,2021,5
134,Adverse Events/Safety,PERCENTAGE OF PARTICIPANTS WITH SERIOUS ADVERSE EVENTS,2021,19
135,Vital Signs/Physical Measures,CHANGE IN TEMPERATURE,2021,9
136,Adverse Events/Safety,TOTAL ADVERSE EVENTS SUMMARY,2021,4
137,Pharmacokinetics,TIME TO MAXIMUM PLASMA CONCENTRATION,2021,11
138,Mental Health Outcomes,SUICIDAL IDEATION ASSESSMENT,2021,13
139,Mental Health Outcomes,CHANGE IN HAM-A SCORE,2021,9
140,Disease Activity Scores,CHANGE IN CDAI SCORE,2021,7
141,Vital Signs/Physical Measures,CHANGE FROM BASELINE IN BLOOD PRESSURE,2021,4
142,Mental Health Outcomes,CHANGE IN MOCA SCORE,2021,9
143,Mental Health Outcomes,CHANGE IN ADAS-COG SCORE,2021,7
144,Adverse Events/Safety,INCIDENCE OF TREATMENT-EMERGENT ADVERSE EVENTS,2021,14
145,Adverse Events/Safety,NUMBER OF PARTICIPANTS WITH ABNORMAL ECG FINDINGS,2021,4
146,Immunogenicity,GEOMETRIC MEAN TITERS,2021,7
147,Quality of Life/PRO,CHANGE IN SGRQ SCORE,2021,5
148,Pharmacokinetics,APPARENT CLEARANCE,2021,11
149,Survival/Time-to-Event,1-YEAR SURVIVAL RATE,2021,1
150,Response Rates,BEST OVERALL RESPONSE RATE,2021,4
151,Biomarkers/Lab Values,CHANGE FROM BASELINE IN HEMATOCRIT,2021,6
152,Biomarkers/Lab Values,CHANGE IN BILIRUBIN,2021,2
153,Adverse Events/Safety,NUMBER OF PARTICIPANTS WITH SERIOUS AND NON-SERIOUS ADVERSE EVENTS,2021,3
154,Hospitalization/Healthcare Use,HOSPITALIZATION RATE,2021,13
155,Adverse Events/Safety,NUMBER OF PATIENTS WITH ADVERSE EVENTS,2021,4
156,Mental Health Outcomes,CHANGE IN YMRS SCORE,2021,4
157,Pharmacokinetics,APPARENT TERMINAL HALF-LIFE,2021,3
158,Biomarkers/Lab Values,PERCENT CHANGE IN TOTAL CHOLESTEROL,2021,8
159,Pharmacokinetics,TROUGH PLASMA CONCENTRATION,2021,4
160,Adverse Events/Safety,NUMBER OF SERIOUS ADVERSE EVENTS,2021,10
161,Adverse Events/Safety,DOSE-LIMITING TOXICITY,2021,3
162,Immunogenicity,GEOMETRIC MEAN TITER,2021,7
163,Microbiological/Virological,VIRAL SUPPRESSION RATE,2021,8
164,Biomarkers/Lab Values,PERCENT CHANGE IN HDL CHOLESTEROL,2021,8
165,Treatment Adherence,RETENTION RATE,2021,20
166,Biomarkers/Lab Values,CHANGE IN FERRITIN,2021,8
168,Survival/Time-to-Event,TIME TO NEXT TREATMENT,2021,8
169,Mortality,CARDIOVASCULAR MORTALITY,2021,5
170,Response Rates,EASI 75 RESPONSE,2021,16
171,Pharmacokinetics,ELIMINATION HALF-LIFE,2021,8
172,Response Rates,PARTIAL RESPONSE RATE,2021,1
173,Vital Signs/Physical Measures,CHANGE IN PULSE RATE,2021,6
174,Mental Health Outcomes,DEPRESSION RESPONSE RATE,2021,4
175,Biomarkers/Lab Values,CHANGE IN ESR,2021,2
176,Symptoms/Pain,CHANGE IN PRURITUS SCORE,2021,9
177,Survival/Time-to-Event,MEDIAN PROGRESSION FREE SURVIVAL,2021,2
178,Pharmacokinetics,TOTAL BODY CLEARANCE,2021,8
179,Pharmacokinetics,APPARENT ORAL CLEARANCE,2021,3
180,Vital Signs/Physical Measures,CHANGE FROM BASELINE IN TROUGH FEV1,2021,1
181,Vital Signs/Physical Measures,CHANGE IN FEV1,2021,2
182,Response Rates,CLINICAL RESPONSE RATE,2021,2
183,Biomarkers/Lab Values,PERCENT CHANGE IN TRIGLYCERIDES,2021,9
184,Pharmacokinetics,VOLUME OF DISTRIBUTION AT STEADY STATE,2021,5
186,Adverse Events/Safety,NUMBER OF PARTICIPANTS WITH CLINICALLY SIGNIFICANT LABORATORY ABNORMALITIES,2021,9
187,Biomarkers/Lab Values,CHANGE IN NT-PROBNP,2021,5
188,Disease Activity Scores,CHANGE IN UPDRS SCORE,2021,2
189,Adverse Events/Safety,NUMBER OF TREATMENT-EMERGENT ADVERSE EVENTS,2021,8
190,Biomarkers/Lab Values,PERCENT CHANGE IN APOLIPOPROTEIN B,2021,2
191,Biomarkers/Lab Values,NUMBER OF PARTICIPANTS WITH LABORATORY TEST ABNORMALITIES,2021,9
193,Symptoms/Pain,OPIOID CONSUMPTION,2021,10
194,Hospitalization/Healthcare Use,TIME TO HOSPITAL DISCHARGE,2021,11
195,Vital Signs/Physical Measures,HEART RATE,2021,4
196,Vital Signs/Physical Measures,CHANGE FROM BASELINE IN RESPIRATORY RATE,2021,7
197,Survival/Time-to-Event,RELAPSE-FREE SURVIVAL,2021,1
198,Response Rates,PERCENTAGE OF PARTICIPANTS WITH VIROLOGIC FAILURE,2021,1
199,Quality of Life/PRO,CHANGE IN EQ-5D-5L SCORE,2021,11
200,Survival/Time-to-Event,OVERALL SURVIVAL RATE,2021,1
201,Response Rates,PATHOLOGIC COMPLETE RESPONSE,2021,2
202,Quality of Life/PRO,TREATMENT SATISFACTION,2021,10
203,Adverse Events/Safety,NUMBER OF PARTICIPANTS WITH ANY ADVERSE EVENTS,2021,2
204,Biomarkers/Lab Values,MINIMAL RESIDUAL DISEASE NEGATIVITY,2021,3
205,Imaging Outcomes,CHANGE IN TUMOR SIZE,2021,1
206,Adverse Events/Safety,NUMBER OF PARTICIPANTS WITH SERIOUS AND/OR NON-SERIOUS ADVERSE EVENTS,2021,7
207,Symptoms/Pain,VAS PAIN SCORE,2021,3
208,Quality of Life/PRO,CHANGE IN EQ-5D VAS SCORE,2021,2
209,Adverse Events/Safety,NUMBER OF PARTICIPANTS WITH ADVERSE EVENTS LEADING TO DISCONTINUATION,2021,8
210,Adverse Events/Safety,NUMBER OF PARTICIPANTS WITH DRUG-RELATED ADVERSE EVENTS,2021,4
211,Adverse Events/Safety,NUMBER OF PARTICIPANTS WITH ECG ABNORMALITIES,2021,9
212,Biomarkers/Lab Values,CHANGE IN C-REACTIVE PROTEIN,2021,6
213,Mental Health Outcomes,CHANGE IN HADS SCORE,2021,8
214,Mental Health Outcomes,CHANGE FROM BASELINE IN CGI-S SCORE,2021,3
215,Vital Signs/Physical Measures,CHANGE FROM BASELINE IN SYSTOLIC BLOOD PRESSURE,2021,5
216,Quality of Life/PRO,CHANGE IN FATIGUE SCORE,2021,9
217,Response Rates,CLINICAL RESPONSE,2021,3
218,Survival/Time-to-Event,TIME TO PSA PROGRESSION,2021,3
219,Pharmacokinetics,ELIMINATION RATE CONSTANT,2021,5
220,Adverse Events/Safety,NUMBER OF PARTICIPANTS WITH ADVERSE EVENTS OF SPECIAL INTEREST,2021,26
221,Pharmacokinetics,PEAK PLASMA CONCENTRATION,2021,5
222,Symptoms/Pain,NAUSEA,2021,6
223,Biomarkers/Lab Values,CHANGE IN ABSOLUTE NEUTROPHIL COUNT,2021,4
224,Biomarkers/Lab Values,CHANGE FROM BASELINE IN HEMATOLOGY PARAMETERS,2021,5
225,Biomarkers/Lab Values,CHANGE IN HEMATOCRIT,2021,3
226,Mortality,TREATMENT-RELATED MORTALITY,2021,3
228,Pharmacokinetics,AUCTAU,2021,6
229,Functional Status,CHANGE IN EDSS SCORE,2021,4
230,Biomarkers/Lab Values,CHANGE IN HSCRP,2021,2
231,Response Rates,TUMOR RESPONSE RATE,2021,1
232,Response Rates,PASI 50 RESPONSE,2021,3
233,Adverse Events/Safety,PROCEDURAL SUCCESS,2021,2
234,Quality of Life/PRO,CHANGE IN KCCQ SCORE,2021,6
235,Quality of Life/PRO,SLEEP EFFICIENCY,2021,2
236,Survival/Time-to-Event,TIME TO RELAPSE,2021,1
237,Pharmacokinetics,MINIMUM PLASMA CONCENTRATION,2021,5
238,Symptoms/Pain,PRURITUS SCORE,2021,3
239,Vital Signs/Physical Measures,NUMBER OF PARTICIPANTS WITH CLINICALLY SIGNIFICANT CHANGES IN VITAL SIGNS,2021,14
240,Immunogenicity,SERORESPONSE RATE,2021,13
241,Mental Health Outcomes,CHANGE IN CGI-S SCORE,2021,7
242,Adverse Events/Safety,FREQUENCY OF ADVERSE EVENTS,2021,6
243,Vital Signs/Physical Measures,PERCENT CHANGE IN BODY WEIGHT,2021,9
244,Remission/Cure,DEPRESSION REMISSION RATE,2021,3
245,Disease Control,STABLE DISEASE RATE,2021,2
246,Vital Signs/Physical Measures,BODY MASS INDEX,2021,6
247,Vital Signs/Physical Measures,CHANGE FROM BASELINE IN DIASTOLIC BLOOD PRESSURE,2021,6
248,Disease Activity Scores,CHANGE IN SDAI SCORE,2021,2
249,Symptoms/Pain,DYSPNEA SCORE,2021,7
250,Microbiological/Virological,MICROBIOLOGICAL ERADICATION,2021,2
252,Pharmacokinetics,APPARENT CLEARANCE (CL/F),2021,6
253,Biomarkers/Lab Values,CHANGE IN FASTING INSULIN,2021,1
254,Mental Health Outcomes,CHANGE IN PHQ-8 SCORE,2021,11
255,Adverse Events/Safety,ADVERSE EVENTS LEADING TO DISCONTINUATION,2021,7
256,Mortality,ALL COLLECTED DEATHS,2021,3
257,Pharmacokinetics,AUC∞,2021,2
258,Biomarkers/Lab Values,CHANGE IN FASTING GLUCOSE,2021,5
259,Vital Signs/Physical Measures,FORCED EXPIRATORY VOLUME IN 1 SECOND (FEV1),2021,1
260,Quality of Life/PRO,PARTICIPANT SATISFACTION,2021,14
261,Response Rates,PASI 100 RESPONSE,2021,7
262,Biomarkers/Lab Values,CHANGE IN INR,2021,4
263,Vital Signs/Physical Measures,INTRAOCULAR PRESSURE,2021,1
264,Biomarkers/Lab Values,CHANGE IN HOMA-IR,2021,2
265,Adverse Events/Safety,INCIDENCE OF SERIOUS ADVERSE EVENTS,2021,4
266,Mortality,NUMBER OF PARTICIPANTS WHO DIED,2021,2
268,Quality of Life/PRO,TOTAL SLEEP TIME,2021,4
270,Hospitalization/Healthcare Use,LENGTH OF STAY,2021,7
272,Mental Health Outcomes,CHANGE IN CES-D SCORE,2021,3
273,Hospitalization/Healthcare Use,DURATION OF HOSPITALIZATION,2021,7
274,Survival/Time-to-Event,DURATION OF OBJECTIVE RESPONSE,2021,1
275,Hospitalization/Healthcare Use,ICU ADMISSION RATE,2021,15
276,Hospitalization/Healthcare Use,ICU LENGTH OF STAY,2021,7
277,Vital Signs/Physical Measures,NUMBER OF PARTICIPANTS WITH CLINICALLY SIGNIFICANT CHANGE IN VITAL SIGNS,2021,6
278,Immunogenicity,NUMBER OF PARTICIPANTS WITH POSITIVE ANTI-DRUG ANTIBODIES,2021,8
281,Vital Signs/Physical Measures,FORCED VITAL CAPACITY,2021,3
282,Biomarkers/Lab Values,LABORATORY VALUES SUMMARY,2021,3
283,Mortality,NON-RELAPSE MORTALITY,2021,2
284,Functional Status,VISUAL ACUITY,2021,4
285,Mental Health Outcomes,CHANGE IN BDI-II SCORE,2021,3
286,Mental Health Outcomes,PERCEIVED STRESS SCORE,2021,9
287,Response Rates,TARGET LESION RESPONSE,2021,1
288,Disease Activity Scores,ANNUALIZED RELAPSE RATE,2021,2
289,Mental Health Outcomes,CHANGE IN ANXIETY SCORE,2021,5
291,Response Rates,COMPLETE REMISSION RATE,2021,4
292,Remission/Cure,ENDOSCOPIC REMISSION,2021,3
294,Hospitalization/Healthcare Use,READMISSION RATE,2021,6
295,Disease Control,ANNUAL EXACERBATION RATE,2021,4
296,Disease Control,CLINICAL SUCCESS,2021,3
297,Remission/Cure,CURE RATE,2021,3
298,Pharmacokinetics,AUC0-LAST,2021,4
299,Functional Status,CHANGE IN VISUAL ACUITY,2021,3
300,Hospitalization/Healthcare Use,EMERGENCY ROOM VISITS,2021,3
302,Imaging Outcomes,PERCENT CHANGE IN BONE MINERAL DENSITY,2021,3
303,Symptoms/Pain,CHANGE IN ADHD-RS SCORE,2021,1
304,Biomarkers/Lab Values,CHANGE IN TOTAL BILIRUBIN,2021,7
305,Disease Control,DURATION OF STABLE DISEASE,2021,4
306,Mortality,MORTALITY,2021,7
307,Adverse Events/Safety,NUMBER OF PARTICIPANTS WITH TREATMENT-EMERGENT SERIOUS ADVERSE EVENTS,2021,10
308,Biomarkers/Lab Values,PERCENT CHANGE IN NON-HDL-C,2021,4
310,Vital Signs/Physical Measures,CHANGE FROM BASELINE IN ECG PARAMETERS,2021,4
311,Treatment Adherence,MEDICATION ADHERENCE,2021,4
312,Adverse Events/Safety,NUMBER OF PARTICIPANTS WITH ADVERSE EVENTS AND SERIOUS ADVERSE EVENTS,2021,4
313,Adverse Events/Safety,NUMBER OF PARTICIPANTS WITH GRADE 3 OR HIGHER ADVERSE EVENTS,2021,1
314,Disease Control,TECHNICAL SUCCESS,2021,4
315,Disease Activity Scores,CHANGE IN BASDAI SCORE,2021,1
317,Remission/Cure,CLINICAL CURE RATE,2021,3
318,Biomarkers/Lab Values,INSULIN SENSITIVITY,2021,3
319,Treatment Adherence,NUMBER OF PARTICIPANTS COMPLETING TREATMENT,2021,7
320,Adverse Events/Safety,TOTAL SERIOUS ADVERSE EVENTS SUMMARY,2021,2
321,Symptoms/Pain,CHANGE IN DYSPNEA SCORE,2021,5
322,Biomarkers/Lab Values,CHANGE IN SERUM CREATININE,2021,2
323,Quality of Life/PRO,CHANGE IN SF-12 SCORE,2021,2
324,Mental Health Outcomes,CLINICIAN GLOBAL IMPRESSION,2021,2
325,Functional Status,CHANGE IN PHYSICAL ACTIVITY,2021,7
326,Quality of Life/PRO,CLIENT SATISFACTION,2021,11
327,Other Clinical Endpoints,DEVICE SUCCESS,2021,1
329,Biomarkers/Lab Values,PERCENT CHANGE IN LDL-C,2021,6
330,Vital Signs/Physical Measures,RESPIRATORY RATE,2021,4
331,Mortality,90-DAY MORTALITY,2021,8
333,Symptoms/Pain,AVERAGE PAIN SCORE,2021,5
334,Vital Signs/Physical Measures,MEAN CHANGE IN BLOOD PRESSURE,2021,1
335,Response Rates,PSA RESPONSE RATE,2021,3
336,Pharmacokinetics,STEADY-STATE CONCENTRATION,2021,1
337,Pharmacokinetics,SYSTEMIC CLEARANCE,2021,2
339,Pharmacokinetics,APPARENT TERMINAL ELIMINATION HALF-LIFE,2021,4
340,Biomarkers/Lab Values,CHANGE FROM BASELINE IN ERYTHROCYTES,2021,4
341,Mortality,NUMBER OF DEATHS,2021,6
342,Quality of Life/PRO,CHANGE IN EQ-5D-5L VAS SCORE,2021,2
343,Quality of Life/PRO,CHANGE IN FACIT-FATIGUE SCORE,2021,6
345,Adverse Events/Safety,NUMBER OF PARTICIPANTS WHO DISCONTINUED STUDY TREATMENT DUE TO AN AE,2021,6
346,Vital Signs/Physical Measures,NUMBER OF PARTICIPANTS WITH ABNORMAL VITAL SIGNS,2021,7
347,Adverse Events/Safety,NUMBER OF TREATMENT EMERGENT ADVERSE EVENTS,2021,5
348,Adverse Events/Safety,PERCENTAGE OF PARTICIPANTS WITH TREATMENT EMERGENT ADVERSE EVENTS,2021,3
349,Quality of Life/PRO,PITTSBURGH SLEEP QUALITY INDEX SCORE,2021,6
351,Adverse Events/Safety,ESTIMATED BLOOD LOSS,2021,1
352,Response Rates,PERCENTAGE OF PATIENTS ACHIEVING TARGET,2021,1
353,Mental Health Outcomes,CLINICAL GLOBAL IMPRESSION - IMPROVEMENT,2021,2
354,Adverse Events/Safety,NUMBER OF PARTICIPANTS REPORTING ONE OR MORE TREATMENT-EMERGENT ADVERSE EVENTS,2021,2
355,Adverse Events/Safety,NUMBER OF PARTICIPANTS WITH DOSE LIMITING TOXICITY,2021,1
356,Adverse Events/Safety,NUMBER OF PARTICIPANTS WITH CLINICALLY SIGNIFICANT ECG ABNORMALITIES,2021,3
357,Quality of Life/PRO,PATIENT GLOBAL IMPRESSION OF SEVERITY,2021,7
358,Biomarkers/Lab Values,PERCENT CHANGE IN NON-HDL CHOLESTEROL,2021,4
359,Pharmacokinetics,AUCINF,2021,5
360,Mental Health Outcomes,BECK DEPRESSION INVENTORY SCORE,2021,1
361,Functional Status,CHANGE FROM BASELINE IN BEST CORRECTED VISUAL ACUITY,2021,4
362,Functional Status,CHANGE IN BEST CORRECTED VISUAL ACUITY,2021,5
364,Disease Activity Scores,PERCENT CHANGE IN EASI SCORE,2021,5
365,Immunogenicity,PERCENTAGE OF PARTICIPANTS WITH ANTI-DRUG ANTIBODIES,2021,2
366,Vital Signs/Physical Measures,CHANGE FROM BASELINE IN HEART RATE,2021,2
367,Vital Signs/Physical Measures,CHANGE IN BODY TEMPERATURE,2021,3
368,Mental Health Outcomes,CHANGE IN PERCEIVED STRESS SCORE,2021,9
369,Quality of Life/PRO,CLINICIAN GLOBAL IMPRESSION OF CHANGE,2021,3
370,Mental Health Outcomes,DEPRESSIVE SYMPTOMS,2021,3
371,Adverse Events/Safety,INCIDENCE OF TREATMENT EMERGENT ADVERSE EVENTS,2021,5
372,Adverse Events/Safety,TOTAL OPIOID CONSUMPTION,2021,3
373,Quality of Life/PRO,ACCEPTABILITY OF INTERVENTION,2021,10
374,Biomarkers/Lab Values,CHANGE FROM BASELINE IN CLINICAL CHEMISTRY PARAMETERS,2021,3
375,Vital Signs/Physical Measures,CHANGE IN INTRAOCULAR PRESSURE,2021,5
376,Vital Signs/Physical Measures,CHANGES IN FORCED VITAL CAPACITY,2021,3
378,Vital Signs/Physical Measures,MEAN ARTERIAL PRESSURE,2021,6
381,Hospitalization/Healthcare Use,PROCEDURE TIME,2021,1
382,Other Clinical Endpoints,RECRUITMENT RATE,2021,8
384,Quality of Life/PRO,CHANGE IN SLEEP QUALITY SCORE,2021,4
387,Survival/Time-to-Event,TIME TO FIRST EXACERBATION,2021,2
389,Immunogenicity,VACCINE RESPONSE RATE,2021,1
390,Quality of Life/PRO,CHANGE IN HEALTH-RELATED QUALITY OF LIFE SCORE,2021,5
391,Hospitalization/Healthcare Use,DURATION OF HOSPITAL STAY,2021,4
393,Adverse Events/Safety,NUMBER OF PARTICIPANTS WITH TREATMENT RELATED ADVERSE EVENTS,2021,1
394,Hospitalization/Healthcare Use,OPERATIVE TIME,2021,2
395,Quality of Life/PRO,SLEEP QUALITY SCORE,2021,5
397,Vital Signs/Physical Measures,CHANGE IN RESPIRATORY RATE,2021,4
398,Quality of Life/PRO,CHANGE IN TREATMENT SATISFACTION SCORE,2021,2
399,Symptoms/Pain,CHANGE IN WOMAC STIFFNESS SCORE,2021,1
400,Hospitalization/Healthcare Use,DURATION OF MECHANICAL VENTILATION,2021,4
401,Adverse Events/Safety,NUMBER OF PARTICIPANTS WITH ANY TREATMENT-EMERGENT ADVERSE EVENT,2021,12
402,Adverse Events/Safety,NUMBER OF PARTICIPANTS WITH CLINICAL LABORATORY ABNORMALITIES,2021,8
403,Symptoms/Pain,PAIN INTENSITY,2021,4
404,Pharmacokinetics,AUC(0-T),2021,1
407,Biomarkers/Lab Values,CHANGE IN ALBUMIN AND TOTAL PROTEIN,2021,1
408,Biomarkers/Lab Values,CHANGE IN INSULIN SENSITIVITY,2021,3
409,Mental Health Outcomes,CHANGE IN SELF-EFFICACY SCORE,2021,8
410,Symptoms/Pain,INSOMNIA SEVERITY INDEX,2021,4
411,Functional Status,MEAN CHANGE IN BEST CORRECTED VISUAL ACUITY,2021,2
412,Adverse Events/Safety,NUMBER OF PARTICIPANTS WITH CLINICALLY SIGNIFICANT ECG CHANGES,2021,9
414,Adverse Events/Safety,PERCENTAGE OF PARTICIPANTS REPORTING LOCAL REACTIONS,2021,4
416,Vital Signs/Physical Measures,VITAL SIGNS SUMMARY,2021,3
417,Survival/Time-to-Event,6-MONTH PROGRESSION-FREE SURVIVAL,2021,2
418,Mental Health Outcomes,CHANGE IN DEPRESSION SCORE,2021,1
419,Quality of Life/PRO,CLINICAL GLOBAL IMPRESSION OF CHANGE,2021,1
420,Immunogenicity,GEOMETRIC MEAN TITER OF ANTIBODIES,2021,4
421,Adverse Events/Safety,NUMBER OF PARTICIPANTS WITH ADVERSE DRUG REACTIONS,2021,2
422,Biomarkers/Lab Values,PERCENT CHANGE IN FASTING TRIGLYCERIDES,2021,2
423,Response Rates,PERCENTAGE OF PARTICIPANTS WITH CLINICAL RESPONSE,2021,3
424,Immunogenicity,SEROPOSITIVITY RATE,2021,2
425,Hospitalization/Healthcare Use,VENTILATOR-FREE DAYS,2021,4
426,Pharmacokinetics,APPARENT TOTAL BODY CLEARANCE,2021,2
428,Vital Signs/Physical Measures,CHANGE IN FORCED VITAL CAPACITY,2021,4
429,Mental Health Outcomes,DEPRESSION SCORE,2021,2
430,Disease Activity Scores,PERCENT CHANGE IN PASI SCORE,2021,2
431,Biomarkers/Lab Values,CHANGE IN BILIRUBIN AND CREATININE,2021,1
432,Symptoms/Pain,CHANGE IN INSOMNIA SEVERITY INDEX SCORE,2021,4
433,Functional Status,GRIP STRENGTH,2021,3
434,Adverse Events/Safety,PERCENTAGE OF PARTICIPANTS EXPERIENCING TREATMENT-EMERGENT ADVERSE EVENTS,2021,6
435,Biomarkers/Lab Values,CHANGE IN ALKALINE PHOSPHATASE,2021,3
436,Hospitalization/Healthcare Use,LENGTH OF ICU STAY,2021,2
437,Response Rates,NUMBER OF RESPONDERS,2021,1
440,Pharmacokinetics,TIME OF MAXIMUM CONCENTRATION,2021,3
441,Functional Status,TIMED UP AND GO TEST,2021,4
442,Biomarkers/Lab Values,CHANGE FROM BASELINE IN FASTING PLASMA GLUCOSE,2021,1
443,Biomarkers/Lab Values,CHANGE FROM BASELINE IN RED BLOOD CELL COUNT,2021,1
444,Disease Activity Scores,CHANGE IN SWOLLEN JOINT COUNT,2021,1
447,Adverse Events/Safety,NUMBER OF PARTICIPANTS WITH NON-SERIOUS ADVERSE EVENTS,2021,3
448,Adverse Events/Safety,PERCENTAGE OF PARTICIPANTS REPORTING SYSTEMIC EVENTS,2021,4
449,Mortality,28-DAY MORTALITY,2021,4
450,Pharmacokinetics,APPARENT VOLUME OF DISTRIBUTION (VZ/F),2021,5
451,Remission/Cure,CLINICAL CURE,2021,2
452,Survival/Time-to-Event,DURATION OF COMPLETE RESPONSE,2021,3
453,Biomarkers/Lab Values,MEAN CHANGE IN HEMOGLOBIN A1C,2021,3
454,Symptoms/Pain,PAIN INTERFERENCE SCORE,2021,9
455,Remission/Cure,PERCENTAGE OF PARTICIPANTS ACHIEVING CLINICAL REMISSION,2021,4
456,Adverse Events/Safety,RATE OF ADVERSE EVENTS,2021,5
457,Mortality,TIME TO DEATH,2021,3
458,Adverse Events/Safety,ANNUALIZED BLEEDING RATE,2021,2
459,Functional Status,CHANGE FROM BASELINE IN BCVA,2021,3
461,Functional Status,CHANGE IN WOMAC PHYSICAL FUNCTION SCORE,2021,1
462,Response Rates,CONFIRMED OBJECTIVE RESPONSE RATE,2021,13
463,Adverse Events/Safety,DRUG-RELATED ADVERSE EVENTS,2021,2
464,Adverse Events/Safety,NUMBER OF PARTICIPANTS WITH INJECTION SITE REACTIONS,2021,8
465,Adverse Events/Safety,OCCURRENCE OF ADVERSE EVENTS,2021,3
466,Adverse Events/Safety,PERCENTAGE OF PARTICIPANTS WITH SYSTEMIC EVENTS,2021,8
467,Quality of Life/PRO,SLEEP DISTURBANCE SCORE,2021,2
468,Quality of Life/PRO,ABSOLUTE CHANGE IN CFQ-R RESPIRATORY DOMAIN SCORE,2021,1
469,Symptoms/Pain,APNEA-HYPOPNEA INDEX,2021,2
471,Vital Signs/Physical Measures,MEAN HEART RATE,2021,2
472,Response Rates,PERCENTAGE OF PARTICIPANTS WITH RELAPSE,2021,1
473,Pharmacokinetics,TERMINAL PHASE ELIMINATION HALF-LIFE,2021,3
474,Response Rates,TREATMENT SUCCESS,2021,3
475,Functional Status,ACTIVITIES OF DAILY LIVING,2021,1
476,Biomarkers/Lab Values,CHANGE IN FASTING SERUM GLUCOSE,2021,2
477,Imaging Outcomes,CHANGE IN LEFT VENTRICULAR EJECTION FRACTION,2021,1
478,Disease Control,DURATION OF DISEASE CONTROL,2021,1
479,Treatment Adherence,DURATION OF TREATMENT,2021,4
480,Adverse Events/Safety,NUMBER OF DOSE LIMITING TOXICITIES,2021,1
483,Mental Health Outcomes,ANXIETY SCORE,2021,5
484,Pharmacokinetics,AVERAGE PLASMA CONCENTRATION,2021,3
485,Disease Activity Scores,CHANGE IN TENDER JOINT COUNT,2021,1
487,Mortality,IN-HOSPITAL MORTALITY,2021,5
488,Adverse Events/Safety,INCIDENCE AND SEVERITY OF ADVERSE EVENTS,2021,3
489,Response Rates,NUMBER OF PARTICIPANTS ACHIEVING TARGET,2021,2
490,Functional Status,PHYSICAL FUNCTION,2021,5
491,Vital Signs/Physical Measures,CHANGE FROM BASELINE IN HEIGHT,2021,2
493,Quality of Life/PRO,CHANGE IN PITTSBURGH SLEEP QUALITY INDEX SCORE,2021,2
494,Functional Status,CHANGE IN WHO FUNCTIONAL CLASS,2021,2
495,Functional Status,HARRIS HIP SCORE,2021,1
496,Adverse Events/Safety,NUMBER OF PARTICIPANTS WITH COMPLICATIONS,2021,3
497,Adverse Events/Safety,NUMBER OF PARTICIPANTS WITH DOSE-LIMITING TOXICITY,2021,2
498,Adverse Events/Safety,NUMBER OF PARTICIPANTS WITH SOLICITED LOCAL ADVERSE EVENTS,2021,11
499,Adverse Events/Safety,PERCENTAGE OF PARTICIPANTS WITH AT LEAST ONE ADVERSE EVENT,2021,1
500,Pharmacokinetics,PLASMA TROUGH CONCENTRATION,2021,1
1,Response Rates,OBJECTIVE RESPONSE RATE,2022,84
2,Survival/Time-to-Event,OVERALL SURVIVAL,2022,71
3,Survival/Time-to-Event,PROGRESSION-FREE SURVIVAL,2022,65
4,Adverse Events/Safety,NUMBER OF PARTICIPANTS WITH ADVERSE EVENTS,2022,98
5,Pharmacokinetics,MAXIMUM PLASMA CONCENTRATION,2022,130
6,Adverse Events/Safety,NUMBER OF PARTICIPANTS WITH TREATMENT-EMERGENT ADVERSE EVENTS,2022,166
7,Pharmacokinetics,TIME TO MAXIMUM CONCENTRATION,2022,88
8,Response Rates,DURATION OF RESPONSE,2022,44
9,Adverse Events/Safety,NUMBER OF PARTICIPANTS WITH SERIOUS ADVERSE EVENTS,2022,65
10,Pharmacokinetics,AUC FROM 0 TO INFINITY,2022,68
11,Biomarkers/Lab Values,CHANGE IN HEMOGLOBIN A1C,2022,42
12,Vital Signs/Physical Measures,CHANGE IN BODY WEIGHT,2022,42
13,Pharmacokinetics,AREA UNDER THE CONCENTRATION-TIME CURVE,2022,39
14,Disease Control,DISEASE CONTROL RATE,2022,26
15,Pharmacokinetics,PLASMA DRUG CONCENTRATION,2022,35
16,Quality of Life/PRO,CHANGE IN QUALITY OF LIFE SCORE,2022,31
17,Symptoms/Pain,CHANGE IN VAS PAIN SCORE,2022,23
18,Quality of Life/PRO,PATIENT SATISFACTION,2022,49
19,Dose-Finding,MAXIMUM TOLERATED DOSE,2022,10
20,Symptoms/Pain,CHANGE IN PAIN SCORE,2022,39
21,Survival/Time-to-Event,TIME TO PROGRESSION,2022,4
22,Mortality,ALL-CAUSE MORTALITY,2022,21
23,Response Rates,PERCENTAGE OF PARTICIPANTS ACHIEVING TARGET,2022,17
24,Vital Signs/Physical Measures,CHANGE IN BLOOD PRESSURE,2022,30
25,Pharmacokinetics,AUC FROM 0 TO LAST MEASURABLE CONCENTRATION,2022,24
26,Biomarkers/Lab Values,CHANGE IN FASTING PLASMA GLUCOSE,2022,7
27,Adverse Events/Safety,NUMBER OF ADVERSE EVENTS,2022,28
28,Quality of Life/PRO,CHANGE IN SF-36 SCORE,2022,13
29,Response Rates,COMPLETE RESPONSE RATE,2022,14
30,Adverse Events/Safety,NUMBER OF PARTICIPANTS WITH TREATMENT EMERGENT ADVERSE EVENTS,2022,25
31,Vital Signs/Physical Measures,CHANGE IN HEART RATE,2022,23
32,Biomarkers/Lab Values,CHANGE IN HEMOGLOBIN,2022,15
33,Adverse Events/Safety,PERCENTAGE OF PARTICIPANTS WITH ADVERSE EVENTS,2022,13
34,Immunogenicity,SEROCONVERSION RATE,2022,16
35,Pharmacokinetics,VOLUME OF DISTRIBUTION,2022,14
36,Response Rates,CLINICAL BENEFIT RATE,2022,10
37,Quality of Life/PRO,CHANGE IN EQ-5D SCORE,2022,11
38,Hospitalization/Healthcare Use,LENGTH OF HOSPITAL STAY,2022,16
39,Vital Signs/Physical Measures,CHANGE IN BODY MASS INDEX,2022,16
40,Quality of Life/PRO,PATIENT GLOBAL IMPRESSION OF CHANGE,2022,20
41,Symptoms/Pain,CHANGE IN NRS PAIN SCORE,2022,29
43,Adverse Events/Safety,DOSE-LIMITING TOXICITIES,2022,10
44,Biomarkers/Lab Values,CHANGE IN LDL CHOLESTEROL,2022,9
45,Survival/Time-to-Event,EVENT-FREE SURVIVAL,2022,6
46,Immunogenicity,SEROPROTECTION RATE,2022,6
47,Functional Status,CHANGE IN 6-MINUTE WALK DISTANCE,2022,6
48,Response Rates,TIME TO RESPONSE,2022,10
49,Survival/Time-to-Event,DISEASE-FREE SURVIVAL,2022,1
50,Pharmacokinetics,APPARENT VOLUME OF DISTRIBUTION,2022,23
51,Mental Health Outcomes,CHANGE IN MADRS SCORE,2022,14
52,Biomarkers/Lab Values,CHANGE IN CRP,2022,10
53,Immunogenicity,ANTI-DRUG ANTIBODIES,2022,8
54,Biomarkers/Lab Values,CHANGE IN TRIGLYCERIDES,2022,8
55,Mental Health Outcomes,CHANGE IN PHQ-9 SCORE,2022,28
56,Biomarkers/Lab Values,CHANGE IN TOTAL CHOLESTEROL,2022,8
57,Response Rates,ACR20 RESPONSE,2022,5
58,Biomarkers/Lab Values,CHANGE IN HDL CHOLESTEROL,2022,7
59,Pharmacokinetics,HALF-LIFE,2022,14
60,Disease Activity Scores,CHANGE IN DAS28 SCORE,2022,1
61,Vital Signs/Physical Measures,CHANGE IN SYSTOLIC BLOOD PRESSURE,2022,19
62,Pharmacokinetics,CLEARANCE,2022,14
63,Functional Status,CHANGE IN HAQ-DI SCORE,2022,5
64,Biomarkers/Lab Values,CHANGE IN VIRAL LOAD,2022,12
65,Treatment Adherence,TREATMENT ADHERENCE RATE,2022,13
66,Biomarkers/Lab Values,CHANGE IN ALT,2022,6
67,Survival/Time-to-Event,MEDIAN OVERALL SURVIVAL,2022,1
68,Vital Signs/Physical Measures,CHANGE IN WAIST CIRCUMFERENCE,2022,11
69,Adverse Events/Safety,INCIDENCE OF ADVERSE EVENTS,2022,17
70,Biomarkers/Lab Values,CHANGE IN CD4 COUNT,2022,1
71,Biomarkers/Lab Values,NUMBER OF PARTICIPANTS WITH LABORATORY ABNORMALITIES,2022,12
72,Pharmacokinetics,TROUGH CONCENTRATION,2022,12
73,Pharmacokinetics,TERMINAL HALF-LIFE,2022,15
74,Quality of Life/PRO,QUALITY OF LIFE SCORE,2022,9
75,Biomarkers/Lab Values,CHANGE IN EGFR,2022,8
76,Mental Health Outcomes,CHANGE IN HAM-D SCORE,2022,6
77,Survival/Time-to-Event,TIME TO TREATMENT FAILURE,2022,3
78,Symptoms/Pain,PAIN RESPONSE RATE,2022,1
79,Response Rates,IGA RESPONSE,2022,13
80,Response Rates,ACR50 RESPONSE,2022,3
81,Immunogenicity,ANTIBODY TITER,2022,5
82,Vital Signs/Physical Measures,CHANGE IN DIASTOLIC BLOOD PRESSURE,2022,16
83,Response Rates,PASI 75 RESPONSE,2022,6
84,Pharmacokinetics,ACCUMULATION RATIO,2022,7
85,Adverse Events/Safety,NUMBER OF PARTICIPANTS WITH TREATMENT-RELATED ADVERSE EVENTS,2022,11
86,Pharmacokinetics,TERMINAL ELIMINATION HALF-LIFE,2022,19
87,Biomarkers/Lab Values,CHANGE IN CREATININE,2022,6
88,Quality of Life/PRO,CHANGE IN DLQI SCORE,2022,8
89,Response Rates,ACR70 RESPONSE,2022,2
90,Mental Health Outcomes,CHANGE IN GAD-7 SCORE,2022,23
91,Survival/Time-to-Event,MEDIAN PROGRESSION-FREE SURVIVAL,2022,1
92,Adverse Events/Safety,PERCENTAGE OF PARTICIPANTS WITH TREATMENT-EMERGENT ADVERSE EVENTS,2022,10
93,Symptoms/Pain,CHANGE IN BPI SCORE,2022,9
94,Immunogenicity,NUMBER OF PARTICIPANTS WITH ANTI-DRUG ANTIBODIES,2022,7
95,Remission/Cure,COMPLETE REMISSION,2022,4
96,Imaging Outcomes,CHANGE IN BONE MINERAL DENSITY,2022,2
97,Quality of Life/PRO,CHANGE IN EORTC QLQ-C30 SCORE,2022,6
98,Biomarkers/Lab Values,PERCENTAGE OF PARTICIPANTS WITH LABORATORY ABNORMALITIES,2022,7
99,Biomarkers/Lab Values,CHANGE IN AST,2022,4
100,Mental Health Outcomes,CHANGE IN PANSS SCORE,2022,3
101,Adverse Events/Safety,NUMBER OF PARTICIPANTS WITH DOSE LIMITING TOXICITIES,2022,4
102,Adverse Events/Safety,GRADE 3 OR HIGHER ADVERSE EVENTS,2022,1
103,Vital Signs/Physical Measures,SYSTOLIC BLOOD PRESSURE,2022,5
104,Treatment Adherence,PERCENTAGE OF PARTICIPANTS COMPLETING TREATMENT,2022,20
105,Mental Health Outcomes,CHANGE IN MMSE SCORE,2022,6
106,Pharmacokinetics,MEAN RESIDENCE TIME,2022,8
107,Biomarkers/Lab Values,CHANGE IN PLATELET COUNT,2022,7
108,Response Rates,COMPLETE RESPONSE,2022,4
109,Dose-Finding,RECOMMENDED PHASE 2 DOSE,2022,7
110,Immunogenicity,IMMUNE RESPONSE RATE,2022,2
111,Pharmacokinetics,RENAL CLEARANCE,2022,7
112,Biomarkers/Lab Values,PERCENT CHANGE IN LDL CHOLESTEROL,2022,3
113,Treatment Adherence,COMPLIANCE RATE,2022,7
114,Adverse Events/Safety,NUMBER OF PARTICIPANTS WITH DOSE-LIMITING TOXICITIES,2022,3
115,Vital Signs/Physical Measures,CHANGE FROM BASELINE IN FEV1,2022,3
116,Adverse Events/Safety,NUMBER OF PARTICIPANTS WITH UNSOLICITED ADVERSE EVENTS,2022,13
117,Remission/Cure,CLINICAL REMISSION,2022,7
118,Response Rates,RESPONDER RATE,2022,2
119,Quality of Life/PRO,FATIGUE,2022,7
120,Functional Status,6-MINUTE WALK DISTANCE,2022,6
121,Pharmacokinetics,MAXIMUM SERUM CONCENTRATION,2022,7
122,Response Rates,PATHOLOGICAL COMPLETE RESPONSE,2022,1
123,Vital Signs/Physical Measures,DIASTOLIC BLOOD PRESSURE,2022,2
124,Adverse Events/Safety,INJECTION SITE REACTIONS,2022,12
125,Pharmacokinetics,MAXIMUM OBSERVED SERUM CONCENTRATION,2022,5
126,Symptoms/Pain,PAIN SCORE,2022,6
127,Hospitalization/Healthcare Use,HOSPITAL LENGTH OF STAY,2022,10
128,Biomarkers/Lab Values,CHANGE IN WHITE BLOOD CELL COUNT,2022,7
129,Response Rates,PASI 90 RESPONSE,2022,3
130,Symptoms/Pain,CHANGE IN WOMAC PAIN SCORE,2022,7
131,Mortality,30-DAY MORTALITY,2022,6
132,Imaging Outcomes,CHANGE IN EJECTION FRACTION,2022,3
133,Biomarkers/Lab Values,CHANGE IN ALBUMIN,2022,7
134,Adverse Events/Safety,PERCENTAGE OF PARTICIPANTS WITH SERIOUS ADVERSE EVENTS,2022,8
135,Vital Signs/Physical Measures,CHANGE IN TEMPERATURE,2022,7
136,Adverse Events/Safety,TOTAL ADVERSE EVENTS SUMMARY,2022,1
137,Pharmacokinetics,TIME TO MAXIMUM PLASMA CONCENTRATION,2022,9
138,Mental Health Outcomes,SUICIDAL IDEATION ASSESSMENT,2022,8
139,Mental Health Outcomes,CHANGE IN HAM-A SCORE,2022,4
140,Disease Activity Scores,CHANGE IN CDAI SCORE,2022,4
141,Vital Signs/Physical Measures,CHANGE FROM BASELINE IN BLOOD PRESSURE,2022,4
142,Mental Health Outcomes,CHANGE IN MOCA SCORE,2022,5
143,Mental Health Outcomes,CHANGE IN ADAS-COG SCORE,2022,3
144,Adverse Events/Safety,INCIDENCE OF TREATMENT-EMERGENT ADVERSE EVENTS,2022,16
145,Adverse Events/Safety,NUMBER OF PARTICIPANTS WITH ABNORMAL ECG FINDINGS,2022,1
146,Immunogenicity,GEOMETRIC MEAN TITERS,2022,4
147,Quality of Life/PRO,CHANGE IN SGRQ SCORE,2022,1
148,Pharmacokinetics,APPARENT CLEARANCE,2022,8
150,Response Rates,BEST OVERALL RESPONSE RATE,2022,1
151,Biomarkers/Lab Values,CHANGE FROM BASELINE IN HEMATOCRIT,2022,5
152,Biomarkers/Lab Values,CHANGE IN BILIRUBIN,2022,3
154,Hospitalization/Healthcare Use,HOSPITALIZATION RATE,2022,3
155,Adverse Events/Safety,NUMBER OF PATIENTS WITH ADVERSE EVENTS,2022,3
156,Mental Health Outcomes,CHANGE IN YMRS SCORE,2022,2
157,Pharmacokinetics,APPARENT TERMINAL HALF-LIFE,2022,7
158,Biomarkers/Lab Values,PERCENT CHANGE IN TOTAL CHOLESTEROL,2022,1
159,Pharmacokinetics,TROUGH PLASMA CONCENTRATION,2022,2
160,Adverse Events/Safety,NUMBER OF SERIOUS ADVERSE EVENTS,2022,5
161,Adverse Events/Safety,DOSE-LIMITING TOXICITY,2022,1
162,Immunogenicity,GEOMETRIC MEAN TITER,2022,2
163,Microbiological/Virological,VIRAL SUPPRESSION RATE,2022,3
164,Biomarkers/Lab Values,PERCENT CHANGE IN HDL CHOLESTEROL,2022,2
165,Treatment Adherence,RETENTION RATE,2022,12
166,Biomarkers/Lab Values,CHANGE IN FERRITIN,2022,2
168,Survival/Time-to-Event,TIME TO NEXT TREATMENT,2022,4
169,Mortality,CARDIOVASCULAR MORTALITY,2022,2
170,Response Rates,EASI 75 RESPONSE,2022,11
171,Pharmacokinetics,ELIMINATION HALF-LIFE,2022,4
172,Response Rates,PARTIAL RESPONSE RATE,2022,4
173,Vital Signs/Physical Measures,CHANGE IN PULSE RATE,2022,2
174,Mental Health Outcomes,DEPRESSION RESPONSE RATE,2022,4
175,Biomarkers/Lab Values,CHANGE IN ESR,2022,2
176,Symptoms/Pain,CHANGE IN PRURITUS SCORE,2022,5
177,Survival/Time-to-Event,MEDIAN PROGRESSION FREE SURVIVAL,2022,1
178,Pharmacokinetics,TOTAL BODY CLEARANCE,2022,7
179,Pharmacokinetics,APPARENT ORAL CLEARANCE,2022,1
180,Vital Signs/Physical Measures,CHANGE FROM BASELINE IN TROUGH FEV1,2022,1
181,Vital Signs/Physical Measures,CHANGE IN FEV1,2022,2
182,Response Rates,CLINICAL RESPONSE RATE,2022,3
183,Biomarkers/Lab Values,PERCENT CHANGE IN TRIGLYCERIDES,2022,2
184,Pharmacokinetics,VOLUME OF DISTRIBUTION AT STEADY STATE,2022,2
185,Vital Signs/Physical Measures,CHANGE FROM BASELINE IN PULSE RATE,2022,1
186,Adverse Events/Safety,NUMBER OF PARTICIPANTS WITH CLINICALLY SIGNIFICANT LABORATORY ABNORMALITIES,2022,5
187,Biomarkers/Lab Values,CHANGE IN NT-PROBNP,2022,3
189,Adverse Events/Safety,NUMBER OF TREATMENT-EMERGENT ADVERSE EVENTS,2022,9
190,Biomarkers/Lab Values,PERCENT CHANGE IN APOLIPOPROTEIN B,2022,5
191,Biomarkers/Lab Values,NUMBER OF PARTICIPANTS WITH LABORATORY TEST ABNORMALITIES,2022,7
193,Symptoms/Pain,OPIOID CONSUMPTION,2022,6
194,Hospitalization/Healthcare Use,TIME TO HOSPITAL DISCHARGE,2022,2
195,Vital Signs/Physical Measures,HEART RATE,2022,4
196,Vital Signs/Physical Measures,CHANGE FROM BASELINE IN RESPIRATORY RATE,2022,8
197,Survival/Time-to-Event,RELAPSE-FREE SURVIVAL,2022,1
199,Quality of Life/PRO,CHANGE IN EQ-5D-5L SCORE,2022,6
200,Survival/Time-to-Event,OVERALL SURVIVAL RATE,2022,3
201,Response Rates,PATHOLOGIC COMPLETE RESPONSE,2022,1
202,Quality of Life/PRO,TREATMENT SATISFACTION,2022,8
203,Adverse Events/Safety,NUMBER OF PARTICIPANTS WITH ANY ADVERSE EVENTS,2022,1
204,Biomarkers/Lab Values,MINIMAL RESIDUAL DISEASE NEGATIVITY,2022,1
206,Adverse Events/Safety,NUMBER OF PARTICIPANTS WITH SERIOUS AND/OR NON-SERIOUS ADVERSE EVENTS,2022,6
207,Symptoms/Pain,VAS PAIN SCORE,2022,3
209,Adverse Events/Safety,NUMBER OF PARTICIPANTS WITH ADVERSE EVENTS LEADING TO DISCONTINUATION,2022,3
211,Adverse Events/Safety,NUMBER OF PARTICIPANTS WITH ECG ABNORMALITIES,2022,7
212,Biomarkers/Lab Values,CHANGE IN C-REACTIVE PROTEIN,2022,2
213,Mental Health Outcomes,CHANGE IN HADS SCORE,2022,7
214,Mental Health Outcomes,CHANGE FROM BASELINE IN CGI-S SCORE,2022,3
215,Vital Signs/Physical Measures,CHANGE FROM BASELINE IN SYSTOLIC BLOOD PRESSURE,2022,3
216,Quality of Life/PRO,CHANGE IN FATIGUE SCORE,2022,5
219,Pharmacokinetics,ELIMINATION RATE CONSTANT,2022,3
220,Adverse Events/Safety,NUMBER OF PARTICIPANTS WITH ADVERSE EVENTS OF SPECIAL INTEREST,2022,12
221,Pharmacokinetics,PEAK PLASMA CONCENTRATION,2022,2
222,Symptoms/Pain,NAUSEA,2022,3
223,Biomarkers/Lab Values,CHANGE IN ABSOLUTE NEUTROPHIL COUNT,2022,1
224,Biomarkers/Lab Values,CHANGE FROM BASELINE IN HEMATOLOGY PARAMETERS,2022,4
225,Biomarkers/Lab Values,CHANGE IN HEMATOCRIT,2022,2
227,Survival/Time-to-Event,RECURRENCE-FREE SURVIVAL,2022,2
228,Pharmacokinetics,AUCTAU,2022,5
229,Functional Status,CHANGE IN EDSS SCORE,2022,3
232,Response Rates,PASI 50 RESPONSE,2022,1
233,Adverse Events/Safety,PROCEDURAL SUCCESS,2022,3
234,Quality of Life/PRO,CHANGE IN KCCQ SCORE,2022,1
235,Quality of Life/PRO,SLEEP EFFICIENCY,2022,2
236,Survival/Time-to-Event,TIME TO RELAPSE,2022,3
237,Pharmacokinetics,MINIMUM PLASMA CONCENTRATION,2022,1
238,Symptoms/Pain,PRURITUS SCORE,2022,8
239,Vital Signs/Physical Measures,NUMBER OF PARTICIPANTS WITH CLINICALLY SIGNIFICANT CHANGES IN VITAL SIGNS,2022,5
240,Immunogenicity,SERORESPONSE RATE,2022,12
241,Mental Health Outcomes,CHANGE IN CGI-S SCORE,2022,4
242,Adverse Events/Safety,FREQUENCY OF ADVERSE EVENTS,2022,3
243,Vital Signs/Physical Measures,PERCENT CHANGE IN BODY WEIGHT,2022,2
244,Remission/Cure,DEPRESSION REMISSION RATE,2022,5
246,Vital Signs/Physical Measures,BODY MASS INDEX,2022,2
247,Vital Signs/Physical Measures,CHANGE FROM BASELINE IN DIASTOLIC BLOOD PRESSURE,2022,3
250,Microbiological/Virological,MICROBIOLOGICAL ERADICATION,2022,2
252,Pharmacokinetics,APPARENT CLEARANCE (CL/F),2022,5
253,Biomarkers/Lab Values,CHANGE IN FASTING INSULIN,2022,2
254,Mental Health Outcomes,CHANGE IN PHQ-8 SCORE,2022,10
255,Adverse Events/Safety,ADVERSE EVENTS LEADING TO DISCONTINUATION,2022,7
257,Pharmacokinetics,AUC∞,2022,1
258,Biomarkers/Lab Values,CHANGE IN FASTING GLUCOSE,2022,4
259,Vital Signs/Physical Measures,FORCED EXPIRATORY VOLUME IN 1 SECOND (FEV1),2022,2
260,Quality of Life/PRO,PARTICIPANT SATISFACTION,2022,8
261,Response Rates,PASI 100 RESPONSE,2022,3
262,Biomarkers/Lab Values,CHANGE IN INR,2022,3
263,Vital Signs/Physical Measures,INTRAOCULAR PRESSURE,2022,1
264,Biomarkers/Lab Values,CHANGE IN HOMA-IR,2022,1
265,Adverse Events/Safety,INCIDENCE OF SERIOUS ADVERSE EVENTS,2022,5
266,Mortality,NUMBER OF PARTICIPANTS WHO DIED,2022,4
269,Response Rates,TUMOR RESPONSE,2022,2
270,Hospitalization/Healthcare Use,LENGTH OF STAY,2022,3
272,Mental Health Outcomes,CHANGE IN CES-D SCORE,2022,6
273,Hospitalization/Healthcare Use,DURATION OF HOSPITALIZATION,2022,2
274,Survival/Time-to-Event,DURATION OF OBJECTIVE RESPONSE,2022,1
275,Hospitalization/Healthcare Use,ICU ADMISSION RATE,2022,1
276,Hospitalization/Healthcare Use,ICU LENGTH OF STAY,2022,4
277,Vital Signs/Physical Measures,NUMBER OF PARTICIPANTS WITH CLINICALLY SIGNIFICANT CHANGE IN VITAL SIGNS,2022,4
278,Immunogenicity,NUMBER OF PARTICIPANTS WITH POSITIVE ANTI-DRUG ANTIBODIES,2022,1
280,Quality of Life/PRO,PATIENT GLOBAL IMPRESSION OF IMPROVEMENT,2022,1
281,Vital Signs/Physical Measures,FORCED VITAL CAPACITY,2022,3
282,Biomarkers/Lab Values,LABORATORY VALUES SUMMARY,2022,2
283,Mortality,NON-RELAPSE MORTALITY,2022,1
284,Functional Status,VISUAL ACUITY,2022,2
285,Mental Health Outcomes,CHANGE IN BDI-II SCORE,2022,1
286,Mental Health Outcomes,PERCEIVED STRESS SCORE,2022,12
288,Disease Activity Scores,ANNUALIZED RELAPSE RATE,2022,3
289,Mental Health Outcomes,CHANGE IN ANXIETY SCORE,2022,3
290,Biomarkers/Lab Values,CHANGE IN PSA,2022,1
292,Remission/Cure,ENDOSCOPIC REMISSION,2022,1
293,Survival/Time-to-Event,PROGRESSION-FREE SURVIVAL RATE,2022,1
294,Hospitalization/Healthcare Use,READMISSION RATE,2022,3
295,Disease Control,ANNUAL EXACERBATION RATE,2022,1
296,Disease Control,CLINICAL SUCCESS,2022,4
297,Remission/Cure,CURE RATE,2022,1
298,Pharmacokinetics,AUC0-LAST,2022,6
300,Hospitalization/Healthcare Use,EMERGENCY ROOM VISITS,2022,3
304,Biomarkers/Lab Values,CHANGE IN TOTAL BILIRUBIN,2022,3
306,Mortality,MORTALITY,2022,2
307,Adverse Events/Safety,NUMBER OF PARTICIPANTS WITH TREATMENT-EMERGENT SERIOUS ADVERSE EVENTS,2022,2
308,Biomarkers/Lab Values,PERCENT CHANGE IN NON-HDL-C,2022,2
310,Vital Signs/Physical Measures,CHANGE FROM BASELINE IN ECG PARAMETERS,2022,4
311,Treatment Adherence,MEDICATION ADHERENCE,2022,3
312,Adverse Events/Safety,NUMBER OF PARTICIPANTS WITH ADVERSE EVENTS AND SERIOUS ADVERSE EVENTS,2022,2
313,Adverse Events/Safety,NUMBER OF PARTICIPANTS WITH GRADE 3 OR HIGHER ADVERSE EVENTS,2022,2
314,Disease Control,TECHNICAL SUCCESS,2022,3
316,Functional Status,CHANGE IN ECOG PERFORMANCE STATUS,2022,2
317,Remission/Cure,CLINICAL CURE RATE,2022,1
319,Treatment Adherence,NUMBER OF PARTICIPANTS COMPLETING TREATMENT,2022,1
320,Adverse Events/Safety,TOTAL SERIOUS ADVERSE EVENTS SUMMARY,2022,1
321,Symptoms/Pain,CHANGE IN DYSPNEA SCORE,2022,3
323,Quality of Life/PRO,CHANGE IN SF-12 SCORE,2022,1
325,Functional Status,CHANGE IN PHYSICAL ACTIVITY,2022,4
326,Quality of Life/PRO,CLIENT SATISFACTION,2022,11
327,Other Clinical Endpoints,DEVICE SUCCESS,2022,1
330,Vital Signs/Physical Measures,RESPIRATORY RATE,2022,3
331,Mortality,90-DAY MORTALITY,2022,3
333,Symptoms/Pain,AVERAGE PAIN SCORE,2022,5
334,Vital Signs/Physical Measures,MEAN CHANGE IN BLOOD PRESSURE,2022,1
336,Pharmacokinetics,STEADY-STATE CONCENTRATION,2022,1
337,Pharmacokinetics,SYSTEMIC CLEARANCE,2022,1
339,Pharmacokinetics,APPARENT TERMINAL ELIMINATION HALF-LIFE,2022,1
342,Quality of Life/PRO,CHANGE IN EQ-5D-5L VAS SCORE,2022,1
343,Quality of Life/PRO,CHANGE IN FACIT-FATIGUE SCORE,2022,2
345,Adverse Events/Safety,NUMBER OF PARTICIPANTS WHO DISCONTINUED STUDY TREATMENT DUE TO AN AE,2022,1
346,Vital Signs/Physical Measures,NUMBER OF PARTICIPANTS WITH ABNORMAL VITAL SIGNS,2022,3
347,Adverse Events/Safety,NUMBER OF TREATMENT EMERGENT ADVERSE EVENTS,2022,2
348,Adverse Events/Safety,PERCENTAGE OF PARTICIPANTS WITH TREATMENT EMERGENT ADVERSE EVENTS,2022,1
349,Quality of Life/PRO,PITTSBURGH SLEEP QUALITY INDEX SCORE,2022,3
350,Response Rates,PROSTATE-SPECIFIC ANTIGEN RESPONSE,2022,1
351,Adverse Events/Safety,ESTIMATED BLOOD LOSS,2022,1
353,Mental Health Outcomes,CLINICAL GLOBAL IMPRESSION - IMPROVEMENT,2022,3
354,Adverse Events/Safety,NUMBER OF PARTICIPANTS REPORTING ONE OR MORE TREATMENT-EMERGENT ADVERSE EVENTS,2022,1
355,Adverse Events/Safety,NUMBER OF PARTICIPANTS WITH DOSE LIMITING TOXICITY,2022,5
356,Adverse Events/Safety,NUMBER OF PARTICIPANTS WITH CLINICALLY SIGNIFICANT ECG ABNORMALITIES,2022,10
357,Quality of Life/PRO,PATIENT GLOBAL IMPRESSION OF SEVERITY,2022,2
358,Biomarkers/Lab Values,PERCENT CHANGE IN NON-HDL CHOLESTEROL,2022,1
359,Pharmacokinetics,AUCINF,2022,2
360,Mental Health Outcomes,BECK DEPRESSION INVENTORY SCORE,2022,2
361,Functional Status,CHANGE FROM BASELINE IN BEST CORRECTED VISUAL ACUITY,2022,2
362,Functional Status,CHANGE IN BEST CORRECTED VISUAL ACUITY,2022,2
364,Disease Activity Scores,PERCENT CHANGE IN EASI SCORE,2022,4
367,Vital Signs/Physical Measures,CHANGE IN BODY TEMPERATURE,2022,4
368,Mental Health Outcomes,CHANGE IN PERCEIVED STRESS SCORE,2022,2
370,Mental Health Outcomes,DEPRESSIVE SYMPTOMS,2022,2
371,Adverse Events/Safety,INCIDENCE OF TREATMENT EMERGENT ADVERSE EVENTS,2022,3
372,Adverse Events/Safety,TOTAL OPIOID CONSUMPTION,2022,4
373,Quality of Life/PRO,ACCEPTABILITY OF INTERVENTION,2022,10
374,Biomarkers/Lab Values,CHANGE FROM BASELINE IN CLINICAL CHEMISTRY PARAMETERS,2022,1
378,Vital Signs/Physical Measures,MEAN ARTERIAL PRESSURE,2022,4
379,Vital Signs/Physical Measures,MEAN CHANGE IN HEART RATE,2022,2
381,Hospitalization/Healthcare Use,PROCEDURE TIME,2022,3
382,Other Clinical Endpoints,RECRUITMENT RATE,2022,7
384,Quality of Life/PRO,CHANGE IN SLEEP QUALITY SCORE,2022,3
387,Survival/Time-to-Event,TIME TO FIRST EXACERBATION,2022,1
390,Quality of Life/PRO,CHANGE IN HEALTH-RELATED QUALITY OF LIFE SCORE,2022,5
393,Adverse Events/Safety,NUMBER OF PARTICIPANTS WITH TREATMENT RELATED ADVERSE EVENTS,2022,1
394,Hospitalization/Healthcare Use,OPERATIVE TIME,2022,1
395,Quality of Life/PRO,SLEEP QUALITY SCORE,2022,3
396,Survival/Time-to-Event,2-YEAR SURVIVAL RATE,2022,1
397,Vital Signs/Physical Measures,CHANGE IN RESPIRATORY RATE,2022,5
398,Quality of Life/PRO,CHANGE IN TREATMENT SATISFACTION SCORE,2022,1
399,Symptoms/Pain,CHANGE IN WOMAC STIFFNESS SCORE,2022,1
400,Hospitalization/Healthcare Use,DURATION OF MECHANICAL VENTILATION,2022,4
401,Adverse Events/Safety,NUMBER OF PARTICIPANTS WITH ANY TREATMENT-EMERGENT ADVERSE EVENT,2022,9
402,Adverse Events/Safety,NUMBER OF PARTICIPANTS WITH CLINICAL LABORATORY ABNORMALITIES,2022,7
403,Symptoms/Pain,PAIN INTENSITY,2022,4
404,Pharmacokinetics,AUC(0-T),2022,4
405,Vital Signs/Physical Measures,CHANGE FROM BASELINE IN BODY TEMPERATURE,2022,2
407,Biomarkers/Lab Values,CHANGE IN ALBUMIN AND TOTAL PROTEIN,2022,1
408,Biomarkers/Lab Values,CHANGE IN INSULIN SENSITIVITY,2022,1
409,Mental Health Outcomes,CHANGE IN SELF-EFFICACY SCORE,2022,6
410,Symptoms/Pain,INSOMNIA SEVERITY INDEX,2022,2
412,Adverse Events/Safety,NUMBER OF PARTICIPANTS WITH CLINICALLY SIGNIFICANT ECG CHANGES,2022,2
413,Response Rates,PATHOLOGIC COMPLETE RESPONSE RATE,2022,1
414,Adverse Events/Safety,PERCENTAGE OF PARTICIPANTS REPORTING LOCAL REACTIONS,2022,1
418,Mental Health Outcomes,CHANGE IN DEPRESSION SCORE,2022,5
419,Quality of Life/PRO,CLINICAL GLOBAL IMPRESSION OF CHANGE,2022,1
420,Immunogenicity,GEOMETRIC MEAN TITER OF ANTIBODIES,2022,1
421,Adverse Events/Safety,NUMBER OF PARTICIPANTS WITH ADVERSE DRUG REACTIONS,2022,1
425,Hospitalization/Healthcare Use,VENTILATOR-FREE DAYS,2022,3
426,Pharmacokinetics,APPARENT TOTAL BODY CLEARANCE,2022,1
428,Vital Signs/Physical Measures,CHANGE IN FORCED VITAL CAPACITY,2022,4
429,Mental Health Outcomes,DEPRESSION SCORE,2022,1
430,Disease Activity Scores,PERCENT CHANGE IN PASI SCORE,2022,1
431,Biomarkers/Lab Values,CHANGE IN BILIRUBIN AND CREATININE,2022,1
432,Symptoms/Pain,CHANGE IN INSOMNIA SEVERITY INDEX SCORE,2022,3
433,Functional Status,GRIP STRENGTH,2022,4
436,Hospitalization/Healthcare Use,LENGTH OF ICU STAY,2022,1
437,Response Rates,NUMBER OF RESPONDERS,2022,1
442,Biomarkers/Lab Values,CHANGE FROM BASELINE IN FASTING PLASMA GLUCOSE,2022,1
443,Biomarkers/Lab Values,CHANGE FROM BASELINE IN RED BLOOD CELL COUNT,2022,2
446,Imaging Outcomes,MRI LESION COUNT,2022,2
447,Adverse Events/Safety,NUMBER OF PARTICIPANTS WITH NON-SERIOUS ADVERSE EVENTS,2022,3
448,Adverse Events/Safety,PERCENTAGE OF PARTICIPANTS REPORTING SYSTEMIC EVENTS,2022,1
449,Mortality,28-DAY MORTALITY,2022,2
450,Pharmacokinetics,APPARENT VOLUME OF DISTRIBUTION (VZ/F),2022,2
451,Remission/Cure,CLINICAL CURE,2022,1
452,Survival/Time-to-Event,DURATION OF COMPLETE RESPONSE,2022,2
453,Biomarkers/Lab Values,MEAN CHANGE IN HEMOGLOBIN A1C,2022,1
454,Symptoms/Pain,PAIN INTERFERENCE SCORE,2022,4
455,Remission/Cure,PERCENTAGE OF PARTICIPANTS ACHIEVING CLINICAL REMISSION,2022,1
456,Adverse Events/Safety,RATE OF ADVERSE EVENTS,2022,1
457,Mortality,TIME TO DEATH,2022,2
458,Adverse Events/Safety,ANNUALIZED BLEEDING RATE,2022,2
461,Functional Status,CHANGE IN WOMAC PHYSICAL FUNCTION SCORE,2022,3
462,Response Rates,CONFIRMED OBJECTIVE RESPONSE RATE,2022,3
464,Adverse Events/Safety,NUMBER OF PARTICIPANTS WITH INJECTION SITE REACTIONS,2022,4
466,Adverse Events/Safety,PERCENTAGE OF PARTICIPANTS WITH SYSTEMIC EVENTS,2022,5
467,Quality of Life/PRO,SLEEP DISTURBANCE SCORE,2022,5
468,Quality of Life/PRO,ABSOLUTE CHANGE IN CFQ-R RESPIRATORY DOMAIN SCORE,2022,1
469,Symptoms/Pain,APNEA-HYPOPNEA INDEX,2022,1
474,Response Rates,TREATMENT SUCCESS,2022,1
476,Biomarkers/Lab Values,CHANGE IN FASTING SERUM GLUCOSE,2022,1
479,Treatment Adherence,DURATION OF TREATMENT,2022,1
483,Mental Health Outcomes,ANXIETY SCORE,2022,4
484,Pharmacokinetics,AVERAGE PLASMA CONCENTRATION,2022,2
485,Disease Activity Scores,CHANGE IN TENDER JOINT COUNT,2022,1
487,Mortality,IN-HOSPITAL MORTALITY,2022,4
490,Functional Status,PHYSICAL FUNCTION,2022,3
491,Vital Signs/Physical Measures,CHANGE FROM BASELINE IN HEIGHT,2022,2
493,Quality of Life/PRO,CHANGE IN PITTSBURGH SLEEP QUALITY INDEX SCORE,2022,3
495,Functional Status,HARRIS HIP SCORE,2022,2
496,Adverse Events/Safety,NUMBER OF PARTICIPANTS WITH COMPLICATIONS,2022,3
498,Adverse Events/Safety,NUMBER OF PARTICIPANTS WITH SOLICITED LOCAL ADVERSE EVENTS,2022,2
1,Response Rates,OBJECTIVE RESPONSE RATE,2023,28
2,Survival/Time-to-Event,OVERALL SURVIVAL,2023,19
3,Survival/Time-to-Event,PROGRESSION-FREE SURVIVAL,2023,16
4,Adverse Events/Safety,NUMBER OF PARTICIPANTS WITH ADVERSE EVENTS,2023,63
5,Pharmacokinetics,MAXIMUM PLASMA CONCENTRATION,2023,103
6,Adverse Events/Safety,NUMBER OF PARTICIPANTS WITH TREATMENT-EMERGENT ADVERSE EVENTS,2023,80
7,Pharmacokinetics,TIME TO MAXIMUM CONCENTRATION,2023,72
8,Response Rates,DURATION OF RESPONSE,2023,10
9,Adverse Events/Safety,NUMBER OF PARTICIPANTS WITH SERIOUS ADVERSE EVENTS,2023,32
10,Pharmacokinetics,AUC FROM 0 TO INFINITY,2023,46
11,Biomarkers/Lab Values,CHANGE IN HEMOGLOBIN A1C,2023,11
12,Vital Signs/Physical Measures,CHANGE IN BODY WEIGHT,2023,17
13,Pharmacokinetics,AREA UNDER THE CONCENTRATION-TIME CURVE,2023,32
14,Disease Control,DISEASE CONTROL RATE,2023,4
15,Pharmacokinetics,PLASMA DRUG CONCENTRATION,2023,25
16,Quality of Life/PRO,CHANGE IN QUALITY OF LIFE SCORE,2023,13
17,Symptoms/Pain,CHANGE IN VAS PAIN SCORE,2023,15
18,Quality of Life/PRO,PATIENT SATISFACTION,2023,34
19,Dose-Finding,MAXIMUM TOLERATED DOSE,2023,2
20,Symptoms/Pain,CHANGE IN PAIN SCORE,2023,18
22,Mortality,ALL-CAUSE MORTALITY,2023,7
23,Response Rates,PERCENTAGE OF PARTICIPANTS ACHIEVING TARGET,2023,10
24,Vital Signs/Physical Measures,CHANGE IN BLOOD PRESSURE,2023,11
25,Pharmacokinetics,AUC FROM 0 TO LAST MEASURABLE CONCENTRATION,2023,23
26,Biomarkers/Lab Values,CHANGE IN FASTING PLASMA GLUCOSE,2023,2
27,Adverse Events/Safety,NUMBER OF ADVERSE EVENTS,2023,15
28,Quality of Life/PRO,CHANGE IN SF-36 SCORE,2023,5
29,Response Rates,COMPLETE RESPONSE RATE,2023,1
30,Adverse Events/Safety,NUMBER OF PARTICIPANTS WITH TREATMENT EMERGENT ADVERSE EVENTS,2023,25
31,Vital Signs/Physical Measures,CHANGE IN HEART RATE,2023,15
32,Biomarkers/Lab Values,CHANGE IN HEMOGLOBIN,2023,4
33,Adverse Events/Safety,PERCENTAGE OF PARTICIPANTS WITH ADVERSE EVENTS,2023,7
34,Immunogenicity,SEROCONVERSION RATE,2023,15
35,Pharmacokinetics,VOLUME OF DISTRIBUTION,2023,16
37,Quality of Life/PRO,CHANGE IN EQ-5D SCORE,2023,7
38,Hospitalization/Healthcare Use,LENGTH OF HOSPITAL STAY,2023,6
39,Vital Signs/Physical Measures,CHANGE IN BODY MASS INDEX,2023,9
40,Quality of Life/PRO,PATIENT GLOBAL IMPRESSION OF CHANGE,2023,10
41,Symptoms/Pain,CHANGE IN NRS PAIN SCORE,2023,13
42,Response Rates,SUSTAINED VIROLOGIC RESPONSE,2023,2
43,Adverse Events/Safety,DOSE-LIMITING TOXICITIES,2023,4
44,Biomarkers/Lab Values,CHANGE IN LDL CHOLESTEROL,2023,3
45,Survival/Time-to-Event,EVENT-FREE SURVIVAL,2023,2
46,Immunogenicity,SEROPROTECTION RATE,2023,5
47,Functional Status,CHANGE IN 6-MINUTE WALK DISTANCE,2023,5
48,Response Rates,TIME TO RESPONSE,2023,3
49,Survival/Time-to-Event,DISEASE-FREE SURVIVAL,2023,1
50,Pharmacokinetics,APPARENT VOLUME OF DISTRIBUTION,2023,22
51,Mental Health Outcomes,CHANGE IN MADRS SCORE,2023,4
52,Biomarkers/Lab Values,CHANGE IN CRP,2023,4
53,Immunogenicity,ANTI-DRUG ANTIBODIES,2023,3
54,Biomarkers/Lab Values,CHANGE IN TRIGLYCERIDES,2023,2
55,Mental Health Outcomes,CHANGE IN PHQ-9 SCORE,2023,14
56,Biomarkers/Lab Values,CHANGE IN TOTAL CHOLESTEROL,2023,1
57,Response Rates,ACR20 RESPONSE,2023,2
58,Biomarkers/Lab Values,CHANGE IN HDL CHOLESTEROL,2023,1
59,Pharmacokinetics,HALF-LIFE,2023,10
60,Disease Activity Scores,CHANGE IN DAS28 SCORE,2023,1
61,Vital Signs/Physical Measures,CHANGE IN SYSTOLIC BLOOD PRESSURE,2023,3
62,Pharmacokinetics,CLEARANCE,2023,9
63,Functional Status,CHANGE IN HAQ-DI SCORE,2023,1
64,Biomarkers/Lab Values,CHANGE IN VIRAL LOAD,2023,5
65,Treatment Adherence,TREATMENT ADHERENCE RATE,2023,7
67,Survival/Time-to-Event,MEDIAN OVERALL SURVIVAL,2023,1
68,Vital Signs/Physical Measures,CHANGE IN WAIST CIRCUMFERENCE,2023,3
69,Adverse Events/Safety,INCIDENCE OF ADVERSE EVENTS,2023,3
70,Biomarkers/Lab Values,CHANGE IN CD4 COUNT,2023,2
71,Biomarkers/Lab Values,NUMBER OF PARTICIPANTS WITH LABORATORY ABNORMALITIES,2023,10
72,Pharmacokinetics,TROUGH CONCENTRATION,2023,4
73,Pharmacokinetics,TERMINAL HALF-LIFE,2023,14
74,Quality of Life/PRO,QUALITY OF LIFE SCORE,2023,10
75,Biomarkers/Lab Values,CHANGE IN EGFR,2023,4
76,Mental Health Outcomes,CHANGE IN HAM-D SCORE,2023,1
78,Symptoms/Pain,PAIN RESPONSE RATE,2023,4
79,Response Rates,IGA RESPONSE,2023,7
80,Response Rates,ACR50 RESPONSE,2023,1
81,Immunogenicity,ANTIBODY TITER,2023,2
82,Vital Signs/Physical Measures,CHANGE IN DIASTOLIC BLOOD PRESSURE,2023,4
83,Response Rates,PASI 75 RESPONSE,2023,5
84,Pharmacokinetics,ACCUMULATION RATIO,2023,4
85,Adverse Events/Safety,NUMBER OF PARTICIPANTS WITH TREATMENT-RELATED ADVERSE EVENTS,2023,6
86,Pharmacokinetics,TERMINAL ELIMINATION HALF-LIFE,2023,7
87,Biomarkers/Lab Values,CHANGE IN CREATININE,2023,1
88,Quality of Life/PRO,CHANGE IN DLQI SCORE,2023,7
89,Response Rates,ACR70 RESPONSE,2023,1
90,Mental Health Outcomes,CHANGE IN GAD-7 SCORE,2023,15
91,Survival/Time-to-Event,MEDIAN PROGRESSION-FREE SURVIVAL,2023,2
92,Adverse Events/Safety,PERCENTAGE OF PARTICIPANTS WITH TREATMENT-EMERGENT ADVERSE EVENTS,2023,9
93,Symptoms/Pain,CHANGE IN BPI SCORE,2023,5
94,Immunogenicity,NUMBER OF PARTICIPANTS WITH ANTI-DRUG ANTIBODIES,2023,2
95,Remission/Cure,COMPLETE REMISSION,2023,1
97,Quality of Life/PRO,CHANGE IN EORTC QLQ-C30 SCORE,2023,1
98,Biomarkers/Lab Values,PERCENTAGE OF PARTICIPANTS WITH LABORATORY ABNORMALITIES,2023,1
99,Biomarkers/Lab Values,CHANGE IN AST,2023,1
100,Mental Health Outcomes,CHANGE IN PANSS SCORE,2023,1
103,Vital Signs/Physical Measures,SYSTOLIC BLOOD PRESSURE,2023,5
104,Treatment Adherence,PERCENTAGE OF PARTICIPANTS COMPLETING TREATMENT,2023,12
105,Mental Health Outcomes,CHANGE IN MMSE SCORE,2023,1
106,Pharmacokinetics,MEAN RESIDENCE TIME,2023,1
107,Biomarkers/Lab Values,CHANGE IN PLATELET COUNT,2023,3
108,Response Rates,COMPLETE RESPONSE,2023,1
109,Dose-Finding,RECOMMENDED PHASE 2 DOSE,2023,1
110,Immunogenicity,IMMUNE RESPONSE RATE,2023,1
111,Pharmacokinetics,RENAL CLEARANCE,2023,2
113,Treatment Adherence,COMPLIANCE RATE,2023,6
114,Adverse Events/Safety,NUMBER OF PARTICIPANTS WITH DOSE-LIMITING TOXICITIES,2023,3
116,Adverse Events/Safety,NUMBER OF PARTICIPANTS WITH UNSOLICITED ADVERSE EVENTS,2023,9
118,Response Rates,RESPONDER RATE,2023,2
119,Quality of Life/PRO,FATIGUE,2023,5
120,Functional Status,6-MINUTE WALK DISTANCE,2023,7
121,Pharmacokinetics,MAXIMUM SERUM CONCENTRATION,2023,5
122,Response Rates,PATHOLOGICAL COMPLETE RESPONSE,2023,1
123,Vital Signs/Physical Measures,DIASTOLIC BLOOD PRESSURE,2023,5
124,Adverse Events/Safety,INJECTION SITE REACTIONS,2023,6
125,Pharmacokinetics,MAXIMUM OBSERVED SERUM CONCENTRATION,2023,2
126,Symptoms/Pain,PAIN SCORE,2023,2
127,Hospitalization/Healthcare Use,HOSPITAL LENGTH OF STAY,2023,5
129,Response Rates,PASI 90 RESPONSE,2023,1
130,Symptoms/Pain,CHANGE IN WOMAC PAIN SCORE,2023,3
131,Mortality,30-DAY MORTALITY,2023,2
133,Biomarkers/Lab Values,CHANGE IN ALBUMIN,2023,1
134,Adverse Events/Safety,PERCENTAGE OF PARTICIPANTS WITH SERIOUS ADVERSE EVENTS,2023,6
135,Vital Signs/Physical Measures,CHANGE IN TEMPERATURE,2023,3
137,Pharmacokinetics,TIME TO MAXIMUM PLASMA CONCENTRATION,2023,5
138,Mental Health Outcomes,SUICIDAL IDEATION ASSESSMENT,2023,4
140,Disease Activity Scores,CHANGE IN CDAI SCORE,2023,1
141,Vital Signs/Physical Measures,CHANGE FROM BASELINE IN BLOOD PRESSURE,2023,1
142,Mental Health Outcomes,CHANGE IN MOCA SCORE,2023,8
143,Mental Health Outcomes,CHANGE IN ADAS-COG SCORE,2023,2
144,Adverse Events/Safety,INCIDENCE OF TREATMENT-EMERGENT ADVERSE EVENTS,2023,4
145,Adverse Events/Safety,NUMBER OF PARTICIPANTS WITH ABNORMAL ECG FINDINGS,2023,2
146,Immunogenicity,GEOMETRIC MEAN TITERS,2023,1
148,Pharmacokinetics,APPARENT CLEARANCE,2023,4
151,Biomarkers/Lab Values,CHANGE FROM BASELINE IN HEMATOCRIT,2023,1
152,Biomarkers/Lab Values,CHANGE IN BILIRUBIN,2023,4
154,Hospitalization/Healthcare Use,HOSPITALIZATION RATE,2023,3
155,Adverse Events/Safety,NUMBER OF PATIENTS WITH ADVERSE EVENTS,2023,2
157,Pharmacokinetics,APPARENT TERMINAL HALF-LIFE,2023,5
158,Biomarkers/Lab Values,PERCENT CHANGE IN TOTAL CHOLESTEROL,2023,1
159,Pharmacokinetics,TROUGH PLASMA CONCENTRATION,2023,3
160,Adverse Events/Safety,NUMBER OF SERIOUS ADVERSE EVENTS,2023,5
162,Immunogenicity,GEOMETRIC MEAN TITER,2023,2
163,Microbiological/Virological,VIRAL SUPPRESSION RATE,2023,2
165,Treatment Adherence,RETENTION RATE,2023,17
166,Biomarkers/Lab Values,CHANGE IN FERRITIN,2023,1
168,Survival/Time-to-Event,TIME TO NEXT TREATMENT,2023,2
169,Mortality,CARDIOVASCULAR MORTALITY,2023,1
170,Response Rates,EASI 75 RESPONSE,2023,5
171,Pharmacokinetics,ELIMINATION HALF-LIFE,2023,5
172,Response Rates,PARTIAL RESPONSE RATE,2023,1
173,Vital Signs/Physical Measures,CHANGE IN PULSE RATE,2023,2
174,Mental Health Outcomes,DEPRESSION RESPONSE RATE,2023,2
176,Symptoms/Pain,CHANGE IN PRURITUS SCORE,2023,5
179,Pharmacokinetics,APPARENT ORAL CLEARANCE,2023,2
180,Vital Signs/Physical Measures,CHANGE FROM BASELINE IN TROUGH FEV1,2023,1
181,Vital Signs/Physical Measures,CHANGE IN FEV1,2023,1
184,Pharmacokinetics,VOLUME OF DISTRIBUTION AT STEADY STATE,2023,1
185,Vital Signs/Physical Measures,CHANGE FROM BASELINE IN PULSE RATE,2023,1
186,Adverse Events/Safety,NUMBER OF PARTICIPANTS WITH CLINICALLY SIGNIFICANT LABORATORY ABNORMALITIES,2023,7
187,Biomarkers/Lab Values,CHANGE IN NT-PROBNP,2023,1
189,Adverse Events/Safety,NUMBER OF TREATMENT-EMERGENT ADVERSE EVENTS,2023,4
190,Biomarkers/Lab Values,PERCENT CHANGE IN APOLIPOPROTEIN B,2023,1
191,Biomarkers/Lab Values,NUMBER OF PARTICIPANTS WITH LABORATORY TEST ABNORMALITIES,2023,8
193,Symptoms/Pain,OPIOID CONSUMPTION,2023,1
194,Hospitalization/Healthcare Use,TIME TO HOSPITAL DISCHARGE,2023,1
195,Vital Signs/Physical Measures,HEART RATE,2023,3
196,Vital Signs/Physical Measures,CHANGE FROM BASELINE IN RESPIRATORY RATE,2023,3
197,Survival/Time-to-Event,RELAPSE-FREE SURVIVAL,2023,1
200,Survival/Time-to-Event,OVERALL SURVIVAL RATE,2023,1
201,Response Rates,PATHOLOGIC COMPLETE RESPONSE,2023,1
202,Quality of Life/PRO,TREATMENT SATISFACTION,2023,1
203,Adverse Events/Safety,NUMBER OF PARTICIPANTS WITH ANY ADVERSE EVENTS,2023,1
204,Biomarkers/Lab Values,MINIMAL RESIDUAL DISEASE NEGATIVITY,2023,2
206,Adverse Events/Safety,NUMBER OF PARTICIPANTS WITH SERIOUS AND/OR NON-SERIOUS ADVERSE EVENTS,2023,3
207,Symptoms/Pain,VAS PAIN SCORE,2023,1
209,Adverse Events/Safety,NUMBER OF PARTICIPANTS WITH ADVERSE EVENTS LEADING TO DISCONTINUATION,2023,3
210,Adverse Events/Safety,NUMBER OF PARTICIPANTS WITH DRUG-RELATED ADVERSE EVENTS,2023,1
211,Adverse Events/Safety,NUMBER OF PARTICIPANTS WITH ECG ABNORMALITIES,2023,7
212,Biomarkers/Lab Values,CHANGE IN C-REACTIVE PROTEIN,2023,1
213,Mental Health Outcomes,CHANGE IN HADS SCORE,2023,2
214,Mental Health Outcomes,CHANGE FROM BASELINE IN CGI-S SCORE,2023,1
215,Vital Signs/Physical Measures,CHANGE FROM BASELINE IN SYSTOLIC BLOOD PRESSURE,2023,1
216,Quality of Life/PRO,CHANGE IN FATIGUE SCORE,2023,2
217,Response Rates,CLINICAL RESPONSE,2023,2
219,Pharmacokinetics,ELIMINATION RATE CONSTANT,2023,5
222,Symptoms/Pain,NAUSEA,2023,1
223,Biomarkers/Lab Values,CHANGE IN ABSOLUTE NEUTROPHIL COUNT,2023,1
224,Biomarkers/Lab Values,CHANGE FROM BASELINE IN HEMATOLOGY PARAMETERS,2023,2
227,Survival/Time-to-Event,RECURRENCE-FREE SURVIVAL,2023,2
228,Pharmacokinetics,AUCTAU,2023,3
232,Response Rates,PASI 50 RESPONSE,2023,1
234,Quality of Life/PRO,CHANGE IN KCCQ SCORE,2023,1
235,Quality of Life/PRO,SLEEP EFFICIENCY,2023,1
236,Survival/Time-to-Event,TIME TO RELAPSE,2023,1
238,Symptoms/Pain,PRURITUS SCORE,2023,4
239,Vital Signs/Physical Measures,NUMBER OF PARTICIPANTS WITH CLINICALLY SIGNIFICANT CHANGES IN VITAL SIGNS,2023,3
240,Immunogenicity,SERORESPONSE RATE,2023,9
241,Mental Health Outcomes,CHANGE IN CGI-S SCORE,2023,3
242,Adverse Events/Safety,FREQUENCY OF ADVERSE EVENTS,2023,1
243,Vital Signs/Physical Measures,PERCENT CHANGE IN BODY WEIGHT,2023,2
246,Vital Signs/Physical Measures,BODY MASS INDEX,2023,4
249,Symptoms/Pain,DYSPNEA SCORE,2023,1
250,Microbiological/Virological,MICROBIOLOGICAL ERADICATION,2023,4
252,Pharmacokinetics,APPARENT CLEARANCE (CL/F),2023,8
254,Mental Health Outcomes,CHANGE IN PHQ-8 SCORE,2023,5
255,Adverse Events/Safety,ADVERSE EVENTS LEADING TO DISCONTINUATION,2023,3
257,Pharmacokinetics,AUC∞,2023,1
258,Biomarkers/Lab Values,CHANGE IN FASTING GLUCOSE,2023,1
259,Vital Signs/Physical Measures,FORCED EXPIRATORY VOLUME IN 1 SECOND (FEV1),2023,1
260,Quality of Life/PRO,PARTICIPANT SATISFACTION,2023,5
261,Response Rates,PASI 100 RESPONSE,2023,1
264,Biomarkers/Lab Values,CHANGE IN HOMA-IR,2023,1
265,Adverse Events/Safety,INCIDENCE OF SERIOUS ADVERSE EVENTS,2023,3
266,Mortality,NUMBER OF PARTICIPANTS WHO DIED,2023,2
267,Pharmacokinetics,PLASMA DECAY HALF-LIFE,2023,1
268,Quality of Life/PRO,TOTAL SLEEP TIME,2023,1
270,Hospitalization/Healthcare Use,LENGTH OF STAY,2023,2
271,Pharmacokinetics,MAXIMUM OBSERVED PLASMA CONCENTRATION,2023,1
272,Mental Health Outcomes,CHANGE IN CES-D SCORE,2023,1
275,Hospitalization/Healthcare Use,ICU ADMISSION RATE,2023,1
276,Hospitalization/Healthcare Use,ICU LENGTH OF STAY,2023,3
277,Vital Signs/Physical Measures,NUMBER OF PARTICIPANTS WITH CLINICALLY SIGNIFICANT CHANGE IN VITAL SIGNS,2023,4
280,Quality of Life/PRO,PATIENT GLOBAL IMPRESSION OF IMPROVEMENT,2023,1
281,Vital Signs/Physical Measures,FORCED VITAL CAPACITY,2023,3
282,Biomarkers/Lab Values,LABORATORY VALUES SUMMARY,2023,1
285,Mental Health Outcomes,CHANGE IN BDI-II SCORE,2023,1
286,Mental Health Outcomes,PERCEIVED STRESS SCORE,2023,4
289,Mental Health Outcomes,CHANGE IN ANXIETY SCORE,2023,6
292,Remission/Cure,ENDOSCOPIC REMISSION,2023,1
294,Hospitalization/Healthcare Use,READMISSION RATE,2023,1
297,Remission/Cure,CURE RATE,2023,2
298,Pharmacokinetics,AUC0-LAST,2023,3
299,Functional Status,CHANGE IN VISUAL ACUITY,2023,1
300,Hospitalization/Healthcare Use,EMERGENCY ROOM VISITS,2023,2
303,Symptoms/Pain,CHANGE IN ADHD-RS SCORE,2023,1
307,Adverse Events/Safety,NUMBER OF PARTICIPANTS WITH TREATMENT-EMERGENT SERIOUS ADVERSE EVENTS,2023,3
310,Vital Signs/Physical Measures,CHANGE FROM BASELINE IN ECG PARAMETERS,2023,3
312,Adverse Events/Safety,NUMBER OF PARTICIPANTS WITH ADVERSE EVENTS AND SERIOUS ADVERSE EVENTS,2023,1
314,Disease Control,TECHNICAL SUCCESS,2023,2
316,Functional Status,CHANGE IN ECOG PERFORMANCE STATUS,2023,1
317,Remission/Cure,CLINICAL CURE RATE,2023,3
319,Treatment Adherence,NUMBER OF PARTICIPANTS COMPLETING TREATMENT,2023,1
320,Adverse Events/Safety,TOTAL SERIOUS ADVERSE EVENTS SUMMARY,2023,1
323,Quality of Life/PRO,CHANGE IN SF-12 SCORE,2023,2
325,Functional Status,CHANGE IN PHYSICAL ACTIVITY,2023,2
326,Quality of Life/PRO,CLIENT SATISFACTION,2023,5
329,Biomarkers/Lab Values,PERCENT CHANGE IN LDL-C,2023,1
330,Vital Signs/Physical Measures,RESPIRATORY RATE,2023,1
331,Mortality,90-DAY MORTALITY,2023,2
333,Symptoms/Pain,AVERAGE PAIN SCORE,2023,1
335,Response Rates,PSA RESPONSE RATE,2023,1
337,Pharmacokinetics,SYSTEMIC CLEARANCE,2023,1
340,Biomarkers/Lab Values,CHANGE FROM BASELINE IN ERYTHROCYTES,2023,1
342,Quality of Life/PRO,CHANGE IN EQ-5D-5L VAS SCORE,2023,3
346,Vital Signs/Physical Measures,NUMBER OF PARTICIPANTS WITH ABNORMAL VITAL SIGNS,2023,6
347,Adverse Events/Safety,NUMBER OF TREATMENT EMERGENT ADVERSE EVENTS,2023,1
348,Adverse Events/Safety,PERCENTAGE OF PARTICIPANTS WITH TREATMENT EMERGENT ADVERSE EVENTS,2023,1
349,Quality of Life/PRO,PITTSBURGH SLEEP QUALITY INDEX SCORE,2023,2
351,Adverse Events/Safety,ESTIMATED BLOOD LOSS,2023,3
354,Adverse Events/Safety,NUMBER OF PARTICIPANTS REPORTING ONE OR MORE TREATMENT-EMERGENT ADVERSE EVENTS,2023,1
355,Adverse Events/Safety,NUMBER OF PARTICIPANTS WITH DOSE LIMITING TOXICITY,2023,1
356,Adverse Events/Safety,NUMBER OF PARTICIPANTS WITH CLINICALLY SIGNIFICANT ECG ABNORMALITIES,2023,2
357,Quality of Life/PRO,PATIENT GLOBAL IMPRESSION OF SEVERITY,2023,2
358,Biomarkers/Lab Values,PERCENT CHANGE IN NON-HDL CHOLESTEROL,2023,1
359,Pharmacokinetics,AUCINF,2023,4
364,Disease Activity Scores,PERCENT CHANGE IN EASI SCORE,2023,1
365,Immunogenicity,PERCENTAGE OF PARTICIPANTS WITH ANTI-DRUG ANTIBODIES,2023,1
366,Vital Signs/Physical Measures,CHANGE FROM BASELINE IN HEART RATE,2023,1
368,Mental Health Outcomes,CHANGE IN PERCEIVED STRESS SCORE,2023,5
370,Mental Health Outcomes,DEPRESSIVE SYMPTOMS,2023,3
371,Adverse Events/Safety,INCIDENCE OF TREATMENT EMERGENT ADVERSE EVENTS,2023,3
372,Adverse Events/Safety,TOTAL OPIOID CONSUMPTION,2023,4
373,Quality of Life/PRO,ACCEPTABILITY OF INTERVENTION,2023,6
374,Biomarkers/Lab Values,CHANGE FROM BASELINE IN CLINICAL CHEMISTRY PARAMETERS,2023,2
375,Vital Signs/Physical Measures,CHANGE IN INTRAOCULAR PRESSURE,2023,1
376,Vital Signs/Physical Measures,CHANGES IN FORCED VITAL CAPACITY,2023,1
381,Hospitalization/Healthcare Use,PROCEDURE TIME,2023,1
382,Other Clinical Endpoints,RECRUITMENT RATE,2023,7
383,Pharmacokinetics,AUC0-TZ,2023,1
388,Adverse Events/Safety,TREATMENT DISCONTINUATION RATE,2023,1
389,Immunogenicity,VACCINE RESPONSE RATE,2023,3
390,Quality of Life/PRO,CHANGE IN HEALTH-RELATED QUALITY OF LIFE SCORE,2023,2
393,Adverse Events/Safety,NUMBER OF PARTICIPANTS WITH TREATMENT RELATED ADVERSE EVENTS,2023,1
397,Vital Signs/Physical Measures,CHANGE IN RESPIRATORY RATE,2023,2
398,Quality of Life/PRO,CHANGE IN TREATMENT SATISFACTION SCORE,2023,1
401,Adverse Events/Safety,NUMBER OF PARTICIPANTS WITH ANY TREATMENT-EMERGENT ADVERSE EVENT,2023,1
402,Adverse Events/Safety,NUMBER OF PARTICIPANTS WITH CLINICAL LABORATORY ABNORMALITIES,2023,4
403,Symptoms/Pain,PAIN INTENSITY,2023,1
405,Vital Signs/Physical Measures,CHANGE FROM BASELINE IN BODY TEMPERATURE,2023,1
406,Vital Signs/Physical Measures,CHANGE FROM BASELINE IN SYSTOLIC AND DIASTOLIC BLOOD PRESSURE,2023,1
409,Mental Health Outcomes,CHANGE IN SELF-EFFICACY SCORE,2023,3
410,Symptoms/Pain,INSOMNIA SEVERITY INDEX,2023,2
411,Functional Status,MEAN CHANGE IN BEST CORRECTED VISUAL ACUITY,2023,1
412,Adverse Events/Safety,NUMBER OF PARTICIPANTS WITH CLINICALLY SIGNIFICANT ECG CHANGES,2023,5
416,Vital Signs/Physical Measures,VITAL SIGNS SUMMARY,2023,1
418,Mental Health Outcomes,CHANGE IN DEPRESSION SCORE,2023,4
420,Immunogenicity,GEOMETRIC MEAN TITER OF ANTIBODIES,2023,1
424,Immunogenicity,SEROPOSITIVITY RATE,2023,2
426,Pharmacokinetics,APPARENT TOTAL BODY CLEARANCE,2023,1
429,Mental Health Outcomes,DEPRESSION SCORE,2023,2
430,Disease Activity Scores,PERCENT CHANGE IN PASI SCORE,2023,1
432,Symptoms/Pain,CHANGE IN INSOMNIA SEVERITY INDEX SCORE,2023,1
434,Adverse Events/Safety,PERCENTAGE OF PARTICIPANTS EXPERIENCING TREATMENT-EMERGENT ADVERSE EVENTS,2023,1
436,Hospitalization/Healthcare Use,LENGTH OF ICU STAY,2023,2
440,Pharmacokinetics,TIME OF MAXIMUM CONCENTRATION,2023,2
441,Functional Status,TIMED UP AND GO TEST,2023,3
447,Adverse Events/Safety,NUMBER OF PARTICIPANTS WITH NON-SERIOUS ADVERSE EVENTS,2023,2
450,Pharmacokinetics,APPARENT VOLUME OF DISTRIBUTION (VZ/F),2023,2
452,Survival/Time-to-Event,DURATION OF COMPLETE RESPONSE,2023,1
453,Biomarkers/Lab Values,MEAN CHANGE IN HEMOGLOBIN A1C,2023,1
454,Symptoms/Pain,PAIN INTERFERENCE SCORE,2023,1
455,Remission/Cure,PERCENTAGE OF PARTICIPANTS ACHIEVING CLINICAL REMISSION,2023,2
456,Adverse Events/Safety,RATE OF ADVERSE EVENTS,2023,1
459,Functional Status,CHANGE FROM BASELINE IN BCVA,2023,2
461,Functional Status,CHANGE IN WOMAC PHYSICAL FUNCTION SCORE,2023,1
466,Adverse Events/Safety,PERCENTAGE OF PARTICIPANTS WITH SYSTEMIC EVENTS,2023,6
467,Quality of Life/PRO,SLEEP DISTURBANCE SCORE,2023,1
469,Symptoms/Pain,APNEA-HYPOPNEA INDEX,2023,2
473,Pharmacokinetics,TERMINAL PHASE ELIMINATION HALF-LIFE,2023,1
475,Functional Status,ACTIVITIES OF DAILY LIVING,2023,1
476,Biomarkers/Lab Values,CHANGE IN FASTING SERUM GLUCOSE,2023,2
479,Treatment Adherence,DURATION OF TREATMENT,2023,2
483,Mental Health Outcomes,ANXIETY SCORE,2023,2
484,Pharmacokinetics,AVERAGE PLASMA CONCENTRATION,2023,3
486,Quality of Life/PRO,CHANGE IN WOMAC SCORE,2023,2
491,Vital Signs/Physical Measures,CHANGE FROM BASELINE IN HEIGHT,2023,1
493,Quality of Life/PRO,CHANGE IN PITTSBURGH SLEEP QUALITY INDEX SCORE,2023,2
496,Adverse Events/Safety,NUMBER OF PARTICIPANTS WITH COMPLICATIONS,2023,1
498,Adverse Events/Safety,NUMBER OF PARTICIPANTS WITH SOLICITED LOCAL ADVERSE EVENTS,2023,1
2,Survival/Time-to-Event,OVERALL SURVIVAL,2024,2
3,Survival/Time-to-Event,PROGRESSION-FREE SURVIVAL,2024,1
4,Adverse Events/Safety,NUMBER OF PARTICIPANTS WITH ADVERSE EVENTS,2024,12
5,Pharmacokinetics,MAXIMUM PLASMA CONCENTRATION,2024,23
6,Adverse Events/Safety,NUMBER OF PARTICIPANTS WITH TREATMENT-EMERGENT ADVERSE EVENTS,2024,9
7,Pharmacokinetics,TIME TO MAXIMUM CONCENTRATION,2024,14
9,Adverse Events/Safety,NUMBER OF PARTICIPANTS WITH SERIOUS ADVERSE EVENTS,2024,7
10,Pharmacokinetics,AUC FROM 0 TO INFINITY,2024,12
11,Biomarkers/Lab Values,CHANGE IN HEMOGLOBIN A1C,2024,2
12,Vital Signs/Physical Measures,CHANGE IN BODY WEIGHT,2024,4
13,Pharmacokinetics,AREA UNDER THE CONCENTRATION-TIME CURVE,2024,7
15,Pharmacokinetics,PLASMA DRUG CONCENTRATION,2024,4
16,Quality of Life/PRO,CHANGE IN QUALITY OF LIFE SCORE,2024,6
17,Symptoms/Pain,CHANGE IN VAS PAIN SCORE,2024,7
18,Quality of Life/PRO,PATIENT SATISFACTION,2024,11
20,Symptoms/Pain,CHANGE IN PAIN SCORE,2024,1
22,Mortality,ALL-CAUSE MORTALITY,2024,2
23,Response Rates,PERCENTAGE OF PARTICIPANTS ACHIEVING TARGET,2024,1
25,Pharmacokinetics,AUC FROM 0 TO LAST MEASURABLE CONCENTRATION,2024,5
27,Adverse Events/Safety,NUMBER OF ADVERSE EVENTS,2024,3
30,Adverse Events/Safety,NUMBER OF PARTICIPANTS WITH TREATMENT EMERGENT ADVERSE EVENTS,2024,1
31,Vital Signs/Physical Measures,CHANGE IN HEART RATE,2024,3
33,Adverse Events/Safety,PERCENTAGE OF PARTICIPANTS WITH ADVERSE EVENTS,2024,1
34,Immunogenicity,SEROCONVERSION RATE,2024,4
35,Pharmacokinetics,VOLUME OF DISTRIBUTION,2024,4
37,Quality of Life/PRO,CHANGE IN EQ-5D SCORE,2024,2
38,Hospitalization/Healthcare Use,LENGTH OF HOSPITAL STAY,2024,1
39,Vital Signs/Physical Measures,CHANGE IN BODY MASS INDEX,2024,3
43,Adverse Events/Safety,DOSE-LIMITING TOXICITIES,2024,1
44,Biomarkers/Lab Values,CHANGE IN LDL CHOLESTEROL,2024,2
46,Immunogenicity,SEROPROTECTION RATE,2024,1
50,Pharmacokinetics,APPARENT VOLUME OF DISTRIBUTION,2024,1
51,Mental Health Outcomes,CHANGE IN MADRS SCORE,2024,1
54,Biomarkers/Lab Values,CHANGE IN TRIGLYCERIDES,2024,1
55,Mental Health Outcomes,CHANGE IN PHQ-9 SCORE,2024,4
56,Biomarkers/Lab Values,CHANGE IN TOTAL CHOLESTEROL,2024,1
58,Biomarkers/Lab Values,CHANGE IN HDL CHOLESTEROL,2024,1
59,Pharmacokinetics,HALF-LIFE,2024,4
62,Pharmacokinetics,CLEARANCE,2024,1
65,Treatment Adherence,TREATMENT ADHERENCE RATE,2024,2
70,Biomarkers/Lab Values,CHANGE IN CD4 COUNT,2024,1
71,Biomarkers/Lab Values,NUMBER OF PARTICIPANTS WITH LABORATORY ABNORMALITIES,2024,2
73,Pharmacokinetics,TERMINAL HALF-LIFE,2024,1
74,Quality of Life/PRO,QUALITY OF LIFE SCORE,2024,1
75,Biomarkers/Lab Values,CHANGE IN EGFR,2024,1
84,Pharmacokinetics,ACCUMULATION RATIO,2024,2
86,Pharmacokinetics,TERMINAL ELIMINATION HALF-LIFE,2024,1
87,Biomarkers/Lab Values,CHANGE IN CREATININE,2024,1
90,Mental Health Outcomes,CHANGE IN GAD-7 SCORE,2024,5
92,Adverse Events/Safety,PERCENTAGE OF PARTICIPANTS WITH TREATMENT-EMERGENT ADVERSE EVENTS,2024,1
100,Mental Health Outcomes,CHANGE IN PANSS SCORE,2024,1
104,Treatment Adherence,PERCENTAGE OF PARTICIPANTS COMPLETING TREATMENT,2024,2
111,Pharmacokinetics,RENAL CLEARANCE,2024,1
112,Biomarkers/Lab Values,PERCENT CHANGE IN LDL CHOLESTEROL,2024,1
113,Treatment Adherence,COMPLIANCE RATE,2024,1
116,Adverse Events/Safety,NUMBER OF PARTICIPANTS WITH UNSOLICITED ADVERSE EVENTS,2024,2
126,Symptoms/Pain,PAIN SCORE,2024,2
127,Hospitalization/Healthcare Use,HOSPITAL LENGTH OF STAY,2024,1
130,Symptoms/Pain,CHANGE IN WOMAC PAIN SCORE,2024,1
133,Biomarkers/Lab Values,CHANGE IN ALBUMIN,2024,1
134,Adverse Events/Safety,PERCENTAGE OF PARTICIPANTS WITH SERIOUS ADVERSE EVENTS,2024,2
136,Adverse Events/Safety,TOTAL ADVERSE EVENTS SUMMARY,2024,2
139,Mental Health Outcomes,CHANGE IN HAM-A SCORE,2024,1
142,Mental Health Outcomes,CHANGE IN MOCA SCORE,2024,1
144,Adverse Events/Safety,INCIDENCE OF TREATMENT-EMERGENT ADVERSE EVENTS,2024,2
152,Biomarkers/Lab Values,CHANGE IN BILIRUBIN,2024,1
157,Pharmacokinetics,APPARENT TERMINAL HALF-LIFE,2024,3
158,Biomarkers/Lab Values,PERCENT CHANGE IN TOTAL CHOLESTEROL,2024,1
159,Pharmacokinetics,TROUGH PLASMA CONCENTRATION,2024,1
162,Immunogenicity,GEOMETRIC MEAN TITER,2024,1
164,Biomarkers/Lab Values,PERCENT CHANGE IN HDL CHOLESTEROL,2024,1
165,Treatment Adherence,RETENTION RATE,2024,3
171,Pharmacokinetics,ELIMINATION HALF-LIFE,2024,1
179,Pharmacokinetics,APPARENT ORAL CLEARANCE,2024,1
183,Biomarkers/Lab Values,PERCENT CHANGE IN TRIGLYCERIDES,2024,1
190,Biomarkers/Lab Values,PERCENT CHANGE IN APOLIPOPROTEIN B,2024,1
207,Symptoms/Pain,VAS PAIN SCORE,2024,1
210,Adverse Events/Safety,NUMBER OF PARTICIPANTS WITH DRUG-RELATED ADVERSE EVENTS,2024,1
212,Biomarkers/Lab Values,CHANGE IN C-REACTIVE PROTEIN,2024,1
213,Mental Health Outcomes,CHANGE IN HADS SCORE,2024,2
222,Symptoms/Pain,NAUSEA,2024,1
228,Pharmacokinetics,AUCTAU,2024,1
235,Quality of Life/PRO,SLEEP EFFICIENCY,2024,1
238,Symptoms/Pain,PRURITUS SCORE,2024,1
240,Immunogenicity,SERORESPONSE RATE,2024,4
252,Pharmacokinetics,APPARENT CLEARANCE (CL/F),2024,1
254,Mental Health Outcomes,CHANGE IN PHQ-8 SCORE,2024,5
260,Quality of Life/PRO,PARTICIPANT SATISFACTION,2024,1
263,Vital Signs/Physical Measures,INTRAOCULAR PRESSURE,2024,2
265,Adverse Events/Safety,INCIDENCE OF SERIOUS ADVERSE EVENTS,2024,1
275,Hospitalization/Healthcare Use,ICU ADMISSION RATE,2024,1
276,Hospitalization/Healthcare Use,ICU LENGTH OF STAY,2024,1
280,Quality of Life/PRO,PATIENT GLOBAL IMPRESSION OF IMPROVEMENT,2024,1
281,Vital Signs/Physical Measures,FORCED VITAL CAPACITY,2024,1
294,Hospitalization/Healthcare Use,READMISSION RATE,2024,1
297,Remission/Cure,CURE RATE,2024,3
298,Pharmacokinetics,AUC0-LAST,2024,1
301,Biomarkers/Lab Values,MEAN CHANGE IN HEMOGLOBIN,2024,1
306,Mortality,MORTALITY,2024,1
311,Treatment Adherence,MEDICATION ADHERENCE,2024,1
319,Treatment Adherence,NUMBER OF PARTICIPANTS COMPLETING TREATMENT,2024,1
334,Vital Signs/Physical Measures,MEAN CHANGE IN BLOOD PRESSURE,2024,1
339,Pharmacokinetics,APPARENT TERMINAL ELIMINATION HALF-LIFE,2024,1
345,Adverse Events/Safety,NUMBER OF PARTICIPANTS WHO DISCONTINUED STUDY TREATMENT DUE TO AN AE,2024,1
355,Adverse Events/Safety,NUMBER OF PARTICIPANTS WITH DOSE LIMITING TOXICITY,2024,1
356,Adverse Events/Safety,NUMBER OF PARTICIPANTS WITH CLINICALLY SIGNIFICANT ECG ABNORMALITIES,2024,1
358,Biomarkers/Lab Values,PERCENT CHANGE IN NON-HDL CHOLESTEROL,2024,1
362,Functional Status,CHANGE IN BEST CORRECTED VISUAL ACUITY,2024,1
370,Mental Health Outcomes,DEPRESSIVE SYMPTOMS,2024,1
371,Adverse Events/Safety,INCIDENCE OF TREATMENT EMERGENT ADVERSE EVENTS,2024,1
373,Quality of Life/PRO,ACCEPTABILITY OF INTERVENTION,2024,2
381,Hospitalization/Healthcare Use,PROCEDURE TIME,2024,1
383,Pharmacokinetics,AUC0-TZ,2024,3
397,Vital Signs/Physical Measures,CHANGE IN RESPIRATORY RATE,2024,1
399,Symptoms/Pain,CHANGE IN WOMAC STIFFNESS SCORE,2024,1
401,Adverse Events/Safety,NUMBER OF PARTICIPANTS WITH ANY TREATMENT-EMERGENT ADVERSE EVENT,2024,1
414,Adverse Events/Safety,PERCENTAGE OF PARTICIPANTS REPORTING LOCAL REACTIONS,2024,1
416,Vital Signs/Physical Measures,VITAL SIGNS SUMMARY,2024,1
429,Mental Health Outcomes,DEPRESSION SCORE,2024,1
461,Functional Status,CHANGE IN WOMAC PHYSICAL FUNCTION SCORE,2024,1
466,Adverse Events/Safety,PERCENTAGE OF PARTICIPANTS WITH SYSTEMIC EVENTS,2024,1
467,Quality of Life/PRO,SLEEP DISTURBANCE SCORE,2024,1
477,Imaging Outcomes,CHANGE IN LEFT VENTRICULAR EJECTION FRACTION,2024,1
483,Mental Health Outcomes,ANXIETY SCORE,2024,1
4,Adverse Events/Safety,NUMBER OF PARTICIPANTS WITH ADVERSE EVENTS,2025,1
5,Pharmacokinetics,MAXIMUM PLASMA CONCENTRATION,2025,1
6,Adverse Events/Safety,NUMBER OF PARTICIPANTS WITH TREATMENT-EMERGENT ADVERSE EVENTS,2025,1
7,Pharmacokinetics,TIME TO MAXIMUM CONCENTRATION,2025,1
16,Quality of Life/PRO,CHANGE IN QUALITY OF LIFE SCORE,2025,1
17,Symptoms/Pain,CHANGE IN VAS PAIN SCORE,2025,1
20,Symptoms/Pain,CHANGE IN PAIN SCORE,2025,1
23,Response Rates,PERCENTAGE OF PARTICIPANTS ACHIEVING TARGET,2025,1
25,Pharmacokinetics,AUC FROM 0 TO LAST MEASURABLE CONCENTRATION,2025,1
27,Adverse Events/Safety,NUMBER OF ADVERSE EVENTS,2025,2
40,Quality of Life/PRO,PATIENT GLOBAL IMPRESSION OF CHANGE,2025,1
50,Pharmacokinetics,APPARENT VOLUME OF DISTRIBUTION,2025,1
93,Symptoms/Pain,CHANGE IN BPI SCORE,2025,1
126,Symptoms/Pain,PAIN SCORE,2025,1
179,Pharmacokinetics,APPARENT ORAL CLEARANCE,2025,1
193,Symptoms/Pain,OPIOID CONSUMPTION,2025,1
199,Quality of Life/PRO,CHANGE IN EQ-5D-5L SCORE,2025,1
219,Pharmacokinetics,ELIMINATION RATE CONSTANT,2025,1
349,Quality of Life/PRO,PITTSBURGH SLEEP QUALITY INDEX SCORE,2025,1
409,Mental Health Outcomes,CHANGE IN SELF-EFFICACY SCORE,2025,1
