outcome_normalized,completion_period,outcome_trial_count,period_trial_count,percentage
1-YEAR SURVIVAL RATE,2006-2010,28,10330,0.2711
1-YEAR SURVIVAL RATE,2011-2015,41,19618,0.2090
1-YEAR SURVIVAL RATE,2016-2020,44,22670,0.1941
1-YEAR SURVIVAL RATE,2021-2025,22,18711,0.1176
2-YEAR SURVIVAL RATE,2006-2010,2,10330,0.0194
2-YEAR SURVIVAL RATE,2011-2015,18,19618,0.0918
2-YEAR SURVIVAL RATE,2016-2020,19,22670,0.0838
2-YEAR SURVIVAL RATE,2021-2025,13,18711,0.0695
28-DAY MORTALITY,2006-2010,3,10330,0.0290
28-DAY MORTALITY,2011-2015,7,19618,0.0357
28-DAY MORTALITY,2016-2020,20,22670,0.0882
28-DAY MORTALITY,2021-2025,16,18711,0.0855
30-DAY MORTALITY,2006-2010,17,10330,0.1646
30-DAY MORTALITY,2011-2015,32,19618,0.1631
30-DAY MORTALITY,2016-2020,54,22670,0.2382
30-DAY MORTALITY,2021-2025,54,18711,0.2886
6-MINUTE WALK DISTANCE,2006-2010,22,10330,0.2130
6-MINUTE WALK DISTANCE,2011-2015,46,19618,0.2345
6-MINUTE WALK DISTANCE,2016-2020,61,22670,0.2691
6-MINUTE WALK DISTANCE,2021-2025,52,18711,0.2779
6-MONTH PROGRESSION-FREE SURVIVAL,2006-2010,4,10330,0.0387
6-MONTH PROGRESSION-FREE SURVIVAL,2011-2015,15,19618,0.0765
6-MONTH PROGRESSION-FREE SURVIVAL,2016-2020,18,22670,0.0794
6-MONTH PROGRESSION-FREE SURVIVAL,2021-2025,12,18711,0.0641
90-DAY MORTALITY,2006-2010,3,10330,0.0290
90-DAY MORTALITY,2011-2015,9,19618,0.0459
90-DAY MORTALITY,2016-2020,24,22670,0.1059
90-DAY MORTALITY,2021-2025,29,18711,0.1550
ABSOLUTE CHANGE IN CFQ-R RESPIRATORY DOMAIN SCORE,2011-2015,9,19618,0.0459
ABSOLUTE CHANGE IN CFQ-R RESPIRATORY DOMAIN SCORE,2016-2020,26,22670,0.1147
ABSOLUTE CHANGE IN CFQ-R RESPIRATORY DOMAIN SCORE,2021-2025,9,18711,0.0481
ACCEPTABILITY OF INTERVENTION,2011-2015,2,19618,0.0102
ACCEPTABILITY OF INTERVENTION,2016-2020,11,22670,0.0485
ACCEPTABILITY OF INTERVENTION,2021-2025,43,18711,0.2298
ACCUMULATION RATIO,2006-2010,20,10330,0.1936
ACCUMULATION RATIO,2011-2015,59,19618,0.3007
ACCUMULATION RATIO,2016-2020,118,22670,0.5205
ACCUMULATION RATIO,2021-2025,78,18711,0.4169
ACR20 RESPONSE,2006-2010,66,10330,0.6389
ACR20 RESPONSE,2011-2015,151,19618,0.7697
ACR20 RESPONSE,2016-2020,109,22670,0.4808
ACR20 RESPONSE,2021-2025,43,18711,0.2298
ACR50 RESPONSE,2006-2010,45,10330,0.4356
ACR50 RESPONSE,2011-2015,113,19618,0.5760
ACR50 RESPONSE,2016-2020,87,22670,0.3838
ACR50 RESPONSE,2021-2025,34,18711,0.1817
ACR70 RESPONSE,2006-2010,40,10330,0.3872
ACR70 RESPONSE,2011-2015,97,19618,0.4944
ACR70 RESPONSE,2016-2020,73,22670,0.3220
ACR70 RESPONSE,2021-2025,31,18711,0.1657
ACTIVITIES OF DAILY LIVING,2006-2010,5,10330,0.0484
ACTIVITIES OF DAILY LIVING,2011-2015,7,19618,0.0357
ACTIVITIES OF DAILY LIVING,2016-2020,12,22670,0.0529
ACTIVITIES OF DAILY LIVING,2021-2025,18,18711,0.0962
ADVERSE EVENTS LEADING TO DISCONTINUATION,2006-2010,14,10330,0.1355
ADVERSE EVENTS LEADING TO DISCONTINUATION,2011-2015,21,19618,0.1070
ADVERSE EVENTS LEADING TO DISCONTINUATION,2016-2020,15,22670,0.0662
ADVERSE EVENTS LEADING TO DISCONTINUATION,2021-2025,29,18711,0.1550
ALL COLLECTED DEATHS,2006-2010,1,10330,0.0097
ALL COLLECTED DEATHS,2016-2020,31,22670,0.1367
ALL COLLECTED DEATHS,2021-2025,48,18711,0.2565
ALL-CAUSE MORTALITY,2006-2010,74,10330,0.7164
ALL-CAUSE MORTALITY,2011-2015,163,19618,0.8309
ALL-CAUSE MORTALITY,2016-2020,295,22670,1.3013
ALL-CAUSE MORTALITY,2021-2025,333,18711,1.7797
ANNUAL EXACERBATION RATE,2006-2010,2,10330,0.0194
ANNUAL EXACERBATION RATE,2011-2015,20,19618,0.1019
ANNUAL EXACERBATION RATE,2016-2020,34,22670,0.1500
ANNUAL EXACERBATION RATE,2021-2025,16,18711,0.0855
ANNUALIZED BLEEDING RATE,2011-2015,11,19618,0.0561
ANNUALIZED BLEEDING RATE,2016-2020,9,22670,0.0397
ANNUALIZED BLEEDING RATE,2021-2025,23,18711,0.1229
ANNUALIZED RELAPSE RATE,2006-2010,8,10330,0.0774
ANNUALIZED RELAPSE RATE,2011-2015,18,19618,0.0918
ANNUALIZED RELAPSE RATE,2016-2020,19,22670,0.0838
ANNUALIZED RELAPSE RATE,2021-2025,28,18711,0.1496
ANTI-DRUG ANTIBODIES,2006-2010,64,10330,0.6196
ANTI-DRUG ANTIBODIES,2011-2015,74,19618,0.3772
ANTI-DRUG ANTIBODIES,2016-2020,135,22670,0.5955
ANTI-DRUG ANTIBODIES,2021-2025,138,18711,0.7375
ANTIBODY TITER,2006-2010,102,10330,0.9874
ANTIBODY TITER,2011-2015,86,19618,0.4384
ANTIBODY TITER,2016-2020,43,22670,0.1897
ANTIBODY TITER,2021-2025,49,18711,0.2619
ANXIETY SCORE,2006-2010,1,10330,0.0097
ANXIETY SCORE,2011-2015,8,19618,0.0408
ANXIETY SCORE,2016-2020,17,22670,0.0750
ANXIETY SCORE,2021-2025,16,18711,0.0855
APNEA-HYPOPNEA INDEX,2006-2010,5,10330,0.0484
APNEA-HYPOPNEA INDEX,2011-2015,19,19618,0.0968
APNEA-HYPOPNEA INDEX,2016-2020,13,22670,0.0573
APNEA-HYPOPNEA INDEX,2021-2025,7,18711,0.0374
APPARENT CLEARANCE,2006-2010,8,10330,0.0774
APPARENT CLEARANCE,2011-2015,29,19618,0.1478
APPARENT CLEARANCE,2016-2020,47,22670,0.2073
APPARENT CLEARANCE,2021-2025,47,18711,0.2512
APPARENT CLEARANCE (CL/F),2006-2010,4,10330,0.0387
APPARENT CLEARANCE (CL/F),2011-2015,11,19618,0.0561
APPARENT CLEARANCE (CL/F),2016-2020,30,22670,0.1323
APPARENT CLEARANCE (CL/F),2021-2025,37,18711,0.1977
APPARENT ORAL CLEARANCE,2006-2010,19,10330,0.1839
APPARENT ORAL CLEARANCE,2011-2015,42,19618,0.2141
APPARENT ORAL CLEARANCE,2016-2020,29,22670,0.1279
APPARENT ORAL CLEARANCE,2021-2025,20,18711,0.1069
APPARENT TERMINAL ELIMINATION HALF-LIFE,2006-2010,7,10330,0.0678
APPARENT TERMINAL ELIMINATION HALF-LIFE,2011-2015,12,19618,0.0612
APPARENT TERMINAL ELIMINATION HALF-LIFE,2016-2020,28,22670,0.1235
APPARENT TERMINAL ELIMINATION HALF-LIFE,2021-2025,16,18711,0.0855
APPARENT TERMINAL HALF-LIFE,2006-2010,13,10330,0.1258
APPARENT TERMINAL HALF-LIFE,2011-2015,34,19618,0.1733
APPARENT TERMINAL HALF-LIFE,2016-2020,46,22670,0.2029
APPARENT TERMINAL HALF-LIFE,2021-2025,37,18711,0.1977
APPARENT TOTAL BODY CLEARANCE,2006-2010,6,10330,0.0581
APPARENT TOTAL BODY CLEARANCE,2011-2015,12,19618,0.0612
APPARENT TOTAL BODY CLEARANCE,2016-2020,20,22670,0.0882
APPARENT TOTAL BODY CLEARANCE,2021-2025,12,18711,0.0641
APPARENT VOLUME OF DISTRIBUTION,2006-2010,30,10330,0.2904
APPARENT VOLUME OF DISTRIBUTION,2011-2015,92,19618,0.4690
APPARENT VOLUME OF DISTRIBUTION,2016-2020,170,22670,0.7499
APPARENT VOLUME OF DISTRIBUTION,2021-2025,149,18711,0.7963
APPARENT VOLUME OF DISTRIBUTION (VZ/F),2006-2010,3,10330,0.0290
APPARENT VOLUME OF DISTRIBUTION (VZ/F),2011-2015,2,19618,0.0102
APPARENT VOLUME OF DISTRIBUTION (VZ/F),2016-2020,18,22670,0.0794
APPARENT VOLUME OF DISTRIBUTION (VZ/F),2021-2025,22,18711,0.1176
AREA UNDER THE CONCENTRATION-TIME CURVE,2006-2010,147,10330,1.4230
AREA UNDER THE CONCENTRATION-TIME CURVE,2011-2015,282,19618,1.4375
AREA UNDER THE CONCENTRATION-TIME CURVE,2016-2020,487,22670,2.1482
AREA UNDER THE CONCENTRATION-TIME CURVE,2021-2025,339,18711,1.8118
AUC FROM 0 TO INFINITY,2006-2010,192,10330,1.8587
AUC FROM 0 TO INFINITY,2011-2015,427,19618,2.1766
AUC FROM 0 TO INFINITY,2016-2020,492,22670,2.1703
AUC FROM 0 TO INFINITY,2021-2025,360,18711,1.9240
AUC FROM 0 TO LAST MEASURABLE CONCENTRATION,2006-2010,88,10330,0.8519
AUC FROM 0 TO LAST MEASURABLE CONCENTRATION,2011-2015,213,19618,1.0857
AUC FROM 0 TO LAST MEASURABLE CONCENTRATION,2016-2020,287,22670,1.2660
AUC FROM 0 TO LAST MEASURABLE CONCENTRATION,2021-2025,203,18711,1.0849
AUC(0-T),2006-2010,12,10330,0.1162
AUC(0-T),2011-2015,9,19618,0.0459
AUC(0-T),2016-2020,16,22670,0.0706
AUC(0-T),2021-2025,14,18711,0.0748
AUC0-LAST,2006-2010,3,10330,0.0290
AUC0-LAST,2011-2015,10,19618,0.0510
AUC0-LAST,2016-2020,30,22670,0.1323
AUC0-LAST,2021-2025,27,18711,0.1443
AUC0-TZ,2006-2010,3,10330,0.0290
AUC0-TZ,2011-2015,13,19618,0.0663
AUC0-TZ,2016-2020,24,22670,0.1059
AUC0-TZ,2021-2025,8,18711,0.0428
AUCINF,2006-2010,2,10330,0.0194
AUCINF,2011-2015,7,19618,0.0357
AUCINF,2016-2020,22,22670,0.0970
AUCINF,2021-2025,19,18711,0.1015
AUCTAU,2006-2010,9,10330,0.0871
AUCTAU,2011-2015,21,19618,0.1070
AUCTAU,2016-2020,34,22670,0.1500
AUCTAU,2021-2025,27,18711,0.1443
AUC∞,2011-2015,8,19618,0.0408
AUC∞,2016-2020,66,22670,0.2911
AUC∞,2021-2025,8,18711,0.0428
AVERAGE PAIN SCORE,2006-2010,5,10330,0.0484
AVERAGE PAIN SCORE,2011-2015,8,19618,0.0408
AVERAGE PAIN SCORE,2016-2020,24,22670,0.1059
AVERAGE PAIN SCORE,2021-2025,24,18711,0.1283
AVERAGE PLASMA CONCENTRATION,2006-2010,2,10330,0.0194
AVERAGE PLASMA CONCENTRATION,2011-2015,17,19618,0.0867
AVERAGE PLASMA CONCENTRATION,2016-2020,11,22670,0.0485
AVERAGE PLASMA CONCENTRATION,2021-2025,11,18711,0.0588
BECK DEPRESSION INVENTORY SCORE,2006-2010,6,10330,0.0581
BECK DEPRESSION INVENTORY SCORE,2011-2015,17,19618,0.0867
BECK DEPRESSION INVENTORY SCORE,2016-2020,24,22670,0.1059
BECK DEPRESSION INVENTORY SCORE,2021-2025,10,18711,0.0534
BEST OVERALL RESPONSE RATE,2006-2010,13,10330,0.1258
BEST OVERALL RESPONSE RATE,2011-2015,33,19618,0.1682
BEST OVERALL RESPONSE RATE,2016-2020,40,22670,0.1764
BEST OVERALL RESPONSE RATE,2021-2025,48,18711,0.2565
BODY MASS INDEX,2006-2010,2,10330,0.0194
BODY MASS INDEX,2011-2015,20,19618,0.1019
BODY MASS INDEX,2016-2020,30,22670,0.1323
BODY MASS INDEX,2021-2025,32,18711,0.1710
CARDIOVASCULAR MORTALITY,2006-2010,7,10330,0.0678
CARDIOVASCULAR MORTALITY,2011-2015,31,19618,0.1580
CARDIOVASCULAR MORTALITY,2016-2020,43,22670,0.1897
CARDIOVASCULAR MORTALITY,2021-2025,34,18711,0.1817
CHANGE FROM BASELINE IN BCVA,2006-2010,2,10330,0.0194
CHANGE FROM BASELINE IN BCVA,2011-2015,17,19618,0.0867
CHANGE FROM BASELINE IN BCVA,2016-2020,7,22670,0.0309
CHANGE FROM BASELINE IN BCVA,2021-2025,19,18711,0.1015
CHANGE FROM BASELINE IN BEST CORRECTED VISUAL ACUITY,2006-2010,7,10330,0.0678
CHANGE FROM BASELINE IN BEST CORRECTED VISUAL ACUITY,2011-2015,23,19618,0.1172
CHANGE FROM BASELINE IN BEST CORRECTED VISUAL ACUITY,2016-2020,17,22670,0.0750
CHANGE FROM BASELINE IN BEST CORRECTED VISUAL ACUITY,2021-2025,11,18711,0.0588
CHANGE FROM BASELINE IN BLOOD PRESSURE,2006-2010,15,10330,0.1452
CHANGE FROM BASELINE IN BLOOD PRESSURE,2011-2015,28,19618,0.1427
CHANGE FROM BASELINE IN BLOOD PRESSURE,2016-2020,76,22670,0.3352
CHANGE FROM BASELINE IN BLOOD PRESSURE,2021-2025,25,18711,0.1336
CHANGE FROM BASELINE IN BODY TEMPERATURE,2011-2015,7,19618,0.0357
CHANGE FROM BASELINE IN BODY TEMPERATURE,2016-2020,38,22670,0.1676
CHANGE FROM BASELINE IN BODY TEMPERATURE,2021-2025,7,18711,0.0374
CHANGE FROM BASELINE IN BODY WEIGHT,2006-2010,12,10330,0.1162
CHANGE FROM BASELINE IN BODY WEIGHT,2011-2015,16,19618,0.0816
CHANGE FROM BASELINE IN BODY WEIGHT,2016-2020,11,22670,0.0485
CHANGE FROM BASELINE IN BODY WEIGHT,2021-2025,6,18711,0.0321
CHANGE FROM BASELINE IN CGI-S SCORE,2006-2010,30,10330,0.2904
CHANGE FROM BASELINE IN CGI-S SCORE,2011-2015,18,19618,0.0918
CHANGE FROM BASELINE IN CGI-S SCORE,2016-2020,22,22670,0.0970
CHANGE FROM BASELINE IN CGI-S SCORE,2021-2025,24,18711,0.1283
CHANGE FROM BASELINE IN CLINICAL CHEMISTRY PARAMETERS,2006-2010,5,10330,0.0484
CHANGE FROM BASELINE IN CLINICAL CHEMISTRY PARAMETERS,2011-2015,2,19618,0.0102
CHANGE FROM BASELINE IN CLINICAL CHEMISTRY PARAMETERS,2016-2020,30,22670,0.1323
CHANGE FROM BASELINE IN CLINICAL CHEMISTRY PARAMETERS,2021-2025,18,18711,0.0962
CHANGE FROM BASELINE IN DIASTOLIC BLOOD PRESSURE,2006-2010,14,10330,0.1355
CHANGE FROM BASELINE IN DIASTOLIC BLOOD PRESSURE,2011-2015,22,19618,0.1121
CHANGE FROM BASELINE IN DIASTOLIC BLOOD PRESSURE,2016-2020,26,22670,0.1147
CHANGE FROM BASELINE IN DIASTOLIC BLOOD PRESSURE,2021-2025,18,18711,0.0962
CHANGE FROM BASELINE IN ECG PARAMETERS,2006-2010,8,10330,0.0774
CHANGE FROM BASELINE IN ECG PARAMETERS,2011-2015,9,19618,0.0459
CHANGE FROM BASELINE IN ECG PARAMETERS,2016-2020,34,22670,0.1500
CHANGE FROM BASELINE IN ECG PARAMETERS,2021-2025,18,18711,0.0962
CHANGE FROM BASELINE IN ERYTHROCYTES,2006-2010,1,10330,0.0097
CHANGE FROM BASELINE IN ERYTHROCYTES,2011-2015,2,19618,0.0102
CHANGE FROM BASELINE IN ERYTHROCYTES,2016-2020,37,22670,0.1632
CHANGE FROM BASELINE IN ERYTHROCYTES,2021-2025,22,18711,0.1176
CHANGE FROM BASELINE IN FASTING PLASMA GLUCOSE,2006-2010,9,10330,0.0871
CHANGE FROM BASELINE IN FASTING PLASMA GLUCOSE,2011-2015,23,19618,0.1172
CHANGE FROM BASELINE IN FASTING PLASMA GLUCOSE,2016-2020,11,22670,0.0485
CHANGE FROM BASELINE IN FASTING PLASMA GLUCOSE,2021-2025,2,18711,0.0107
CHANGE FROM BASELINE IN FEV1,2006-2010,41,10330,0.3969
CHANGE FROM BASELINE IN FEV1,2011-2015,71,19618,0.3619
CHANGE FROM BASELINE IN FEV1,2016-2020,48,22670,0.2117
CHANGE FROM BASELINE IN FEV1,2021-2025,28,18711,0.1496
CHANGE FROM BASELINE IN HEART RATE,2006-2010,8,10330,0.0774
CHANGE FROM BASELINE IN HEART RATE,2011-2015,18,19618,0.0918
CHANGE FROM BASELINE IN HEART RATE,2016-2020,24,22670,0.1059
CHANGE FROM BASELINE IN HEART RATE,2021-2025,7,18711,0.0374
CHANGE FROM BASELINE IN HEIGHT,2006-2010,6,10330,0.0581
CHANGE FROM BASELINE IN HEIGHT,2011-2015,8,19618,0.0408
CHANGE FROM BASELINE IN HEIGHT,2016-2020,16,22670,0.0706
CHANGE FROM BASELINE IN HEIGHT,2021-2025,11,18711,0.0588
CHANGE FROM BASELINE IN HEMATOCRIT,2006-2010,18,10330,0.1742
CHANGE FROM BASELINE IN HEMATOCRIT,2011-2015,29,19618,0.1478
CHANGE FROM BASELINE IN HEMATOCRIT,2016-2020,58,22670,0.2558
CHANGE FROM BASELINE IN HEMATOCRIT,2021-2025,31,18711,0.1657
CHANGE FROM BASELINE IN HEMATOLOGY PARAMETERS,2006-2010,5,10330,0.0484
CHANGE FROM BASELINE IN HEMATOLOGY PARAMETERS,2011-2015,4,19618,0.0204
CHANGE FROM BASELINE IN HEMATOLOGY PARAMETERS,2016-2020,52,22670,0.2294
CHANGE FROM BASELINE IN HEMATOLOGY PARAMETERS,2021-2025,32,18711,0.1710
CHANGE FROM BASELINE IN INTRAOCULAR PRESSURE,2006-2010,6,10330,0.0581
CHANGE FROM BASELINE IN INTRAOCULAR PRESSURE,2011-2015,18,19618,0.0918
CHANGE FROM BASELINE IN INTRAOCULAR PRESSURE,2016-2020,13,22670,0.0573
CHANGE FROM BASELINE IN INTRAOCULAR PRESSURE,2021-2025,3,18711,0.0160
CHANGE FROM BASELINE IN PULSE RATE,2006-2010,13,10330,0.1258
CHANGE FROM BASELINE IN PULSE RATE,2011-2015,17,19618,0.0867
CHANGE FROM BASELINE IN PULSE RATE,2016-2020,60,22670,0.2647
CHANGE FROM BASELINE IN PULSE RATE,2021-2025,18,18711,0.0962
CHANGE FROM BASELINE IN RED BLOOD CELL COUNT,2006-2010,9,10330,0.0871
CHANGE FROM BASELINE IN RED BLOOD CELL COUNT,2011-2015,15,19618,0.0765
CHANGE FROM BASELINE IN RED BLOOD CELL COUNT,2016-2020,16,22670,0.0706
CHANGE FROM BASELINE IN RED BLOOD CELL COUNT,2021-2025,5,18711,0.0267
CHANGE FROM BASELINE IN RESPIRATORY RATE,2006-2010,3,10330,0.0290
CHANGE FROM BASELINE IN RESPIRATORY RATE,2011-2015,9,19618,0.0459
CHANGE FROM BASELINE IN RESPIRATORY RATE,2016-2020,55,22670,0.2426
CHANGE FROM BASELINE IN RESPIRATORY RATE,2021-2025,39,18711,0.2084
CHANGE FROM BASELINE IN SYSTOLIC AND DIASTOLIC BLOOD PRESSURE,2006-2010,6,10330,0.0581
CHANGE FROM BASELINE IN SYSTOLIC AND DIASTOLIC BLOOD PRESSURE,2011-2015,13,19618,0.0663
CHANGE FROM BASELINE IN SYSTOLIC AND DIASTOLIC BLOOD PRESSURE,2016-2020,26,22670,0.1147
CHANGE FROM BASELINE IN SYSTOLIC AND DIASTOLIC BLOOD PRESSURE,2021-2025,6,18711,0.0321
CHANGE FROM BASELINE IN SYSTOLIC BLOOD PRESSURE,2006-2010,18,10330,0.1742
CHANGE FROM BASELINE IN SYSTOLIC BLOOD PRESSURE,2011-2015,20,19618,0.1019
CHANGE FROM BASELINE IN SYSTOLIC BLOOD PRESSURE,2016-2020,36,22670,0.1588
CHANGE FROM BASELINE IN SYSTOLIC BLOOD PRESSURE,2021-2025,19,18711,0.1015
CHANGE FROM BASELINE IN TROUGH FEV1,2006-2010,12,10330,0.1162
CHANGE FROM BASELINE IN TROUGH FEV1,2011-2015,59,19618,0.3007
CHANGE FROM BASELINE IN TROUGH FEV1,2016-2020,29,22670,0.1279
CHANGE FROM BASELINE IN TROUGH FEV1,2021-2025,7,18711,0.0374
CHANGE IN 6-MINUTE WALK DISTANCE,2006-2010,44,10330,0.4259
CHANGE IN 6-MINUTE WALK DISTANCE,2011-2015,106,19618,0.5403
CHANGE IN 6-MINUTE WALK DISTANCE,2016-2020,208,22670,0.9175
CHANGE IN 6-MINUTE WALK DISTANCE,2021-2025,113,18711,0.6039
CHANGE IN ABSOLUTE NEUTROPHIL COUNT,2006-2010,17,10330,0.1646
CHANGE IN ABSOLUTE NEUTROPHIL COUNT,2011-2015,25,19618,0.1274
CHANGE IN ABSOLUTE NEUTROPHIL COUNT,2016-2020,30,22670,0.1323
CHANGE IN ABSOLUTE NEUTROPHIL COUNT,2021-2025,20,18711,0.1069
CHANGE IN ADAS-COG SCORE,2006-2010,23,10330,0.2227
CHANGE IN ADAS-COG SCORE,2011-2015,40,19618,0.2039
CHANGE IN ADAS-COG SCORE,2016-2020,51,22670,0.2250
CHANGE IN ADAS-COG SCORE,2021-2025,30,18711,0.1603
CHANGE IN ADHD-RS SCORE,2006-2010,23,10330,0.2227
CHANGE IN ADHD-RS SCORE,2011-2015,25,19618,0.1274
CHANGE IN ADHD-RS SCORE,2016-2020,15,22670,0.0662
CHANGE IN ADHD-RS SCORE,2021-2025,3,18711,0.0160
CHANGE IN ALBUMIN,2006-2010,18,10330,0.1742
CHANGE IN ALBUMIN,2011-2015,31,19618,0.1580
CHANGE IN ALBUMIN,2016-2020,53,22670,0.2338
CHANGE IN ALBUMIN,2021-2025,50,18711,0.2672
CHANGE IN ALBUMIN AND TOTAL PROTEIN,2006-2010,13,10330,0.1258
CHANGE IN ALBUMIN AND TOTAL PROTEIN,2011-2015,15,19618,0.0765
CHANGE IN ALBUMIN AND TOTAL PROTEIN,2016-2020,19,22670,0.0838
CHANGE IN ALBUMIN AND TOTAL PROTEIN,2021-2025,5,18711,0.0267
CHANGE IN ALKALINE PHOSPHATASE,2006-2010,6,10330,0.0581
CHANGE IN ALKALINE PHOSPHATASE,2011-2015,8,19618,0.0408
CHANGE IN ALKALINE PHOSPHATASE,2016-2020,16,22670,0.0706
CHANGE IN ALKALINE PHOSPHATASE,2021-2025,17,18711,0.0909
CHANGE IN ALT,2006-2010,47,10330,0.4550
CHANGE IN ALT,2011-2015,71,19618,0.3619
CHANGE IN ALT,2016-2020,115,22670,0.5073
CHANGE IN ALT,2021-2025,84,18711,0.4489
CHANGE IN ANXIETY SCORE,2006-2010,3,10330,0.0290
CHANGE IN ANXIETY SCORE,2011-2015,6,19618,0.0306
CHANGE IN ANXIETY SCORE,2016-2020,29,22670,0.1279
CHANGE IN ANXIETY SCORE,2021-2025,36,18711,0.1924
CHANGE IN AST,2006-2010,25,10330,0.2420
CHANGE IN AST,2011-2015,43,19618,0.2192
CHANGE IN AST,2016-2020,91,22670,0.4014
CHANGE IN AST,2021-2025,58,18711,0.3100
CHANGE IN BASDAI SCORE,2006-2010,8,10330,0.0774
CHANGE IN BASDAI SCORE,2011-2015,18,19618,0.0918
CHANGE IN BASDAI SCORE,2016-2020,31,22670,0.1367
CHANGE IN BASDAI SCORE,2021-2025,11,18711,0.0588
CHANGE IN BDI-II SCORE,2006-2010,11,10330,0.1065
CHANGE IN BDI-II SCORE,2011-2015,22,19618,0.1121
CHANGE IN BDI-II SCORE,2016-2020,22,22670,0.0970
CHANGE IN BDI-II SCORE,2021-2025,17,18711,0.0909
CHANGE IN BEST CORRECTED VISUAL ACUITY,2006-2010,1,10330,0.0097
CHANGE IN BEST CORRECTED VISUAL ACUITY,2011-2015,10,19618,0.0510
CHANGE IN BEST CORRECTED VISUAL ACUITY,2016-2020,24,22670,0.1059
CHANGE IN BEST CORRECTED VISUAL ACUITY,2021-2025,21,18711,0.1122
CHANGE IN BILIRUBIN,2006-2010,15,10330,0.1452
CHANGE IN BILIRUBIN,2011-2015,22,19618,0.1121
CHANGE IN BILIRUBIN,2016-2020,55,22670,0.2426
CHANGE IN BILIRUBIN,2021-2025,42,18711,0.2245
CHANGE IN BILIRUBIN AND CREATININE,2006-2010,3,10330,0.0290
CHANGE IN BILIRUBIN AND CREATININE,2011-2015,7,19618,0.0357
CHANGE IN BILIRUBIN AND CREATININE,2016-2020,25,22670,0.1103
CHANGE IN BILIRUBIN AND CREATININE,2021-2025,13,18711,0.0695
CHANGE IN BLOOD PRESSURE,2006-2010,147,10330,1.4230
CHANGE IN BLOOD PRESSURE,2011-2015,218,19618,1.1112
CHANGE IN BLOOD PRESSURE,2016-2020,285,22670,1.2572
CHANGE IN BLOOD PRESSURE,2021-2025,189,18711,1.0101
CHANGE IN BNP,2006-2010,9,10330,0.0871
CHANGE IN BNP,2011-2015,21,19618,0.1070
CHANGE IN BNP,2016-2020,11,22670,0.0485
CHANGE IN BNP,2021-2025,9,18711,0.0481
CHANGE IN BODY MASS INDEX,2006-2010,70,10330,0.6776
CHANGE IN BODY MASS INDEX,2011-2015,126,19618,0.6423
CHANGE IN BODY MASS INDEX,2016-2020,192,22670,0.8469
CHANGE IN BODY MASS INDEX,2021-2025,163,18711,0.8711
CHANGE IN BODY TEMPERATURE,2006-2010,3,10330,0.0290
CHANGE IN BODY TEMPERATURE,2011-2015,9,19618,0.0459
CHANGE IN BODY TEMPERATURE,2016-2020,25,22670,0.1103
CHANGE IN BODY TEMPERATURE,2021-2025,17,18711,0.0909
CHANGE IN BODY WEIGHT,2006-2010,237,10330,2.2943
CHANGE IN BODY WEIGHT,2011-2015,375,19618,1.9115
CHANGE IN BODY WEIGHT,2016-2020,445,22670,1.9629
CHANGE IN BODY WEIGHT,2021-2025,322,18711,1.7209
CHANGE IN BONE MINERAL DENSITY,2006-2010,43,10330,0.4163
CHANGE IN BONE MINERAL DENSITY,2011-2015,79,19618,0.4027
CHANGE IN BONE MINERAL DENSITY,2016-2020,68,22670,0.3000
CHANGE IN BONE MINERAL DENSITY,2021-2025,41,18711,0.2191
CHANGE IN BPI SCORE,2006-2010,47,10330,0.4550
CHANGE IN BPI SCORE,2011-2015,57,19618,0.2905
CHANGE IN BPI SCORE,2016-2020,65,22670,0.2867
CHANGE IN BPI SCORE,2021-2025,64,18711,0.3420
CHANGE IN C-REACTIVE PROTEIN,2006-2010,14,10330,0.1355
CHANGE IN C-REACTIVE PROTEIN,2011-2015,26,19618,0.1325
CHANGE IN C-REACTIVE PROTEIN,2016-2020,33,22670,0.1456
CHANGE IN C-REACTIVE PROTEIN,2021-2025,24,18711,0.1283
CHANGE IN CD4 COUNT,2006-2010,56,10330,0.5421
CHANGE IN CD4 COUNT,2011-2015,102,19618,0.5199
CHANGE IN CD4 COUNT,2016-2020,80,22670,0.3529
CHANGE IN CD4 COUNT,2021-2025,59,18711,0.3153
CHANGE IN CDAI SCORE,2006-2010,15,10330,0.1452
CHANGE IN CDAI SCORE,2011-2015,44,19618,0.2243
CHANGE IN CDAI SCORE,2016-2020,60,22670,0.2647
CHANGE IN CDAI SCORE,2021-2025,29,18711,0.1550
CHANGE IN CES-D SCORE,2006-2010,12,10330,0.1162
CHANGE IN CES-D SCORE,2011-2015,10,19618,0.0510
CHANGE IN CES-D SCORE,2016-2020,25,22670,0.1103
CHANGE IN CES-D SCORE,2021-2025,29,18711,0.1550
CHANGE IN CGI-S SCORE,2006-2010,17,10330,0.1646
CHANGE IN CGI-S SCORE,2011-2015,23,19618,0.1172
CHANGE IN CGI-S SCORE,2016-2020,18,22670,0.0794
CHANGE IN CGI-S SCORE,2021-2025,24,18711,0.1283
CHANGE IN CREATININE,2006-2010,40,10330,0.3872
CHANGE IN CREATININE,2011-2015,70,19618,0.3568
CHANGE IN CREATININE,2016-2020,87,22670,0.3838
CHANGE IN CREATININE,2021-2025,57,18711,0.3046
CHANGE IN CRP,2006-2010,69,10330,0.6680
CHANGE IN CRP,2011-2015,123,19618,0.6270
CHANGE IN CRP,2016-2020,138,22670,0.6087
CHANGE IN CRP,2021-2025,97,18711,0.5184
CHANGE IN DAS28 SCORE,2006-2010,58,10330,0.5615
CHANGE IN DAS28 SCORE,2011-2015,162,19618,0.8258
CHANGE IN DAS28 SCORE,2016-2020,108,22670,0.4764
CHANGE IN DAS28 SCORE,2021-2025,31,18711,0.1657
CHANGE IN DEPRESSION SCORE,2006-2010,6,10330,0.0581
CHANGE IN DEPRESSION SCORE,2011-2015,5,19618,0.0255
CHANGE IN DEPRESSION SCORE,2016-2020,11,22670,0.0485
CHANGE IN DEPRESSION SCORE,2021-2025,29,18711,0.1550
CHANGE IN DIASTOLIC BLOOD PRESSURE,2006-2010,55,10330,0.5324
CHANGE IN DIASTOLIC BLOOD PRESSURE,2011-2015,74,19618,0.3772
CHANGE IN DIASTOLIC BLOOD PRESSURE,2016-2020,83,22670,0.3661
CHANGE IN DIASTOLIC BLOOD PRESSURE,2021-2025,66,18711,0.3527
CHANGE IN DLQI SCORE,2006-2010,19,10330,0.1839
CHANGE IN DLQI SCORE,2011-2015,44,19618,0.2243
CHANGE IN DLQI SCORE,2016-2020,110,22670,0.4852
CHANGE IN DLQI SCORE,2021-2025,80,18711,0.4276
CHANGE IN DYSPNEA SCORE,2006-2010,6,10330,0.0581
CHANGE IN DYSPNEA SCORE,2011-2015,16,19618,0.0816
CHANGE IN DYSPNEA SCORE,2016-2020,26,22670,0.1147
CHANGE IN DYSPNEA SCORE,2021-2025,18,18711,0.0962
CHANGE IN ECOG PERFORMANCE STATUS,2006-2010,4,10330,0.0387
CHANGE IN ECOG PERFORMANCE STATUS,2011-2015,14,19618,0.0714
CHANGE IN ECOG PERFORMANCE STATUS,2016-2020,24,22670,0.1059
CHANGE IN ECOG PERFORMANCE STATUS,2021-2025,23,18711,0.1229
CHANGE IN EDSS SCORE,2006-2010,4,10330,0.0387
CHANGE IN EDSS SCORE,2011-2015,29,19618,0.1478
CHANGE IN EDSS SCORE,2016-2020,31,22670,0.1367
CHANGE IN EDSS SCORE,2021-2025,27,18711,0.1443
CHANGE IN EGFR,2006-2010,24,10330,0.2323
CHANGE IN EGFR,2011-2015,67,19618,0.3415
CHANGE IN EGFR,2016-2020,115,22670,0.5073
CHANGE IN EGFR,2021-2025,87,18711,0.4650
CHANGE IN EJECTION FRACTION,2006-2010,16,10330,0.1549
CHANGE IN EJECTION FRACTION,2011-2015,48,19618,0.2447
CHANGE IN EJECTION FRACTION,2016-2020,58,22670,0.2558
CHANGE IN EJECTION FRACTION,2021-2025,35,18711,0.1871
CHANGE IN EORTC QLQ-C30 SCORE,2006-2010,11,10330,0.1065
CHANGE IN EORTC QLQ-C30 SCORE,2011-2015,27,19618,0.1376
CHANGE IN EORTC QLQ-C30 SCORE,2016-2020,70,22670,0.3088
CHANGE IN EORTC QLQ-C30 SCORE,2021-2025,106,18711,0.5665
CHANGE IN EQ-5D SCORE,2006-2010,51,10330,0.4937
CHANGE IN EQ-5D SCORE,2011-2015,141,19618,0.7187
CHANGE IN EQ-5D SCORE,2016-2020,195,22670,0.8602
CHANGE IN EQ-5D SCORE,2021-2025,166,18711,0.8872
CHANGE IN EQ-5D VAS SCORE,2006-2010,12,10330,0.1162
CHANGE IN EQ-5D VAS SCORE,2011-2015,33,19618,0.1682
CHANGE IN EQ-5D VAS SCORE,2016-2020,34,22670,0.1500
CHANGE IN EQ-5D VAS SCORE,2021-2025,20,18711,0.1069
CHANGE IN EQ-5D-5L SCORE,2011-2015,10,19618,0.0510
CHANGE IN EQ-5D-5L SCORE,2016-2020,40,22670,0.1764
CHANGE IN EQ-5D-5L SCORE,2021-2025,50,18711,0.2672
CHANGE IN EQ-5D-5L VAS SCORE,2016-2020,26,22670,0.1147
CHANGE IN EQ-5D-5L VAS SCORE,2021-2025,32,18711,0.1710
CHANGE IN ESR,2006-2010,18,10330,0.1742
CHANGE IN ESR,2011-2015,52,19618,0.2651
CHANGE IN ESR,2016-2020,29,22670,0.1279
CHANGE IN ESR,2021-2025,14,18711,0.0748
CHANGE IN FACIT-FATIGUE SCORE,2006-2010,6,10330,0.0581
CHANGE IN FACIT-FATIGUE SCORE,2011-2015,6,19618,0.0306
CHANGE IN FACIT-FATIGUE SCORE,2016-2020,19,22670,0.0838
CHANGE IN FACIT-FATIGUE SCORE,2021-2025,30,18711,0.1603
CHANGE IN FASTING GLUCOSE,2006-2010,15,10330,0.1452
CHANGE IN FASTING GLUCOSE,2011-2015,16,19618,0.0816
CHANGE IN FASTING GLUCOSE,2016-2020,25,22670,0.1103
CHANGE IN FASTING GLUCOSE,2021-2025,24,18711,0.1283
CHANGE IN FASTING INSULIN,2006-2010,20,10330,0.1936
CHANGE IN FASTING INSULIN,2011-2015,17,19618,0.0867
CHANGE IN FASTING INSULIN,2016-2020,25,22670,0.1103
CHANGE IN FASTING INSULIN,2021-2025,18,18711,0.0962
CHANGE IN FASTING PLASMA GLUCOSE,2006-2010,175,10330,1.6941
CHANGE IN FASTING PLASMA GLUCOSE,2011-2015,239,19618,1.2183
CHANGE IN FASTING PLASMA GLUCOSE,2016-2020,229,22670,1.0101
CHANGE IN FASTING PLASMA GLUCOSE,2021-2025,76,18711,0.4062
CHANGE IN FASTING SERUM GLUCOSE,2006-2010,10,10330,0.0968
CHANGE IN FASTING SERUM GLUCOSE,2011-2015,13,19618,0.0663
CHANGE IN FASTING SERUM GLUCOSE,2016-2020,7,22670,0.0309
CHANGE IN FASTING SERUM GLUCOSE,2021-2025,12,18711,0.0641
CHANGE IN FATIGUE SCORE,2006-2010,9,10330,0.0871
CHANGE IN FATIGUE SCORE,2011-2015,20,19618,0.1019
CHANGE IN FATIGUE SCORE,2016-2020,30,22670,0.1323
CHANGE IN FATIGUE SCORE,2021-2025,36,18711,0.1924
CHANGE IN FERRITIN,2006-2010,9,10330,0.0871
CHANGE IN FERRITIN,2011-2015,29,19618,0.1478
CHANGE IN FERRITIN,2016-2020,47,22670,0.2073
CHANGE IN FERRITIN,2021-2025,34,18711,0.1817
CHANGE IN FEV1,2006-2010,28,10330,0.2711
CHANGE IN FEV1,2011-2015,37,19618,0.1886
CHANGE IN FEV1,2016-2020,24,22670,0.1059
CHANGE IN FEV1,2021-2025,19,18711,0.1015
CHANGE IN FORCED VITAL CAPACITY,2006-2010,10,10330,0.0968
CHANGE IN FORCED VITAL CAPACITY,2011-2015,7,19618,0.0357
CHANGE IN FORCED VITAL CAPACITY,2016-2020,20,22670,0.0882
CHANGE IN FORCED VITAL CAPACITY,2021-2025,11,18711,0.0588
CHANGE IN GAD-7 SCORE,2011-2015,12,19618,0.0612
CHANGE IN GAD-7 SCORE,2016-2020,68,22670,0.3000
CHANGE IN GAD-7 SCORE,2021-2025,163,18711,0.8711
CHANGE IN HADS SCORE,2006-2010,20,10330,0.1936
CHANGE IN HADS SCORE,2011-2015,12,19618,0.0612
CHANGE IN HADS SCORE,2016-2020,32,22670,0.1412
CHANGE IN HADS SCORE,2021-2025,35,18711,0.1871
CHANGE IN HAM-A SCORE,2006-2010,53,10330,0.5131
CHANGE IN HAM-A SCORE,2011-2015,35,19618,0.1784
CHANGE IN HAM-A SCORE,2016-2020,34,22670,0.1500
CHANGE IN HAM-A SCORE,2021-2025,26,18711,0.1390
CHANGE IN HAM-D SCORE,2006-2010,80,10330,0.7744
CHANGE IN HAM-D SCORE,2011-2015,88,19618,0.4486
CHANGE IN HAM-D SCORE,2016-2020,71,22670,0.3132
CHANGE IN HAM-D SCORE,2021-2025,48,18711,0.2565
CHANGE IN HAQ-DI SCORE,2006-2010,41,10330,0.3969
CHANGE IN HAQ-DI SCORE,2011-2015,128,19618,0.6525
CHANGE IN HAQ-DI SCORE,2016-2020,115,22670,0.5073
CHANGE IN HAQ-DI SCORE,2021-2025,46,18711,0.2458
CHANGE IN HDL CHOLESTEROL,2006-2010,76,10330,0.7357
CHANGE IN HDL CHOLESTEROL,2011-2015,111,19618,0.5658
CHANGE IN HDL CHOLESTEROL,2016-2020,124,22670,0.5470
CHANGE IN HDL CHOLESTEROL,2021-2025,57,18711,0.3046
CHANGE IN HEALTH-RELATED QUALITY OF LIFE SCORE,2006-2010,8,10330,0.0774
CHANGE IN HEALTH-RELATED QUALITY OF LIFE SCORE,2011-2015,8,19618,0.0408
CHANGE IN HEALTH-RELATED QUALITY OF LIFE SCORE,2016-2020,18,22670,0.0794
CHANGE IN HEALTH-RELATED QUALITY OF LIFE SCORE,2021-2025,18,18711,0.0962
CHANGE IN HEART RATE,2006-2010,101,10330,0.9777
CHANGE IN HEART RATE,2011-2015,156,19618,0.7952
CHANGE IN HEART RATE,2016-2020,246,22670,1.0851
CHANGE IN HEART RATE,2021-2025,151,18711,0.8070
CHANGE IN HEMATOCRIT,2006-2010,17,10330,0.1646
CHANGE IN HEMATOCRIT,2011-2015,22,19618,0.1121
CHANGE IN HEMATOCRIT,2016-2020,28,22670,0.1235
CHANGE IN HEMATOCRIT,2021-2025,27,18711,0.1443
CHANGE IN HEMOGLOBIN,2006-2010,95,10330,0.9197
CHANGE IN HEMOGLOBIN,2011-2015,146,19618,0.7442
CHANGE IN HEMOGLOBIN,2016-2020,243,22670,1.0719
CHANGE IN HEMOGLOBIN,2021-2025,157,18711,0.8391
CHANGE IN HEMOGLOBIN A1C,2006-2010,267,10330,2.5847
CHANGE IN HEMOGLOBIN A1C,2011-2015,421,19618,2.1460
CHANGE IN HEMOGLOBIN A1C,2016-2020,455,22670,2.0071
CHANGE IN HEMOGLOBIN A1C,2021-2025,295,18711,1.5766
CHANGE IN HOMA-IR,2006-2010,7,10330,0.0678
CHANGE IN HOMA-IR,2011-2015,23,19618,0.1172
CHANGE IN HOMA-IR,2016-2020,31,22670,0.1367
CHANGE IN HOMA-IR,2021-2025,17,18711,0.0909
CHANGE IN HSCRP,2006-2010,12,10330,0.1162
CHANGE IN HSCRP,2011-2015,30,19618,0.1529
CHANGE IN HSCRP,2016-2020,31,22670,0.1367
CHANGE IN HSCRP,2021-2025,18,18711,0.0962
CHANGE IN INR,2006-2010,6,10330,0.0581
CHANGE IN INR,2011-2015,16,19618,0.0816
CHANGE IN INR,2016-2020,29,22670,0.1279
CHANGE IN INR,2021-2025,25,18711,0.1336
CHANGE IN INSOMNIA SEVERITY INDEX SCORE,2006-2010,2,10330,0.0194
CHANGE IN INSOMNIA SEVERITY INDEX SCORE,2011-2015,9,19618,0.0459
CHANGE IN INSOMNIA SEVERITY INDEX SCORE,2016-2020,16,22670,0.0706
CHANGE IN INSOMNIA SEVERITY INDEX SCORE,2021-2025,22,18711,0.1176
CHANGE IN INSULIN SENSITIVITY,2006-2010,9,10330,0.0871
CHANGE IN INSULIN SENSITIVITY,2011-2015,18,19618,0.0918
CHANGE IN INSULIN SENSITIVITY,2016-2020,15,22670,0.0662
CHANGE IN INSULIN SENSITIVITY,2021-2025,10,18711,0.0534
CHANGE IN INTRAOCULAR PRESSURE,2006-2010,5,10330,0.0484
CHANGE IN INTRAOCULAR PRESSURE,2011-2015,17,19618,0.0867
CHANGE IN INTRAOCULAR PRESSURE,2016-2020,23,22670,0.1015
CHANGE IN INTRAOCULAR PRESSURE,2021-2025,10,18711,0.0534
CHANGE IN KCCQ SCORE,2006-2010,5,10330,0.0484
CHANGE IN KCCQ SCORE,2011-2015,18,19618,0.0918
CHANGE IN KCCQ SCORE,2016-2020,27,22670,0.1191
CHANGE IN KCCQ SCORE,2021-2025,30,18711,0.1603
CHANGE IN LDL CHOLESTEROL,2006-2010,95,10330,0.9197
CHANGE IN LDL CHOLESTEROL,2011-2015,148,19618,0.7544
CHANGE IN LDL CHOLESTEROL,2016-2020,161,22670,0.7102
CHANGE IN LDL CHOLESTEROL,2021-2025,82,18711,0.4382
CHANGE IN LEFT VENTRICULAR EJECTION FRACTION,2006-2010,7,10330,0.0678
CHANGE IN LEFT VENTRICULAR EJECTION FRACTION,2011-2015,13,19618,0.0663
CHANGE IN LEFT VENTRICULAR EJECTION FRACTION,2016-2020,15,22670,0.0662
CHANGE IN LEFT VENTRICULAR EJECTION FRACTION,2021-2025,8,18711,0.0428
CHANGE IN MADRS SCORE,2006-2010,93,10330,0.9003
CHANGE IN MADRS SCORE,2011-2015,128,19618,0.6525
CHANGE IN MADRS SCORE,2016-2020,127,22670,0.5602
CHANGE IN MADRS SCORE,2021-2025,83,18711,0.4436
CHANGE IN MMSE SCORE,2006-2010,37,10330,0.3582
CHANGE IN MMSE SCORE,2011-2015,56,19618,0.2855
CHANGE IN MMSE SCORE,2016-2020,67,22670,0.2955
CHANGE IN MMSE SCORE,2021-2025,48,18711,0.2565
CHANGE IN MOCA SCORE,2011-2015,17,19618,0.0867
CHANGE IN MOCA SCORE,2016-2020,60,22670,0.2647
CHANGE IN MOCA SCORE,2021-2025,70,18711,0.3741
CHANGE IN NRS PAIN SCORE,2006-2010,62,10330,0.6002
CHANGE IN NRS PAIN SCORE,2011-2015,129,19618,0.6576
CHANGE IN NRS PAIN SCORE,2016-2020,172,22670,0.7587
CHANGE IN NRS PAIN SCORE,2021-2025,174,18711,0.9299
CHANGE IN NT-PROBNP,2006-2010,7,10330,0.0678
CHANGE IN NT-PROBNP,2011-2015,22,19618,0.1121
CHANGE IN NT-PROBNP,2016-2020,46,22670,0.2029
CHANGE IN NT-PROBNP,2021-2025,31,18711,0.1657
CHANGE IN PAIN SCORE,2006-2010,146,10330,1.4134
CHANGE IN PAIN SCORE,2011-2015,226,19618,1.1520
CHANGE IN PAIN SCORE,2016-2020,303,22670,1.3366
CHANGE IN PAIN SCORE,2021-2025,244,18711,1.3040
CHANGE IN PANSS SCORE,2006-2010,68,10330,0.6583
CHANGE IN PANSS SCORE,2011-2015,73,19618,0.3721
CHANGE IN PANSS SCORE,2016-2020,50,22670,0.2206
CHANGE IN PANSS SCORE,2021-2025,23,18711,0.1229
CHANGE IN PERCEIVED STRESS SCORE,2006-2010,3,10330,0.0290
CHANGE IN PERCEIVED STRESS SCORE,2011-2015,5,19618,0.0255
CHANGE IN PERCEIVED STRESS SCORE,2016-2020,23,22670,0.1015
CHANGE IN PERCEIVED STRESS SCORE,2021-2025,25,18711,0.1336
CHANGE IN PHQ-8 SCORE,2011-2015,5,19618,0.0255
CHANGE IN PHQ-8 SCORE,2016-2020,23,22670,0.1015
CHANGE IN PHQ-8 SCORE,2021-2025,55,18711,0.2939
CHANGE IN PHQ-9 SCORE,2006-2010,7,10330,0.0678
CHANGE IN PHQ-9 SCORE,2011-2015,51,19618,0.2600
CHANGE IN PHQ-9 SCORE,2016-2020,132,22670,0.5823
CHANGE IN PHQ-9 SCORE,2021-2025,211,18711,1.1277
CHANGE IN PHYSICAL ACTIVITY,2011-2015,10,19618,0.0510
CHANGE IN PHYSICAL ACTIVITY,2016-2020,30,22670,0.1323
CHANGE IN PHYSICAL ACTIVITY,2021-2025,26,18711,0.1390
CHANGE IN PITTSBURGH SLEEP QUALITY INDEX SCORE,2006-2010,4,10330,0.0387
CHANGE IN PITTSBURGH SLEEP QUALITY INDEX SCORE,2011-2015,3,19618,0.0153
CHANGE IN PITTSBURGH SLEEP QUALITY INDEX SCORE,2016-2020,18,22670,0.0794
CHANGE IN PITTSBURGH SLEEP QUALITY INDEX SCORE,2021-2025,16,18711,0.0855
CHANGE IN PLATELET COUNT,2006-2010,35,10330,0.3388
CHANGE IN PLATELET COUNT,2011-2015,46,19618,0.2345
CHANGE IN PLATELET COUNT,2016-2020,60,22670,0.2647
CHANGE IN PLATELET COUNT,2021-2025,61,18711,0.3260
CHANGE IN PRURITUS SCORE,2006-2010,6,10330,0.0581
CHANGE IN PRURITUS SCORE,2011-2015,24,19618,0.1223
CHANGE IN PRURITUS SCORE,2016-2020,51,22670,0.2250
CHANGE IN PRURITUS SCORE,2021-2025,32,18711,0.1710
CHANGE IN PSA,2006-2010,9,10330,0.0871
CHANGE IN PSA,2011-2015,24,19618,0.1223
CHANGE IN PSA,2016-2020,30,22670,0.1323
CHANGE IN PSA,2021-2025,11,18711,0.0588
CHANGE IN PULSE RATE,2006-2010,16,10330,0.1549
CHANGE IN PULSE RATE,2011-2015,24,19618,0.1223
CHANGE IN PULSE RATE,2016-2020,44,22670,0.1941
CHANGE IN PULSE RATE,2021-2025,28,18711,0.1496
CHANGE IN QUALITY OF LIFE SCORE,2006-2010,124,10330,1.2004
CHANGE IN QUALITY OF LIFE SCORE,2011-2015,243,19618,1.2387
CHANGE IN QUALITY OF LIFE SCORE,2016-2020,356,22670,1.5704
CHANGE IN QUALITY OF LIFE SCORE,2021-2025,343,18711,1.8331
CHANGE IN RESPIRATORY RATE,2006-2010,3,10330,0.0290
CHANGE IN RESPIRATORY RATE,2011-2015,8,19618,0.0408
CHANGE IN RESPIRATORY RATE,2016-2020,24,22670,0.1059
CHANGE IN RESPIRATORY RATE,2021-2025,15,18711,0.0802
CHANGE IN SDAI SCORE,2006-2010,3,10330,0.0290
CHANGE IN SDAI SCORE,2011-2015,34,19618,0.1733
CHANGE IN SDAI SCORE,2016-2020,39,22670,0.1720
CHANGE IN SDAI SCORE,2021-2025,7,18711,0.0374
CHANGE IN SELF-EFFICACY SCORE,2006-2010,1,10330,0.0097
CHANGE IN SELF-EFFICACY SCORE,2011-2015,4,19618,0.0204
CHANGE IN SELF-EFFICACY SCORE,2016-2020,14,22670,0.0618
CHANGE IN SELF-EFFICACY SCORE,2021-2025,32,18711,0.1710
CHANGE IN SERUM CREATININE,2006-2010,7,10330,0.0678
CHANGE IN SERUM CREATININE,2011-2015,21,19618,0.1070
CHANGE IN SERUM CREATININE,2016-2020,26,22670,0.1147
CHANGE IN SERUM CREATININE,2021-2025,11,18711,0.0588
CHANGE IN SF-12 SCORE,2006-2010,5,10330,0.0484
CHANGE IN SF-12 SCORE,2011-2015,14,19618,0.0714
CHANGE IN SF-12 SCORE,2016-2020,32,22670,0.1412
CHANGE IN SF-12 SCORE,2021-2025,13,18711,0.0695
CHANGE IN SF-36 SCORE,2006-2010,127,10330,1.2294
CHANGE IN SF-36 SCORE,2011-2015,207,19618,1.0552
CHANGE IN SF-36 SCORE,2016-2020,252,22670,1.1116
CHANGE IN SF-36 SCORE,2021-2025,138,18711,0.7375
CHANGE IN SGRQ SCORE,2006-2010,12,10330,0.1162
CHANGE IN SGRQ SCORE,2011-2015,51,19618,0.2600
CHANGE IN SGRQ SCORE,2016-2020,39,22670,0.1720
CHANGE IN SGRQ SCORE,2021-2025,32,18711,0.1710
CHANGE IN SLEEP QUALITY SCORE,2006-2010,11,10330,0.1065
CHANGE IN SLEEP QUALITY SCORE,2011-2015,10,19618,0.0510
CHANGE IN SLEEP QUALITY SCORE,2016-2020,15,22670,0.0662
CHANGE IN SLEEP QUALITY SCORE,2021-2025,17,18711,0.0909
CHANGE IN SWOLLEN JOINT COUNT,2006-2010,6,10330,0.0581
CHANGE IN SWOLLEN JOINT COUNT,2011-2015,22,19618,0.1121
CHANGE IN SWOLLEN JOINT COUNT,2016-2020,15,22670,0.0662
CHANGE IN SWOLLEN JOINT COUNT,2021-2025,4,18711,0.0214
CHANGE IN SYSTOLIC BLOOD PRESSURE,2006-2010,62,10330,0.6002
CHANGE IN SYSTOLIC BLOOD PRESSURE,2011-2015,87,19618,0.4435
CHANGE IN SYSTOLIC BLOOD PRESSURE,2016-2020,106,22670,0.4676
CHANGE IN SYSTOLIC BLOOD PRESSURE,2021-2025,100,18711,0.5344
CHANGE IN TEMPERATURE,2006-2010,7,10330,0.0678
CHANGE IN TEMPERATURE,2011-2015,25,19618,0.1274
CHANGE IN TEMPERATURE,2016-2020,77,22670,0.3397
CHANGE IN TEMPERATURE,2021-2025,46,18711,0.2458
CHANGE IN TENDER JOINT COUNT,2006-2010,3,10330,0.0290
CHANGE IN TENDER JOINT COUNT,2011-2015,20,19618,0.1019
CHANGE IN TENDER JOINT COUNT,2016-2020,13,22670,0.0573
CHANGE IN TENDER JOINT COUNT,2021-2025,6,18711,0.0321
CHANGE IN TOTAL BILIRUBIN,2006-2010,6,10330,0.0581
CHANGE IN TOTAL BILIRUBIN,2011-2015,14,19618,0.0714
CHANGE IN TOTAL BILIRUBIN,2016-2020,23,22670,0.1015
CHANGE IN TOTAL BILIRUBIN,2021-2025,26,18711,0.1390
CHANGE IN TOTAL CHOLESTEROL,2006-2010,78,10330,0.7551
CHANGE IN TOTAL CHOLESTEROL,2011-2015,114,19618,0.5811
CHANGE IN TOTAL CHOLESTEROL,2016-2020,127,22670,0.5602
CHANGE IN TOTAL CHOLESTEROL,2021-2025,64,18711,0.3420
CHANGE IN TREATMENT SATISFACTION SCORE,2006-2010,6,10330,0.0581
CHANGE IN TREATMENT SATISFACTION SCORE,2011-2015,23,19618,0.1172
CHANGE IN TREATMENT SATISFACTION SCORE,2016-2020,12,22670,0.0529
CHANGE IN TREATMENT SATISFACTION SCORE,2021-2025,12,18711,0.0641
CHANGE IN TRIGLYCERIDES,2006-2010,72,10330,0.6970
CHANGE IN TRIGLYCERIDES,2011-2015,114,19618,0.5811
CHANGE IN TRIGLYCERIDES,2016-2020,137,22670,0.6043
CHANGE IN TRIGLYCERIDES,2021-2025,72,18711,0.3848
CHANGE IN TUMOR SIZE,2006-2010,13,10330,0.1258
CHANGE IN TUMOR SIZE,2011-2015,35,19618,0.1784
CHANGE IN TUMOR SIZE,2016-2020,31,22670,0.1367
CHANGE IN TUMOR SIZE,2021-2025,19,18711,0.1015
CHANGE IN UPDRS SCORE,2006-2010,24,10330,0.2323
CHANGE IN UPDRS SCORE,2011-2015,45,19618,0.2294
CHANGE IN UPDRS SCORE,2016-2020,18,22670,0.0794
CHANGE IN UPDRS SCORE,2021-2025,12,18711,0.0641
CHANGE IN VAS PAIN SCORE,2006-2010,149,10330,1.4424
CHANGE IN VAS PAIN SCORE,2011-2015,345,19618,1.7586
CHANGE IN VAS PAIN SCORE,2016-2020,352,22670,1.5527
CHANGE IN VAS PAIN SCORE,2021-2025,214,18711,1.1437
CHANGE IN VIRAL LOAD,2006-2010,64,10330,0.6196
CHANGE IN VIRAL LOAD,2011-2015,78,19618,0.3976
CHANGE IN VIRAL LOAD,2016-2020,82,22670,0.3617
CHANGE IN VIRAL LOAD,2021-2025,91,18711,0.4863
CHANGE IN VISUAL ACUITY,2006-2010,13,10330,0.1258
CHANGE IN VISUAL ACUITY,2011-2015,24,19618,0.1223
CHANGE IN VISUAL ACUITY,2016-2020,22,22670,0.0970
CHANGE IN VISUAL ACUITY,2021-2025,10,18711,0.0534
CHANGE IN WAIST CIRCUMFERENCE,2006-2010,46,10330,0.4453
CHANGE IN WAIST CIRCUMFERENCE,2011-2015,64,19618,0.3262
CHANGE IN WAIST CIRCUMFERENCE,2016-2020,124,22670,0.5470
CHANGE IN WAIST CIRCUMFERENCE,2021-2025,84,18711,0.4489
CHANGE IN WHITE BLOOD CELL COUNT,2006-2010,21,10330,0.2033
CHANGE IN WHITE BLOOD CELL COUNT,2011-2015,42,19618,0.2141
CHANGE IN WHITE BLOOD CELL COUNT,2016-2020,55,22670,0.2426
CHANGE IN WHITE BLOOD CELL COUNT,2021-2025,48,18711,0.2565
CHANGE IN WHO FUNCTIONAL CLASS,2006-2010,6,10330,0.0581
CHANGE IN WHO FUNCTIONAL CLASS,2011-2015,9,19618,0.0459
CHANGE IN WHO FUNCTIONAL CLASS,2016-2020,16,22670,0.0706
CHANGE IN WHO FUNCTIONAL CLASS,2021-2025,8,18711,0.0428
CHANGE IN WOMAC PAIN SCORE,2006-2010,24,10330,0.2323
CHANGE IN WOMAC PAIN SCORE,2011-2015,46,19618,0.2345
CHANGE IN WOMAC PAIN SCORE,2016-2020,52,22670,0.2294
CHANGE IN WOMAC PAIN SCORE,2021-2025,44,18711,0.2352
CHANGE IN WOMAC PHYSICAL FUNCTION SCORE,2006-2010,12,10330,0.1162
CHANGE IN WOMAC PHYSICAL FUNCTION SCORE,2011-2015,12,19618,0.0612
CHANGE IN WOMAC PHYSICAL FUNCTION SCORE,2016-2020,9,22670,0.0397
CHANGE IN WOMAC PHYSICAL FUNCTION SCORE,2021-2025,12,18711,0.0641
CHANGE IN WOMAC SCORE,2006-2010,2,10330,0.0194
CHANGE IN WOMAC SCORE,2011-2015,14,19618,0.0714
CHANGE IN WOMAC SCORE,2016-2020,15,22670,0.0662
CHANGE IN WOMAC SCORE,2021-2025,11,18711,0.0588
CHANGE IN WOMAC STIFFNESS SCORE,2006-2010,14,10330,0.1355
CHANGE IN WOMAC STIFFNESS SCORE,2011-2015,15,19618,0.0765
CHANGE IN WOMAC STIFFNESS SCORE,2016-2020,15,22670,0.0662
CHANGE IN WOMAC STIFFNESS SCORE,2021-2025,9,18711,0.0481
CHANGE IN YMRS SCORE,2006-2010,53,10330,0.5131
CHANGE IN YMRS SCORE,2011-2015,42,19618,0.2141
CHANGE IN YMRS SCORE,2016-2020,27,22670,0.1191
CHANGE IN YMRS SCORE,2021-2025,12,18711,0.0641
CHANGES IN FORCED VITAL CAPACITY,2006-2010,10,10330,0.0968
CHANGES IN FORCED VITAL CAPACITY,2011-2015,17,19618,0.0867
CHANGES IN FORCED VITAL CAPACITY,2016-2020,18,22670,0.0794
CHANGES IN FORCED VITAL CAPACITY,2021-2025,9,18711,0.0481
CLEARANCE,2006-2010,36,10330,0.3485
CLEARANCE,2011-2015,90,19618,0.4588
CLEARANCE,2016-2020,107,22670,0.4720
CLEARANCE,2021-2025,102,18711,0.5451
CLIENT SATISFACTION,2011-2015,2,19618,0.0102
CLIENT SATISFACTION,2016-2020,18,22670,0.0794
CLIENT SATISFACTION,2021-2025,45,18711,0.2405
CLINICAL BENEFIT RATE,2006-2010,27,10330,0.2614
CLINICAL BENEFIT RATE,2011-2015,110,19618,0.5607
CLINICAL BENEFIT RATE,2016-2020,196,22670,0.8646
CLINICAL BENEFIT RATE,2021-2025,226,18711,1.2078
CLINICAL CURE,2006-2010,14,10330,0.1355
CLINICAL CURE,2011-2015,12,19618,0.0612
CLINICAL CURE,2016-2020,14,22670,0.0618
CLINICAL CURE,2021-2025,6,18711,0.0321
CLINICAL CURE RATE,2006-2010,12,10330,0.1162
CLINICAL CURE RATE,2011-2015,19,19618,0.0968
CLINICAL CURE RATE,2016-2020,25,22670,0.1103
CLINICAL CURE RATE,2021-2025,11,18711,0.0588
CLINICAL GLOBAL IMPRESSION - IMPROVEMENT,2006-2010,14,10330,0.1355
CLINICAL GLOBAL IMPRESSION - IMPROVEMENT,2011-2015,13,19618,0.0663
CLINICAL GLOBAL IMPRESSION - IMPROVEMENT,2016-2020,19,22670,0.0838
CLINICAL GLOBAL IMPRESSION - IMPROVEMENT,2021-2025,12,18711,0.0641
CLINICAL GLOBAL IMPRESSION OF CHANGE,2006-2010,15,10330,0.1452
CLINICAL GLOBAL IMPRESSION OF CHANGE,2011-2015,17,19618,0.0867
CLINICAL GLOBAL IMPRESSION OF CHANGE,2016-2020,13,22670,0.0573
CLINICAL GLOBAL IMPRESSION OF CHANGE,2021-2025,5,18711,0.0267
CLINICAL REMISSION,2006-2010,21,10330,0.2033
CLINICAL REMISSION,2011-2015,31,19618,0.1580
CLINICAL REMISSION,2016-2020,68,22670,0.3000
CLINICAL REMISSION,2021-2025,60,18711,0.3207
CLINICAL RESPONSE,2006-2010,19,10330,0.1839
CLINICAL RESPONSE,2011-2015,37,19618,0.1886
CLINICAL RESPONSE,2016-2020,24,22670,0.1059
CLINICAL RESPONSE,2021-2025,16,18711,0.0855
CLINICAL RESPONSE RATE,2006-2010,23,10330,0.2227
CLINICAL RESPONSE RATE,2011-2015,30,19618,0.1529
CLINICAL RESPONSE RATE,2016-2020,36,22670,0.1588
CLINICAL RESPONSE RATE,2021-2025,20,18711,0.1069
CLINICAL SUCCESS,2006-2010,14,10330,0.1355
CLINICAL SUCCESS,2011-2015,24,19618,0.1223
CLINICAL SUCCESS,2016-2020,15,22670,0.0662
CLINICAL SUCCESS,2021-2025,17,18711,0.0909
CLINICIAN GLOBAL IMPRESSION,2006-2010,11,10330,0.1065
CLINICIAN GLOBAL IMPRESSION,2011-2015,31,19618,0.1580
CLINICIAN GLOBAL IMPRESSION,2016-2020,16,22670,0.0706
CLINICIAN GLOBAL IMPRESSION,2021-2025,7,18711,0.0374
CLINICIAN GLOBAL IMPRESSION OF CHANGE,2006-2010,14,10330,0.1355
CLINICIAN GLOBAL IMPRESSION OF CHANGE,2011-2015,18,19618,0.0918
CLINICIAN GLOBAL IMPRESSION OF CHANGE,2016-2020,11,22670,0.0485
CLINICIAN GLOBAL IMPRESSION OF CHANGE,2021-2025,13,18711,0.0695
COMPLETE REMISSION,2006-2010,22,10330,0.2130
COMPLETE REMISSION,2011-2015,63,19618,0.3211
COMPLETE REMISSION,2016-2020,72,22670,0.3176
COMPLETE REMISSION,2021-2025,72,18711,0.3848
COMPLETE REMISSION RATE,2011-2015,13,19618,0.0663
COMPLETE REMISSION RATE,2016-2020,25,22670,0.1103
COMPLETE REMISSION RATE,2021-2025,31,18711,0.1657
COMPLETE RESPONSE,2006-2010,23,10330,0.2227
COMPLETE RESPONSE,2011-2015,66,19618,0.3364
COMPLETE RESPONSE,2016-2020,56,22670,0.2470
COMPLETE RESPONSE,2021-2025,55,18711,0.2939
COMPLETE RESPONSE RATE,2006-2010,42,10330,0.4066
COMPLETE RESPONSE RATE,2011-2015,156,19618,0.7952
COMPLETE RESPONSE RATE,2016-2020,191,22670,0.8425
COMPLETE RESPONSE RATE,2021-2025,252,18711,1.3468
COMPLIANCE RATE,2006-2010,40,10330,0.3872
COMPLIANCE RATE,2011-2015,42,19618,0.2141
COMPLIANCE RATE,2016-2020,61,22670,0.2691
COMPLIANCE RATE,2021-2025,49,18711,0.2619
CONFIRMED OBJECTIVE RESPONSE RATE,2006-2010,2,10330,0.0194
CONFIRMED OBJECTIVE RESPONSE RATE,2011-2015,1,19618,0.0051
CONFIRMED OBJECTIVE RESPONSE RATE,2016-2020,1,22670,0.0044
CONFIRMED OBJECTIVE RESPONSE RATE,2021-2025,36,18711,0.1924
CONFIRMED RESPONSE RATE,2006-2010,10,10330,0.0968
CONFIRMED RESPONSE RATE,2011-2015,23,19618,0.1172
CONFIRMED RESPONSE RATE,2016-2020,5,22670,0.0221
CONFIRMED RESPONSE RATE,2021-2025,7,18711,0.0374
CURE RATE,2006-2010,14,10330,0.1355
CURE RATE,2011-2015,16,19618,0.0816
CURE RATE,2016-2020,23,22670,0.1015
CURE RATE,2021-2025,16,18711,0.0855
DEPRESSION REMISSION RATE,2006-2010,17,10330,0.1646
DEPRESSION REMISSION RATE,2011-2015,32,19618,0.1631
DEPRESSION REMISSION RATE,2016-2020,16,22670,0.0706
DEPRESSION REMISSION RATE,2021-2025,18,18711,0.0962
DEPRESSION RESPONSE RATE,2006-2010,24,10330,0.2323
DEPRESSION RESPONSE RATE,2011-2015,35,19618,0.1784
DEPRESSION RESPONSE RATE,2016-2020,35,22670,0.1544
DEPRESSION RESPONSE RATE,2021-2025,21,18711,0.1122
DEPRESSION SCORE,2006-2010,3,10330,0.0290
DEPRESSION SCORE,2011-2015,11,19618,0.0561
DEPRESSION SCORE,2016-2020,18,22670,0.0794
DEPRESSION SCORE,2021-2025,18,18711,0.0962
DEPRESSIVE SYMPTOMS,2006-2010,6,10330,0.0581
DEPRESSIVE SYMPTOMS,2011-2015,9,19618,0.0459
DEPRESSIVE SYMPTOMS,2016-2020,14,22670,0.0618
DEPRESSIVE SYMPTOMS,2021-2025,27,18711,0.1443
DEVICE SUCCESS,2006-2010,8,10330,0.0774
DEVICE SUCCESS,2011-2015,23,19618,0.1172
DEVICE SUCCESS,2016-2020,20,22670,0.0882
DEVICE SUCCESS,2021-2025,10,18711,0.0534
DIASTOLIC BLOOD PRESSURE,2006-2010,27,10330,0.2614
DIASTOLIC BLOOD PRESSURE,2011-2015,46,19618,0.2345
DIASTOLIC BLOOD PRESSURE,2016-2020,52,22670,0.2294
DIASTOLIC BLOOD PRESSURE,2021-2025,47,18711,0.2512
DISEASE CONTROL RATE,2006-2010,48,10330,0.4647
DISEASE CONTROL RATE,2011-2015,172,19618,0.8767
DISEASE CONTROL RATE,2016-2020,319,22670,1.4071
DISEASE CONTROL RATE,2021-2025,510,18711,2.7257
DISEASE-FREE SURVIVAL,2006-2010,28,10330,0.2711
DISEASE-FREE SURVIVAL,2011-2015,138,19618,0.7034
DISEASE-FREE SURVIVAL,2016-2020,142,22670,0.6264
DISEASE-FREE SURVIVAL,2021-2025,135,18711,0.7215
DOSE-LIMITING TOXICITIES,2006-2010,31,10330,0.3001
DOSE-LIMITING TOXICITIES,2011-2015,73,19618,0.3721
DOSE-LIMITING TOXICITIES,2016-2020,148,22670,0.6528
DOSE-LIMITING TOXICITIES,2021-2025,236,18711,1.2613
DOSE-LIMITING TOXICITY,2006-2010,11,10330,0.1065
DOSE-LIMITING TOXICITY,2011-2015,39,19618,0.1988
DOSE-LIMITING TOXICITY,2016-2020,44,22670,0.1941
DOSE-LIMITING TOXICITY,2021-2025,26,18711,0.1390
DRUG-RELATED ADVERSE EVENTS,2006-2010,7,10330,0.0678
DRUG-RELATED ADVERSE EVENTS,2011-2015,13,19618,0.0663
DRUG-RELATED ADVERSE EVENTS,2016-2020,12,22670,0.0529
DRUG-RELATED ADVERSE EVENTS,2021-2025,9,18711,0.0481
DURATION OF COMPLETE RESPONSE,2006-2010,2,10330,0.0194
DURATION OF COMPLETE RESPONSE,2011-2015,6,19618,0.0306
DURATION OF COMPLETE RESPONSE,2016-2020,11,22670,0.0485
DURATION OF COMPLETE RESPONSE,2021-2025,26,18711,0.1390
DURATION OF DISEASE CONTROL,2006-2010,2,10330,0.0194
DURATION OF DISEASE CONTROL,2011-2015,13,19618,0.0663
DURATION OF DISEASE CONTROL,2016-2020,17,22670,0.0750
DURATION OF DISEASE CONTROL,2021-2025,9,18711,0.0481
DURATION OF HOSPITAL STAY,2006-2010,5,10330,0.0484
DURATION OF HOSPITAL STAY,2011-2015,13,19618,0.0663
DURATION OF HOSPITAL STAY,2016-2020,17,22670,0.0750
DURATION OF HOSPITAL STAY,2021-2025,18,18711,0.0962
DURATION OF HOSPITALIZATION,2006-2010,13,10330,0.1258
DURATION OF HOSPITALIZATION,2011-2015,6,19618,0.0306
DURATION OF HOSPITALIZATION,2016-2020,22,22670,0.0970
DURATION OF HOSPITALIZATION,2021-2025,34,18711,0.1817
DURATION OF MECHANICAL VENTILATION,2006-2010,3,10330,0.0290
DURATION OF MECHANICAL VENTILATION,2011-2015,11,19618,0.0561
DURATION OF MECHANICAL VENTILATION,2016-2020,20,22670,0.0882
DURATION OF MECHANICAL VENTILATION,2021-2025,19,18711,0.1015
DURATION OF OBJECTIVE RESPONSE,2006-2010,7,10330,0.0678
DURATION OF OBJECTIVE RESPONSE,2011-2015,20,19618,0.1019
DURATION OF OBJECTIVE RESPONSE,2016-2020,23,22670,0.1015
DURATION OF OBJECTIVE RESPONSE,2021-2025,25,18711,0.1336
DURATION OF RESPONSE,2006-2010,207,10330,2.0039
DURATION OF RESPONSE,2011-2015,397,19618,2.0237
DURATION OF RESPONSE,2016-2020,634,22670,2.7966
DURATION OF RESPONSE,2021-2025,1023,18711,5.4674
DURATION OF STABLE DISEASE,2006-2010,19,10330,0.1839
DURATION OF STABLE DISEASE,2011-2015,21,19618,0.1070
DURATION OF STABLE DISEASE,2016-2020,17,22670,0.0750
DURATION OF STABLE DISEASE,2021-2025,13,18711,0.0695
DURATION OF TREATMENT,2006-2010,2,10330,0.0194
DURATION OF TREATMENT,2011-2015,16,19618,0.0816
DURATION OF TREATMENT,2016-2020,7,22670,0.0309
DURATION OF TREATMENT,2021-2025,17,18711,0.0909
DYSPNEA SCORE,2006-2010,11,10330,0.1065
DYSPNEA SCORE,2011-2015,24,19618,0.1223
DYSPNEA SCORE,2016-2020,25,22670,0.1103
DYSPNEA SCORE,2021-2025,22,18711,0.1176
EASI 75 RESPONSE,2006-2010,1,10330,0.0097
EASI 75 RESPONSE,2011-2015,4,19618,0.0204
EASI 75 RESPONSE,2016-2020,47,22670,0.2073
EASI 75 RESPONSE,2021-2025,65,18711,0.3474
ELIMINATION HALF-LIFE,2006-2010,6,10330,0.0581
ELIMINATION HALF-LIFE,2011-2015,15,19618,0.0765
ELIMINATION HALF-LIFE,2016-2020,50,22670,0.2206
ELIMINATION HALF-LIFE,2021-2025,46,18711,0.2458
ELIMINATION RATE CONSTANT,2006-2010,5,10330,0.0484
ELIMINATION RATE CONSTANT,2011-2015,25,19618,0.1274
ELIMINATION RATE CONSTANT,2016-2020,39,22670,0.1720
ELIMINATION RATE CONSTANT,2021-2025,23,18711,0.1229
EMERGENCY ROOM VISITS,2006-2010,4,10330,0.0387
EMERGENCY ROOM VISITS,2011-2015,11,19618,0.0561
EMERGENCY ROOM VISITS,2016-2020,33,22670,0.1456
EMERGENCY ROOM VISITS,2021-2025,22,18711,0.1176
ENDOSCOPIC REMISSION,2006-2010,6,10330,0.0581
ENDOSCOPIC REMISSION,2011-2015,6,19618,0.0306
ENDOSCOPIC REMISSION,2016-2020,25,22670,0.1103
ENDOSCOPIC REMISSION,2021-2025,36,18711,0.1924
ESTIMATED BLOOD LOSS,2006-2010,2,10330,0.0194
ESTIMATED BLOOD LOSS,2011-2015,13,19618,0.0663
ESTIMATED BLOOD LOSS,2016-2020,28,22670,0.1235
ESTIMATED BLOOD LOSS,2021-2025,17,18711,0.0909
EULAR RESPONSE RATE,2006-2010,5,10330,0.0484
EULAR RESPONSE RATE,2011-2015,25,19618,0.1274
EULAR RESPONSE RATE,2016-2020,13,22670,0.0573
EULAR RESPONSE RATE,2021-2025,1,18711,0.0053
EVENT-FREE SURVIVAL,2006-2010,18,10330,0.1742
EVENT-FREE SURVIVAL,2011-2015,81,19618,0.4129
EVENT-FREE SURVIVAL,2016-2020,144,22670,0.6352
EVENT-FREE SURVIVAL,2021-2025,202,18711,1.0796
FATIGUE,2006-2010,19,10330,0.1839
FATIGUE,2011-2015,37,19618,0.1886
FATIGUE,2016-2020,58,22670,0.2558
FATIGUE,2021-2025,68,18711,0.3634
FORCED EXPIRATORY VOLUME IN 1 SECOND (FEV1),2006-2010,29,10330,0.2807
FORCED EXPIRATORY VOLUME IN 1 SECOND (FEV1),2011-2015,26,19618,0.1325
FORCED EXPIRATORY VOLUME IN 1 SECOND (FEV1),2016-2020,16,22670,0.0706
FORCED EXPIRATORY VOLUME IN 1 SECOND (FEV1),2021-2025,8,18711,0.0428
FORCED VITAL CAPACITY,2006-2010,16,10330,0.1549
FORCED VITAL CAPACITY,2011-2015,26,19618,0.1325
FORCED VITAL CAPACITY,2016-2020,18,22670,0.0794
FORCED VITAL CAPACITY,2021-2025,14,18711,0.0748
FREQUENCY OF ADVERSE EVENTS,2006-2010,5,10330,0.0484
FREQUENCY OF ADVERSE EVENTS,2011-2015,34,19618,0.1733
FREQUENCY OF ADVERSE EVENTS,2016-2020,21,22670,0.0926
FREQUENCY OF ADVERSE EVENTS,2021-2025,24,18711,0.1283
GEOMETRIC MEAN TITER,2006-2010,43,10330,0.4163
GEOMETRIC MEAN TITER,2011-2015,41,19618,0.2090
GEOMETRIC MEAN TITER,2016-2020,25,22670,0.1103
GEOMETRIC MEAN TITER,2021-2025,18,18711,0.0962
GEOMETRIC MEAN TITER OF ANTIBODIES,2006-2010,15,10330,0.1452
GEOMETRIC MEAN TITER OF ANTIBODIES,2011-2015,14,19618,0.0714
GEOMETRIC MEAN TITER OF ANTIBODIES,2016-2020,12,22670,0.0529
GEOMETRIC MEAN TITER OF ANTIBODIES,2021-2025,8,18711,0.0428
GEOMETRIC MEAN TITERS,2006-2010,52,10330,0.5034
GEOMETRIC MEAN TITERS,2011-2015,37,19618,0.1886
GEOMETRIC MEAN TITERS,2016-2020,24,22670,0.1059
GEOMETRIC MEAN TITERS,2021-2025,26,18711,0.1390
GRADE 3 OR HIGHER ADVERSE EVENTS,2006-2010,29,10330,0.2807
GRADE 3 OR HIGHER ADVERSE EVENTS,2011-2015,67,19618,0.3415
GRADE 3 OR HIGHER ADVERSE EVENTS,2016-2020,52,22670,0.2294
GRADE 3 OR HIGHER ADVERSE EVENTS,2021-2025,56,18711,0.2993
GRIP STRENGTH,2006-2010,4,10330,0.0387
GRIP STRENGTH,2011-2015,10,19618,0.0510
GRIP STRENGTH,2016-2020,19,22670,0.0838
GRIP STRENGTH,2021-2025,16,18711,0.0855
HALF-LIFE,2006-2010,48,10330,0.4647
HALF-LIFE,2011-2015,78,19618,0.3976
HALF-LIFE,2016-2020,111,22670,0.4896
HALF-LIFE,2021-2025,125,18711,0.6681
HARRIS HIP SCORE,2006-2010,4,10330,0.0387
HARRIS HIP SCORE,2011-2015,8,19618,0.0408
HARRIS HIP SCORE,2016-2020,13,22670,0.0573
HARRIS HIP SCORE,2021-2025,16,18711,0.0855
HEART RATE,2006-2010,17,10330,0.1646
HEART RATE,2011-2015,28,19618,0.1427
HEART RATE,2016-2020,32,22670,0.1412
HEART RATE,2021-2025,28,18711,0.1496
HOSPITAL LENGTH OF STAY,2006-2010,5,10330,0.0484
HOSPITAL LENGTH OF STAY,2011-2015,37,19618,0.1886
HOSPITAL LENGTH OF STAY,2016-2020,60,22670,0.2647
HOSPITAL LENGTH OF STAY,2021-2025,66,18711,0.3527
HOSPITALIZATION RATE,2006-2010,7,10330,0.0678
HOSPITALIZATION RATE,2011-2015,24,19618,0.1223
HOSPITALIZATION RATE,2016-2020,39,22670,0.1720
HOSPITALIZATION RATE,2021-2025,66,18711,0.3527
ICU ADMISSION RATE,2006-2010,1,10330,0.0097
ICU ADMISSION RATE,2011-2015,10,19618,0.0510
ICU ADMISSION RATE,2016-2020,23,22670,0.1015
ICU ADMISSION RATE,2021-2025,43,18711,0.2298
ICU LENGTH OF STAY,2006-2010,4,10330,0.0387
ICU LENGTH OF STAY,2011-2015,15,19618,0.0765
ICU LENGTH OF STAY,2016-2020,29,22670,0.1279
ICU LENGTH OF STAY,2021-2025,29,18711,0.1550
IGA RESPONSE,2006-2010,26,10330,0.2517
IGA RESPONSE,2011-2015,39,19618,0.1988
IGA RESPONSE,2016-2020,144,22670,0.6352
IGA RESPONSE,2021-2025,77,18711,0.4115
IMMUNE RESPONSE RATE,2006-2010,41,10330,0.3969
IMMUNE RESPONSE RATE,2011-2015,60,19618,0.3058
IMMUNE RESPONSE RATE,2016-2020,56,22670,0.2470
IMMUNE RESPONSE RATE,2021-2025,43,18711,0.2298
IN-HOSPITAL MORTALITY,2006-2010,2,10330,0.0194
IN-HOSPITAL MORTALITY,2011-2015,11,19618,0.0561
IN-HOSPITAL MORTALITY,2016-2020,10,22670,0.0441
IN-HOSPITAL MORTALITY,2021-2025,19,18711,0.1015
INCIDENCE AND SEVERITY OF ADVERSE EVENTS,2006-2010,5,10330,0.0484
INCIDENCE AND SEVERITY OF ADVERSE EVENTS,2011-2015,12,19618,0.0612
INCIDENCE AND SEVERITY OF ADVERSE EVENTS,2016-2020,8,22670,0.0353
INCIDENCE AND SEVERITY OF ADVERSE EVENTS,2021-2025,16,18711,0.0855
INCIDENCE OF ADVERSE EVENTS,2006-2010,29,10330,0.2807
INCIDENCE OF ADVERSE EVENTS,2011-2015,64,19618,0.3262
INCIDENCE OF ADVERSE EVENTS,2016-2020,101,22670,0.4455
INCIDENCE OF ADVERSE EVENTS,2021-2025,106,18711,0.5665
INCIDENCE OF SERIOUS ADVERSE EVENTS,2006-2010,10,10330,0.0968
INCIDENCE OF SERIOUS ADVERSE EVENTS,2011-2015,21,19618,0.1070
INCIDENCE OF SERIOUS ADVERSE EVENTS,2016-2020,22,22670,0.0970
INCIDENCE OF SERIOUS ADVERSE EVENTS,2021-2025,24,18711,0.1283
INCIDENCE OF TREATMENT EMERGENT ADVERSE EVENTS,2011-2015,14,19618,0.0714
INCIDENCE OF TREATMENT EMERGENT ADVERSE EVENTS,2016-2020,26,22670,0.1147
INCIDENCE OF TREATMENT EMERGENT ADVERSE EVENTS,2021-2025,17,18711,0.0909
INCIDENCE OF TREATMENT-EMERGENT ADVERSE EVENTS,2006-2010,3,10330,0.0290
INCIDENCE OF TREATMENT-EMERGENT ADVERSE EVENTS,2011-2015,18,19618,0.0918
INCIDENCE OF TREATMENT-EMERGENT ADVERSE EVENTS,2016-2020,48,22670,0.2117
INCIDENCE OF TREATMENT-EMERGENT ADVERSE EVENTS,2021-2025,72,18711,0.3848
INJECTION SITE REACTIONS,2006-2010,28,10330,0.2711
INJECTION SITE REACTIONS,2011-2015,31,19618,0.1580
INJECTION SITE REACTIONS,2016-2020,56,22670,0.2470
INJECTION SITE REACTIONS,2021-2025,59,18711,0.3153
INSOMNIA SEVERITY INDEX,2006-2010,4,10330,0.0387
INSOMNIA SEVERITY INDEX,2011-2015,7,19618,0.0357
INSOMNIA SEVERITY INDEX,2016-2020,19,22670,0.0838
INSOMNIA SEVERITY INDEX,2021-2025,22,18711,0.1176
INSULIN SENSITIVITY,2006-2010,6,10330,0.0581
INSULIN SENSITIVITY,2011-2015,33,19618,0.1682
INSULIN SENSITIVITY,2016-2020,21,22670,0.0926
INSULIN SENSITIVITY,2021-2025,8,18711,0.0428
INTRAOCULAR PRESSURE,2006-2010,9,10330,0.0871
INTRAOCULAR PRESSURE,2011-2015,29,19618,0.1478
INTRAOCULAR PRESSURE,2016-2020,33,22670,0.1456
INTRAOCULAR PRESSURE,2021-2025,8,18711,0.0428
LABORATORY VALUES SUMMARY,2006-2010,19,10330,0.1839
LABORATORY VALUES SUMMARY,2011-2015,13,19618,0.0663
LABORATORY VALUES SUMMARY,2016-2020,25,22670,0.1103
LABORATORY VALUES SUMMARY,2021-2025,17,18711,0.0909
LEFT VENTRICULAR EJECTION FRACTION,2006-2010,7,10330,0.0678
LEFT VENTRICULAR EJECTION FRACTION,2011-2015,16,19618,0.0816
LEFT VENTRICULAR EJECTION FRACTION,2016-2020,17,22670,0.0750
LEFT VENTRICULAR EJECTION FRACTION,2021-2025,13,18711,0.0695
LENGTH OF HOSPITAL STAY,2006-2010,37,10330,0.3582
LENGTH OF HOSPITAL STAY,2011-2015,115,19618,0.5862
LENGTH OF HOSPITAL STAY,2016-2020,257,22670,1.1337
LENGTH OF HOSPITAL STAY,2021-2025,151,18711,0.8070
LENGTH OF ICU STAY,2006-2010,3,10330,0.0290
LENGTH OF ICU STAY,2011-2015,12,19618,0.0612
LENGTH OF ICU STAY,2016-2020,19,22670,0.0838
LENGTH OF ICU STAY,2021-2025,14,18711,0.0748
LENGTH OF STAY,2006-2010,1,10330,0.0097
LENGTH OF STAY,2011-2015,15,19618,0.0765
LENGTH OF STAY,2016-2020,35,22670,0.1544
LENGTH OF STAY,2021-2025,27,18711,0.1443
MAXIMUM OBSERVED PLASMA CONCENTRATION,2006-2010,25,10330,0.2420
MAXIMUM OBSERVED PLASMA CONCENTRATION,2011-2015,26,19618,0.1325
MAXIMUM OBSERVED PLASMA CONCENTRATION,2016-2020,18,22670,0.0794
MAXIMUM OBSERVED PLASMA CONCENTRATION,2021-2025,5,18711,0.0267
MAXIMUM OBSERVED SERUM CONCENTRATION,2006-2010,13,10330,0.1258
MAXIMUM OBSERVED SERUM CONCENTRATION,2011-2015,37,19618,0.1886
MAXIMUM OBSERVED SERUM CONCENTRATION,2016-2020,57,22670,0.2514
MAXIMUM OBSERVED SERUM CONCENTRATION,2021-2025,70,18711,0.3741
MAXIMUM PLASMA CONCENTRATION,2006-2010,422,10330,4.0852
MAXIMUM PLASMA CONCENTRATION,2011-2015,988,19618,5.0362
MAXIMUM PLASMA CONCENTRATION,2016-2020,1300,22670,5.7345
MAXIMUM PLASMA CONCENTRATION,2021-2025,1003,18711,5.3605
MAXIMUM SERUM CONCENTRATION,2006-2010,13,10330,0.1258
MAXIMUM SERUM CONCENTRATION,2011-2015,38,19618,0.1937
MAXIMUM SERUM CONCENTRATION,2016-2020,64,22670,0.2823
MAXIMUM SERUM CONCENTRATION,2021-2025,64,18711,0.3420
MAXIMUM TOLERATED DOSE,2006-2010,66,10330,0.6389
MAXIMUM TOLERATED DOSE,2011-2015,292,19618,1.4884
MAXIMUM TOLERATED DOSE,2016-2020,298,22670,1.3145
MAXIMUM TOLERATED DOSE,2021-2025,246,18711,1.3147
MEAN ARTERIAL PRESSURE,2006-2010,4,10330,0.0387
MEAN ARTERIAL PRESSURE,2011-2015,20,19618,0.1019
MEAN ARTERIAL PRESSURE,2016-2020,17,22670,0.0750
MEAN ARTERIAL PRESSURE,2021-2025,15,18711,0.0802
MEAN CHANGE IN BEST CORRECTED VISUAL ACUITY,2006-2010,3,10330,0.0290
MEAN CHANGE IN BEST CORRECTED VISUAL ACUITY,2011-2015,22,19618,0.1121
MEAN CHANGE IN BEST CORRECTED VISUAL ACUITY,2016-2020,16,22670,0.0706
MEAN CHANGE IN BEST CORRECTED VISUAL ACUITY,2021-2025,11,18711,0.0588
MEAN CHANGE IN BLOOD PRESSURE,2006-2010,25,10330,0.2420
MEAN CHANGE IN BLOOD PRESSURE,2011-2015,17,19618,0.0867
MEAN CHANGE IN BLOOD PRESSURE,2016-2020,13,22670,0.0573
MEAN CHANGE IN BLOOD PRESSURE,2021-2025,5,18711,0.0267
MEAN CHANGE IN HEART RATE,2006-2010,15,10330,0.1452
MEAN CHANGE IN HEART RATE,2011-2015,22,19618,0.1121
MEAN CHANGE IN HEART RATE,2016-2020,8,22670,0.0353
MEAN CHANGE IN HEART RATE,2021-2025,10,18711,0.0534
MEAN CHANGE IN HEMOGLOBIN,2006-2010,21,10330,0.2033
MEAN CHANGE IN HEMOGLOBIN,2011-2015,18,19618,0.0918
MEAN CHANGE IN HEMOGLOBIN,2016-2020,18,22670,0.0794
MEAN CHANGE IN HEMOGLOBIN,2021-2025,12,18711,0.0641
MEAN CHANGE IN HEMOGLOBIN A1C,2006-2010,13,10330,0.1258
MEAN CHANGE IN HEMOGLOBIN A1C,2011-2015,7,19618,0.0357
MEAN CHANGE IN HEMOGLOBIN A1C,2016-2020,16,22670,0.0706
MEAN CHANGE IN HEMOGLOBIN A1C,2021-2025,10,18711,0.0534
MEAN HEART RATE,2006-2010,16,10330,0.1549
MEAN HEART RATE,2011-2015,15,19618,0.0765
MEAN HEART RATE,2016-2020,9,22670,0.0397
MEAN HEART RATE,2021-2025,2,18711,0.0107
MEAN RESIDENCE TIME,2006-2010,40,10330,0.3872
MEAN RESIDENCE TIME,2011-2015,46,19618,0.2345
MEAN RESIDENCE TIME,2016-2020,67,22670,0.2955
MEAN RESIDENCE TIME,2021-2025,39,18711,0.2084
MEDIAN DURATION OF RESPONSE,2006-2010,4,10330,0.0387
MEDIAN DURATION OF RESPONSE,2011-2015,12,19618,0.0612
MEDIAN DURATION OF RESPONSE,2016-2020,17,22670,0.0750
MEDIAN DURATION OF RESPONSE,2021-2025,29,18711,0.1550
MEDIAN OVERALL SURVIVAL,2006-2010,26,10330,0.2517
MEDIAN OVERALL SURVIVAL,2011-2015,93,19618,0.4741
MEDIAN OVERALL SURVIVAL,2016-2020,89,22670,0.3926
MEDIAN OVERALL SURVIVAL,2021-2025,107,18711,0.5719
MEDIAN PROGRESSION FREE SURVIVAL,2006-2010,6,10330,0.0581
MEDIAN PROGRESSION FREE SURVIVAL,2011-2015,34,19618,0.1733
MEDIAN PROGRESSION FREE SURVIVAL,2016-2020,38,22670,0.1676
MEDIAN PROGRESSION FREE SURVIVAL,2021-2025,32,18711,0.1710
MEDIAN PROGRESSION-FREE SURVIVAL,2006-2010,11,10330,0.1065
MEDIAN PROGRESSION-FREE SURVIVAL,2011-2015,64,19618,0.3262
MEDIAN PROGRESSION-FREE SURVIVAL,2016-2020,76,22670,0.3352
MEDIAN PROGRESSION-FREE SURVIVAL,2021-2025,88,18711,0.4703
MEDIAN SURVIVAL TIME,2006-2010,12,10330,0.1162
MEDIAN SURVIVAL TIME,2011-2015,17,19618,0.0867
MEDIAN SURVIVAL TIME,2016-2020,17,22670,0.0750
MEDIAN SURVIVAL TIME,2021-2025,7,18711,0.0374
MEDICATION ADHERENCE,2006-2010,1,10330,0.0097
MEDICATION ADHERENCE,2011-2015,13,19618,0.0663
MEDICATION ADHERENCE,2016-2020,32,22670,0.1412
MEDICATION ADHERENCE,2021-2025,23,18711,0.1229
MICROBIOLOGICAL ERADICATION,2006-2010,23,10330,0.2227
MICROBIOLOGICAL ERADICATION,2011-2015,18,19618,0.0918
MICROBIOLOGICAL ERADICATION,2016-2020,27,22670,0.1191
MICROBIOLOGICAL ERADICATION,2021-2025,14,18711,0.0748
MINIMAL RESIDUAL DISEASE NEGATIVITY,2006-2010,2,10330,0.0194
MINIMAL RESIDUAL DISEASE NEGATIVITY,2011-2015,11,19618,0.0561
MINIMAL RESIDUAL DISEASE NEGATIVITY,2016-2020,23,22670,0.1015
MINIMAL RESIDUAL DISEASE NEGATIVITY,2021-2025,50,18711,0.2672
MINIMUM PLASMA CONCENTRATION,2006-2010,13,10330,0.1258
MINIMUM PLASMA CONCENTRATION,2011-2015,10,19618,0.0510
MINIMUM PLASMA CONCENTRATION,2016-2020,33,22670,0.1456
MINIMUM PLASMA CONCENTRATION,2021-2025,28,18711,0.1496
MORTALITY,2006-2010,4,10330,0.0387
MORTALITY,2011-2015,12,19618,0.0612
MORTALITY,2016-2020,32,22670,0.1412
MORTALITY,2021-2025,22,18711,0.1176
MRI LESION COUNT,2006-2010,10,10330,0.0968
MRI LESION COUNT,2011-2015,14,19618,0.0714
MRI LESION COUNT,2016-2020,8,22670,0.0353
MRI LESION COUNT,2021-2025,13,18711,0.0695
NAUSEA,2006-2010,14,10330,0.1355
NAUSEA,2011-2015,23,19618,0.1172
NAUSEA,2016-2020,34,22670,0.1500
NAUSEA,2021-2025,23,18711,0.1229
NON-RELAPSE MORTALITY,2006-2010,3,10330,0.0290
NON-RELAPSE MORTALITY,2011-2015,18,19618,0.0918
NON-RELAPSE MORTALITY,2016-2020,31,22670,0.1367
NON-RELAPSE MORTALITY,2021-2025,21,18711,0.1122
NUMBER OF ADVERSE EVENTS,2006-2010,87,10330,0.8422
NUMBER OF ADVERSE EVENTS,2011-2015,174,19618,0.8869
NUMBER OF ADVERSE EVENTS,2016-2020,259,22670,1.1425
NUMBER OF ADVERSE EVENTS,2021-2025,217,18711,1.1597
NUMBER OF DEATHS,2006-2010,9,10330,0.0871
NUMBER OF DEATHS,2011-2015,13,19618,0.0663
NUMBER OF DEATHS,2016-2020,25,22670,0.1103
NUMBER OF DEATHS,2021-2025,15,18711,0.0802
NUMBER OF DOSE LIMITING TOXICITIES,2006-2010,3,10330,0.0290
NUMBER OF DOSE LIMITING TOXICITIES,2011-2015,7,19618,0.0357
NUMBER OF DOSE LIMITING TOXICITIES,2016-2020,18,22670,0.0794
NUMBER OF DOSE LIMITING TOXICITIES,2021-2025,14,18711,0.0748
NUMBER OF PARTICIPANTS ACHIEVING TARGET,2006-2010,18,10330,0.1742
NUMBER OF PARTICIPANTS ACHIEVING TARGET,2011-2015,13,19618,0.0663
NUMBER OF PARTICIPANTS ACHIEVING TARGET,2016-2020,4,22670,0.0176
NUMBER OF PARTICIPANTS ACHIEVING TARGET,2021-2025,7,18711,0.0374
NUMBER OF PARTICIPANTS COMPLETING TREATMENT,2006-2010,7,10330,0.0678
NUMBER OF PARTICIPANTS COMPLETING TREATMENT,2011-2015,9,19618,0.0459
NUMBER OF PARTICIPANTS COMPLETING TREATMENT,2016-2020,24,22670,0.1059
NUMBER OF PARTICIPANTS COMPLETING TREATMENT,2021-2025,27,18711,0.1443
NUMBER OF PARTICIPANTS REPORTING ONE OR MORE TREATMENT-EMERGENT ADVERSE EVENTS,2011-2015,18,19618,0.0918
NUMBER OF PARTICIPANTS REPORTING ONE OR MORE TREATMENT-EMERGENT ADVERSE EVENTS,2016-2020,31,22670,0.1367
NUMBER OF PARTICIPANTS REPORTING ONE OR MORE TREATMENT-EMERGENT ADVERSE EVENTS,2021-2025,11,18711,0.0588
NUMBER OF PARTICIPANTS WHO DIED,2006-2010,17,10330,0.1646
NUMBER OF PARTICIPANTS WHO DIED,2011-2015,23,19618,0.1172
NUMBER OF PARTICIPANTS WHO DIED,2016-2020,9,22670,0.0397
NUMBER OF PARTICIPANTS WHO DIED,2021-2025,27,18711,0.1443
NUMBER OF PARTICIPANTS WHO DISCONTINUED STUDY TREATMENT DUE TO AN AE,2006-2010,4,10330,0.0387
NUMBER OF PARTICIPANTS WHO DISCONTINUED STUDY TREATMENT DUE TO AN AE,2011-2015,7,19618,0.0357
NUMBER OF PARTICIPANTS WHO DISCONTINUED STUDY TREATMENT DUE TO AN AE,2016-2020,14,22670,0.0618
NUMBER OF PARTICIPANTS WHO DISCONTINUED STUDY TREATMENT DUE TO AN AE,2021-2025,34,18711,0.1817
NUMBER OF PARTICIPANTS WITH ABNORMAL ECG FINDINGS,2006-2010,22,10330,0.2130
NUMBER OF PARTICIPANTS WITH ABNORMAL ECG FINDINGS,2011-2015,30,19618,0.1529
NUMBER OF PARTICIPANTS WITH ABNORMAL ECG FINDINGS,2016-2020,74,22670,0.3264
NUMBER OF PARTICIPANTS WITH ABNORMAL ECG FINDINGS,2021-2025,18,18711,0.0962
NUMBER OF PARTICIPANTS WITH ABNORMAL VITAL SIGNS,2006-2010,8,10330,0.0774
NUMBER OF PARTICIPANTS WITH ABNORMAL VITAL SIGNS,2011-2015,9,19618,0.0459
NUMBER OF PARTICIPANTS WITH ABNORMAL VITAL SIGNS,2016-2020,13,22670,0.0573
NUMBER OF PARTICIPANTS WITH ABNORMAL VITAL SIGNS,2021-2025,31,18711,0.1657
NUMBER OF PARTICIPANTS WITH ADVERSE DRUG REACTIONS,2006-2010,3,10330,0.0290
NUMBER OF PARTICIPANTS WITH ADVERSE DRUG REACTIONS,2011-2015,9,19618,0.0459
NUMBER OF PARTICIPANTS WITH ADVERSE DRUG REACTIONS,2016-2020,24,22670,0.1059
NUMBER OF PARTICIPANTS WITH ADVERSE DRUG REACTIONS,2021-2025,15,18711,0.0802
NUMBER OF PARTICIPANTS WITH ADVERSE EVENTS,2006-2010,667,10330,6.4569
NUMBER OF PARTICIPANTS WITH ADVERSE EVENTS,2011-2015,1147,19618,5.8467
NUMBER OF PARTICIPANTS WITH ADVERSE EVENTS,2016-2020,1320,22670,5.8227
NUMBER OF PARTICIPANTS WITH ADVERSE EVENTS,2021-2025,1099,18711,5.8736
NUMBER OF PARTICIPANTS WITH ADVERSE EVENTS AND SERIOUS ADVERSE EVENTS,2006-2010,13,10330,0.1258
NUMBER OF PARTICIPANTS WITH ADVERSE EVENTS AND SERIOUS ADVERSE EVENTS,2011-2015,14,19618,0.0714
NUMBER OF PARTICIPANTS WITH ADVERSE EVENTS AND SERIOUS ADVERSE EVENTS,2016-2020,21,22670,0.0926
NUMBER OF PARTICIPANTS WITH ADVERSE EVENTS AND SERIOUS ADVERSE EVENTS,2021-2025,19,18711,0.1015
NUMBER OF PARTICIPANTS WITH ADVERSE EVENTS LEADING TO DISCONTINUATION,2006-2010,11,10330,0.1065
NUMBER OF PARTICIPANTS WITH ADVERSE EVENTS LEADING TO DISCONTINUATION,2011-2015,9,19618,0.0459
NUMBER OF PARTICIPANTS WITH ADVERSE EVENTS LEADING TO DISCONTINUATION,2016-2020,31,22670,0.1367
NUMBER OF PARTICIPANTS WITH ADVERSE EVENTS LEADING TO DISCONTINUATION,2021-2025,47,18711,0.2512
NUMBER OF PARTICIPANTS WITH ADVERSE EVENTS OF SPECIAL INTEREST,2006-2010,5,10330,0.0484
NUMBER OF PARTICIPANTS WITH ADVERSE EVENTS OF SPECIAL INTEREST,2011-2015,9,19618,0.0459
NUMBER OF PARTICIPANTS WITH ADVERSE EVENTS OF SPECIAL INTEREST,2016-2020,13,22670,0.0573
NUMBER OF PARTICIPANTS WITH ADVERSE EVENTS OF SPECIAL INTEREST,2021-2025,67,18711,0.3581
NUMBER OF PARTICIPANTS WITH ANTI-DRUG ANTIBODIES,2006-2010,18,10330,0.1742
NUMBER OF PARTICIPANTS WITH ANTI-DRUG ANTIBODIES,2011-2015,36,19618,0.1835
NUMBER OF PARTICIPANTS WITH ANTI-DRUG ANTIBODIES,2016-2020,65,22670,0.2867
NUMBER OF PARTICIPANTS WITH ANTI-DRUG ANTIBODIES,2021-2025,112,18711,0.5986
NUMBER OF PARTICIPANTS WITH ANY ADVERSE EVENT,2006-2010,12,10330,0.1162
NUMBER OF PARTICIPANTS WITH ANY ADVERSE EVENT,2011-2015,36,19618,0.1835
NUMBER OF PARTICIPANTS WITH ANY ADVERSE EVENT,2016-2020,16,22670,0.0706
NUMBER OF PARTICIPANTS WITH ANY ADVERSE EVENT,2021-2025,2,18711,0.0107
NUMBER OF PARTICIPANTS WITH ANY ADVERSE EVENTS,2006-2010,20,10330,0.1936
NUMBER OF PARTICIPANTS WITH ANY ADVERSE EVENTS,2011-2015,41,19618,0.2090
NUMBER OF PARTICIPANTS WITH ANY ADVERSE EVENTS,2016-2020,16,22670,0.0706
NUMBER OF PARTICIPANTS WITH ANY ADVERSE EVENTS,2021-2025,19,18711,0.1015
NUMBER OF PARTICIPANTS WITH ANY TREATMENT-EMERGENT ADVERSE EVENT,2011-2015,3,19618,0.0153
NUMBER OF PARTICIPANTS WITH ANY TREATMENT-EMERGENT ADVERSE EVENT,2016-2020,7,22670,0.0309
NUMBER OF PARTICIPANTS WITH ANY TREATMENT-EMERGENT ADVERSE EVENT,2021-2025,41,18711,0.2191
NUMBER OF PARTICIPANTS WITH CLINICAL LABORATORY ABNORMALITIES,2006-2010,2,10330,0.0194
NUMBER OF PARTICIPANTS WITH CLINICAL LABORATORY ABNORMALITIES,2011-2015,4,19618,0.0204
NUMBER OF PARTICIPANTS WITH CLINICAL LABORATORY ABNORMALITIES,2016-2020,18,22670,0.0794
NUMBER OF PARTICIPANTS WITH CLINICAL LABORATORY ABNORMALITIES,2021-2025,29,18711,0.1550
NUMBER OF PARTICIPANTS WITH CLINICALLY SIGNIFICANT CHANGE IN VITAL SIGNS,2006-2010,5,10330,0.0484
NUMBER OF PARTICIPANTS WITH CLINICALLY SIGNIFICANT CHANGE IN VITAL SIGNS,2011-2015,17,19618,0.0867
NUMBER OF PARTICIPANTS WITH CLINICALLY SIGNIFICANT CHANGE IN VITAL SIGNS,2016-2020,29,22670,0.1279
NUMBER OF PARTICIPANTS WITH CLINICALLY SIGNIFICANT CHANGE IN VITAL SIGNS,2021-2025,26,18711,0.1390
NUMBER OF PARTICIPANTS WITH CLINICALLY SIGNIFICANT CHANGES IN VITAL SIGNS,2006-2010,3,10330,0.0290
NUMBER OF PARTICIPANTS WITH CLINICALLY SIGNIFICANT CHANGES IN VITAL SIGNS,2011-2015,16,19618,0.0816
NUMBER OF PARTICIPANTS WITH CLINICALLY SIGNIFICANT CHANGES IN VITAL SIGNS,2016-2020,29,22670,0.1279
NUMBER OF PARTICIPANTS WITH CLINICALLY SIGNIFICANT CHANGES IN VITAL SIGNS,2021-2025,39,18711,0.2084
NUMBER OF PARTICIPANTS WITH CLINICALLY SIGNIFICANT ECG ABNORMALITIES,2006-2010,6,10330,0.0581
NUMBER OF PARTICIPANTS WITH CLINICALLY SIGNIFICANT ECG ABNORMALITIES,2011-2015,8,19618,0.0408
NUMBER OF PARTICIPANTS WITH CLINICALLY SIGNIFICANT ECG ABNORMALITIES,2016-2020,19,22670,0.0838
NUMBER OF PARTICIPANTS WITH CLINICALLY SIGNIFICANT ECG ABNORMALITIES,2021-2025,25,18711,0.1336
NUMBER OF PARTICIPANTS WITH CLINICALLY SIGNIFICANT ECG CHANGES,2006-2010,3,10330,0.0290
NUMBER OF PARTICIPANTS WITH CLINICALLY SIGNIFICANT ECG CHANGES,2011-2015,8,19618,0.0408
NUMBER OF PARTICIPANTS WITH CLINICALLY SIGNIFICANT ECG CHANGES,2016-2020,17,22670,0.0750
NUMBER OF PARTICIPANTS WITH CLINICALLY SIGNIFICANT ECG CHANGES,2021-2025,24,18711,0.1283
NUMBER OF PARTICIPANTS WITH CLINICALLY SIGNIFICANT LABORATORY ABNORMALITIES,2006-2010,5,10330,0.0484
NUMBER OF PARTICIPANTS WITH CLINICALLY SIGNIFICANT LABORATORY ABNORMALITIES,2011-2015,19,19618,0.0968
NUMBER OF PARTICIPANTS WITH CLINICALLY SIGNIFICANT LABORATORY ABNORMALITIES,2016-2020,36,22670,0.1588
NUMBER OF PARTICIPANTS WITH CLINICALLY SIGNIFICANT LABORATORY ABNORMALITIES,2021-2025,46,18711,0.2458
NUMBER OF PARTICIPANTS WITH COMPLICATIONS,2006-2010,2,10330,0.0194
NUMBER OF PARTICIPANTS WITH COMPLICATIONS,2011-2015,5,19618,0.0255
NUMBER OF PARTICIPANTS WITH COMPLICATIONS,2016-2020,21,22670,0.0926
NUMBER OF PARTICIPANTS WITH COMPLICATIONS,2021-2025,13,18711,0.0695
NUMBER OF PARTICIPANTS WITH DOSE LIMITING TOXICITIES,2006-2010,9,10330,0.0871
NUMBER OF PARTICIPANTS WITH DOSE LIMITING TOXICITIES,2011-2015,43,19618,0.2192
NUMBER OF PARTICIPANTS WITH DOSE LIMITING TOXICITIES,2016-2020,65,22670,0.2867
NUMBER OF PARTICIPANTS WITH DOSE LIMITING TOXICITIES,2021-2025,92,18711,0.4917
NUMBER OF PARTICIPANTS WITH DOSE LIMITING TOXICITY,2006-2010,3,10330,0.0290
NUMBER OF PARTICIPANTS WITH DOSE LIMITING TOXICITY,2011-2015,15,19618,0.0765
NUMBER OF PARTICIPANTS WITH DOSE LIMITING TOXICITY,2016-2020,19,22670,0.0838
NUMBER OF PARTICIPANTS WITH DOSE LIMITING TOXICITY,2021-2025,22,18711,0.1176
NUMBER OF PARTICIPANTS WITH DOSE-LIMITING TOXICITIES,2006-2010,11,10330,0.1065
NUMBER OF PARTICIPANTS WITH DOSE-LIMITING TOXICITIES,2011-2015,28,19618,0.1427
NUMBER OF PARTICIPANTS WITH DOSE-LIMITING TOXICITIES,2016-2020,67,22670,0.2955
NUMBER OF PARTICIPANTS WITH DOSE-LIMITING TOXICITIES,2021-2025,79,18711,0.4222
NUMBER OF PARTICIPANTS WITH DOSE-LIMITING TOXICITY,2006-2010,2,10330,0.0194
NUMBER OF PARTICIPANTS WITH DOSE-LIMITING TOXICITY,2011-2015,12,19618,0.0612
NUMBER OF PARTICIPANTS WITH DOSE-LIMITING TOXICITY,2016-2020,12,22670,0.0529
NUMBER OF PARTICIPANTS WITH DOSE-LIMITING TOXICITY,2021-2025,13,18711,0.0695
NUMBER OF PARTICIPANTS WITH DRUG-RELATED ADVERSE EVENTS,2006-2010,16,10330,0.1549
NUMBER OF PARTICIPANTS WITH DRUG-RELATED ADVERSE EVENTS,2011-2015,35,19618,0.1784
NUMBER OF PARTICIPANTS WITH DRUG-RELATED ADVERSE EVENTS,2016-2020,27,22670,0.1191
NUMBER OF PARTICIPANTS WITH DRUG-RELATED ADVERSE EVENTS,2021-2025,20,18711,0.1069
NUMBER OF PARTICIPANTS WITH ECG ABNORMALITIES,2006-2010,11,10330,0.1065
NUMBER OF PARTICIPANTS WITH ECG ABNORMALITIES,2011-2015,14,19618,0.0714
NUMBER OF PARTICIPANTS WITH ECG ABNORMALITIES,2016-2020,36,22670,0.1588
NUMBER OF PARTICIPANTS WITH ECG ABNORMALITIES,2021-2025,39,18711,0.2084
NUMBER OF PARTICIPANTS WITH GRADE 3 OR HIGHER ADVERSE EVENTS,2006-2010,2,10330,0.0194
NUMBER OF PARTICIPANTS WITH GRADE 3 OR HIGHER ADVERSE EVENTS,2011-2015,14,19618,0.0714
NUMBER OF PARTICIPANTS WITH GRADE 3 OR HIGHER ADVERSE EVENTS,2016-2020,22,22670,0.0970
NUMBER OF PARTICIPANTS WITH GRADE 3 OR HIGHER ADVERSE EVENTS,2021-2025,27,18711,0.1443
NUMBER OF PARTICIPANTS WITH INJECTION SITE REACTIONS,2006-2010,7,10330,0.0678
NUMBER OF PARTICIPANTS WITH INJECTION SITE REACTIONS,2011-2015,4,19618,0.0204
NUMBER OF PARTICIPANTS WITH INJECTION SITE REACTIONS,2016-2020,15,22670,0.0662
NUMBER OF PARTICIPANTS WITH INJECTION SITE REACTIONS,2021-2025,17,18711,0.0909
NUMBER OF PARTICIPANTS WITH LABORATORY ABNORMALITIES,2006-2010,33,10330,0.3195
NUMBER OF PARTICIPANTS WITH LABORATORY ABNORMALITIES,2011-2015,72,19618,0.3670
NUMBER OF PARTICIPANTS WITH LABORATORY ABNORMALITIES,2016-2020,98,22670,0.4323
NUMBER OF PARTICIPANTS WITH LABORATORY ABNORMALITIES,2021-2025,102,18711,0.5451
NUMBER OF PARTICIPANTS WITH LABORATORY TEST ABNORMALITIES,2006-2010,6,10330,0.0581
NUMBER OF PARTICIPANTS WITH LABORATORY TEST ABNORMALITIES,2011-2015,20,19618,0.1019
NUMBER OF PARTICIPANTS WITH LABORATORY TEST ABNORMALITIES,2016-2020,37,22670,0.1632
NUMBER OF PARTICIPANTS WITH LABORATORY TEST ABNORMALITIES,2021-2025,46,18711,0.2458
NUMBER OF PARTICIPANTS WITH NON-SERIOUS ADVERSE EVENTS,2006-2010,3,10330,0.0290
NUMBER OF PARTICIPANTS WITH NON-SERIOUS ADVERSE EVENTS,2011-2015,11,19618,0.0561
NUMBER OF PARTICIPANTS WITH NON-SERIOUS ADVERSE EVENTS,2016-2020,18,22670,0.0794
NUMBER OF PARTICIPANTS WITH NON-SERIOUS ADVERSE EVENTS,2021-2025,15,18711,0.0802
NUMBER OF PARTICIPANTS WITH POSITIVE ANTI-DRUG ANTIBODIES,2006-2010,2,10330,0.0194
NUMBER OF PARTICIPANTS WITH POSITIVE ANTI-DRUG ANTIBODIES,2011-2015,9,19618,0.0459
NUMBER OF PARTICIPANTS WITH POSITIVE ANTI-DRUG ANTIBODIES,2016-2020,31,22670,0.1367
NUMBER OF PARTICIPANTS WITH POSITIVE ANTI-DRUG ANTIBODIES,2021-2025,33,18711,0.1764
NUMBER OF PARTICIPANTS WITH SERIOUS ADVERSE EVENTS,2006-2010,372,10330,3.6012
NUMBER OF PARTICIPANTS WITH SERIOUS ADVERSE EVENTS,2011-2015,380,19618,1.9370
NUMBER OF PARTICIPANTS WITH SERIOUS ADVERSE EVENTS,2016-2020,458,22670,2.0203
NUMBER OF PARTICIPANTS WITH SERIOUS ADVERSE EVENTS,2021-2025,473,18711,2.5279
NUMBER OF PARTICIPANTS WITH SERIOUS AND NON-SERIOUS ADVERSE EVENTS,2006-2010,2,10330,0.0194
NUMBER OF PARTICIPANTS WITH SERIOUS AND NON-SERIOUS ADVERSE EVENTS,2011-2015,23,19618,0.1172
NUMBER OF PARTICIPANTS WITH SERIOUS AND NON-SERIOUS ADVERSE EVENTS,2016-2020,76,22670,0.3352
NUMBER OF PARTICIPANTS WITH SERIOUS AND NON-SERIOUS ADVERSE EVENTS,2021-2025,36,18711,0.1924
NUMBER OF PARTICIPANTS WITH SERIOUS AND/OR NON-SERIOUS ADVERSE EVENTS,2011-2015,2,19618,0.0102
NUMBER OF PARTICIPANTS WITH SERIOUS AND/OR NON-SERIOUS ADVERSE EVENTS,2016-2020,5,22670,0.0221
NUMBER OF PARTICIPANTS WITH SERIOUS AND/OR NON-SERIOUS ADVERSE EVENTS,2021-2025,79,18711,0.4222
NUMBER OF PARTICIPANTS WITH SOLICITED LOCAL ADVERSE EVENTS,2006-2010,3,10330,0.0290
NUMBER OF PARTICIPANTS WITH SOLICITED LOCAL ADVERSE EVENTS,2011-2015,1,19618,0.0051
NUMBER OF PARTICIPANTS WITH SOLICITED LOCAL ADVERSE EVENTS,2016-2020,10,22670,0.0441
NUMBER OF PARTICIPANTS WITH SOLICITED LOCAL ADVERSE EVENTS,2021-2025,27,18711,0.1443
NUMBER OF PARTICIPANTS WITH TREATMENT EMERGENT ADVERSE EVENTS,2006-2010,22,10330,0.2130
NUMBER OF PARTICIPANTS WITH TREATMENT EMERGENT ADVERSE EVENTS,2011-2015,69,19618,0.3517
NUMBER OF PARTICIPANTS WITH TREATMENT EMERGENT ADVERSE EVENTS,2016-2020,262,22670,1.1557
NUMBER OF PARTICIPANTS WITH TREATMENT EMERGENT ADVERSE EVENTS,2021-2025,304,18711,1.6247
NUMBER OF PARTICIPANTS WITH TREATMENT RELATED ADVERSE EVENTS,2006-2010,1,10330,0.0097
NUMBER OF PARTICIPANTS WITH TREATMENT RELATED ADVERSE EVENTS,2011-2015,22,19618,0.1121
NUMBER OF PARTICIPANTS WITH TREATMENT RELATED ADVERSE EVENTS,2016-2020,12,22670,0.0529
NUMBER OF PARTICIPANTS WITH TREATMENT RELATED ADVERSE EVENTS,2021-2025,17,18711,0.0909
NUMBER OF PARTICIPANTS WITH TREATMENT-EMERGENT ADVERSE EVENTS,2006-2010,193,10330,1.8683
NUMBER OF PARTICIPANTS WITH TREATMENT-EMERGENT ADVERSE EVENTS,2011-2015,505,19618,2.5742
NUMBER OF PARTICIPANTS WITH TREATMENT-EMERGENT ADVERSE EVENTS,2016-2020,1067,22670,4.7067
NUMBER OF PARTICIPANTS WITH TREATMENT-EMERGENT ADVERSE EVENTS,2021-2025,1240,18711,6.6271
NUMBER OF PARTICIPANTS WITH TREATMENT-EMERGENT SERIOUS ADVERSE EVENTS,2006-2010,1,10330,0.0097
NUMBER OF PARTICIPANTS WITH TREATMENT-EMERGENT SERIOUS ADVERSE EVENTS,2011-2015,7,19618,0.0357
NUMBER OF PARTICIPANTS WITH TREATMENT-EMERGENT SERIOUS ADVERSE EVENTS,2016-2020,24,22670,0.1059
NUMBER OF PARTICIPANTS WITH TREATMENT-EMERGENT SERIOUS ADVERSE EVENTS,2021-2025,38,18711,0.2031
NUMBER OF PARTICIPANTS WITH TREATMENT-RELATED ADVERSE EVENTS,2006-2010,3,10330,0.0290
NUMBER OF PARTICIPANTS WITH TREATMENT-RELATED ADVERSE EVENTS,2011-2015,37,19618,0.1886
NUMBER OF PARTICIPANTS WITH TREATMENT-RELATED ADVERSE EVENTS,2016-2020,111,22670,0.4896
NUMBER OF PARTICIPANTS WITH TREATMENT-RELATED ADVERSE EVENTS,2021-2025,121,18711,0.6467
NUMBER OF PARTICIPANTS WITH UNSOLICITED ADVERSE EVENTS,2006-2010,26,10330,0.2517
NUMBER OF PARTICIPANTS WITH UNSOLICITED ADVERSE EVENTS,2011-2015,37,19618,0.1886
NUMBER OF PARTICIPANTS WITH UNSOLICITED ADVERSE EVENTS,2016-2020,43,22670,0.1897
NUMBER OF PARTICIPANTS WITH UNSOLICITED ADVERSE EVENTS,2021-2025,81,18711,0.4329
NUMBER OF PATIENTS WITH ADVERSE EVENTS,2006-2010,11,10330,0.1065
NUMBER OF PATIENTS WITH ADVERSE EVENTS,2011-2015,50,19618,0.2549
NUMBER OF PATIENTS WITH ADVERSE EVENTS,2016-2020,37,22670,0.1632
NUMBER OF PATIENTS WITH ADVERSE EVENTS,2021-2025,29,18711,0.1550
NUMBER OF RESPONDERS,2006-2010,11,10330,0.1065
NUMBER OF RESPONDERS,2011-2015,15,19618,0.0765
NUMBER OF RESPONDERS,2016-2020,12,22670,0.0529
NUMBER OF RESPONDERS,2021-2025,10,18711,0.0534
NUMBER OF SERIOUS ADVERSE EVENTS,2006-2010,13,10330,0.1258
NUMBER OF SERIOUS ADVERSE EVENTS,2011-2015,29,19618,0.1478
NUMBER OF SERIOUS ADVERSE EVENTS,2016-2020,38,22670,0.1676
NUMBER OF SERIOUS ADVERSE EVENTS,2021-2025,49,18711,0.2619
NUMBER OF SEROCONVERTED SUBJECTS,2006-2010,25,10330,0.2420
NUMBER OF SEROCONVERTED SUBJECTS,2011-2015,30,19618,0.1529
NUMBER OF SEROCONVERTED SUBJECTS,2016-2020,1,22670,0.0044
NUMBER OF SEROPROTECTED SUBJECTS,2006-2010,27,10330,0.2614
NUMBER OF SEROPROTECTED SUBJECTS,2011-2015,17,19618,0.0867
NUMBER OF SEROPROTECTED SUBJECTS,2016-2020,3,22670,0.0132
NUMBER OF SUBJECTS REPORTING UNSOLICITED ADVERSE EVENTS,2006-2010,51,10330,0.4937
NUMBER OF SUBJECTS REPORTING UNSOLICITED ADVERSE EVENTS,2011-2015,23,19618,0.1172
NUMBER OF SUBJECTS REPORTING UNSOLICITED ADVERSE EVENTS,2016-2020,1,22670,0.0044
NUMBER OF SUBJECTS WITH ANY AND GRADE 3 SOLICITED LOCAL SYMPTOMS,2006-2010,67,10330,0.6486
NUMBER OF SUBJECTS WITH ANY AND GRADE 3 SOLICITED LOCAL SYMPTOMS,2011-2015,39,19618,0.1988
NUMBER OF SUBJECTS WITH ANY AND GRADE 3 SOLICITED LOCAL SYMPTOMS,2016-2020,15,22670,0.0662
NUMBER OF SUBJECTS WITH ANY UNSOLICITED ADVERSE EVENTS,2006-2010,23,10330,0.2227
NUMBER OF SUBJECTS WITH ANY UNSOLICITED ADVERSE EVENTS,2011-2015,23,19618,0.1172
NUMBER OF SUBJECTS WITH ANY UNSOLICITED ADVERSE EVENTS,2016-2020,12,22670,0.0529
"NUMBER OF SUBJECTS WITH ANY, GRADE 3 AND RELATED SOLICITED GENERAL SYMPTOMS",2006-2010,65,10330,0.6292
"NUMBER OF SUBJECTS WITH ANY, GRADE 3 AND RELATED SOLICITED GENERAL SYMPTOMS",2011-2015,34,19618,0.1733
"NUMBER OF SUBJECTS WITH ANY, GRADE 3 AND RELATED SOLICITED GENERAL SYMPTOMS",2016-2020,9,22670,0.0397
"NUMBER OF SUBJECTS WITH ANY, GRADE 3 AND RELATED UNSOLICITED ADVERSE EVENTS",2006-2010,39,10330,0.3775
"NUMBER OF SUBJECTS WITH ANY, GRADE 3 AND RELATED UNSOLICITED ADVERSE EVENTS",2011-2015,15,19618,0.0765
"NUMBER OF SUBJECTS WITH ANY, GRADE 3 AND RELATED UNSOLICITED ADVERSE EVENTS",2016-2020,10,22670,0.0441
NUMBER OF SUBJECTS WITH SOLICITED GENERAL SYMPTOMS,2006-2010,22,10330,0.2130
NUMBER OF SUBJECTS WITH SOLICITED GENERAL SYMPTOMS,2011-2015,15,19618,0.0765
NUMBER OF SUBJECTS WITH SOLICITED GENERAL SYMPTOMS,2016-2020,10,22670,0.0441
NUMBER OF SUBJECTS WITH SOLICITED LOCAL SYMPTOMS,2006-2010,19,10330,0.1839
NUMBER OF SUBJECTS WITH SOLICITED LOCAL SYMPTOMS,2011-2015,13,19618,0.0663
NUMBER OF SUBJECTS WITH SOLICITED LOCAL SYMPTOMS,2016-2020,10,22670,0.0441
NUMBER OF SUBJECTS WITH UNSOLICITED ADVERSE EVENTS,2006-2010,28,10330,0.2711
NUMBER OF SUBJECTS WITH UNSOLICITED ADVERSE EVENTS,2011-2015,17,19618,0.0867
NUMBER OF SUBJECTS WITH UNSOLICITED ADVERSE EVENTS,2016-2020,9,22670,0.0397
NUMBER OF TREATMENT EMERGENT ADVERSE EVENTS,2006-2010,4,10330,0.0387
NUMBER OF TREATMENT EMERGENT ADVERSE EVENTS,2011-2015,15,19618,0.0765
NUMBER OF TREATMENT EMERGENT ADVERSE EVENTS,2016-2020,23,22670,0.1015
NUMBER OF TREATMENT EMERGENT ADVERSE EVENTS,2021-2025,20,18711,0.1069
NUMBER OF TREATMENT-EMERGENT ADVERSE EVENTS,2006-2010,2,10330,0.0194
NUMBER OF TREATMENT-EMERGENT ADVERSE EVENTS,2011-2015,12,19618,0.0612
NUMBER OF TREATMENT-EMERGENT ADVERSE EVENTS,2016-2020,40,22670,0.1764
NUMBER OF TREATMENT-EMERGENT ADVERSE EVENTS,2021-2025,56,18711,0.2993
OBJECTIVE RESPONSE RATE,2006-2010,669,10330,6.4763
OBJECTIVE RESPONSE RATE,2011-2015,1525,19618,7.7735
OBJECTIVE RESPONSE RATE,2016-2020,1873,22670,8.2620
OBJECTIVE RESPONSE RATE,2021-2025,2189,18711,11.6990
OCCURRENCE OF ADVERSE EVENTS,2006-2010,5,10330,0.0484
OCCURRENCE OF ADVERSE EVENTS,2011-2015,14,19618,0.0714
OCCURRENCE OF ADVERSE EVENTS,2016-2020,15,22670,0.0662
OCCURRENCE OF ADVERSE EVENTS,2021-2025,11,18711,0.0588
OPERATIVE TIME,2006-2010,3,10330,0.0290
OPERATIVE TIME,2011-2015,20,19618,0.1019
OPERATIVE TIME,2016-2020,20,22670,0.0882
OPERATIVE TIME,2021-2025,10,18711,0.0534
OPIOID CONSUMPTION,2006-2010,2,10330,0.0194
OPIOID CONSUMPTION,2011-2015,22,19618,0.1121
OPIOID CONSUMPTION,2016-2020,50,22670,0.2206
OPIOID CONSUMPTION,2021-2025,34,18711,0.1817
OVERALL SURVIVAL,2006-2010,493,10330,4.7725
OVERALL SURVIVAL,2011-2015,1318,19618,6.7183
OVERALL SURVIVAL,2016-2020,1747,22670,7.7062
OVERALL SURVIVAL,2021-2025,2003,18711,10.7049
OVERALL SURVIVAL RATE,2006-2010,5,10330,0.0484
OVERALL SURVIVAL RATE,2011-2015,18,19618,0.0918
OVERALL SURVIVAL RATE,2016-2020,28,22670,0.1235
OVERALL SURVIVAL RATE,2021-2025,48,18711,0.2565
PAIN INTENSITY,2006-2010,10,10330,0.0968
PAIN INTENSITY,2011-2015,8,19618,0.0408
PAIN INTENSITY,2016-2020,17,22670,0.0750
PAIN INTENSITY,2021-2025,18,18711,0.0962
PAIN INTERFERENCE SCORE,2006-2010,2,10330,0.0194
PAIN INTERFERENCE SCORE,2011-2015,7,19618,0.0357
PAIN INTERFERENCE SCORE,2016-2020,9,22670,0.0397
PAIN INTERFERENCE SCORE,2021-2025,28,18711,0.1496
PAIN RESPONSE RATE,2006-2010,75,10330,0.7260
PAIN RESPONSE RATE,2011-2015,63,19618,0.3211
PAIN RESPONSE RATE,2016-2020,84,22670,0.3705
PAIN RESPONSE RATE,2021-2025,60,18711,0.3207
PAIN SCORE,2006-2010,15,10330,0.1452
PAIN SCORE,2011-2015,40,19618,0.2039
PAIN SCORE,2016-2020,74,22670,0.3264
PAIN SCORE,2021-2025,44,18711,0.2352
PARTIAL RESPONSE RATE,2006-2010,11,10330,0.1065
PARTIAL RESPONSE RATE,2011-2015,39,19618,0.1988
PARTIAL RESPONSE RATE,2016-2020,29,22670,0.1279
PARTIAL RESPONSE RATE,2021-2025,35,18711,0.1871
PARTICIPANT SATISFACTION,2006-2010,7,10330,0.0678
PARTICIPANT SATISFACTION,2011-2015,16,19618,0.0816
PARTICIPANT SATISFACTION,2016-2020,24,22670,0.1059
PARTICIPANT SATISFACTION,2021-2025,35,18711,0.1871
PASI 100 RESPONSE,2006-2010,3,10330,0.0290
PASI 100 RESPONSE,2011-2015,8,19618,0.0408
PASI 100 RESPONSE,2016-2020,43,22670,0.1897
PASI 100 RESPONSE,2021-2025,24,18711,0.1283
PASI 50 RESPONSE,2006-2010,18,10330,0.1742
PASI 50 RESPONSE,2011-2015,25,19618,0.1274
PASI 50 RESPONSE,2016-2020,33,22670,0.1456
PASI 50 RESPONSE,2021-2025,12,18711,0.0641
PASI 75 RESPONSE,2006-2010,32,10330,0.3098
PASI 75 RESPONSE,2011-2015,71,19618,0.3619
PASI 75 RESPONSE,2016-2020,123,22670,0.5426
PASI 75 RESPONSE,2021-2025,51,18711,0.2726
PASI 90 RESPONSE,2006-2010,11,10330,0.1065
PASI 90 RESPONSE,2011-2015,28,19618,0.1427
PASI 90 RESPONSE,2016-2020,85,22670,0.3749
PASI 90 RESPONSE,2021-2025,36,18711,0.1924
PATHOLOGIC COMPLETE RESPONSE,2006-2010,15,10330,0.1452
PATHOLOGIC COMPLETE RESPONSE,2011-2015,21,19618,0.1070
PATHOLOGIC COMPLETE RESPONSE,2016-2020,23,22670,0.1015
PATHOLOGIC COMPLETE RESPONSE,2021-2025,30,18711,0.1603
PATHOLOGIC COMPLETE RESPONSE RATE,2006-2010,3,10330,0.0290
PATHOLOGIC COMPLETE RESPONSE RATE,2011-2015,19,19618,0.0968
PATHOLOGIC COMPLETE RESPONSE RATE,2016-2020,15,22670,0.0662
PATHOLOGIC COMPLETE RESPONSE RATE,2021-2025,11,18711,0.0588
PATHOLOGICAL COMPLETE RESPONSE,2006-2010,26,10330,0.2517
PATHOLOGICAL COMPLETE RESPONSE,2011-2015,50,19618,0.2549
PATHOLOGICAL COMPLETE RESPONSE,2016-2020,50,22670,0.2206
PATHOLOGICAL COMPLETE RESPONSE,2021-2025,43,18711,0.2298
PATIENT GLOBAL IMPRESSION OF CHANGE,2006-2010,107,10330,1.0358
PATIENT GLOBAL IMPRESSION OF CHANGE,2011-2015,128,19618,0.6525
PATIENT GLOBAL IMPRESSION OF CHANGE,2016-2020,146,22670,0.6440
PATIENT GLOBAL IMPRESSION OF CHANGE,2021-2025,142,18711,0.7589
PATIENT GLOBAL IMPRESSION OF IMPROVEMENT,2006-2010,20,10330,0.1936
PATIENT GLOBAL IMPRESSION OF IMPROVEMENT,2011-2015,23,19618,0.1172
PATIENT GLOBAL IMPRESSION OF IMPROVEMENT,2016-2020,22,22670,0.0970
PATIENT GLOBAL IMPRESSION OF IMPROVEMENT,2021-2025,8,18711,0.0428
PATIENT GLOBAL IMPRESSION OF SEVERITY,2006-2010,5,10330,0.0484
PATIENT GLOBAL IMPRESSION OF SEVERITY,2011-2015,7,19618,0.0357
PATIENT GLOBAL IMPRESSION OF SEVERITY,2016-2020,18,22670,0.0794
PATIENT GLOBAL IMPRESSION OF SEVERITY,2021-2025,26,18711,0.1390
PATIENT SATISFACTION,2006-2010,95,10330,0.9197
PATIENT SATISFACTION,2011-2015,250,19618,1.2743
PATIENT SATISFACTION,2016-2020,386,22670,1.7027
PATIENT SATISFACTION,2021-2025,301,18711,1.6087
PEAK PLASMA CONCENTRATION,2006-2010,13,10330,0.1258
PEAK PLASMA CONCENTRATION,2011-2015,23,19618,0.1172
PEAK PLASMA CONCENTRATION,2016-2020,33,22670,0.1456
PEAK PLASMA CONCENTRATION,2021-2025,23,18711,0.1229
PERCEIVED STRESS SCORE,2006-2010,3,10330,0.0290
PERCEIVED STRESS SCORE,2011-2015,3,19618,0.0153
PERCEIVED STRESS SCORE,2016-2020,31,22670,0.1367
PERCEIVED STRESS SCORE,2021-2025,38,18711,0.2031
PERCENT CHANGE IN APOLIPOPROTEIN B,2006-2010,18,10330,0.1742
PERCENT CHANGE IN APOLIPOPROTEIN B,2011-2015,44,19618,0.2243
PERCENT CHANGE IN APOLIPOPROTEIN B,2016-2020,33,22670,0.1456
PERCENT CHANGE IN APOLIPOPROTEIN B,2021-2025,14,18711,0.0748
PERCENT CHANGE IN BODY WEIGHT,2006-2010,14,10330,0.1355
PERCENT CHANGE IN BODY WEIGHT,2011-2015,26,19618,0.1325
PERCENT CHANGE IN BODY WEIGHT,2016-2020,20,22670,0.0882
PERCENT CHANGE IN BODY WEIGHT,2021-2025,26,18711,0.1390
PERCENT CHANGE IN BONE MINERAL DENSITY,2006-2010,16,10330,0.1549
PERCENT CHANGE IN BONE MINERAL DENSITY,2011-2015,25,19618,0.1274
PERCENT CHANGE IN BONE MINERAL DENSITY,2016-2020,21,22670,0.0926
PERCENT CHANGE IN BONE MINERAL DENSITY,2021-2025,8,18711,0.0428
PERCENT CHANGE IN EASI SCORE,2006-2010,1,10330,0.0097
PERCENT CHANGE IN EASI SCORE,2011-2015,7,19618,0.0357
PERCENT CHANGE IN EASI SCORE,2016-2020,24,22670,0.1059
PERCENT CHANGE IN EASI SCORE,2021-2025,25,18711,0.1336
PERCENT CHANGE IN FASTING TRIGLYCERIDES,2011-2015,18,19618,0.0918
PERCENT CHANGE IN FASTING TRIGLYCERIDES,2016-2020,27,22670,0.1191
PERCENT CHANGE IN FASTING TRIGLYCERIDES,2021-2025,6,18711,0.0321
PERCENT CHANGE IN HDL CHOLESTEROL,2006-2010,24,10330,0.2323
PERCENT CHANGE IN HDL CHOLESTEROL,2011-2015,52,19618,0.2651
PERCENT CHANGE IN HDL CHOLESTEROL,2016-2020,35,22670,0.1544
PERCENT CHANGE IN HDL CHOLESTEROL,2021-2025,15,18711,0.0802
PERCENT CHANGE IN LDL CHOLESTEROL,2006-2010,47,10330,0.4550
PERCENT CHANGE IN LDL CHOLESTEROL,2011-2015,61,19618,0.3109
PERCENT CHANGE IN LDL CHOLESTEROL,2016-2020,62,22670,0.2735
PERCENT CHANGE IN LDL CHOLESTEROL,2021-2025,25,18711,0.1336
PERCENT CHANGE IN LDL-C,2006-2010,10,10330,0.0968
PERCENT CHANGE IN LDL-C,2011-2015,19,19618,0.0968
PERCENT CHANGE IN LDL-C,2016-2020,27,22670,0.1191
PERCENT CHANGE IN LDL-C,2021-2025,8,18711,0.0428
PERCENT CHANGE IN NON-HDL CHOLESTEROL,2006-2010,5,10330,0.0484
PERCENT CHANGE IN NON-HDL CHOLESTEROL,2011-2015,23,19618,0.1172
PERCENT CHANGE IN NON-HDL CHOLESTEROL,2016-2020,21,22670,0.0926
PERCENT CHANGE IN NON-HDL CHOLESTEROL,2021-2025,10,18711,0.0534
PERCENT CHANGE IN NON-HDL-C,2006-2010,5,10330,0.0484
PERCENT CHANGE IN NON-HDL-C,2011-2015,27,19618,0.1376
PERCENT CHANGE IN NON-HDL-C,2016-2020,27,22670,0.1191
PERCENT CHANGE IN NON-HDL-C,2021-2025,9,18711,0.0481
PERCENT CHANGE IN PASI SCORE,2006-2010,5,10330,0.0484
PERCENT CHANGE IN PASI SCORE,2011-2015,15,19618,0.0765
PERCENT CHANGE IN PASI SCORE,2016-2020,21,22670,0.0926
PERCENT CHANGE IN PASI SCORE,2021-2025,9,18711,0.0481
PERCENT CHANGE IN TOTAL CHOLESTEROL,2006-2010,27,10330,0.2614
PERCENT CHANGE IN TOTAL CHOLESTEROL,2011-2015,40,19618,0.2039
PERCENT CHANGE IN TOTAL CHOLESTEROL,2016-2020,45,22670,0.1985
PERCENT CHANGE IN TOTAL CHOLESTEROL,2021-2025,18,18711,0.0962
PERCENT CHANGE IN TRIGLYCERIDES,2006-2010,26,10330,0.2517
PERCENT CHANGE IN TRIGLYCERIDES,2011-2015,39,19618,0.1988
PERCENT CHANGE IN TRIGLYCERIDES,2016-2020,28,22670,0.1235
PERCENT CHANGE IN TRIGLYCERIDES,2021-2025,18,18711,0.0962
PERCENTAGE OF PARTICIPANTS ACHIEVING CLINICAL REMISSION,2006-2010,1,10330,0.0097
PERCENTAGE OF PARTICIPANTS ACHIEVING CLINICAL REMISSION,2011-2015,9,19618,0.0459
PERCENTAGE OF PARTICIPANTS ACHIEVING CLINICAL REMISSION,2016-2020,14,22670,0.0618
PERCENTAGE OF PARTICIPANTS ACHIEVING CLINICAL REMISSION,2021-2025,19,18711,0.1015
PERCENTAGE OF PARTICIPANTS ACHIEVING TARGET,2006-2010,177,10330,1.7135
PERCENTAGE OF PARTICIPANTS ACHIEVING TARGET,2011-2015,264,19618,1.3457
PERCENTAGE OF PARTICIPANTS ACHIEVING TARGET,2016-2020,253,22670,1.1160
PERCENTAGE OF PARTICIPANTS ACHIEVING TARGET,2021-2025,175,18711,0.9353
PERCENTAGE OF PARTICIPANTS COMPLETING TREATMENT,2006-2010,8,10330,0.0774
PERCENTAGE OF PARTICIPANTS COMPLETING TREATMENT,2011-2015,32,19618,0.1631
PERCENTAGE OF PARTICIPANTS COMPLETING TREATMENT,2016-2020,63,22670,0.2779
PERCENTAGE OF PARTICIPANTS COMPLETING TREATMENT,2021-2025,105,18711,0.5612
PERCENTAGE OF PARTICIPANTS EXPERIENCING TREATMENT-EMERGENT ADVERSE EVENTS,2011-2015,7,19618,0.0357
PERCENTAGE OF PARTICIPANTS EXPERIENCING TREATMENT-EMERGENT ADVERSE EVENTS,2016-2020,20,22670,0.0882
PERCENTAGE OF PARTICIPANTS EXPERIENCING TREATMENT-EMERGENT ADVERSE EVENTS,2021-2025,21,18711,0.1122
PERCENTAGE OF PARTICIPANTS REPORTING LOCAL REACTIONS,2006-2010,24,10330,0.2323
PERCENTAGE OF PARTICIPANTS REPORTING LOCAL REACTIONS,2011-2015,13,19618,0.0663
PERCENTAGE OF PARTICIPANTS REPORTING LOCAL REACTIONS,2016-2020,6,22670,0.0265
PERCENTAGE OF PARTICIPANTS REPORTING LOCAL REACTIONS,2021-2025,9,18711,0.0481
PERCENTAGE OF PARTICIPANTS REPORTING SYSTEMIC EVENTS,2006-2010,22,10330,0.2130
PERCENTAGE OF PARTICIPANTS REPORTING SYSTEMIC EVENTS,2011-2015,13,19618,0.0663
PERCENTAGE OF PARTICIPANTS REPORTING SYSTEMIC EVENTS,2016-2020,5,22670,0.0221
PERCENTAGE OF PARTICIPANTS REPORTING SYSTEMIC EVENTS,2021-2025,7,18711,0.0374
PERCENTAGE OF PARTICIPANTS WHO DIED,2006-2010,9,10330,0.0871
PERCENTAGE OF PARTICIPANTS WHO DIED,2011-2015,21,19618,0.1070
PERCENTAGE OF PARTICIPANTS WHO DIED,2016-2020,25,22670,0.1103
PERCENTAGE OF PARTICIPANTS WHO DIED,2021-2025,13,18711,0.0695
PERCENTAGE OF PARTICIPANTS WITH ADVERSE EVENTS,2006-2010,39,10330,0.3775
PERCENTAGE OF PARTICIPANTS WITH ADVERSE EVENTS,2011-2015,146,19618,0.7442
PERCENTAGE OF PARTICIPANTS WITH ADVERSE EVENTS,2016-2020,246,22670,1.0851
PERCENTAGE OF PARTICIPANTS WITH ADVERSE EVENTS,2021-2025,183,18711,0.9780
PERCENTAGE OF PARTICIPANTS WITH ANTI-DRUG ANTIBODIES,2006-2010,1,10330,0.0097
PERCENTAGE OF PARTICIPANTS WITH ANTI-DRUG ANTIBODIES,2011-2015,10,19618,0.0510
PERCENTAGE OF PARTICIPANTS WITH ANTI-DRUG ANTIBODIES,2016-2020,21,22670,0.0926
PERCENTAGE OF PARTICIPANTS WITH ANTI-DRUG ANTIBODIES,2021-2025,22,18711,0.1176
PERCENTAGE OF PARTICIPANTS WITH AT LEAST ONE ADVERSE EVENT,2006-2010,7,10330,0.0678
PERCENTAGE OF PARTICIPANTS WITH AT LEAST ONE ADVERSE EVENT,2011-2015,9,19618,0.0459
PERCENTAGE OF PARTICIPANTS WITH AT LEAST ONE ADVERSE EVENT,2016-2020,12,22670,0.0529
PERCENTAGE OF PARTICIPANTS WITH AT LEAST ONE ADVERSE EVENT,2021-2025,13,18711,0.0695
PERCENTAGE OF PARTICIPANTS WITH CLINICAL RESPONSE,2006-2010,6,10330,0.0581
PERCENTAGE OF PARTICIPANTS WITH CLINICAL RESPONSE,2011-2015,8,19618,0.0408
PERCENTAGE OF PARTICIPANTS WITH CLINICAL RESPONSE,2016-2020,20,22670,0.0882
PERCENTAGE OF PARTICIPANTS WITH CLINICAL RESPONSE,2021-2025,15,18711,0.0802
PERCENTAGE OF PARTICIPANTS WITH HCV RNA < LLOQ,2011-2015,19,19618,0.0968
PERCENTAGE OF PARTICIPANTS WITH HCV RNA < LLOQ,2016-2020,36,22670,0.1588
PERCENTAGE OF PARTICIPANTS WITH LABORATORY ABNORMALITIES,2006-2010,42,10330,0.4066
PERCENTAGE OF PARTICIPANTS WITH LABORATORY ABNORMALITIES,2011-2015,57,19618,0.2905
PERCENTAGE OF PARTICIPANTS WITH LABORATORY ABNORMALITIES,2016-2020,71,22670,0.3132
PERCENTAGE OF PARTICIPANTS WITH LABORATORY ABNORMALITIES,2021-2025,47,18711,0.2512
PERCENTAGE OF PARTICIPANTS WITH RELAPSE,2006-2010,9,10330,0.0871
PERCENTAGE OF PARTICIPANTS WITH RELAPSE,2011-2015,9,19618,0.0459
PERCENTAGE OF PARTICIPANTS WITH RELAPSE,2016-2020,19,22670,0.0838
PERCENTAGE OF PARTICIPANTS WITH RELAPSE,2021-2025,7,18711,0.0374
PERCENTAGE OF PARTICIPANTS WITH SERIOUS ADVERSE EVENTS,2006-2010,5,10330,0.0484
PERCENTAGE OF PARTICIPANTS WITH SERIOUS ADVERSE EVENTS,2011-2015,20,19618,0.1019
PERCENTAGE OF PARTICIPANTS WITH SERIOUS ADVERSE EVENTS,2016-2020,55,22670,0.2426
PERCENTAGE OF PARTICIPANTS WITH SERIOUS ADVERSE EVENTS,2021-2025,75,18711,0.4008
PERCENTAGE OF PARTICIPANTS WITH SYSTEMIC EVENTS,2006-2010,3,10330,0.0290
PERCENTAGE OF PARTICIPANTS WITH SYSTEMIC EVENTS,2011-2015,1,19618,0.0051
PERCENTAGE OF PARTICIPANTS WITH SYSTEMIC EVENTS,2016-2020,12,22670,0.0529
PERCENTAGE OF PARTICIPANTS WITH SYSTEMIC EVENTS,2021-2025,29,18711,0.1550
PERCENTAGE OF PARTICIPANTS WITH TREATMENT EMERGENT ADVERSE EVENTS,2011-2015,12,19618,0.0612
PERCENTAGE OF PARTICIPANTS WITH TREATMENT EMERGENT ADVERSE EVENTS,2016-2020,28,22670,0.1235
PERCENTAGE OF PARTICIPANTS WITH TREATMENT EMERGENT ADVERSE EVENTS,2021-2025,21,18711,0.1122
PERCENTAGE OF PARTICIPANTS WITH TREATMENT-EMERGENT ADVERSE EVENTS,2006-2010,7,10330,0.0678
PERCENTAGE OF PARTICIPANTS WITH TREATMENT-EMERGENT ADVERSE EVENTS,2011-2015,55,19618,0.2804
PERCENTAGE OF PARTICIPANTS WITH TREATMENT-EMERGENT ADVERSE EVENTS,2016-2020,77,22670,0.3397
PERCENTAGE OF PARTICIPANTS WITH TREATMENT-EMERGENT ADVERSE EVENTS,2021-2025,99,18711,0.5291
PERCENTAGE OF PARTICIPANTS WITH VIROLOGIC FAILURE,2006-2010,3,10330,0.0290
PERCENTAGE OF PARTICIPANTS WITH VIROLOGIC FAILURE,2011-2015,35,19618,0.1784
PERCENTAGE OF PARTICIPANTS WITH VIROLOGIC FAILURE,2016-2020,60,22670,0.2647
PERCENTAGE OF PARTICIPANTS WITH VIROLOGIC FAILURE,2021-2025,7,18711,0.0374
PERCENTAGE OF PATIENTS ACHIEVING TARGET,2006-2010,13,10330,0.1258
PERCENTAGE OF PATIENTS ACHIEVING TARGET,2011-2015,22,19618,0.1121
PERCENTAGE OF PATIENTS ACHIEVING TARGET,2016-2020,11,22670,0.0485
PERCENTAGE OF PATIENTS ACHIEVING TARGET,2021-2025,2,18711,0.0107
PHYSICAL FUNCTION,2006-2010,3,10330,0.0290
PHYSICAL FUNCTION,2011-2015,8,19618,0.0408
PHYSICAL FUNCTION,2016-2020,11,22670,0.0485
PHYSICAL FUNCTION,2021-2025,19,18711,0.1015
PITTSBURGH SLEEP QUALITY INDEX SCORE,2006-2010,5,10330,0.0484
PITTSBURGH SLEEP QUALITY INDEX SCORE,2011-2015,17,19618,0.0867
PITTSBURGH SLEEP QUALITY INDEX SCORE,2016-2020,19,22670,0.0838
PITTSBURGH SLEEP QUALITY INDEX SCORE,2021-2025,21,18711,0.1122
PLASMA DECAY HALF-LIFE,2006-2010,22,10330,0.2130
PLASMA DECAY HALF-LIFE,2011-2015,44,19618,0.2243
PLASMA DECAY HALF-LIFE,2016-2020,8,22670,0.0353
PLASMA DECAY HALF-LIFE,2021-2025,1,18711,0.0053
PLASMA DRUG CONCENTRATION,2006-2010,102,10330,0.9874
PLASMA DRUG CONCENTRATION,2011-2015,212,19618,1.0806
PLASMA DRUG CONCENTRATION,2016-2020,352,22670,1.5527
PLASMA DRUG CONCENTRATION,2021-2025,374,18711,1.9988
PLASMA TROUGH CONCENTRATION,2006-2010,1,10330,0.0097
PLASMA TROUGH CONCENTRATION,2011-2015,12,19618,0.0612
PLASMA TROUGH CONCENTRATION,2016-2020,13,22670,0.0573
PLASMA TROUGH CONCENTRATION,2021-2025,14,18711,0.0748
PROCEDURAL SUCCESS,2006-2010,4,10330,0.0387
PROCEDURAL SUCCESS,2011-2015,25,19618,0.1274
PROCEDURAL SUCCESS,2016-2020,31,22670,0.1367
PROCEDURAL SUCCESS,2021-2025,29,18711,0.1550
PROCEDURE TIME,2006-2010,4,10330,0.0387
PROCEDURE TIME,2011-2015,20,19618,0.1019
PROCEDURE TIME,2016-2020,17,22670,0.0750
PROCEDURE TIME,2021-2025,14,18711,0.0748
PROGRESSION-FREE SURVIVAL,2006-2010,427,10330,4.1336
PROGRESSION-FREE SURVIVAL,2011-2015,1295,19618,6.6011
PROGRESSION-FREE SURVIVAL,2016-2020,1615,22670,7.1240
PROGRESSION-FREE SURVIVAL,2021-2025,1936,18711,10.3469
PROGRESSION-FREE SURVIVAL RATE,2006-2010,3,10330,0.0290
PROGRESSION-FREE SURVIVAL RATE,2011-2015,13,19618,0.0663
PROGRESSION-FREE SURVIVAL RATE,2016-2020,19,22670,0.0838
PROGRESSION-FREE SURVIVAL RATE,2021-2025,37,18711,0.1977
PROSTATE-SPECIFIC ANTIGEN RESPONSE,2006-2010,15,10330,0.1452
PROSTATE-SPECIFIC ANTIGEN RESPONSE,2011-2015,13,19618,0.0663
PROSTATE-SPECIFIC ANTIGEN RESPONSE,2016-2020,16,22670,0.0706
PROSTATE-SPECIFIC ANTIGEN RESPONSE,2021-2025,15,18711,0.0802
PRURITUS SCORE,2006-2010,14,10330,0.1355
PRURITUS SCORE,2011-2015,22,19618,0.1121
PRURITUS SCORE,2016-2020,20,22670,0.0882
PRURITUS SCORE,2021-2025,31,18711,0.1657
PSA RESPONSE RATE,2006-2010,10,10330,0.0968
PSA RESPONSE RATE,2011-2015,15,19618,0.0765
PSA RESPONSE RATE,2016-2020,11,22670,0.0485
PSA RESPONSE RATE,2021-2025,23,18711,0.1229
QUALITY OF LIFE SCORE,2006-2010,29,10330,0.2807
QUALITY OF LIFE SCORE,2011-2015,70,19618,0.3568
QUALITY OF LIFE SCORE,2016-2020,88,22670,0.3882
QUALITY OF LIFE SCORE,2021-2025,103,18711,0.5505
RATE OF ADVERSE EVENTS,2006-2010,10,10330,0.0968
RATE OF ADVERSE EVENTS,2011-2015,13,19618,0.0663
RATE OF ADVERSE EVENTS,2016-2020,11,22670,0.0485
RATE OF ADVERSE EVENTS,2021-2025,12,18711,0.0641
READMISSION RATE,2006-2010,1,10330,0.0097
READMISSION RATE,2011-2015,11,19618,0.0561
READMISSION RATE,2016-2020,30,22670,0.1323
READMISSION RATE,2021-2025,30,18711,0.1603
RECOMMENDED PHASE 2 DOSE,2006-2010,3,10330,0.0290
RECOMMENDED PHASE 2 DOSE,2011-2015,33,19618,0.1682
RECOMMENDED PHASE 2 DOSE,2016-2020,64,22670,0.2823
RECOMMENDED PHASE 2 DOSE,2021-2025,95,18711,0.5077
RECRUITMENT RATE,2011-2015,5,19618,0.0255
RECRUITMENT RATE,2016-2020,19,22670,0.0838
RECRUITMENT RATE,2021-2025,32,18711,0.1710
RECURRENCE-FREE SURVIVAL,2006-2010,5,10330,0.0484
RECURRENCE-FREE SURVIVAL,2011-2015,22,19618,0.1121
RECURRENCE-FREE SURVIVAL,2016-2020,22,22670,0.0970
RECURRENCE-FREE SURVIVAL,2021-2025,32,18711,0.1710
RELAPSE-FREE SURVIVAL,2006-2010,4,10330,0.0387
RELAPSE-FREE SURVIVAL,2011-2015,17,19618,0.0867
RELAPSE-FREE SURVIVAL,2016-2020,32,22670,0.1412
RELAPSE-FREE SURVIVAL,2021-2025,45,18711,0.2405
RENAL CLEARANCE,2006-2010,14,10330,0.1355
RENAL CLEARANCE,2011-2015,44,19618,0.2243
RENAL CLEARANCE,2016-2020,88,22670,0.3882
RENAL CLEARANCE,2021-2025,45,18711,0.2405
RESPIRATORY RATE,2006-2010,7,10330,0.0678
RESPIRATORY RATE,2011-2015,7,19618,0.0357
RESPIRATORY RATE,2016-2020,30,22670,0.1323
RESPIRATORY RATE,2021-2025,21,18711,0.1122
RESPONDER RATE,2006-2010,36,10330,0.3485
RESPONDER RATE,2011-2015,63,19618,0.3211
RESPONDER RATE,2016-2020,52,22670,0.2294
RESPONDER RATE,2021-2025,33,18711,0.1764
RETENTION RATE,2006-2010,5,10330,0.0484
RETENTION RATE,2011-2015,14,19618,0.0714
RETENTION RATE,2016-2020,38,22670,0.1676
RETENTION RATE,2021-2025,69,18711,0.3688
SEROCONVERSION FACTOR,2006-2010,36,10330,0.3485
SEROCONVERSION FACTOR,2011-2015,7,19618,0.0357
SEROCONVERSION RATE,2006-2010,183,10330,1.7715
SEROCONVERSION RATE,2011-2015,164,19618,0.8360
SEROCONVERSION RATE,2016-2020,133,22670,0.5867
SEROCONVERSION RATE,2021-2025,118,18711,0.6306
SEROPOSITIVITY RATE,2006-2010,11,10330,0.1065
SEROPOSITIVITY RATE,2011-2015,13,19618,0.0663
SEROPOSITIVITY RATE,2016-2020,21,22670,0.0926
SEROPOSITIVITY RATE,2021-2025,6,18711,0.0321
SEROPROTECTION RATE,2006-2010,184,10330,1.7812
SEROPROTECTION RATE,2011-2015,157,19618,0.8003
SEROPROTECTION RATE,2016-2020,95,22670,0.4191
SEROPROTECTION RATE,2021-2025,44,18711,0.2352
SERORESPONSE RATE,2006-2010,12,10330,0.1162
SERORESPONSE RATE,2011-2015,21,19618,0.1070
SERORESPONSE RATE,2016-2020,12,22670,0.0529
SERORESPONSE RATE,2021-2025,41,18711,0.2191
SLEEP DISTURBANCE SCORE,2006-2010,6,10330,0.0581
SLEEP DISTURBANCE SCORE,2011-2015,7,19618,0.0357
SLEEP DISTURBANCE SCORE,2016-2020,6,22670,0.0265
SLEEP DISTURBANCE SCORE,2021-2025,23,18711,0.1229
SLEEP EFFICIENCY,2006-2010,17,10330,0.1646
SLEEP EFFICIENCY,2011-2015,27,19618,0.1376
SLEEP EFFICIENCY,2016-2020,31,22670,0.1367
SLEEP EFFICIENCY,2021-2025,13,18711,0.0695
SLEEP QUALITY SCORE,2006-2010,3,10330,0.0290
SLEEP QUALITY SCORE,2011-2015,12,19618,0.0612
SLEEP QUALITY SCORE,2016-2020,22,22670,0.0970
SLEEP QUALITY SCORE,2021-2025,17,18711,0.0909
STABLE DISEASE RATE,2006-2010,14,10330,0.1355
STABLE DISEASE RATE,2011-2015,30,19618,0.1529
STABLE DISEASE RATE,2016-2020,19,22670,0.0838
STABLE DISEASE RATE,2021-2025,21,18711,0.1122
STEADY-STATE CONCENTRATION,2006-2010,5,10330,0.0484
STEADY-STATE CONCENTRATION,2011-2015,18,19618,0.0918
STEADY-STATE CONCENTRATION,2016-2020,21,22670,0.0926
STEADY-STATE CONCENTRATION,2021-2025,14,18711,0.0748
SUICIDAL IDEATION ASSESSMENT,2006-2010,8,10330,0.0774
SUICIDAL IDEATION ASSESSMENT,2011-2015,35,19618,0.1784
SUICIDAL IDEATION ASSESSMENT,2016-2020,48,22670,0.2117
SUICIDAL IDEATION ASSESSMENT,2021-2025,58,18711,0.3100
SUSTAINED VIROLOGIC RESPONSE,2006-2010,69,10330,0.6680
SUSTAINED VIROLOGIC RESPONSE,2011-2015,224,19618,1.1418
SUSTAINED VIROLOGIC RESPONSE,2016-2020,182,22670,0.8028
SUSTAINED VIROLOGIC RESPONSE,2021-2025,28,18711,0.1496
SYSTEMIC CLEARANCE,2006-2010,7,10330,0.0678
SYSTEMIC CLEARANCE,2011-2015,23,19618,0.1172
SYSTEMIC CLEARANCE,2016-2020,22,22670,0.0970
SYSTEMIC CLEARANCE,2021-2025,11,18711,0.0588
SYSTOLIC BLOOD PRESSURE,2006-2010,31,10330,0.3001
SYSTOLIC BLOOD PRESSURE,2011-2015,54,19618,0.2753
SYSTOLIC BLOOD PRESSURE,2016-2020,69,22670,0.3044
SYSTOLIC BLOOD PRESSURE,2021-2025,56,18711,0.2993
TARGET LESION RESPONSE,2006-2010,19,10330,0.1839
TARGET LESION RESPONSE,2011-2015,23,19618,0.1172
TARGET LESION RESPONSE,2016-2020,21,22670,0.0926
TARGET LESION RESPONSE,2021-2025,11,18711,0.0588
TECHNICAL SUCCESS,2006-2010,4,10330,0.0387
TECHNICAL SUCCESS,2011-2015,18,19618,0.0918
TECHNICAL SUCCESS,2016-2020,17,22670,0.0750
TECHNICAL SUCCESS,2021-2025,27,18711,0.1443
TERMINAL ELIMINATION HALF-LIFE,2006-2010,23,10330,0.2227
TERMINAL ELIMINATION HALF-LIFE,2011-2015,54,19618,0.2753
TERMINAL ELIMINATION HALF-LIFE,2016-2020,95,22670,0.4191
TERMINAL ELIMINATION HALF-LIFE,2021-2025,89,18711,0.4757
TERMINAL HALF-LIFE,2006-2010,38,10330,0.3679
TERMINAL HALF-LIFE,2011-2015,60,19618,0.3058
TERMINAL HALF-LIFE,2016-2020,96,22670,0.4235
TERMINAL HALF-LIFE,2021-2025,96,18711,0.5131
TERMINAL PHASE ELIMINATION HALF-LIFE,2006-2010,3,10330,0.0290
TERMINAL PHASE ELIMINATION HALF-LIFE,2011-2015,16,19618,0.0816
TERMINAL PHASE ELIMINATION HALF-LIFE,2016-2020,18,22670,0.0794
TERMINAL PHASE ELIMINATION HALF-LIFE,2021-2025,7,18711,0.0374
TIME OF MAXIMUM CONCENTRATION,2006-2010,3,10330,0.0290
TIME OF MAXIMUM CONCENTRATION,2011-2015,16,19618,0.0816
TIME OF MAXIMUM CONCENTRATION,2016-2020,14,22670,0.0618
TIME OF MAXIMUM CONCENTRATION,2021-2025,14,18711,0.0748
TIME TO DEATH,2006-2010,3,10330,0.0290
TIME TO DEATH,2011-2015,11,19618,0.0561
TIME TO DEATH,2016-2020,12,22670,0.0529
TIME TO DEATH,2021-2025,20,18711,0.1069
TIME TO FIRST EXACERBATION,2006-2010,3,10330,0.0290
TIME TO FIRST EXACERBATION,2011-2015,20,19618,0.1019
TIME TO FIRST EXACERBATION,2016-2020,18,22670,0.0794
TIME TO FIRST EXACERBATION,2021-2025,8,18711,0.0428
TIME TO HOSPITAL DISCHARGE,2006-2010,11,10330,0.1065
TIME TO HOSPITAL DISCHARGE,2011-2015,14,19618,0.0714
TIME TO HOSPITAL DISCHARGE,2016-2020,37,22670,0.1632
TIME TO HOSPITAL DISCHARGE,2021-2025,44,18711,0.2352
TIME TO MAXIMUM CONCENTRATION,2006-2010,292,10330,2.8267
TIME TO MAXIMUM CONCENTRATION,2011-2015,633,19618,3.2266
TIME TO MAXIMUM CONCENTRATION,2016-2020,914,22670,4.0318
TIME TO MAXIMUM CONCENTRATION,2021-2025,737,18711,3.9389
TIME TO MAXIMUM PLASMA CONCENTRATION,2006-2010,9,10330,0.0871
TIME TO MAXIMUM PLASMA CONCENTRATION,2011-2015,40,19618,0.2039
TIME TO MAXIMUM PLASMA CONCENTRATION,2016-2020,46,22670,0.2029
TIME TO MAXIMUM PLASMA CONCENTRATION,2021-2025,53,18711,0.2833
TIME TO NEXT TREATMENT,2006-2010,1,10330,0.0097
TIME TO NEXT TREATMENT,2011-2015,20,19618,0.1019
TIME TO NEXT TREATMENT,2016-2020,24,22670,0.1059
TIME TO NEXT TREATMENT,2021-2025,66,18711,0.3527
TIME TO PROGRESSION,2006-2010,164,10330,1.5876
TIME TO PROGRESSION,2011-2015,306,19618,1.5598
TIME TO PROGRESSION,2016-2020,243,22670,1.0719
TIME TO PROGRESSION,2021-2025,180,18711,0.9620
TIME TO PSA PROGRESSION,2006-2010,6,10330,0.0581
TIME TO PSA PROGRESSION,2011-2015,18,19618,0.0918
TIME TO PSA PROGRESSION,2016-2020,30,22670,0.1323
TIME TO PSA PROGRESSION,2021-2025,35,18711,0.1871
TIME TO RELAPSE,2006-2010,12,10330,0.1162
TIME TO RELAPSE,2011-2015,27,19618,0.1376
TIME TO RELAPSE,2016-2020,32,22670,0.1412
TIME TO RELAPSE,2021-2025,16,18711,0.0855
TIME TO RESPONSE,2006-2010,53,10330,0.5131
TIME TO RESPONSE,2011-2015,80,19618,0.4078
TIME TO RESPONSE,2016-2020,123,22670,0.5426
TIME TO RESPONSE,2021-2025,198,18711,1.0582
TIME TO TREATMENT FAILURE,2006-2010,64,10330,0.6196
TIME TO TREATMENT FAILURE,2011-2015,99,19618,0.5046
TIME TO TREATMENT FAILURE,2016-2020,73,22670,0.3220
TIME TO TREATMENT FAILURE,2021-2025,45,18711,0.2405
TIME TO TUMOR PROGRESSION,2006-2010,29,10330,0.2807
TIME TO TUMOR PROGRESSION,2011-2015,28,19618,0.1427
TIME TO TUMOR PROGRESSION,2016-2020,15,22670,0.0662
TIME TO TUMOR PROGRESSION,2021-2025,11,18711,0.0588
TIMED UP AND GO TEST,2006-2010,1,10330,0.0097
TIMED UP AND GO TEST,2011-2015,10,19618,0.0510
TIMED UP AND GO TEST,2016-2020,22,22670,0.0970
TIMED UP AND GO TEST,2021-2025,15,18711,0.0802
TOTAL ADVERSE EVENTS SUMMARY,2006-2010,29,10330,0.2807
TOTAL ADVERSE EVENTS SUMMARY,2011-2015,54,19618,0.2753
TOTAL ADVERSE EVENTS SUMMARY,2016-2020,42,22670,0.1853
TOTAL ADVERSE EVENTS SUMMARY,2021-2025,29,18711,0.1550
TOTAL BODY CLEARANCE,2006-2010,13,10330,0.1258
TOTAL BODY CLEARANCE,2011-2015,24,19618,0.1223
TOTAL BODY CLEARANCE,2016-2020,34,22670,0.1500
TOTAL BODY CLEARANCE,2021-2025,42,18711,0.2245
TOTAL OPIOID CONSUMPTION,2006-2010,2,10330,0.0194
TOTAL OPIOID CONSUMPTION,2011-2015,8,19618,0.0408
TOTAL OPIOID CONSUMPTION,2016-2020,26,22670,0.1147
TOTAL OPIOID CONSUMPTION,2021-2025,21,18711,0.1122
TOTAL SERIOUS ADVERSE EVENTS SUMMARY,2006-2010,18,10330,0.1742
TOTAL SERIOUS ADVERSE EVENTS SUMMARY,2011-2015,16,19618,0.0816
TOTAL SERIOUS ADVERSE EVENTS SUMMARY,2016-2020,19,22670,0.0838
TOTAL SERIOUS ADVERSE EVENTS SUMMARY,2021-2025,12,18711,0.0641
TOTAL SLEEP TIME,2006-2010,20,10330,0.1936
TOTAL SLEEP TIME,2011-2015,18,19618,0.0918
TOTAL SLEEP TIME,2016-2020,26,22670,0.1147
TOTAL SLEEP TIME,2021-2025,15,18711,0.0802
TRANSPLANT-RELATED MORTALITY,2006-2010,5,10330,0.0484
TRANSPLANT-RELATED MORTALITY,2011-2015,13,19618,0.0663
TRANSPLANT-RELATED MORTALITY,2016-2020,16,22670,0.0706
TRANSPLANT-RELATED MORTALITY,2021-2025,14,18711,0.0748
TREATMENT ADHERENCE RATE,2006-2010,35,10330,0.3388
TREATMENT ADHERENCE RATE,2011-2015,63,19618,0.3211
TREATMENT ADHERENCE RATE,2016-2020,109,22670,0.4808
TREATMENT ADHERENCE RATE,2021-2025,115,18711,0.6146
TREATMENT DISCONTINUATION RATE,2006-2010,11,10330,0.1065
TREATMENT DISCONTINUATION RATE,2011-2015,16,19618,0.0816
TREATMENT DISCONTINUATION RATE,2016-2020,12,22670,0.0529
TREATMENT DISCONTINUATION RATE,2021-2025,15,18711,0.0802
TREATMENT SATISFACTION,2006-2010,12,10330,0.1162
TREATMENT SATISFACTION,2011-2015,17,19618,0.0867
TREATMENT SATISFACTION,2016-2020,36,22670,0.1588
TREATMENT SATISFACTION,2021-2025,37,18711,0.1977
TREATMENT SUCCESS,2006-2010,3,10330,0.0290
TREATMENT SUCCESS,2011-2015,13,19618,0.0663
TREATMENT SUCCESS,2016-2020,19,22670,0.0838
TREATMENT SUCCESS,2021-2025,9,18711,0.0481
TREATMENT-RELATED MORTALITY,2006-2010,8,10330,0.0774
TREATMENT-RELATED MORTALITY,2011-2015,22,19618,0.1121
TREATMENT-RELATED MORTALITY,2016-2020,35,22670,0.1544
TREATMENT-RELATED MORTALITY,2021-2025,27,18711,0.1443
TROUGH CONCENTRATION,2006-2010,26,10330,0.2517
TROUGH CONCENTRATION,2011-2015,42,19618,0.2141
TROUGH CONCENTRATION,2016-2020,99,22670,0.4367
TROUGH CONCENTRATION,2021-2025,125,18711,0.6681
TROUGH FEV1,2006-2010,26,10330,0.2517
TROUGH FEV1,2011-2015,20,19618,0.1019
TROUGH FEV1,2016-2020,11,22670,0.0485
TROUGH PLASMA CONCENTRATION,2006-2010,16,10330,0.1549
TROUGH PLASMA CONCENTRATION,2011-2015,22,19618,0.1121
TROUGH PLASMA CONCENTRATION,2016-2020,49,22670,0.2161
TROUGH PLASMA CONCENTRATION,2021-2025,39,18711,0.2084
TUMOR RESPONSE,2006-2010,17,10330,0.1646
TUMOR RESPONSE,2011-2015,22,19618,0.1121
TUMOR RESPONSE,2016-2020,25,22670,0.1103
TUMOR RESPONSE,2021-2025,11,18711,0.0588
TUMOR RESPONSE RATE,2006-2010,19,10330,0.1839
TUMOR RESPONSE RATE,2011-2015,36,19618,0.1835
TUMOR RESPONSE RATE,2016-2020,25,22670,0.1103
TUMOR RESPONSE RATE,2021-2025,8,18711,0.0428
VACCINE RESPONSE RATE,2006-2010,27,10330,0.2614
VACCINE RESPONSE RATE,2011-2015,13,19618,0.0663
VACCINE RESPONSE RATE,2016-2020,8,22670,0.0353
VACCINE RESPONSE RATE,2021-2025,6,18711,0.0321
VAS PAIN SCORE,2006-2010,4,10330,0.0387
VAS PAIN SCORE,2011-2015,25,19618,0.1274
VAS PAIN SCORE,2016-2020,41,22670,0.1809
VAS PAIN SCORE,2021-2025,31,18711,0.1657
VENTILATOR-FREE DAYS,2006-2010,6,10330,0.0581
VENTILATOR-FREE DAYS,2011-2015,6,19618,0.0306
VENTILATOR-FREE DAYS,2016-2020,21,22670,0.0926
VENTILATOR-FREE DAYS,2021-2025,18,18711,0.0962
VIRAL SUPPRESSION RATE,2006-2010,20,10330,0.1936
VIRAL SUPPRESSION RATE,2011-2015,36,19618,0.1835
VIRAL SUPPRESSION RATE,2016-2020,25,22670,0.1103
VIRAL SUPPRESSION RATE,2021-2025,45,18711,0.2405
VISUAL ACUITY,2006-2010,15,10330,0.1452
VISUAL ACUITY,2011-2015,19,19618,0.0968
VISUAL ACUITY,2016-2020,26,22670,0.1147
VISUAL ACUITY,2021-2025,13,18711,0.0695
VITAL SIGNS SUMMARY,2006-2010,4,10330,0.0387
VITAL SIGNS SUMMARY,2011-2015,12,19618,0.0612
VITAL SIGNS SUMMARY,2016-2020,23,22670,0.1015
VITAL SIGNS SUMMARY,2021-2025,13,18711,0.0695
VOLUME OF DISTRIBUTION,2006-2010,55,10330,0.5324
VOLUME OF DISTRIBUTION,2011-2015,135,19618,0.6881
VOLUME OF DISTRIBUTION,2016-2020,232,22670,1.0234
VOLUME OF DISTRIBUTION,2021-2025,161,18711,0.8605
VOLUME OF DISTRIBUTION AT STEADY STATE,2006-2010,19,10330,0.1839
VOLUME OF DISTRIBUTION AT STEADY STATE,2011-2015,32,19618,0.1631
VOLUME OF DISTRIBUTION AT STEADY STATE,2016-2020,37,22670,0.1632
VOLUME OF DISTRIBUTION AT STEADY STATE,2021-2025,23,18711,0.1229
